# ncaa_regions.csv -- NCAA cross country region membership, copied from the
# NCAA's own manuals (read 2026-10-10). build_ncaa_projection.py reads it.
#   DIII: 2026-27 Pre-Championships Manual, Men's/Women's Sponsorship lists
#         (10 regions; region_no is the manual's roman numeral)
#   DII:  2024-25 Pre-Championships Manual, Appendix A -- the newest found;
#         membership may have moved since. "(women only)"/"(men only)" are
#         split into gender rows; eligible=no is the manual's "*Not eligible
#         for NCAA championship competition".
#   DI:   the manual prints no list. DI teams are placed by the region the
#         data voted from regional attendance (scripts/check_school_units.py)
#         or by ncaa_region_overrides.csv.
# Do not hand-edit: corrections go in ncaa_region_overrides.csv.
division,gender,region,region_no,institution,conference,eligible,source
DIII,M,Northeast,1,Babson College,,yes,"NCAA 2026-27 DIII XC Pre-Championships Manual, sponsorship lists"
DIII,M,Northeast,1,Bates College,,yes,"NCAA 2026-27 DIII XC Pre-Championships Manual, sponsorship lists"
DIII,M,Northeast,1,Bowdoin College,,yes,"NCAA 2026-27 DIII XC Pre-Championships Manual, sponsorship lists"
DIII,M,Northeast,1,Brandeis University,,yes,"NCAA 2026-27 DIII XC Pre-Championships Manual, sponsorship lists"
DIII,M,Northeast,1,Bridgewater State University,,yes,"NCAA 2026-27 DIII XC Pre-Championships Manual, sponsorship lists"
DIII,M,Northeast,1,Clark University (Massachusetts),,yes,"NCAA 2026-27 DIII XC Pre-Championships Manual, sponsorship lists"
DIII,M,Northeast,1,Colby College,,yes,"NCAA 2026-27 DIII XC Pre-Championships Manual, sponsorship lists"
DIII,M,Northeast,1,Colby-Sawyer College,,yes,"NCAA 2026-27 DIII XC Pre-Championships Manual, sponsorship lists"
DIII,M,Northeast,1,Curry College,,yes,"NCAA 2026-27 DIII XC Pre-Championships Manual, sponsorship lists"
DIII,M,Northeast,1,Dean College,,yes,"NCAA 2026-27 DIII XC Pre-Championships Manual, sponsorship lists"
DIII,M,Northeast,1,Emerson College,,yes,"NCAA 2026-27 DIII XC Pre-Championships Manual, sponsorship lists"
DIII,M,Northeast,1,Emmanuel College (Massachusetts),,yes,"NCAA 2026-27 DIII XC Pre-Championships Manual, sponsorship lists"
DIII,M,Northeast,1,Endicott College,,yes,"NCAA 2026-27 DIII XC Pre-Championships Manual, sponsorship lists"
DIII,M,Northeast,1,Fitchburg State University,,yes,"NCAA 2026-27 DIII XC Pre-Championships Manual, sponsorship lists"
DIII,M,Northeast,1,Framingham State University,,yes,"NCAA 2026-27 DIII XC Pre-Championships Manual, sponsorship lists"
DIII,M,Northeast,1,Gordon College,,yes,"NCAA 2026-27 DIII XC Pre-Championships Manual, sponsorship lists"
DIII,M,Northeast,1,University of Hartford,,yes,"NCAA 2026-27 DIII XC Pre-Championships Manual, sponsorship lists"
DIII,M,Northeast,1,Husson University,,yes,"NCAA 2026-27 DIII XC Pre-Championships Manual, sponsorship lists"
DIII,M,Northeast,1,Keene State College,,yes,"NCAA 2026-27 DIII XC Pre-Championships Manual, sponsorship lists"
DIII,M,Northeast,1,Lasell University,,yes,"NCAA 2026-27 DIII XC Pre-Championships Manual, sponsorship lists"
DIII,M,Northeast,1,Lesley University,,yes,"NCAA 2026-27 DIII XC Pre-Championships Manual, sponsorship lists"
DIII,M,Northeast,1,Maine Maritime Academy,,yes,"NCAA 2026-27 DIII XC Pre-Championships Manual, sponsorship lists"
DIII,M,Northeast,1,University of Maine at Presque Isle,,yes,"NCAA 2026-27 DIII XC Pre-Championships Manual, sponsorship lists"
DIII,M,Northeast,1,"University of Maine, Farmington",,yes,"NCAA 2026-27 DIII XC Pre-Championships Manual, sponsorship lists"
DIII,M,Northeast,1,University of Massachusetts Boston,,yes,"NCAA 2026-27 DIII XC Pre-Championships Manual, sponsorship lists"
DIII,M,Northeast,1,"University of Massachusetts, Dartmouth",,yes,"NCAA 2026-27 DIII XC Pre-Championships Manual, sponsorship lists"
DIII,M,Northeast,1,Massachusetts Institute of Technology,,yes,"NCAA 2026-27 DIII XC Pre-Championships Manual, sponsorship lists"
DIII,M,Northeast,1,Massachusetts Maritime Academy,,yes,"NCAA 2026-27 DIII XC Pre-Championships Manual, sponsorship lists"
DIII,M,Northeast,1,New England College,,yes,"NCAA 2026-27 DIII XC Pre-Championships Manual, sponsorship lists"
DIII,M,Northeast,1,University of New England,,yes,"NCAA 2026-27 DIII XC Pre-Championships Manual, sponsorship lists"
DIII,M,Northeast,1,Nichols College,,yes,"NCAA 2026-27 DIII XC Pre-Championships Manual, sponsorship lists"
DIII,M,Northeast,1,Plymouth State University,,yes,"NCAA 2026-27 DIII XC Pre-Championships Manual, sponsorship lists"
DIII,M,Northeast,1,Regis College (Massachusetts),,yes,"NCAA 2026-27 DIII XC Pre-Championships Manual, sponsorship lists"
DIII,M,Northeast,1,Saint Joseph’s College (Maine),,yes,"NCAA 2026-27 DIII XC Pre-Championships Manual, sponsorship lists"
DIII,M,Northeast,1,University of Southern Maine,,yes,"NCAA 2026-27 DIII XC Pre-Championships Manual, sponsorship lists"
DIII,M,Northeast,1,Suffolk University,,yes,"NCAA 2026-27 DIII XC Pre-Championships Manual, sponsorship lists"
DIII,M,Northeast,1,Thomas College,,yes,"NCAA 2026-27 DIII XC Pre-Championships Manual, sponsorship lists"
DIII,M,Northeast,1,Tufts University,,yes,"NCAA 2026-27 DIII XC Pre-Championships Manual, sponsorship lists"
DIII,M,Northeast,1,Wentworth Institute of Technology,,yes,"NCAA 2026-27 DIII XC Pre-Championships Manual, sponsorship lists"
DIII,M,Northeast,1,Wheaton College (Massachusetts),,yes,"NCAA 2026-27 DIII XC Pre-Championships Manual, sponsorship lists"
DIII,M,Northeast,1,Worcester Polytechnic Institute,,yes,"NCAA 2026-27 DIII XC Pre-Championships Manual, sponsorship lists"
DIII,M,Northeast,1,Worcester State University,,yes,"NCAA 2026-27 DIII XC Pre-Championships Manual, sponsorship lists"
DIII,M,Mideast,2,Amherst College,,yes,"NCAA 2026-27 DIII XC Pre-Championships Manual, sponsorship lists"
DIII,M,Mideast,2,Bard College,,yes,"NCAA 2026-27 DIII XC Pre-Championships Manual, sponsorship lists"
DIII,M,Mideast,2,Clarkson University,,yes,"NCAA 2026-27 DIII XC Pre-Championships Manual, sponsorship lists"
DIII,M,Mideast,2,Connecticut College,,yes,"NCAA 2026-27 DIII XC Pre-Championships Manual, sponsorship lists"
DIII,M,Mideast,2,Eastern Connecticut State University,,yes,"NCAA 2026-27 DIII XC Pre-Championships Manual, sponsorship lists"
DIII,M,Mideast,2,Elms College,,yes,"NCAA 2026-27 DIII XC Pre-Championships Manual, sponsorship lists"
DIII,M,Mideast,2,Middlebury College,,yes,"NCAA 2026-27 DIII XC Pre-Championships Manual, sponsorship lists"
DIII,M,Mideast,2,Mitchell College,,yes,"NCAA 2026-27 DIII XC Pre-Championships Manual, sponsorship lists"
DIII,M,Mideast,2,Mount Saint Mary College (New York),,yes,"NCAA 2026-27 DIII XC Pre-Championships Manual, sponsorship lists"
DIII,M,Mideast,2,Norwich University,,yes,"NCAA 2026-27 DIII XC Pre-Championships Manual, sponsorship lists"
DIII,M,Mideast,2,Plattsburgh State University of New York,,yes,"NCAA 2026-27 DIII XC Pre-Championships Manual, sponsorship lists"
DIII,M,Mideast,2,Rensselaer Polytechnic Institute,,yes,"NCAA 2026-27 DIII XC Pre-Championships Manual, sponsorship lists"
DIII,M,Mideast,2,Rhode Island College,,yes,"NCAA 2026-27 DIII XC Pre-Championships Manual, sponsorship lists"
DIII,M,Mideast,2,Roger Williams University,,yes,"NCAA 2026-27 DIII XC Pre-Championships Manual, sponsorship lists"
DIII,M,Mideast,2,Russell Sage College,,yes,"NCAA 2026-27 DIII XC Pre-Championships Manual, sponsorship lists"
DIII,M,Mideast,2,Salve Regina University,,yes,"NCAA 2026-27 DIII XC Pre-Championships Manual, sponsorship lists"
DIII,M,Mideast,2,Springfield College,,yes,"NCAA 2026-27 DIII XC Pre-Championships Manual, sponsorship lists"
DIII,M,Mideast,2,St. Lawrence University,,yes,"NCAA 2026-27 DIII XC Pre-Championships Manual, sponsorship lists"
DIII,M,Mideast,2,State University of New York at Canton,,yes,"NCAA 2026-27 DIII XC Pre-Championships Manual, sponsorship lists"
DIII,M,Mideast,2,State University of New York at New Paltz,,yes,"NCAA 2026-27 DIII XC Pre-Championships Manual, sponsorship lists"
DIII,M,Mideast,2,State University of New York at Potsdam,,yes,"NCAA 2026-27 DIII XC Pre-Championships Manual, sponsorship lists"
DIII,M,Mideast,2,Trinity College (Connecticut),,yes,"NCAA 2026-27 DIII XC Pre-Championships Manual, sponsorship lists"
DIII,M,Mideast,2,U.S. Coast Guard Academy,,yes,"NCAA 2026-27 DIII XC Pre-Championships Manual, sponsorship lists"
DIII,M,Mideast,2,Union College (New York),,yes,"NCAA 2026-27 DIII XC Pre-Championships Manual, sponsorship lists"
DIII,M,Mideast,2,Vassar College,,yes,"NCAA 2026-27 DIII XC Pre-Championships Manual, sponsorship lists"
DIII,M,Mideast,2,Vermont State University Castleton,,yes,"NCAA 2026-27 DIII XC Pre-Championships Manual, sponsorship lists"
DIII,M,Mideast,2,Vermont State University Lyndon,,yes,"NCAA 2026-27 DIII XC Pre-Championships Manual, sponsorship lists"
DIII,M,Mideast,2,Wesleyan University (Connecticut),,yes,"NCAA 2026-27 DIII XC Pre-Championships Manual, sponsorship lists"
DIII,M,Mideast,2,Western Connecticut State University,,yes,"NCAA 2026-27 DIII XC Pre-Championships Manual, sponsorship lists"
DIII,M,Mideast,2,Western New England University,,yes,"NCAA 2026-27 DIII XC Pre-Championships Manual, sponsorship lists"
DIII,M,Mideast,2,Westfield State University,,yes,"NCAA 2026-27 DIII XC Pre-Championships Manual, sponsorship lists"
DIII,M,Mideast,2,Williams College,,yes,"NCAA 2026-27 DIII XC Pre-Championships Manual, sponsorship lists"
DIII,M,Niagara,3,Alfred State College,,yes,"NCAA 2026-27 DIII XC Pre-Championships Manual, sponsorship lists"
DIII,M,Niagara,3,Alfred University,,yes,"NCAA 2026-27 DIII XC Pre-Championships Manual, sponsorship lists"
DIII,M,Niagara,3,Baruch College,,yes,"NCAA 2026-27 DIII XC Pre-Championships Manual, sponsorship lists"
DIII,M,Niagara,3,"Buffalo State, State University of New York",,yes,"NCAA 2026-27 DIII XC Pre-Championships Manual, sponsorship lists"
DIII,M,Niagara,3,The City College of New York,,yes,"NCAA 2026-27 DIII XC Pre-Championships Manual, sponsorship lists"
DIII,M,Niagara,3,Hamilton College,,yes,"NCAA 2026-27 DIII XC Pre-Championships Manual, sponsorship lists"
DIII,M,Niagara,3,Hartwick College,,yes,"NCAA 2026-27 DIII XC Pre-Championships Manual, sponsorship lists"
DIII,M,Niagara,3,Hobart and William Smith Colleges,,yes,"NCAA 2026-27 DIII XC Pre-Championships Manual, sponsorship lists"
DIII,M,Niagara,3,Houghton University,,yes,"NCAA 2026-27 DIII XC Pre-Championships Manual, sponsorship lists"
DIII,M,Niagara,3,Hunter College,,yes,"NCAA 2026-27 DIII XC Pre-Championships Manual, sponsorship lists"
DIII,M,Niagara,3,Ithaca College,,yes,"NCAA 2026-27 DIII XC Pre-Championships Manual, sponsorship lists"
DIII,M,Niagara,3,John Jay College of Criminal Justice,,yes,"NCAA 2026-27 DIII XC Pre-Championships Manual, sponsorship lists"
DIII,M,Niagara,3,Keuka College,,yes,"NCAA 2026-27 DIII XC Pre-Championships Manual, sponsorship lists"
DIII,M,Niagara,3,Lehman College,,yes,"NCAA 2026-27 DIII XC Pre-Championships Manual, sponsorship lists"
DIII,M,Niagara,3,Manhattanville University,,yes,"NCAA 2026-27 DIII XC Pre-Championships Manual, sponsorship lists"
DIII,M,Niagara,3,Nazareth University,,yes,"NCAA 2026-27 DIII XC Pre-Championships Manual, sponsorship lists"
DIII,M,Niagara,3,New York University,,yes,"NCAA 2026-27 DIII XC Pre-Championships Manual, sponsorship lists"
DIII,M,Niagara,3,"Pennsylvania State University Erie, the Behrend College",,yes,"NCAA 2026-27 DIII XC Pre-Championships Manual, sponsorship lists"
DIII,M,Niagara,3,Pratt Institute,,yes,"NCAA 2026-27 DIII XC Pre-Championships Manual, sponsorship lists"
DIII,M,Niagara,3,"Purchase College, State University of New York",,yes,"NCAA 2026-27 DIII XC Pre-Championships Manual, sponsorship lists"
DIII,M,Niagara,3,University of Rochester,,yes,"NCAA 2026-27 DIII XC Pre-Championships Manual, sponsorship lists"
DIII,M,Niagara,3,Rochester Institute of Technology,,yes,"NCAA 2026-27 DIII XC Pre-Championships Manual, sponsorship lists"
DIII,M,Niagara,3,Sarah Lawrence College,,yes,"NCAA 2026-27 DIII XC Pre-Championships Manual, sponsorship lists"
DIII,M,Niagara,3,St. John Fisher University,,yes,"NCAA 2026-27 DIII XC Pre-Championships Manual, sponsorship lists"
DIII,M,Niagara,3,State University of New York at Brockport,,yes,"NCAA 2026-27 DIII XC Pre-Championships Manual, sponsorship lists"
DIII,M,Niagara,3,State University of New York at Cobleskill,,yes,"NCAA 2026-27 DIII XC Pre-Championships Manual, sponsorship lists"
DIII,M,Niagara,3,State University of New York at Cortland,,yes,"NCAA 2026-27 DIII XC Pre-Championships Manual, sponsorship lists"
DIII,M,Niagara,3,State University of New York at Delhi,,yes,"NCAA 2026-27 DIII XC Pre-Championships Manual, sponsorship lists"
DIII,M,Niagara,3,State University of New York at Geneseo,,yes,"NCAA 2026-27 DIII XC Pre-Championships Manual, sponsorship lists"
DIII,M,Niagara,3,State University of New York at Morrisville,,yes,"NCAA 2026-27 DIII XC Pre-Championships Manual, sponsorship lists"
DIII,M,Niagara,3,State University of New York at Oneonta,,yes,"NCAA 2026-27 DIII XC Pre-Championships Manual, sponsorship lists"
DIII,M,Niagara,3,State University of New York at Oswego,,yes,"NCAA 2026-27 DIII XC Pre-Championships Manual, sponsorship lists"
DIII,M,Niagara,3,State University of New York Maritime College,,yes,"NCAA 2026-27 DIII XC Pre-Championships Manual, sponsorship lists"
DIII,M,Niagara,3,State University of New York Polytechnic Institute,,yes,"NCAA 2026-27 DIII XC Pre-Championships Manual, sponsorship lists"
DIII,M,Niagara,3,The State University of New York at Fredonia,,yes,"NCAA 2026-27 DIII XC Pre-Championships Manual, sponsorship lists"
DIII,M,Niagara,3,Utica University,,yes,"NCAA 2026-27 DIII XC Pre-Championships Manual, sponsorship lists"
DIII,M,Niagara,3,Yeshiva University,,yes,"NCAA 2026-27 DIII XC Pre-Championships Manual, sponsorship lists"
DIII,M,Mid-Atlantic,4,Albright College,,yes,"NCAA 2026-27 DIII XC Pre-Championships Manual, sponsorship lists"
DIII,M,Mid-Atlantic,4,Alvernia University,,yes,"NCAA 2026-27 DIII XC Pre-Championships Manual, sponsorship lists"
DIII,M,Mid-Atlantic,4,Bethany College (West Virginia),,yes,"NCAA 2026-27 DIII XC Pre-Championships Manual, sponsorship lists"
DIII,M,Mid-Atlantic,4,Carnegie Mellon University,,yes,"NCAA 2026-27 DIII XC Pre-Championships Manual, sponsorship lists"
DIII,M,Mid-Atlantic,4,Chatham University,,yes,"NCAA 2026-27 DIII XC Pre-Championships Manual, sponsorship lists"
DIII,M,Mid-Atlantic,4,Dickinson College,,yes,"NCAA 2026-27 DIII XC Pre-Championships Manual, sponsorship lists"
DIII,M,Mid-Atlantic,4,Elizabethtown College,,yes,"NCAA 2026-27 DIII XC Pre-Championships Manual, sponsorship lists"
DIII,M,Mid-Atlantic,4,Franklin & Marshall College,,yes,"NCAA 2026-27 DIII XC Pre-Championships Manual, sponsorship lists"
DIII,M,Mid-Atlantic,4,Geneva College,,yes,"NCAA 2026-27 DIII XC Pre-Championships Manual, sponsorship lists"
DIII,M,Mid-Atlantic,4,Gettysburg College,,yes,"NCAA 2026-27 DIII XC Pre-Championships Manual, sponsorship lists"
DIII,M,Mid-Atlantic,4,Goucher College,,yes,"NCAA 2026-27 DIII XC Pre-Championships Manual, sponsorship lists"
DIII,M,Mid-Atlantic,4,Grove City College,,yes,"NCAA 2026-27 DIII XC Pre-Championships Manual, sponsorship lists"
DIII,M,Mid-Atlantic,4,Hood College,,yes,"NCAA 2026-27 DIII XC Pre-Championships Manual, sponsorship lists"
DIII,M,Mid-Atlantic,4,Johns Hopkins University,,yes,"NCAA 2026-27 DIII XC Pre-Championships Manual, sponsorship lists"
DIII,M,Mid-Atlantic,4,Juniata College,,yes,"NCAA 2026-27 DIII XC Pre-Championships Manual, sponsorship lists"
DIII,M,Mid-Atlantic,4,King’s College (Pennsylvania),,yes,"NCAA 2026-27 DIII XC Pre-Championships Manual, sponsorship lists"
DIII,M,Mid-Atlantic,4,La Roche University,,yes,"NCAA 2026-27 DIII XC Pre-Championships Manual, sponsorship lists"
DIII,M,Mid-Atlantic,4,Lancaster Bible College,,yes,"NCAA 2026-27 DIII XC Pre-Championships Manual, sponsorship lists"
DIII,M,Mid-Atlantic,4,Lebanon Valley College,,yes,"NCAA 2026-27 DIII XC Pre-Championships Manual, sponsorship lists"
DIII,M,Mid-Atlantic,4,Lycoming College,,yes,"NCAA 2026-27 DIII XC Pre-Championships Manual, sponsorship lists"
DIII,M,Mid-Atlantic,4,Marywood University,,yes,"NCAA 2026-27 DIII XC Pre-Championships Manual, sponsorship lists"
DIII,M,Mid-Atlantic,4,McDaniel College,,yes,"NCAA 2026-27 DIII XC Pre-Championships Manual, sponsorship lists"
DIII,M,Mid-Atlantic,4,Messiah University,,yes,"NCAA 2026-27 DIII XC Pre-Championships Manual, sponsorship lists"
DIII,M,Mid-Atlantic,4,Misericordia University,,yes,"NCAA 2026-27 DIII XC Pre-Championships Manual, sponsorship lists"
DIII,M,Mid-Atlantic,4,Mount Aloysius College,,yes,"NCAA 2026-27 DIII XC Pre-Championships Manual, sponsorship lists"
DIII,M,Mid-Atlantic,4,Penn State Berks College,,yes,"NCAA 2026-27 DIII XC Pre-Championships Manual, sponsorship lists"
DIII,M,Mid-Atlantic,4,Penn State Harrisburg,,yes,"NCAA 2026-27 DIII XC Pre-Championships Manual, sponsorship lists"
DIII,M,Mid-Atlantic,4,Pennsylvania College of Technology,,yes,"NCAA 2026-27 DIII XC Pre-Championships Manual, sponsorship lists"
DIII,M,Mid-Atlantic,4,"University of Pittsburgh, Greensburg",,yes,"NCAA 2026-27 DIII XC Pre-Championships Manual, sponsorship lists"
DIII,M,Mid-Atlantic,4,Saint Vincent College,,yes,"NCAA 2026-27 DIII XC Pre-Championships Manual, sponsorship lists"
DIII,M,Mid-Atlantic,4,Salisbury University,,yes,"NCAA 2026-27 DIII XC Pre-Championships Manual, sponsorship lists"
DIII,M,Mid-Atlantic,4,University of Scranton,,yes,"NCAA 2026-27 DIII XC Pre-Championships Manual, sponsorship lists"
DIII,M,Mid-Atlantic,4,St. Mary’s College of Maryland,,yes,"NCAA 2026-27 DIII XC Pre-Championships Manual, sponsorship lists"
DIII,M,Mid-Atlantic,4,Stevenson University,,yes,"NCAA 2026-27 DIII XC Pre-Championships Manual, sponsorship lists"
DIII,M,Mid-Atlantic,4,Susquehanna University,,yes,"NCAA 2026-27 DIII XC Pre-Championships Manual, sponsorship lists"
DIII,M,Mid-Atlantic,4,Thiel College,,yes,"NCAA 2026-27 DIII XC Pre-Championships Manual, sponsorship lists"
DIII,M,Mid-Atlantic,4,Washington and Jefferson College,,yes,"NCAA 2026-27 DIII XC Pre-Championships Manual, sponsorship lists"
DIII,M,Mid-Atlantic,4,Waynesburg University,,yes,"NCAA 2026-27 DIII XC Pre-Championships Manual, sponsorship lists"
DIII,M,Mid-Atlantic,4,Westminster College (Pennsylvania),,yes,"NCAA 2026-27 DIII XC Pre-Championships Manual, sponsorship lists"
DIII,M,Mid-Atlantic,4,Wilkes University,,yes,"NCAA 2026-27 DIII XC Pre-Championships Manual, sponsorship lists"
DIII,M,Mid-Atlantic,4,York College (Pennsylvania),,yes,"NCAA 2026-27 DIII XC Pre-Championships Manual, sponsorship lists"
DIII,M,Metro,5,Arcadia University,,yes,"NCAA 2026-27 DIII XC Pre-Championships Manual, sponsorship lists"
DIII,M,Metro,5,Brooklyn College,,yes,"NCAA 2026-27 DIII XC Pre-Championships Manual, sponsorship lists"
DIII,M,Metro,5,Cairn University,,yes,"NCAA 2026-27 DIII XC Pre-Championships Manual, sponsorship lists"
DIII,M,Metro,5,Delaware Valley University,,yes,"NCAA 2026-27 DIII XC Pre-Championships Manual, sponsorship lists"
DIII,M,Metro,5,DeSales University,,yes,"NCAA 2026-27 DIII XC Pre-Championships Manual, sponsorship lists"
DIII,M,Metro,5,Drew University,,yes,"NCAA 2026-27 DIII XC Pre-Championships Manual, sponsorship lists"
DIII,M,Metro,5,Eastern University,,yes,"NCAA 2026-27 DIII XC Pre-Championships Manual, sponsorship lists"
DIII,M,Metro,5,"Fairleigh Dickinson University, Florham",,yes,"NCAA 2026-27 DIII XC Pre-Championships Manual, sponsorship lists"
DIII,M,Metro,5,Farmingdale State College,,yes,"NCAA 2026-27 DIII XC Pre-Championships Manual, sponsorship lists"
DIII,M,Metro,5,Gwynedd Mercy University,,yes,"NCAA 2026-27 DIII XC Pre-Championships Manual, sponsorship lists"
DIII,M,Metro,5,Haverford College,,yes,"NCAA 2026-27 DIII XC Pre-Championships Manual, sponsorship lists"
DIII,M,Metro,5,Immaculata University,,yes,"NCAA 2026-27 DIII XC Pre-Championships Manual, sponsorship lists"
DIII,M,Metro,5,Kean University,,yes,"NCAA 2026-27 DIII XC Pre-Championships Manual, sponsorship lists"
DIII,M,Metro,5,Medgar Evers College,,yes,"NCAA 2026-27 DIII XC Pre-Championships Manual, sponsorship lists"
DIII,M,Metro,5,Moravian University,,yes,"NCAA 2026-27 DIII XC Pre-Championships Manual, sponsorship lists"
DIII,M,Metro,5,Muhlenberg College,,yes,"NCAA 2026-27 DIII XC Pre-Championships Manual, sponsorship lists"
DIII,M,Metro,5,Neumann University,,yes,"NCAA 2026-27 DIII XC Pre-Championships Manual, sponsorship lists"
DIII,M,Metro,5,"Penn State University, Abington",,yes,"NCAA 2026-27 DIII XC Pre-Championships Manual, sponsorship lists"
DIII,M,Metro,5,Ramapo College,,yes,"NCAA 2026-27 DIII XC Pre-Championships Manual, sponsorship lists"
DIII,M,Metro,5,Rowan University,,yes,"NCAA 2026-27 DIII XC Pre-Championships Manual, sponsorship lists"
DIII,M,Metro,5,"Rutgers, The State Univ. of New Jersey, Camden",,yes,"NCAA 2026-27 DIII XC Pre-Championships Manual, sponsorship lists"
DIII,M,Metro,5,"Rutgers, The State Univ. of New Jersey, Newark",,yes,"NCAA 2026-27 DIII XC Pre-Championships Manual, sponsorship lists"
DIII,M,Metro,5,Saint Elizabeth University,,yes,"NCAA 2026-27 DIII XC Pre-Championships Manual, sponsorship lists"
DIII,M,Metro,5,St. Joseph’s University NY (Brooklyn),,yes,"NCAA 2026-27 DIII XC Pre-Championships Manual, sponsorship lists"
DIII,M,Metro,5,"St. Joseph’s University, New York L.I.",,yes,"NCAA 2026-27 DIII XC Pre-Championships Manual, sponsorship lists"
DIII,M,Metro,5,State University of New York at Old Westbury,,yes,"NCAA 2026-27 DIII XC Pre-Championships Manual, sponsorship lists"
DIII,M,Metro,5,Stevens Institute of Technology,,yes,"NCAA 2026-27 DIII XC Pre-Championships Manual, sponsorship lists"
DIII,M,Metro,5,Stockton University,,yes,"NCAA 2026-27 DIII XC Pre-Championships Manual, sponsorship lists"
DIII,M,Metro,5,Swarthmore College,,yes,"NCAA 2026-27 DIII XC Pre-Championships Manual, sponsorship lists"
DIII,M,Metro,5,The College of New Jersey,,yes,"NCAA 2026-27 DIII XC Pre-Championships Manual, sponsorship lists"
DIII,M,Metro,5,U.S. Merchant Marine Academy,,yes,"NCAA 2026-27 DIII XC Pre-Championships Manual, sponsorship lists"
DIII,M,Metro,5,Ursinus College,,yes,"NCAA 2026-27 DIII XC Pre-Championships Manual, sponsorship lists"
DIII,M,Metro,5,University of Valley Forge,,yes,"NCAA 2026-27 DIII XC Pre-Championships Manual, sponsorship lists"
DIII,M,Metro,5,Widener University,,yes,"NCAA 2026-27 DIII XC Pre-Championships Manual, sponsorship lists"
DIII,M,Metro,5,York College (New York),,yes,"NCAA 2026-27 DIII XC Pre-Championships Manual, sponsorship lists"
DIII,M,Great Lakes,6,Adrian College,,yes,"NCAA 2026-27 DIII XC Pre-Championships Manual, sponsorship lists"
DIII,M,Great Lakes,6,Albion College,,yes,"NCAA 2026-27 DIII XC Pre-Championships Manual, sponsorship lists"
DIII,M,Great Lakes,6,Allegheny College,,yes,"NCAA 2026-27 DIII XC Pre-Championships Manual, sponsorship lists"
DIII,M,Great Lakes,6,Alma College,,yes,"NCAA 2026-27 DIII XC Pre-Championships Manual, sponsorship lists"
DIII,M,Great Lakes,6,Anderson University (Indiana),,yes,"NCAA 2026-27 DIII XC Pre-Championships Manual, sponsorship lists"
DIII,M,Great Lakes,6,Asbury University,,yes,"NCAA 2026-27 DIII XC Pre-Championships Manual, sponsorship lists"
DIII,M,Great Lakes,6,Baldwin Wallace University,,yes,"NCAA 2026-27 DIII XC Pre-Championships Manual, sponsorship lists"
DIII,M,Great Lakes,6,Berea College,,yes,"NCAA 2026-27 DIII XC Pre-Championships Manual, sponsorship lists"
DIII,M,Great Lakes,6,Bluffton University,,yes,"NCAA 2026-27 DIII XC Pre-Championships Manual, sponsorship lists"
DIII,M,Great Lakes,6,Calvin University,,yes,"NCAA 2026-27 DIII XC Pre-Championships Manual, sponsorship lists"
DIII,M,Great Lakes,6,Capital University,,yes,"NCAA 2026-27 DIII XC Pre-Championships Manual, sponsorship lists"
DIII,M,Great Lakes,6,Case Western Reserve University,,yes,"NCAA 2026-27 DIII XC Pre-Championships Manual, sponsorship lists"
DIII,M,Great Lakes,6,Centre College,,yes,"NCAA 2026-27 DIII XC Pre-Championships Manual, sponsorship lists"
DIII,M,Great Lakes,6,Denison University,,yes,"NCAA 2026-27 DIII XC Pre-Championships Manual, sponsorship lists"
DIII,M,Great Lakes,6,DePauw University,,yes,"NCAA 2026-27 DIII XC Pre-Championships Manual, sponsorship lists"
DIII,M,Great Lakes,6,Earlham College,,yes,"NCAA 2026-27 DIII XC Pre-Championships Manual, sponsorship lists"
DIII,M,Great Lakes,6,Franciscan University of Steubenville,,yes,"NCAA 2026-27 DIII XC Pre-Championships Manual, sponsorship lists"
DIII,M,Great Lakes,6,Franklin College,,yes,"NCAA 2026-27 DIII XC Pre-Championships Manual, sponsorship lists"
DIII,M,Great Lakes,6,Hanover College,,yes,"NCAA 2026-27 DIII XC Pre-Championships Manual, sponsorship lists"
DIII,M,Great Lakes,6,Heidelberg University,,yes,"NCAA 2026-27 DIII XC Pre-Championships Manual, sponsorship lists"
DIII,M,Great Lakes,6,Hope College,,yes,"NCAA 2026-27 DIII XC Pre-Championships Manual, sponsorship lists"
DIII,M,Great Lakes,6,John Carroll University,,yes,"NCAA 2026-27 DIII XC Pre-Championships Manual, sponsorship lists"
DIII,M,Great Lakes,6,Kalamazoo College,,yes,"NCAA 2026-27 DIII XC Pre-Championships Manual, sponsorship lists"
DIII,M,Great Lakes,6,Kenyon College,,yes,"NCAA 2026-27 DIII XC Pre-Championships Manual, sponsorship lists"
DIII,M,Great Lakes,6,Manchester University,,yes,"NCAA 2026-27 DIII XC Pre-Championships Manual, sponsorship lists"
DIII,M,Great Lakes,6,Marietta College,,yes,"NCAA 2026-27 DIII XC Pre-Championships Manual, sponsorship lists"
DIII,M,Great Lakes,6,Mount St. Joseph University,,yes,"NCAA 2026-27 DIII XC Pre-Championships Manual, sponsorship lists"
DIII,M,Great Lakes,6,University of Mount Union,,yes,"NCAA 2026-27 DIII XC Pre-Championships Manual, sponsorship lists"
DIII,M,Great Lakes,6,Muskingum University,,yes,"NCAA 2026-27 DIII XC Pre-Championships Manual, sponsorship lists"
DIII,M,Great Lakes,6,Oberlin College,,yes,"NCAA 2026-27 DIII XC Pre-Championships Manual, sponsorship lists"
DIII,M,Great Lakes,6,Ohio Northern University,,yes,"NCAA 2026-27 DIII XC Pre-Championships Manual, sponsorship lists"
DIII,M,Great Lakes,6,Ohio Wesleyan University,,yes,"NCAA 2026-27 DIII XC Pre-Championships Manual, sponsorship lists"
DIII,M,Great Lakes,6,The University of Olivet,,yes,"NCAA 2026-27 DIII XC Pre-Championships Manual, sponsorship lists"
DIII,M,Great Lakes,6,Otterbein University,,yes,"NCAA 2026-27 DIII XC Pre-Championships Manual, sponsorship lists"
DIII,M,Great Lakes,6,Rose-Hulman Institute of Technology,,yes,"NCAA 2026-27 DIII XC Pre-Championships Manual, sponsorship lists"
DIII,M,Great Lakes,6,Spalding University,,yes,"NCAA 2026-27 DIII XC Pre-Championships Manual, sponsorship lists"
DIII,M,Great Lakes,6,Transylvania University,,yes,"NCAA 2026-27 DIII XC Pre-Championships Manual, sponsorship lists"
DIII,M,Great Lakes,6,Trine University,,yes,"NCAA 2026-27 DIII XC Pre-Championships Manual, sponsorship lists"
DIII,M,Great Lakes,6,Wabash College,,yes,"NCAA 2026-27 DIII XC Pre-Championships Manual, sponsorship lists"
DIII,M,Great Lakes,6,Wilmington College (Ohio),,yes,"NCAA 2026-27 DIII XC Pre-Championships Manual, sponsorship lists"
DIII,M,Great Lakes,6,Wittenberg University,,yes,"NCAA 2026-27 DIII XC Pre-Championships Manual, sponsorship lists"
DIII,M,Great Lakes,6,The College of Wooster,,yes,"NCAA 2026-27 DIII XC Pre-Championships Manual, sponsorship lists"
DIII,M,South,7,Averett University,,yes,"NCAA 2026-27 DIII XC Pre-Championships Manual, sponsorship lists"
DIII,M,South,7,Batten University,,yes,"NCAA 2026-27 DIII XC Pre-Championships Manual, sponsorship lists"
DIII,M,South,7,Belhaven University,,yes,"NCAA 2026-27 DIII XC Pre-Championships Manual, sponsorship lists"
DIII,M,South,7,Berry College,,yes,"NCAA 2026-27 DIII XC Pre-Championships Manual, sponsorship lists"
DIII,M,South,7,Brevard College,,yes,"NCAA 2026-27 DIII XC Pre-Championships Manual, sponsorship lists"
DIII,M,South,7,Bridgewater College (Virginia),,yes,"NCAA 2026-27 DIII XC Pre-Championships Manual, sponsorship lists"
DIII,M,South,7,Catholic University,,yes,"NCAA 2026-27 DIII XC Pre-Championships Manual, sponsorship lists"
DIII,M,South,7,Centenary College (Louisiana),,yes,"NCAA 2026-27 DIII XC Pre-Championships Manual, sponsorship lists"
DIII,M,South,7,Christopher Newport University,,yes,"NCAA 2026-27 DIII XC Pre-Championships Manual, sponsorship lists"
DIII,M,South,7,Covenant College,,yes,"NCAA 2026-27 DIII XC Pre-Championships Manual, sponsorship lists"
DIII,M,South,7,Eastern Mennonite University,,yes,"NCAA 2026-27 DIII XC Pre-Championships Manual, sponsorship lists"
DIII,M,South,7,Emory University,,yes,"NCAA 2026-27 DIII XC Pre-Championships Manual, sponsorship lists"
DIII,M,South,7,Gallaudet University,,yes,"NCAA 2026-27 DIII XC Pre-Championships Manual, sponsorship lists"
DIII,M,South,7,Guilford College,,yes,"NCAA 2026-27 DIII XC Pre-Championships Manual, sponsorship lists"
DIII,M,South,7,Hampden-Sydney College,,yes,"NCAA 2026-27 DIII XC Pre-Championships Manual, sponsorship lists"
DIII,M,South,7,Huntingdon College,,yes,"NCAA 2026-27 DIII XC Pre-Championships Manual, sponsorship lists"
DIII,M,South,7,University of Lynchburg,,yes,"NCAA 2026-27 DIII XC Pre-Championships Manual, sponsorship lists"
DIII,M,South,7,Mary Baldwin University,,yes,"NCAA 2026-27 DIII XC Pre-Championships Manual, sponsorship lists"
DIII,M,South,7,University of Mary Washington,,yes,"NCAA 2026-27 DIII XC Pre-Championships Manual, sponsorship lists"
DIII,M,South,7,Marymount University (Virginia),,yes,"NCAA 2026-27 DIII XC Pre-Championships Manual, sponsorship lists"
DIII,M,South,7,Maryville College (Tennessee),,yes,"NCAA 2026-27 DIII XC Pre-Championships Manual, sponsorship lists"
DIII,M,South,7,Methodist University,,yes,"NCAA 2026-27 DIII XC Pre-Championships Manual, sponsorship lists"
DIII,M,South,7,Millsaps College,,yes,"NCAA 2026-27 DIII XC Pre-Championships Manual, sponsorship lists"
DIII,M,South,7,Mississippi University for Women,,yes,"NCAA 2026-27 DIII XC Pre-Championships Manual, sponsorship lists"
DIII,M,South,7,Oglethorpe University,,yes,"NCAA 2026-27 DIII XC Pre-Championships Manual, sponsorship lists"
DIII,M,South,7,Pfeiffer University,,yes,"NCAA 2026-27 DIII XC Pre-Championships Manual, sponsorship lists"
DIII,M,South,7,Piedmont University,,yes,"NCAA 2026-27 DIII XC Pre-Championships Manual, sponsorship lists"
DIII,M,South,7,Randolph College,,yes,"NCAA 2026-27 DIII XC Pre-Championships Manual, sponsorship lists"
DIII,M,South,7,Rhodes College,,yes,"NCAA 2026-27 DIII XC Pre-Championships Manual, sponsorship lists"
DIII,M,South,7,Roanoke College,,yes,"NCAA 2026-27 DIII XC Pre-Championships Manual, sponsorship lists"
DIII,M,South,7,Shenandoah University,,yes,"NCAA 2026-27 DIII XC Pre-Championships Manual, sponsorship lists"
DIII,M,South,7,University of the South,,yes,"NCAA 2026-27 DIII XC Pre-Championships Manual, sponsorship lists"
DIII,M,South,7,Southern Virginia University,,yes,"NCAA 2026-27 DIII XC Pre-Championships Manual, sponsorship lists"
DIII,M,South,7,Warren Wilson College,,yes,"NCAA 2026-27 DIII XC Pre-Championships Manual, sponsorship lists"
DIII,M,South,7,Washington and Lee University,,yes,"NCAA 2026-27 DIII XC Pre-Championships Manual, sponsorship lists"
DIII,M,South,7,William Peace University,,yes,"NCAA 2026-27 DIII XC Pre-Championships Manual, sponsorship lists"
DIII,M,North,8,Augsburg University,,yes,"NCAA 2026-27 DIII XC Pre-Championships Manual, sponsorship lists"
DIII,M,North,8,Beloit College,,yes,"NCAA 2026-27 DIII XC Pre-Championships Manual, sponsorship lists"
DIII,M,North,8,Bethany Lutheran College,,yes,"NCAA 2026-27 DIII XC Pre-Championships Manual, sponsorship lists"
DIII,M,North,8,Bethel University (Minnesota),,yes,"NCAA 2026-27 DIII XC Pre-Championships Manual, sponsorship lists"
DIII,M,North,8,Carleton College,,yes,"NCAA 2026-27 DIII XC Pre-Championships Manual, sponsorship lists"
DIII,M,North,8,Carroll University (Wisconsin),,yes,"NCAA 2026-27 DIII XC Pre-Championships Manual, sponsorship lists"
DIII,M,North,8,Carthage College,,yes,"NCAA 2026-27 DIII XC Pre-Championships Manual, sponsorship lists"
DIII,M,North,8,"Concordia College, Moorhead",,yes,"NCAA 2026-27 DIII XC Pre-Championships Manual, sponsorship lists"
DIII,M,North,8,Concordia University Wisconsin,,yes,"NCAA 2026-27 DIII XC Pre-Championships Manual, sponsorship lists"
DIII,M,North,8,Crown College (Minnesota),,yes,"NCAA 2026-27 DIII XC Pre-Championships Manual, sponsorship lists"
DIII,M,North,8,Edgewood University,,yes,"NCAA 2026-27 DIII XC Pre-Championships Manual, sponsorship lists"
DIII,M,North,8,Gustavus Adolphus College,,yes,"NCAA 2026-27 DIII XC Pre-Championships Manual, sponsorship lists"
DIII,M,North,8,Hamline University,,yes,"NCAA 2026-27 DIII XC Pre-Championships Manual, sponsorship lists"
DIII,M,North,8,Lawrence University,,yes,"NCAA 2026-27 DIII XC Pre-Championships Manual, sponsorship lists"
DIII,M,North,8,Macalester College,,yes,"NCAA 2026-27 DIII XC Pre-Championships Manual, sponsorship lists"
DIII,M,North,8,Maranatha Baptist University,,yes,"NCAA 2026-27 DIII XC Pre-Championships Manual, sponsorship lists"
DIII,M,North,8,Martin Luther College,,yes,"NCAA 2026-27 DIII XC Pre-Championships Manual, sponsorship lists"
DIII,M,North,8,Milwaukee School of Engineering,,yes,"NCAA 2026-27 DIII XC Pre-Championships Manual, sponsorship lists"
DIII,M,North,8,"University of Minnesota, Morris",,yes,"NCAA 2026-27 DIII XC Pre-Championships Manual, sponsorship lists"
DIII,M,North,8,North Central University,,yes,"NCAA 2026-27 DIII XC Pre-Championships Manual, sponsorship lists"
DIII,M,North,8,Ripon College,,yes,"NCAA 2026-27 DIII XC Pre-Championships Manual, sponsorship lists"
DIII,M,North,8,Saint John’s University (Minnesota),,yes,"NCAA 2026-27 DIII XC Pre-Championships Manual, sponsorship lists"
DIII,M,North,8,Saint Mary’s University of Minnesota,,yes,"NCAA 2026-27 DIII XC Pre-Championships Manual, sponsorship lists"
DIII,M,North,8,St. Norbert College,,yes,"NCAA 2026-27 DIII XC Pre-Championships Manual, sponsorship lists"
DIII,M,North,8,St. Olaf College,,yes,"NCAA 2026-27 DIII XC Pre-Championships Manual, sponsorship lists"
DIII,M,North,8,The College of St. Scholastica,,yes,"NCAA 2026-27 DIII XC Pre-Championships Manual, sponsorship lists"
DIII,M,North,8,University of Northwestern-St. Paul,,yes,"NCAA 2026-27 DIII XC Pre-Championships Manual, sponsorship lists"
DIII,M,North,8,University of Wisconsin-Eau Claire,,yes,"NCAA 2026-27 DIII XC Pre-Championships Manual, sponsorship lists"
DIII,M,North,8,University of Wisconsin-La Crosse,,yes,"NCAA 2026-27 DIII XC Pre-Championships Manual, sponsorship lists"
DIII,M,North,8,University of Wisconsin-Oshkosh,,yes,"NCAA 2026-27 DIII XC Pre-Championships Manual, sponsorship lists"
DIII,M,North,8,University of Wisconsin-Platteville,,yes,"NCAA 2026-27 DIII XC Pre-Championships Manual, sponsorship lists"
DIII,M,North,8,University of Wisconsin-River Falls,,yes,"NCAA 2026-27 DIII XC Pre-Championships Manual, sponsorship lists"
DIII,M,North,8,University of Wisconsin-Stevens Point,,yes,"NCAA 2026-27 DIII XC Pre-Championships Manual, sponsorship lists"
DIII,M,North,8,University of Wisconsin-Stout Polytechnic,,yes,"NCAA 2026-27 DIII XC Pre-Championships Manual, sponsorship lists"
DIII,M,North,8,University of Wisconsin-Superior,,yes,"NCAA 2026-27 DIII XC Pre-Championships Manual, sponsorship lists"
DIII,M,North,8,University of Wisconsin-Whitewater,,yes,"NCAA 2026-27 DIII XC Pre-Championships Manual, sponsorship lists"
DIII,M,North,8,Wisconsin Lutheran College,,yes,"NCAA 2026-27 DIII XC Pre-Championships Manual, sponsorship lists"
DIII,M,Midwest,9,Augustana College (Illinois),,yes,"NCAA 2026-27 DIII XC Pre-Championships Manual, sponsorship lists"
DIII,M,Midwest,9,Aurora University,,yes,"NCAA 2026-27 DIII XC Pre-Championships Manual, sponsorship lists"
DIII,M,Midwest,9,Benedictine University (Illinois),,yes,"NCAA 2026-27 DIII XC Pre-Championships Manual, sponsorship lists"
DIII,M,Midwest,9,Blackburn College,,yes,"NCAA 2026-27 DIII XC Pre-Championships Manual, sponsorship lists"
DIII,M,Midwest,9,Buena Vista University,,yes,"NCAA 2026-27 DIII XC Pre-Championships Manual, sponsorship lists"
DIII,M,Midwest,9,Central College (Iowa),,yes,"NCAA 2026-27 DIII XC Pre-Championships Manual, sponsorship lists"
DIII,M,Midwest,9,University of Chicago,,yes,"NCAA 2026-27 DIII XC Pre-Championships Manual, sponsorship lists"
DIII,M,Midwest,9,Coe College,,yes,"NCAA 2026-27 DIII XC Pre-Championships Manual, sponsorship lists"
DIII,M,Midwest,9,Concordia University Chicago,,yes,"NCAA 2026-27 DIII XC Pre-Championships Manual, sponsorship lists"
DIII,M,Midwest,9,Cornell College,,yes,"NCAA 2026-27 DIII XC Pre-Championships Manual, sponsorship lists"
DIII,M,Midwest,9,Dominican University (Illinois),,yes,"NCAA 2026-27 DIII XC Pre-Championships Manual, sponsorship lists"
DIII,M,Midwest,9,University of Dubuque,,yes,"NCAA 2026-27 DIII XC Pre-Championships Manual, sponsorship lists"
DIII,M,Midwest,9,Elmhurst University,,yes,"NCAA 2026-27 DIII XC Pre-Championships Manual, sponsorship lists"
DIII,M,Midwest,9,Eureka College,,yes,"NCAA 2026-27 DIII XC Pre-Championships Manual, sponsorship lists"
DIII,M,Midwest,9,Greenville University,,yes,"NCAA 2026-27 DIII XC Pre-Championships Manual, sponsorship lists"
DIII,M,Midwest,9,Grinnell College,,yes,"NCAA 2026-27 DIII XC Pre-Championships Manual, sponsorship lists"
DIII,M,Midwest,9,Hendrix College,,yes,"NCAA 2026-27 DIII XC Pre-Championships Manual, sponsorship lists"
DIII,M,Midwest,9,Illinois College,,yes,"NCAA 2026-27 DIII XC Pre-Championships Manual, sponsorship lists"
DIII,M,Midwest,9,Illinois Institute of Technology,,yes,"NCAA 2026-27 DIII XC Pre-Championships Manual, sponsorship lists"
DIII,M,Midwest,9,Illinois Wesleyan University,,yes,"NCAA 2026-27 DIII XC Pre-Championships Manual, sponsorship lists"
DIII,M,Midwest,9,Knox College,,yes,"NCAA 2026-27 DIII XC Pre-Championships Manual, sponsorship lists"
DIII,M,Midwest,9,Lake Forest College,,yes,"NCAA 2026-27 DIII XC Pre-Championships Manual, sponsorship lists"
DIII,M,Midwest,9,Loras College,,yes,"NCAA 2026-27 DIII XC Pre-Championships Manual, sponsorship lists"
DIII,M,Midwest,9,Luther College,,yes,"NCAA 2026-27 DIII XC Pre-Championships Manual, sponsorship lists"
DIII,M,Midwest,9,Lyon College,,yes,"NCAA 2026-27 DIII XC Pre-Championships Manual, sponsorship lists"
DIII,M,Midwest,9,Millikin University,,yes,"NCAA 2026-27 DIII XC Pre-Championships Manual, sponsorship lists"
DIII,M,Midwest,9,Monmouth College (Illinois),,yes,"NCAA 2026-27 DIII XC Pre-Championships Manual, sponsorship lists"
DIII,M,Midwest,9,Nebraska Wesleyan University,,yes,"NCAA 2026-27 DIII XC Pre-Championships Manual, sponsorship lists"
DIII,M,Midwest,9,North Central College,,yes,"NCAA 2026-27 DIII XC Pre-Championships Manual, sponsorship lists"
DIII,M,Midwest,9,North Park University,,yes,"NCAA 2026-27 DIII XC Pre-Championships Manual, sponsorship lists"
DIII,M,Midwest,9,University of the Ozarks (Arkansas),,yes,"NCAA 2026-27 DIII XC Pre-Championships Manual, sponsorship lists"
DIII,M,Midwest,9,Principia College,,yes,"NCAA 2026-27 DIII XC Pre-Championships Manual, sponsorship lists"
DIII,M,Midwest,9,Rockford University,,yes,"NCAA 2026-27 DIII XC Pre-Championships Manual, sponsorship lists"
DIII,M,Midwest,9,Simpson College,,yes,"NCAA 2026-27 DIII XC Pre-Championships Manual, sponsorship lists"
DIII,M,Midwest,9,Wartburg College,,yes,"NCAA 2026-27 DIII XC Pre-Championships Manual, sponsorship lists"
DIII,M,Midwest,9,Washington University in St. Louis,,yes,"NCAA 2026-27 DIII XC Pre-Championships Manual, sponsorship lists"
DIII,M,Midwest,9,Webster University,,yes,"NCAA 2026-27 DIII XC Pre-Championships Manual, sponsorship lists"
DIII,M,Midwest,9,Westminster College (Missouri),,yes,"NCAA 2026-27 DIII XC Pre-Championships Manual, sponsorship lists"
DIII,M,Midwest,9,Wheaton College (Illinois),,yes,"NCAA 2026-27 DIII XC Pre-Championships Manual, sponsorship lists"
DIII,M,West,10,California Institute of Technology,,yes,"NCAA 2026-27 DIII XC Pre-Championships Manual, sponsorship lists"
DIII,M,West,10,California Lutheran University,,yes,"NCAA 2026-27 DIII XC Pre-Championships Manual, sponsorship lists"
DIII,M,West,10,"University of California, Santa Cruz",,yes,"NCAA 2026-27 DIII XC Pre-Championships Manual, sponsorship lists"
DIII,M,West,10,Chapman University,,yes,"NCAA 2026-27 DIII XC Pre-Championships Manual, sponsorship lists"
DIII,M,West,10,Claremont McKenna-Harvey Mudd-Scripps Colleges,,yes,"NCAA 2026-27 DIII XC Pre-Championships Manual, sponsorship lists"
DIII,M,West,10,Colorado College,,yes,"NCAA 2026-27 DIII XC Pre-Championships Manual, sponsorship lists"
DIII,M,West,10,Concordia University Texas,,yes,"NCAA 2026-27 DIII XC Pre-Championships Manual, sponsorship lists"
DIII,M,West,10,University of Dallas,,yes,"NCAA 2026-27 DIII XC Pre-Championships Manual, sponsorship lists"
DIII,M,West,10,East Texas Baptist University,,yes,"NCAA 2026-27 DIII XC Pre-Championships Manual, sponsorship lists"
DIII,M,West,10,George Fox University,,yes,"NCAA 2026-27 DIII XC Pre-Championships Manual, sponsorship lists"
DIII,M,West,10,Hardin-Simmons University,,yes,"NCAA 2026-27 DIII XC Pre-Championships Manual, sponsorship lists"
DIII,M,West,10,University of La Verne,,yes,"NCAA 2026-27 DIII XC Pre-Championships Manual, sponsorship lists"
DIII,M,West,10,LeTourneau University,,yes,"NCAA 2026-27 DIII XC Pre-Championships Manual, sponsorship lists"
DIII,M,West,10,Lewis & Clark College,,yes,"NCAA 2026-27 DIII XC Pre-Championships Manual, sponsorship lists"
DIII,M,West,10,Linfield University,,yes,"NCAA 2026-27 DIII XC Pre-Championships Manual, sponsorship lists"
DIII,M,West,10,University of Mary Hardin-Baylor,,yes,"NCAA 2026-27 DIII XC Pre-Championships Manual, sponsorship lists"
DIII,M,West,10,McMurry University,,yes,"NCAA 2026-27 DIII XC Pre-Championships Manual, sponsorship lists"
DIII,M,West,10,Occidental College,,yes,"NCAA 2026-27 DIII XC Pre-Championships Manual, sponsorship lists"
DIII,M,West,10,Pacific Lutheran University,,yes,"NCAA 2026-27 DIII XC Pre-Championships Manual, sponsorship lists"
DIII,M,West,10,Pacific University (Oregon),,yes,"NCAA 2026-27 DIII XC Pre-Championships Manual, sponsorship lists"
DIII,M,West,10,Pomona-Pitzer Colleges,,yes,"NCAA 2026-27 DIII XC Pre-Championships Manual, sponsorship lists"
DIII,M,West,10,University of Puget Sound,,yes,"NCAA 2026-27 DIII XC Pre-Championships Manual, sponsorship lists"
DIII,M,West,10,University of Redlands,,yes,"NCAA 2026-27 DIII XC Pre-Championships Manual, sponsorship lists"
DIII,M,West,10,Schreiner University,,yes,"NCAA 2026-27 DIII XC Pre-Championships Manual, sponsorship lists"
DIII,M,West,10,Southwestern University (Texas),,yes,"NCAA 2026-27 DIII XC Pre-Championships Manual, sponsorship lists"
DIII,M,West,10,University of St. Thomas (Texas),,yes,"NCAA 2026-27 DIII XC Pre-Championships Manual, sponsorship lists"
DIII,M,West,10,Texas Lutheran University,,yes,"NCAA 2026-27 DIII XC Pre-Championships Manual, sponsorship lists"
DIII,M,West,10,Trinity University (Texas),,yes,"NCAA 2026-27 DIII XC Pre-Championships Manual, sponsorship lists"
DIII,M,West,10,Whitman College,,yes,"NCAA 2026-27 DIII XC Pre-Championships Manual, sponsorship lists"
DIII,M,West,10,Whitworth University,,yes,"NCAA 2026-27 DIII XC Pre-Championships Manual, sponsorship lists"
DIII,M,West,10,Willamette University,,yes,"NCAA 2026-27 DIII XC Pre-Championships Manual, sponsorship lists"
DIII,F,East,1,Babson College,,yes,"NCAA 2026-27 DIII XC Pre-Championships Manual, sponsorship lists"
DIII,F,East,1,Bates College,,yes,"NCAA 2026-27 DIII XC Pre-Championships Manual, sponsorship lists"
DIII,F,East,1,Bowdoin College,,yes,"NCAA 2026-27 DIII XC Pre-Championships Manual, sponsorship lists"
DIII,F,East,1,Brandeis University,,yes,"NCAA 2026-27 DIII XC Pre-Championships Manual, sponsorship lists"
DIII,F,East,1,Bridgewater State University,,yes,"NCAA 2026-27 DIII XC Pre-Championships Manual, sponsorship lists"
DIII,F,East,1,Clark University (Massachusetts),,yes,"NCAA 2026-27 DIII XC Pre-Championships Manual, sponsorship lists"
DIII,F,East,1,Colby College,,yes,"NCAA 2026-27 DIII XC Pre-Championships Manual, sponsorship lists"
DIII,F,East,1,Colby-Sawyer College,,yes,"NCAA 2026-27 DIII XC Pre-Championships Manual, sponsorship lists"
DIII,F,East,1,Curry College,,yes,"NCAA 2026-27 DIII XC Pre-Championships Manual, sponsorship lists"
DIII,F,East,1,Dean College,,yes,"NCAA 2026-27 DIII XC Pre-Championships Manual, sponsorship lists"
DIII,F,East,1,Emerson College,,yes,"NCAA 2026-27 DIII XC Pre-Championships Manual, sponsorship lists"
DIII,F,East,1,Emmanuel College (Massachusetts),,yes,"NCAA 2026-27 DIII XC Pre-Championships Manual, sponsorship lists"
DIII,F,East,1,Endicott College,,yes,"NCAA 2026-27 DIII XC Pre-Championships Manual, sponsorship lists"
DIII,F,East,1,Fitchburg State University,,yes,"NCAA 2026-27 DIII XC Pre-Championships Manual, sponsorship lists"
DIII,F,East,1,Framingham State University,,yes,"NCAA 2026-27 DIII XC Pre-Championships Manual, sponsorship lists"
DIII,F,East,1,Gordon College,,yes,"NCAA 2026-27 DIII XC Pre-Championships Manual, sponsorship lists"
DIII,F,East,1,University of Hartford,,yes,"NCAA 2026-27 DIII XC Pre-Championships Manual, sponsorship lists"
DIII,F,East,1,Husson University,,yes,"NCAA 2026-27 DIII XC Pre-Championships Manual, sponsorship lists"
DIII,F,East,1,Keene State College,,yes,"NCAA 2026-27 DIII XC Pre-Championships Manual, sponsorship lists"
DIII,F,East,1,Lasell University,,yes,"NCAA 2026-27 DIII XC Pre-Championships Manual, sponsorship lists"
DIII,F,East,1,Lesley University,,yes,"NCAA 2026-27 DIII XC Pre-Championships Manual, sponsorship lists"
DIII,F,East,1,Maine Maritime Academy,,yes,"NCAA 2026-27 DIII XC Pre-Championships Manual, sponsorship lists"
DIII,F,East,1,University of Maine at Presque Isle,,yes,"NCAA 2026-27 DIII XC Pre-Championships Manual, sponsorship lists"
DIII,F,East,1,"University of Maine, Farmington",,yes,"NCAA 2026-27 DIII XC Pre-Championships Manual, sponsorship lists"
DIII,F,East,1,University of Massachusetts Boston,,yes,"NCAA 2026-27 DIII XC Pre-Championships Manual, sponsorship lists"
DIII,F,East,1,"University of Massachusetts, Dartmouth",,yes,"NCAA 2026-27 DIII XC Pre-Championships Manual, sponsorship lists"
DIII,F,East,1,Massachusetts Institute of Technology,,yes,"NCAA 2026-27 DIII XC Pre-Championships Manual, sponsorship lists"
DIII,F,East,1,Massachusetts Maritime Academy,,yes,"NCAA 2026-27 DIII XC Pre-Championships Manual, sponsorship lists"
DIII,F,East,1,New England College,,yes,"NCAA 2026-27 DIII XC Pre-Championships Manual, sponsorship lists"
DIII,F,East,1,University of New England,,yes,"NCAA 2026-27 DIII XC Pre-Championships Manual, sponsorship lists"
DIII,F,East,1,Nichols College,,yes,"NCAA 2026-27 DIII XC Pre-Championships Manual, sponsorship lists"
DIII,F,East,1,Plymouth State University,,yes,"NCAA 2026-27 DIII XC Pre-Championships Manual, sponsorship lists"
DIII,F,East,1,Regis College (Massachusetts),,yes,"NCAA 2026-27 DIII XC Pre-Championships Manual, sponsorship lists"
DIII,F,East,1,Saint Joseph’s College (Maine),,yes,"NCAA 2026-27 DIII XC Pre-Championships Manual, sponsorship lists"
DIII,F,East,1,Simmons University,,yes,"NCAA 2026-27 DIII XC Pre-Championships Manual, sponsorship lists"
DIII,F,East,1,University of Southern Maine,,yes,"NCAA 2026-27 DIII XC Pre-Championships Manual, sponsorship lists"
DIII,F,East,1,Suffolk University,,yes,"NCAA 2026-27 DIII XC Pre-Championships Manual, sponsorship lists"
DIII,F,East,1,Thomas College,,yes,"NCAA 2026-27 DIII XC Pre-Championships Manual, sponsorship lists"
DIII,F,East,1,Tufts University,,yes,"NCAA 2026-27 DIII XC Pre-Championships Manual, sponsorship lists"
DIII,F,East,1,Wellesley College,,yes,"NCAA 2026-27 DIII XC Pre-Championships Manual, sponsorship lists"
DIII,F,East,1,Wentworth Institute of Technology,,yes,"NCAA 2026-27 DIII XC Pre-Championships Manual, sponsorship lists"
DIII,F,East,1,Wheaton College (Massachusetts),,yes,"NCAA 2026-27 DIII XC Pre-Championships Manual, sponsorship lists"
DIII,F,East,1,Worcester Polytechnic Institute,,yes,"NCAA 2026-27 DIII XC Pre-Championships Manual, sponsorship lists"
DIII,F,East,1,Worcester State University,,yes,"NCAA 2026-27 DIII XC Pre-Championships Manual, sponsorship lists"
DIII,F,Mideast,2,Amherst College,,yes,"NCAA 2026-27 DIII XC Pre-Championships Manual, sponsorship lists"
DIII,F,Mideast,2,Bard College,,yes,"NCAA 2026-27 DIII XC Pre-Championships Manual, sponsorship lists"
DIII,F,Mideast,2,Clarkson University,,yes,"NCAA 2026-27 DIII XC Pre-Championships Manual, sponsorship lists"
DIII,F,Mideast,2,Connecticut College,,yes,"NCAA 2026-27 DIII XC Pre-Championships Manual, sponsorship lists"
DIII,F,Mideast,2,Eastern Connecticut State University,,yes,"NCAA 2026-27 DIII XC Pre-Championships Manual, sponsorship lists"
DIII,F,Mideast,2,Elms College,,yes,"NCAA 2026-27 DIII XC Pre-Championships Manual, sponsorship lists"
DIII,F,Mideast,2,Johnson & Wales University (Providence),,yes,"NCAA 2026-27 DIII XC Pre-Championships Manual, sponsorship lists"
DIII,F,Mideast,2,Middlebury College,,yes,"NCAA 2026-27 DIII XC Pre-Championships Manual, sponsorship lists"
DIII,F,Mideast,2,Mitchell College,,yes,"NCAA 2026-27 DIII XC Pre-Championships Manual, sponsorship lists"
DIII,F,Mideast,2,Mount Holyoke College,,yes,"NCAA 2026-27 DIII XC Pre-Championships Manual, sponsorship lists"
DIII,F,Mideast,2,Mount Saint Mary College (New York),,yes,"NCAA 2026-27 DIII XC Pre-Championships Manual, sponsorship lists"
DIII,F,Mideast,2,Norwich University,,yes,"NCAA 2026-27 DIII XC Pre-Championships Manual, sponsorship lists"
DIII,F,Mideast,2,Plattsburgh State University of New York,,yes,"NCAA 2026-27 DIII XC Pre-Championships Manual, sponsorship lists"
DIII,F,Mideast,2,Rensselaer Polytechnic Institute,,yes,"NCAA 2026-27 DIII XC Pre-Championships Manual, sponsorship lists"
DIII,F,Mideast,2,Rhode Island College,,yes,"NCAA 2026-27 DIII XC Pre-Championships Manual, sponsorship lists"
DIII,F,Mideast,2,Roger Williams University,,yes,"NCAA 2026-27 DIII XC Pre-Championships Manual, sponsorship lists"
DIII,F,Mideast,2,Russell Sage College,,yes,"NCAA 2026-27 DIII XC Pre-Championships Manual, sponsorship lists"
DIII,F,Mideast,2,Salve Regina University,,yes,"NCAA 2026-27 DIII XC Pre-Championships Manual, sponsorship lists"
DIII,F,Mideast,2,Smith College,,yes,"NCAA 2026-27 DIII XC Pre-Championships Manual, sponsorship lists"
DIII,F,Mideast,2,Springfield College,,yes,"NCAA 2026-27 DIII XC Pre-Championships Manual, sponsorship lists"
DIII,F,Mideast,2,St. Lawrence University,,yes,"NCAA 2026-27 DIII XC Pre-Championships Manual, sponsorship lists"
DIII,F,Mideast,2,State University of New York at Canton,,yes,"NCAA 2026-27 DIII XC Pre-Championships Manual, sponsorship lists"
DIII,F,Mideast,2,State University of New York at New Paltz,,yes,"NCAA 2026-27 DIII XC Pre-Championships Manual, sponsorship lists"
DIII,F,Mideast,2,State University of New York at Potsdam,,yes,"NCAA 2026-27 DIII XC Pre-Championships Manual, sponsorship lists"
DIII,F,Mideast,2,Trinity College (Connecticut),,yes,"NCAA 2026-27 DIII XC Pre-Championships Manual, sponsorship lists"
DIII,F,Mideast,2,U.S. Coast Guard Academy,,yes,"NCAA 2026-27 DIII XC Pre-Championships Manual, sponsorship lists"
DIII,F,Mideast,2,Union College (New York),,yes,"NCAA 2026-27 DIII XC Pre-Championships Manual, sponsorship lists"
DIII,F,Mideast,2,Vassar College,,yes,"NCAA 2026-27 DIII XC Pre-Championships Manual, sponsorship lists"
DIII,F,Mideast,2,Vermont State University Castleton,,yes,"NCAA 2026-27 DIII XC Pre-Championships Manual, sponsorship lists"
DIII,F,Mideast,2,Vermont State University Lyndon,,yes,"NCAA 2026-27 DIII XC Pre-Championships Manual, sponsorship lists"
DIII,F,Mideast,2,Wesleyan University (Connecticut),,yes,"NCAA 2026-27 DIII XC Pre-Championships Manual, sponsorship lists"
DIII,F,Mideast,2,Western Connecticut State University,,yes,"NCAA 2026-27 DIII XC Pre-Championships Manual, sponsorship lists"
DIII,F,Mideast,2,Western New England University,,yes,"NCAA 2026-27 DIII XC Pre-Championships Manual, sponsorship lists"
DIII,F,Mideast,2,Westfield State University,,yes,"NCAA 2026-27 DIII XC Pre-Championships Manual, sponsorship lists"
DIII,F,Mideast,2,Williams College,,yes,"NCAA 2026-27 DIII XC Pre-Championships Manual, sponsorship lists"
DIII,F,Niagara,3,Alfred State College,,yes,"NCAA 2026-27 DIII XC Pre-Championships Manual, sponsorship lists"
DIII,F,Niagara,3,Alfred University,,yes,"NCAA 2026-27 DIII XC Pre-Championships Manual, sponsorship lists"
DIII,F,Niagara,3,Baruch College,,yes,"NCAA 2026-27 DIII XC Pre-Championships Manual, sponsorship lists"
DIII,F,Niagara,3,"Buffalo State, State University of New York",,yes,"NCAA 2026-27 DIII XC Pre-Championships Manual, sponsorship lists"
DIII,F,Niagara,3,The City College of New York,,yes,"NCAA 2026-27 DIII XC Pre-Championships Manual, sponsorship lists"
DIII,F,Niagara,3,Hamilton College,,yes,"NCAA 2026-27 DIII XC Pre-Championships Manual, sponsorship lists"
DIII,F,Niagara,3,Hartwick College,,yes,"NCAA 2026-27 DIII XC Pre-Championships Manual, sponsorship lists"
DIII,F,Niagara,3,Hobart and William Smith Colleges,,yes,"NCAA 2026-27 DIII XC Pre-Championships Manual, sponsorship lists"
DIII,F,Niagara,3,Houghton University,,yes,"NCAA 2026-27 DIII XC Pre-Championships Manual, sponsorship lists"
DIII,F,Niagara,3,Hunter College,,yes,"NCAA 2026-27 DIII XC Pre-Championships Manual, sponsorship lists"
DIII,F,Niagara,3,Ithaca College,,yes,"NCAA 2026-27 DIII XC Pre-Championships Manual, sponsorship lists"
DIII,F,Niagara,3,John Jay College of Criminal Justice,,yes,"NCAA 2026-27 DIII XC Pre-Championships Manual, sponsorship lists"
DIII,F,Niagara,3,Keuka College,,yes,"NCAA 2026-27 DIII XC Pre-Championships Manual, sponsorship lists"
DIII,F,Niagara,3,Lehman College,,yes,"NCAA 2026-27 DIII XC Pre-Championships Manual, sponsorship lists"
DIII,F,Niagara,3,Manhattanville University,,yes,"NCAA 2026-27 DIII XC Pre-Championships Manual, sponsorship lists"
DIII,F,Niagara,3,Nazareth University,,yes,"NCAA 2026-27 DIII XC Pre-Championships Manual, sponsorship lists"
DIII,F,Niagara,3,New York University,,yes,"NCAA 2026-27 DIII XC Pre-Championships Manual, sponsorship lists"
DIII,F,Niagara,3,"Pennsylvania State Univ. Erie, the Behrend College",,yes,"NCAA 2026-27 DIII XC Pre-Championships Manual, sponsorship lists"
DIII,F,Niagara,3,Pratt Institute,,yes,"NCAA 2026-27 DIII XC Pre-Championships Manual, sponsorship lists"
DIII,F,Niagara,3,"Purchase College, State University of New York",,yes,"NCAA 2026-27 DIII XC Pre-Championships Manual, sponsorship lists"
DIII,F,Niagara,3,University of Rochester,,yes,"NCAA 2026-27 DIII XC Pre-Championships Manual, sponsorship lists"
DIII,F,Niagara,3,Rochester Institute of Technology,,yes,"NCAA 2026-27 DIII XC Pre-Championships Manual, sponsorship lists"
DIII,F,Niagara,3,Sarah Lawrence College,,yes,"NCAA 2026-27 DIII XC Pre-Championships Manual, sponsorship lists"
DIII,F,Niagara,3,St. John Fisher University,,yes,"NCAA 2026-27 DIII XC Pre-Championships Manual, sponsorship lists"
DIII,F,Niagara,3,State University of New York at Brockport,,yes,"NCAA 2026-27 DIII XC Pre-Championships Manual, sponsorship lists"
DIII,F,Niagara,3,State University of New York at Cobleskill,,yes,"NCAA 2026-27 DIII XC Pre-Championships Manual, sponsorship lists"
DIII,F,Niagara,3,State University of New York at Cortland,,yes,"NCAA 2026-27 DIII XC Pre-Championships Manual, sponsorship lists"
DIII,F,Niagara,3,State University of New York at Delhi,,yes,"NCAA 2026-27 DIII XC Pre-Championships Manual, sponsorship lists"
DIII,F,Niagara,3,State University of New York at Geneseo,,yes,"NCAA 2026-27 DIII XC Pre-Championships Manual, sponsorship lists"
DIII,F,Niagara,3,State University of New York at Morrisville,,yes,"NCAA 2026-27 DIII XC Pre-Championships Manual, sponsorship lists"
DIII,F,Niagara,3,State University of New York at Oneonta,,yes,"NCAA 2026-27 DIII XC Pre-Championships Manual, sponsorship lists"
DIII,F,Niagara,3,State University of New York at Oswego,,yes,"NCAA 2026-27 DIII XC Pre-Championships Manual, sponsorship lists"
DIII,F,Niagara,3,State University of New York Maritime College,,yes,"NCAA 2026-27 DIII XC Pre-Championships Manual, sponsorship lists"
DIII,F,Niagara,3,State University of New York Polytechnic Institute,,yes,"NCAA 2026-27 DIII XC Pre-Championships Manual, sponsorship lists"
DIII,F,Niagara,3,The State University of New York at Fredonia,,yes,"NCAA 2026-27 DIII XC Pre-Championships Manual, sponsorship lists"
DIII,F,Niagara,3,Utica University,,yes,"NCAA 2026-27 DIII XC Pre-Championships Manual, sponsorship lists"
DIII,F,Niagara,3,Yeshiva University,,yes,"NCAA 2026-27 DIII XC Pre-Championships Manual, sponsorship lists"
DIII,F,Mid-Atlantic,4,Albright College,,yes,"NCAA 2026-27 DIII XC Pre-Championships Manual, sponsorship lists"
DIII,F,Mid-Atlantic,4,Alvernia University,,yes,"NCAA 2026-27 DIII XC Pre-Championships Manual, sponsorship lists"
DIII,F,Mid-Atlantic,4,Bethany College (West Virginia),,yes,"NCAA 2026-27 DIII XC Pre-Championships Manual, sponsorship lists"
DIII,F,Mid-Atlantic,4,Carnegie Mellon University,,yes,"NCAA 2026-27 DIII XC Pre-Championships Manual, sponsorship lists"
DIII,F,Mid-Atlantic,4,Chatham University,,yes,"NCAA 2026-27 DIII XC Pre-Championships Manual, sponsorship lists"
DIII,F,Mid-Atlantic,4,Dickinson College,,yes,"NCAA 2026-27 DIII XC Pre-Championships Manual, sponsorship lists"
DIII,F,Mid-Atlantic,4,Elizabethtown College,,yes,"NCAA 2026-27 DIII XC Pre-Championships Manual, sponsorship lists"
DIII,F,Mid-Atlantic,4,Franklin & Marshall College,,yes,"NCAA 2026-27 DIII XC Pre-Championships Manual, sponsorship lists"
DIII,F,Mid-Atlantic,4,Geneva College,,yes,"NCAA 2026-27 DIII XC Pre-Championships Manual, sponsorship lists"
DIII,F,Mid-Atlantic,4,Gettysburg College,,yes,"NCAA 2026-27 DIII XC Pre-Championships Manual, sponsorship lists"
DIII,F,Mid-Atlantic,4,Goucher College,,yes,"NCAA 2026-27 DIII XC Pre-Championships Manual, sponsorship lists"
DIII,F,Mid-Atlantic,4,Grove City College,,yes,"NCAA 2026-27 DIII XC Pre-Championships Manual, sponsorship lists"
DIII,F,Mid-Atlantic,4,Hood College,,yes,"NCAA 2026-27 DIII XC Pre-Championships Manual, sponsorship lists"
DIII,F,Mid-Atlantic,4,Johns Hopkins University,,yes,"NCAA 2026-27 DIII XC Pre-Championships Manual, sponsorship lists"
DIII,F,Mid-Atlantic,4,Juniata College,,yes,"NCAA 2026-27 DIII XC Pre-Championships Manual, sponsorship lists"
DIII,F,Mid-Atlantic,4,King’s College (Pennsylvania),,yes,"NCAA 2026-27 DIII XC Pre-Championships Manual, sponsorship lists"
DIII,F,Mid-Atlantic,4,La Roche University,,yes,"NCAA 2026-27 DIII XC Pre-Championships Manual, sponsorship lists"
DIII,F,Mid-Atlantic,4,Lancaster Bible College,,yes,"NCAA 2026-27 DIII XC Pre-Championships Manual, sponsorship lists"
DIII,F,Mid-Atlantic,4,Lebanon Valley College,,yes,"NCAA 2026-27 DIII XC Pre-Championships Manual, sponsorship lists"
DIII,F,Mid-Atlantic,4,Lycoming College,,yes,"NCAA 2026-27 DIII XC Pre-Championships Manual, sponsorship lists"
DIII,F,Mid-Atlantic,4,Marywood University,,yes,"NCAA 2026-27 DIII XC Pre-Championships Manual, sponsorship lists"
DIII,F,Mid-Atlantic,4,McDaniel College,,yes,"NCAA 2026-27 DIII XC Pre-Championships Manual, sponsorship lists"
DIII,F,Mid-Atlantic,4,Messiah University,,yes,"NCAA 2026-27 DIII XC Pre-Championships Manual, sponsorship lists"
DIII,F,Mid-Atlantic,4,Misericordia University,,yes,"NCAA 2026-27 DIII XC Pre-Championships Manual, sponsorship lists"
DIII,F,Mid-Atlantic,4,Mount Aloysius College,,yes,"NCAA 2026-27 DIII XC Pre-Championships Manual, sponsorship lists"
DIII,F,Mid-Atlantic,4,Notre Dame of Maryland University,,yes,"NCAA 2026-27 DIII XC Pre-Championships Manual, sponsorship lists"
DIII,F,Mid-Atlantic,4,Penn State Berks College,,yes,"NCAA 2026-27 DIII XC Pre-Championships Manual, sponsorship lists"
DIII,F,Mid-Atlantic,4,Penn State Harrisburg,,yes,"NCAA 2026-27 DIII XC Pre-Championships Manual, sponsorship lists"
DIII,F,Mid-Atlantic,4,Pennsylvania College of Technology,,yes,"NCAA 2026-27 DIII XC Pre-Championships Manual, sponsorship lists"
DIII,F,Mid-Atlantic,4,"University of Pittsburgh, Greensburg",,yes,"NCAA 2026-27 DIII XC Pre-Championships Manual, sponsorship lists"
DIII,F,Mid-Atlantic,4,Saint Vincent College,,yes,"NCAA 2026-27 DIII XC Pre-Championships Manual, sponsorship lists"
DIII,F,Mid-Atlantic,4,Salisbury University,,yes,"NCAA 2026-27 DIII XC Pre-Championships Manual, sponsorship lists"
DIII,F,Mid-Atlantic,4,University of Scranton,,yes,"NCAA 2026-27 DIII XC Pre-Championships Manual, sponsorship lists"
DIII,F,Mid-Atlantic,4,St. Mary’s College of Maryland,,yes,"NCAA 2026-27 DIII XC Pre-Championships Manual, sponsorship lists"
DIII,F,Mid-Atlantic,4,Stevenson University,,yes,"NCAA 2026-27 DIII XC Pre-Championships Manual, sponsorship lists"
DIII,F,Mid-Atlantic,4,Susquehanna University,,yes,"NCAA 2026-27 DIII XC Pre-Championships Manual, sponsorship lists"
DIII,F,Mid-Atlantic,4,Thiel College,,yes,"NCAA 2026-27 DIII XC Pre-Championships Manual, sponsorship lists"
DIII,F,Mid-Atlantic,4,Washington and Jefferson College,,yes,"NCAA 2026-27 DIII XC Pre-Championships Manual, sponsorship lists"
DIII,F,Mid-Atlantic,4,Waynesburg University,,yes,"NCAA 2026-27 DIII XC Pre-Championships Manual, sponsorship lists"
DIII,F,Mid-Atlantic,4,Westminster College (Pennsylvania),,yes,"NCAA 2026-27 DIII XC Pre-Championships Manual, sponsorship lists"
DIII,F,Mid-Atlantic,4,Wilkes University,,yes,"NCAA 2026-27 DIII XC Pre-Championships Manual, sponsorship lists"
DIII,F,Mid-Atlantic,4,York College (Pennsylvania),,yes,"NCAA 2026-27 DIII XC Pre-Championships Manual, sponsorship lists"
DIII,F,Metro,5,Arcadia University,,yes,"NCAA 2026-27 DIII XC Pre-Championships Manual, sponsorship lists"
DIII,F,Metro,5,Brooklyn College,,yes,"NCAA 2026-27 DIII XC Pre-Championships Manual, sponsorship lists"
DIII,F,Metro,5,Bryn Mawr College,,yes,"NCAA 2026-27 DIII XC Pre-Championships Manual, sponsorship lists"
DIII,F,Metro,5,Cairn University,,yes,"NCAA 2026-27 DIII XC Pre-Championships Manual, sponsorship lists"
DIII,F,Metro,5,Cedar Crest College,,yes,"NCAA 2026-27 DIII XC Pre-Championships Manual, sponsorship lists"
DIII,F,Metro,5,Delaware Valley University,,yes,"NCAA 2026-27 DIII XC Pre-Championships Manual, sponsorship lists"
DIII,F,Metro,5,DeSales University,,yes,"NCAA 2026-27 DIII XC Pre-Championships Manual, sponsorship lists"
DIII,F,Metro,5,Drew University,,yes,"NCAA 2026-27 DIII XC Pre-Championships Manual, sponsorship lists"
DIII,F,Metro,5,Eastern University,,yes,"NCAA 2026-27 DIII XC Pre-Championships Manual, sponsorship lists"
DIII,F,Metro,5,"Fairleigh Dickinson University, Florham",,yes,"NCAA 2026-27 DIII XC Pre-Championships Manual, sponsorship lists"
DIII,F,Metro,5,Farmingdale State College,,yes,"NCAA 2026-27 DIII XC Pre-Championships Manual, sponsorship lists"
DIII,F,Metro,5,Gwynedd Mercy University,,yes,"NCAA 2026-27 DIII XC Pre-Championships Manual, sponsorship lists"
DIII,F,Metro,5,Haverford College,,yes,"NCAA 2026-27 DIII XC Pre-Championships Manual, sponsorship lists"
DIII,F,Metro,5,Immaculata University,,yes,"NCAA 2026-27 DIII XC Pre-Championships Manual, sponsorship lists"
DIII,F,Metro,5,Lyon College,,yes,"NCAA 2026-27 DIII XC Pre-Championships Manual, sponsorship lists"
DIII,F,Metro,5,Medgar Evers College,,yes,"NCAA 2026-27 DIII XC Pre-Championships Manual, sponsorship lists"
DIII,F,Metro,5,Montclair State University,,yes,"NCAA 2026-27 DIII XC Pre-Championships Manual, sponsorship lists"
DIII,F,Metro,5,Moravian University,,yes,"NCAA 2026-27 DIII XC Pre-Championships Manual, sponsorship lists"
DIII,F,Metro,5,Muhlenberg College,,yes,"NCAA 2026-27 DIII XC Pre-Championships Manual, sponsorship lists"
DIII,F,Metro,5,Neumann University,,yes,"NCAA 2026-27 DIII XC Pre-Championships Manual, sponsorship lists"
DIII,F,Metro,5,"Penn State University, Abington",,yes,"NCAA 2026-27 DIII XC Pre-Championships Manual, sponsorship lists"
DIII,F,Metro,5,Ramapo College,,yes,"NCAA 2026-27 DIII XC Pre-Championships Manual, sponsorship lists"
DIII,F,Metro,5,Rowan University,,yes,"NCAA 2026-27 DIII XC Pre-Championships Manual, sponsorship lists"
DIII,F,Metro,5,"Rutgers, The State Univ. of New Jersey, Camden",,yes,"NCAA 2026-27 DIII XC Pre-Championships Manual, sponsorship lists"
DIII,F,Metro,5,"Rutgers, The State Univ. of New Jersey, Newark",,yes,"NCAA 2026-27 DIII XC Pre-Championships Manual, sponsorship lists"
DIII,F,Metro,5,Saint Elizabeth University,,yes,"NCAA 2026-27 DIII XC Pre-Championships Manual, sponsorship lists"
DIII,F,Metro,5,St. Joseph’s University NY (Brooklyn),,yes,"NCAA 2026-27 DIII XC Pre-Championships Manual, sponsorship lists"
DIII,F,Metro,5,"St. Joseph’s University, New York L.I.",,yes,"NCAA 2026-27 DIII XC Pre-Championships Manual, sponsorship lists"
DIII,F,Metro,5,State University of New York at Old Westbury,,yes,"NCAA 2026-27 DIII XC Pre-Championships Manual, sponsorship lists"
DIII,F,Metro,5,Stevens Institute of Technology,,yes,"NCAA 2026-27 DIII XC Pre-Championships Manual, sponsorship lists"
DIII,F,Metro,5,Stockton University,,yes,"NCAA 2026-27 DIII XC Pre-Championships Manual, sponsorship lists"
DIII,F,Metro,5,Swarthmore College,,yes,"NCAA 2026-27 DIII XC Pre-Championships Manual, sponsorship lists"
DIII,F,Metro,5,The College of New Jersey,,yes,"NCAA 2026-27 DIII XC Pre-Championships Manual, sponsorship lists"
DIII,F,Metro,5,U.S. Merchant Marine Academy,,yes,"NCAA 2026-27 DIII XC Pre-Championships Manual, sponsorship lists"
DIII,F,Metro,5,Ursinus College,,yes,"NCAA 2026-27 DIII XC Pre-Championships Manual, sponsorship lists"
DIII,F,Metro,5,University of Valley Forge,,yes,"NCAA 2026-27 DIII XC Pre-Championships Manual, sponsorship lists"
DIII,F,Metro,5,Widener University,,yes,"NCAA 2026-27 DIII XC Pre-Championships Manual, sponsorship lists"
DIII,F,Metro,5,York College (New York),,yes,"NCAA 2026-27 DIII XC Pre-Championships Manual, sponsorship lists"
DIII,F,Great Lakes,6,Adrian College,,yes,"NCAA 2026-27 DIII XC Pre-Championships Manual, sponsorship lists"
DIII,F,Great Lakes,6,Albion College,,yes,"NCAA 2026-27 DIII XC Pre-Championships Manual, sponsorship lists"
DIII,F,Great Lakes,6,Allegheny College,,yes,"NCAA 2026-27 DIII XC Pre-Championships Manual, sponsorship lists"
DIII,F,Great Lakes,6,Alma College,,yes,"NCAA 2026-27 DIII XC Pre-Championships Manual, sponsorship lists"
DIII,F,Great Lakes,6,Anderson University (Indiana),,yes,"NCAA 2026-27 DIII XC Pre-Championships Manual, sponsorship lists"
DIII,F,Great Lakes,6,Asbury University,,yes,"NCAA 2026-27 DIII XC Pre-Championships Manual, sponsorship lists"
DIII,F,Great Lakes,6,Baldwin Wallace University,,yes,"NCAA 2026-27 DIII XC Pre-Championships Manual, sponsorship lists"
DIII,F,Great Lakes,6,Berea College,,yes,"NCAA 2026-27 DIII XC Pre-Championships Manual, sponsorship lists"
DIII,F,Great Lakes,6,Bluffton University,,yes,"NCAA 2026-27 DIII XC Pre-Championships Manual, sponsorship lists"
DIII,F,Great Lakes,6,Calvin University,,yes,"NCAA 2026-27 DIII XC Pre-Championships Manual, sponsorship lists"
DIII,F,Great Lakes,6,Capital University,,yes,"NCAA 2026-27 DIII XC Pre-Championships Manual, sponsorship lists"
DIII,F,Great Lakes,6,Case Western Reserve University,,yes,"NCAA 2026-27 DIII XC Pre-Championships Manual, sponsorship lists"
DIII,F,Great Lakes,6,Centre College,,yes,"NCAA 2026-27 DIII XC Pre-Championships Manual, sponsorship lists"
DIII,F,Great Lakes,6,Denison University,,yes,"NCAA 2026-27 DIII XC Pre-Championships Manual, sponsorship lists"
DIII,F,Great Lakes,6,DePauw University,,yes,"NCAA 2026-27 DIII XC Pre-Championships Manual, sponsorship lists"
DIII,F,Great Lakes,6,Earlham College,,yes,"NCAA 2026-27 DIII XC Pre-Championships Manual, sponsorship lists"
DIII,F,Great Lakes,6,Franciscan University of Steubenville,,yes,"NCAA 2026-27 DIII XC Pre-Championships Manual, sponsorship lists"
DIII,F,Great Lakes,6,Franklin College,,yes,"NCAA 2026-27 DIII XC Pre-Championships Manual, sponsorship lists"
DIII,F,Great Lakes,6,Hanover College,,yes,"NCAA 2026-27 DIII XC Pre-Championships Manual, sponsorship lists"
DIII,F,Great Lakes,6,Heidelberg University,,yes,"NCAA 2026-27 DIII XC Pre-Championships Manual, sponsorship lists"
DIII,F,Great Lakes,6,Hope College,,yes,"NCAA 2026-27 DIII XC Pre-Championships Manual, sponsorship lists"
DIII,F,Great Lakes,6,John Carroll University,,yes,"NCAA 2026-27 DIII XC Pre-Championships Manual, sponsorship lists"
DIII,F,Great Lakes,6,Kalamazoo College,,yes,"NCAA 2026-27 DIII XC Pre-Championships Manual, sponsorship lists"
DIII,F,Great Lakes,6,Kenyon College,,yes,"NCAA 2026-27 DIII XC Pre-Championships Manual, sponsorship lists"
DIII,F,Great Lakes,6,Manchester University,,yes,"NCAA 2026-27 DIII XC Pre-Championships Manual, sponsorship lists"
DIII,F,Great Lakes,6,Marietta College,,yes,"NCAA 2026-27 DIII XC Pre-Championships Manual, sponsorship lists"
DIII,F,Great Lakes,6,Mount St. Joseph University,,yes,"NCAA 2026-27 DIII XC Pre-Championships Manual, sponsorship lists"
DIII,F,Great Lakes,6,University of Mount Union,,yes,"NCAA 2026-27 DIII XC Pre-Championships Manual, sponsorship lists"
DIII,F,Great Lakes,6,Muskingum University,,yes,"NCAA 2026-27 DIII XC Pre-Championships Manual, sponsorship lists"
DIII,F,Great Lakes,6,Oberlin College,,yes,"NCAA 2026-27 DIII XC Pre-Championships Manual, sponsorship lists"
DIII,F,Great Lakes,6,Ohio Northern University,,yes,"NCAA 2026-27 DIII XC Pre-Championships Manual, sponsorship lists"
DIII,F,Great Lakes,6,Ohio Wesleyan University,,yes,"NCAA 2026-27 DIII XC Pre-Championships Manual, sponsorship lists"
DIII,F,Great Lakes,6,The University of Olivet,,yes,"NCAA 2026-27 DIII XC Pre-Championships Manual, sponsorship lists"
DIII,F,Great Lakes,6,Otterbein University,,yes,"NCAA 2026-27 DIII XC Pre-Championships Manual, sponsorship lists"
DIII,F,Great Lakes,6,Rose-Hulman Institute of Technology,,yes,"NCAA 2026-27 DIII XC Pre-Championships Manual, sponsorship lists"
DIII,F,Great Lakes,6,Saint Mary’s College (Indiana),,yes,"NCAA 2026-27 DIII XC Pre-Championships Manual, sponsorship lists"
DIII,F,Great Lakes,6,Spalding University,,yes,"NCAA 2026-27 DIII XC Pre-Championships Manual, sponsorship lists"
DIII,F,Great Lakes,6,Transylvania University,,yes,"NCAA 2026-27 DIII XC Pre-Championships Manual, sponsorship lists"
DIII,F,Great Lakes,6,Trine University,,yes,"NCAA 2026-27 DIII XC Pre-Championships Manual, sponsorship lists"
DIII,F,Great Lakes,6,Wilmington College (Ohio),,yes,"NCAA 2026-27 DIII XC Pre-Championships Manual, sponsorship lists"
DIII,F,Great Lakes,6,Wittenberg University,,yes,"NCAA 2026-27 DIII XC Pre-Championships Manual, sponsorship lists"
DIII,F,Great Lakes,6,The College of Wooster,,yes,"NCAA 2026-27 DIII XC Pre-Championships Manual, sponsorship lists"
DIII,F,South,7,Agnes Scott College,,yes,"NCAA 2026-27 DIII XC Pre-Championships Manual, sponsorship lists"
DIII,F,South,7,Averett University,,yes,"NCAA 2026-27 DIII XC Pre-Championships Manual, sponsorship lists"
DIII,F,South,7,Batten University,,yes,"NCAA 2026-27 DIII XC Pre-Championships Manual, sponsorship lists"
DIII,F,South,7,Belhaven University,,yes,"NCAA 2026-27 DIII XC Pre-Championships Manual, sponsorship lists"
DIII,F,South,7,Berry College,,yes,"NCAA 2026-27 DIII XC Pre-Championships Manual, sponsorship lists"
DIII,F,South,7,Brevard College,,yes,"NCAA 2026-27 DIII XC Pre-Championships Manual, sponsorship lists"
DIII,F,South,7,Bridgewater College (Virginia),,yes,"NCAA 2026-27 DIII XC Pre-Championships Manual, sponsorship lists"
DIII,F,South,7,Catholic University,,yes,"NCAA 2026-27 DIII XC Pre-Championships Manual, sponsorship lists"
DIII,F,South,7,Centenary College (Louisiana),,yes,"NCAA 2026-27 DIII XC Pre-Championships Manual, sponsorship lists"
DIII,F,South,7,Christopher Newport University,,yes,"NCAA 2026-27 DIII XC Pre-Championships Manual, sponsorship lists"
DIII,F,South,7,Covenant College,,yes,"NCAA 2026-27 DIII XC Pre-Championships Manual, sponsorship lists"
DIII,F,South,7,Eastern Mennonite University,,yes,"NCAA 2026-27 DIII XC Pre-Championships Manual, sponsorship lists"
DIII,F,South,7,Emory University,,yes,"NCAA 2026-27 DIII XC Pre-Championships Manual, sponsorship lists"
DIII,F,South,7,Gallaudet University,,yes,"NCAA 2026-27 DIII XC Pre-Championships Manual, sponsorship lists"
DIII,F,South,7,Guilford College,,yes,"NCAA 2026-27 DIII XC Pre-Championships Manual, sponsorship lists"
DIII,F,South,7,Hollins University,,yes,"NCAA 2026-27 DIII XC Pre-Championships Manual, sponsorship lists"
DIII,F,South,7,Huntingdon College,,yes,"NCAA 2026-27 DIII XC Pre-Championships Manual, sponsorship lists"
DIII,F,South,7,University of Lynchburg,,yes,"NCAA 2026-27 DIII XC Pre-Championships Manual, sponsorship lists"
DIII,F,South,7,Mary Baldwin University,,yes,"NCAA 2026-27 DIII XC Pre-Championships Manual, sponsorship lists"
DIII,F,South,7,Marymount University (Virginia),,yes,"NCAA 2026-27 DIII XC Pre-Championships Manual, sponsorship lists"
DIII,F,South,7,Maryville College (Tennessee),,yes,"NCAA 2026-27 DIII XC Pre-Championships Manual, sponsorship lists"
DIII,F,South,7,University of Mary Washington,,yes,"NCAA 2026-27 DIII XC Pre-Championships Manual, sponsorship lists"
DIII,F,South,7,Meredith College,,yes,"NCAA 2026-27 DIII XC Pre-Championships Manual, sponsorship lists"
DIII,F,South,7,Methodist University,,yes,"NCAA 2026-27 DIII XC Pre-Championships Manual, sponsorship lists"
DIII,F,South,7,Millsaps College,,yes,"NCAA 2026-27 DIII XC Pre-Championships Manual, sponsorship lists"
DIII,F,South,7,Mississippi University for Women,,yes,"NCAA 2026-27 DIII XC Pre-Championships Manual, sponsorship lists"
DIII,F,South,7,Oglethorpe University,,yes,"NCAA 2026-27 DIII XC Pre-Championships Manual, sponsorship lists"
DIII,F,South,7,Pfeiffer University,,yes,"NCAA 2026-27 DIII XC Pre-Championships Manual, sponsorship lists"
DIII,F,South,7,Piedmont University,,yes,"NCAA 2026-27 DIII XC Pre-Championships Manual, sponsorship lists"
DIII,F,South,7,Randolph College,,yes,"NCAA 2026-27 DIII XC Pre-Championships Manual, sponsorship lists"
DIII,F,South,7,Rhodes College,,yes,"NCAA 2026-27 DIII XC Pre-Championships Manual, sponsorship lists"
DIII,F,South,7,Roanoke College,,yes,"NCAA 2026-27 DIII XC Pre-Championships Manual, sponsorship lists"
DIII,F,South,7,Shenandoah University,,yes,"NCAA 2026-27 DIII XC Pre-Championships Manual, sponsorship lists"
DIII,F,South,7,University of the South,,yes,"NCAA 2026-27 DIII XC Pre-Championships Manual, sponsorship lists"
DIII,F,South,7,Southern Virginia University,,yes,"NCAA 2026-27 DIII XC Pre-Championships Manual, sponsorship lists"
DIII,F,South,7,Sweet Briar College,,yes,"NCAA 2026-27 DIII XC Pre-Championships Manual, sponsorship lists"
DIII,F,South,7,Warren Wilson College,,yes,"NCAA 2026-27 DIII XC Pre-Championships Manual, sponsorship lists"
DIII,F,South,7,Washington and Lee University,,yes,"NCAA 2026-27 DIII XC Pre-Championships Manual, sponsorship lists"
DIII,F,South,7,William Peace University,,yes,"NCAA 2026-27 DIII XC Pre-Championships Manual, sponsorship lists"
DIII,F,North,8,Alverno College,,yes,"NCAA 2026-27 DIII XC Pre-Championships Manual, sponsorship lists"
DIII,F,North,8,Augsburg University,,yes,"NCAA 2026-27 DIII XC Pre-Championships Manual, sponsorship lists"
DIII,F,North,8,Beloit College,,yes,"NCAA 2026-27 DIII XC Pre-Championships Manual, sponsorship lists"
DIII,F,North,8,Bethany Lutheran College,,yes,"NCAA 2026-27 DIII XC Pre-Championships Manual, sponsorship lists"
DIII,F,North,8,Bethel University (Minnesota),,yes,"NCAA 2026-27 DIII XC Pre-Championships Manual, sponsorship lists"
DIII,F,North,8,Carleton College,,yes,"NCAA 2026-27 DIII XC Pre-Championships Manual, sponsorship lists"
DIII,F,North,8,Carroll University (Wisconsin),,yes,"NCAA 2026-27 DIII XC Pre-Championships Manual, sponsorship lists"
DIII,F,North,8,Carthage College,,yes,"NCAA 2026-27 DIII XC Pre-Championships Manual, sponsorship lists"
DIII,F,North,8,"Concordia College, Moorhead",,yes,"NCAA 2026-27 DIII XC Pre-Championships Manual, sponsorship lists"
DIII,F,North,8,Concordia University Wisconsin,,yes,"NCAA 2026-27 DIII XC Pre-Championships Manual, sponsorship lists"
DIII,F,North,8,Crown College (Minnesota),,yes,"NCAA 2026-27 DIII XC Pre-Championships Manual, sponsorship lists"
DIII,F,North,8,Edgewood University,,yes,"NCAA 2026-27 DIII XC Pre-Championships Manual, sponsorship lists"
DIII,F,North,8,Gustavus Adolphus College,,yes,"NCAA 2026-27 DIII XC Pre-Championships Manual, sponsorship lists"
DIII,F,North,8,Hamline University,,yes,"NCAA 2026-27 DIII XC Pre-Championships Manual, sponsorship lists"
DIII,F,North,8,Lawrence University,,yes,"NCAA 2026-27 DIII XC Pre-Championships Manual, sponsorship lists"
DIII,F,North,8,Macalester College,,yes,"NCAA 2026-27 DIII XC Pre-Championships Manual, sponsorship lists"
DIII,F,North,8,Maranatha Baptist University,,yes,"NCAA 2026-27 DIII XC Pre-Championships Manual, sponsorship lists"
DIII,F,North,8,Martin Luther College,,yes,"NCAA 2026-27 DIII XC Pre-Championships Manual, sponsorship lists"
DIII,F,North,8,Milwaukee School of Engineering,,yes,"NCAA 2026-27 DIII XC Pre-Championships Manual, sponsorship lists"
DIII,F,North,8,North Central University,,yes,"NCAA 2026-27 DIII XC Pre-Championships Manual, sponsorship lists"
DIII,F,North,8,Ripon College,,yes,"NCAA 2026-27 DIII XC Pre-Championships Manual, sponsorship lists"
DIII,F,North,8,College of Saint Benedict,,yes,"NCAA 2026-27 DIII XC Pre-Championships Manual, sponsorship lists"
DIII,F,North,8,Saint Mary’s University of Minnesota,,yes,"NCAA 2026-27 DIII XC Pre-Championships Manual, sponsorship lists"
DIII,F,North,8,St. Catherine University,,yes,"NCAA 2026-27 DIII XC Pre-Championships Manual, sponsorship lists"
DIII,F,North,8,St. Norbert College,,yes,"NCAA 2026-27 DIII XC Pre-Championships Manual, sponsorship lists"
DIII,F,North,8,St. Olaf College,,yes,"NCAA 2026-27 DIII XC Pre-Championships Manual, sponsorship lists"
DIII,F,North,8,The College of St. Scholastica,,yes,"NCAA 2026-27 DIII XC Pre-Championships Manual, sponsorship lists"
DIII,F,North,8,"University of Minnesota, Morris",,yes,"NCAA 2026-27 DIII XC Pre-Championships Manual, sponsorship lists"
DIII,F,North,8,University of Northwestern-St. Paul,,yes,"NCAA 2026-27 DIII XC Pre-Championships Manual, sponsorship lists"
DIII,F,North,8,University of Wisconsin-Eau Claire,,yes,"NCAA 2026-27 DIII XC Pre-Championships Manual, sponsorship lists"
DIII,F,North,8,University of Wisconsin-La Crosse,,yes,"NCAA 2026-27 DIII XC Pre-Championships Manual, sponsorship lists"
DIII,F,North,8,University of Wisconsin-Oshkosh,,yes,"NCAA 2026-27 DIII XC Pre-Championships Manual, sponsorship lists"
DIII,F,North,8,University of Wisconsin-Platteville,,yes,"NCAA 2026-27 DIII XC Pre-Championships Manual, sponsorship lists"
DIII,F,North,8,University of Wisconsin-River Falls,,yes,"NCAA 2026-27 DIII XC Pre-Championships Manual, sponsorship lists"
DIII,F,North,8,University of Wisconsin-Stevens Point,,yes,"NCAA 2026-27 DIII XC Pre-Championships Manual, sponsorship lists"
DIII,F,North,8,University of Wisconsin-Stout Polytechnic,,yes,"NCAA 2026-27 DIII XC Pre-Championships Manual, sponsorship lists"
DIII,F,North,8,University of Wisconsin-Superior,,yes,"NCAA 2026-27 DIII XC Pre-Championships Manual, sponsorship lists"
DIII,F,North,8,University of Wisconsin-Whitewater,,yes,"NCAA 2026-27 DIII XC Pre-Championships Manual, sponsorship lists"
DIII,F,North,8,Wisconsin Lutheran College,,yes,"NCAA 2026-27 DIII XC Pre-Championships Manual, sponsorship lists"
DIII,F,Midwest,9,Augustana College (Illinois),,yes,"NCAA 2026-27 DIII XC Pre-Championships Manual, sponsorship lists"
DIII,F,Midwest,9,Aurora University,,yes,"NCAA 2026-27 DIII XC Pre-Championships Manual, sponsorship lists"
DIII,F,Midwest,9,Benedictine University (Illinois),,yes,"NCAA 2026-27 DIII XC Pre-Championships Manual, sponsorship lists"
DIII,F,Midwest,9,Blackburn College,,yes,"NCAA 2026-27 DIII XC Pre-Championships Manual, sponsorship lists"
DIII,F,Midwest,9,Buena Vista University,,yes,"NCAA 2026-27 DIII XC Pre-Championships Manual, sponsorship lists"
DIII,F,Midwest,9,Central College (Iowa),,yes,"NCAA 2026-27 DIII XC Pre-Championships Manual, sponsorship lists"
DIII,F,Midwest,9,University of Chicago,,yes,"NCAA 2026-27 DIII XC Pre-Championships Manual, sponsorship lists"
DIII,F,Midwest,9,Coe College,,yes,"NCAA 2026-27 DIII XC Pre-Championships Manual, sponsorship lists"
DIII,F,Midwest,9,Concordia University Chicago,,yes,"NCAA 2026-27 DIII XC Pre-Championships Manual, sponsorship lists"
DIII,F,Midwest,9,Cornell College,,yes,"NCAA 2026-27 DIII XC Pre-Championships Manual, sponsorship lists"
DIII,F,Midwest,9,Dominican University (Illinois),,yes,"NCAA 2026-27 DIII XC Pre-Championships Manual, sponsorship lists"
DIII,F,Midwest,9,University of Dubuque,,yes,"NCAA 2026-27 DIII XC Pre-Championships Manual, sponsorship lists"
DIII,F,Midwest,9,Elmhurst University,,yes,"NCAA 2026-27 DIII XC Pre-Championships Manual, sponsorship lists"
DIII,F,Midwest,9,Eureka College,,yes,"NCAA 2026-27 DIII XC Pre-Championships Manual, sponsorship lists"
DIII,F,Midwest,9,Greenville University,,yes,"NCAA 2026-27 DIII XC Pre-Championships Manual, sponsorship lists"
DIII,F,Midwest,9,Grinnell College,,yes,"NCAA 2026-27 DIII XC Pre-Championships Manual, sponsorship lists"
DIII,F,Midwest,9,Hendrix College,,yes,"NCAA 2026-27 DIII XC Pre-Championships Manual, sponsorship lists"
DIII,F,Midwest,9,Illinois College,,yes,"NCAA 2026-27 DIII XC Pre-Championships Manual, sponsorship lists"
DIII,F,Midwest,9,Illinois Institute of Technology,,yes,"NCAA 2026-27 DIII XC Pre-Championships Manual, sponsorship lists"
DIII,F,Midwest,9,Illinois Wesleyan University,,yes,"NCAA 2026-27 DIII XC Pre-Championships Manual, sponsorship lists"
DIII,F,Midwest,9,Kean University,,yes,"NCAA 2026-27 DIII XC Pre-Championships Manual, sponsorship lists"
DIII,F,Midwest,9,Knox College,,yes,"NCAA 2026-27 DIII XC Pre-Championships Manual, sponsorship lists"
DIII,F,Midwest,9,Lake Forest College,,yes,"NCAA 2026-27 DIII XC Pre-Championships Manual, sponsorship lists"
DIII,F,Midwest,9,Loras College,,yes,"NCAA 2026-27 DIII XC Pre-Championships Manual, sponsorship lists"
DIII,F,Midwest,9,Luther College,,yes,"NCAA 2026-27 DIII XC Pre-Championships Manual, sponsorship lists"
DIII,F,Midwest,9,Millikin University,,yes,"NCAA 2026-27 DIII XC Pre-Championships Manual, sponsorship lists"
DIII,F,Midwest,9,Monmouth College (Illinois),,yes,"NCAA 2026-27 DIII XC Pre-Championships Manual, sponsorship lists"
DIII,F,Midwest,9,Nebraska Wesleyan University,,yes,"NCAA 2026-27 DIII XC Pre-Championships Manual, sponsorship lists"
DIII,F,Midwest,9,North Central College,,yes,"NCAA 2026-27 DIII XC Pre-Championships Manual, sponsorship lists"
DIII,F,Midwest,9,North Park University,,yes,"NCAA 2026-27 DIII XC Pre-Championships Manual, sponsorship lists"
DIII,F,Midwest,9,University of the Ozarks (Arkansas),,yes,"NCAA 2026-27 DIII XC Pre-Championships Manual, sponsorship lists"
DIII,F,Midwest,9,Principia College,,yes,"NCAA 2026-27 DIII XC Pre-Championships Manual, sponsorship lists"
DIII,F,Midwest,9,Rockford University,,yes,"NCAA 2026-27 DIII XC Pre-Championships Manual, sponsorship lists"
DIII,F,Midwest,9,Simpson College,,yes,"NCAA 2026-27 DIII XC Pre-Championships Manual, sponsorship lists"
DIII,F,Midwest,9,Wartburg College,,yes,"NCAA 2026-27 DIII XC Pre-Championships Manual, sponsorship lists"
DIII,F,Midwest,9,Washington University in St. Louis,,yes,"NCAA 2026-27 DIII XC Pre-Championships Manual, sponsorship lists"
DIII,F,Midwest,9,Webster University,,yes,"NCAA 2026-27 DIII XC Pre-Championships Manual, sponsorship lists"
DIII,F,Midwest,9,Westminster College (Missouri),,yes,"NCAA 2026-27 DIII XC Pre-Championships Manual, sponsorship lists"
DIII,F,Midwest,9,Wheaton College (Illinois),,yes,"NCAA 2026-27 DIII XC Pre-Championships Manual, sponsorship lists"
DIII,F,West,10,California Institute of Technology,,yes,"NCAA 2026-27 DIII XC Pre-Championships Manual, sponsorship lists"
DIII,F,West,10,California Lutheran University,,yes,"NCAA 2026-27 DIII XC Pre-Championships Manual, sponsorship lists"
DIII,F,West,10,"University of California, Santa Cruz",,yes,"NCAA 2026-27 DIII XC Pre-Championships Manual, sponsorship lists"
DIII,F,West,10,Chapman University,,yes,"NCAA 2026-27 DIII XC Pre-Championships Manual, sponsorship lists"
DIII,F,West,10,Claremont McKenna-Harvey Mudd-Scripps Colleges,,yes,"NCAA 2026-27 DIII XC Pre-Championships Manual, sponsorship lists"
DIII,F,West,10,Colorado College,,yes,"NCAA 2026-27 DIII XC Pre-Championships Manual, sponsorship lists"
DIII,F,West,10,Concordia University Texas,,yes,"NCAA 2026-27 DIII XC Pre-Championships Manual, sponsorship lists"
DIII,F,West,10,University of Dallas,,yes,"NCAA 2026-27 DIII XC Pre-Championships Manual, sponsorship lists"
DIII,F,West,10,East Texas Baptist University,,yes,"NCAA 2026-27 DIII XC Pre-Championships Manual, sponsorship lists"
DIII,F,West,10,George Fox University,,yes,"NCAA 2026-27 DIII XC Pre-Championships Manual, sponsorship lists"
DIII,F,West,10,Hardin-Simmons University,,yes,"NCAA 2026-27 DIII XC Pre-Championships Manual, sponsorship lists"
DIII,F,West,10,University of La Verne,,yes,"NCAA 2026-27 DIII XC Pre-Championships Manual, sponsorship lists"
DIII,F,West,10,LeTourneau University,,yes,"NCAA 2026-27 DIII XC Pre-Championships Manual, sponsorship lists"
DIII,F,West,10,Lewis & Clark College,,yes,"NCAA 2026-27 DIII XC Pre-Championships Manual, sponsorship lists"
DIII,F,West,10,Linfield University,,yes,"NCAA 2026-27 DIII XC Pre-Championships Manual, sponsorship lists"
DIII,F,West,10,University of Mary Hardin-Baylor,,yes,"NCAA 2026-27 DIII XC Pre-Championships Manual, sponsorship lists"
DIII,F,West,10,McMurry University,,yes,"NCAA 2026-27 DIII XC Pre-Championships Manual, sponsorship lists"
DIII,F,West,10,Occidental College,,yes,"NCAA 2026-27 DIII XC Pre-Championships Manual, sponsorship lists"
DIII,F,West,10,Pacific Lutheran University,,yes,"NCAA 2026-27 DIII XC Pre-Championships Manual, sponsorship lists"
DIII,F,West,10,Pacific University (Oregon),,yes,"NCAA 2026-27 DIII XC Pre-Championships Manual, sponsorship lists"
DIII,F,West,10,Pomona-Pitzer Colleges,,yes,"NCAA 2026-27 DIII XC Pre-Championships Manual, sponsorship lists"
DIII,F,West,10,Schreiner University,,yes,"NCAA 2026-27 DIII XC Pre-Championships Manual, sponsorship lists"
DIII,F,West,10,University of Puget Sound,,yes,"NCAA 2026-27 DIII XC Pre-Championships Manual, sponsorship lists"
DIII,F,West,10,University of Redlands,,yes,"NCAA 2026-27 DIII XC Pre-Championships Manual, sponsorship lists"
DIII,F,West,10,Southwestern University (Texas),,yes,"NCAA 2026-27 DIII XC Pre-Championships Manual, sponsorship lists"
DIII,F,West,10,University of St. Thomas (Texas),,yes,"NCAA 2026-27 DIII XC Pre-Championships Manual, sponsorship lists"
DIII,F,West,10,Texas Lutheran University,,yes,"NCAA 2026-27 DIII XC Pre-Championships Manual, sponsorship lists"
DIII,F,West,10,Trinity University (Texas),,yes,"NCAA 2026-27 DIII XC Pre-Championships Manual, sponsorship lists"
DIII,F,West,10,Whitman College,,yes,"NCAA 2026-27 DIII XC Pre-Championships Manual, sponsorship lists"
DIII,F,West,10,Whitworth University,,yes,"NCAA 2026-27 DIII XC Pre-Championships Manual, sponsorship lists"
DIII,F,West,10,Willamette University,,yes,"NCAA 2026-27 DIII XC Pre-Championships Manual, sponsorship lists"
DII,M,Atlantic,,Bluefield State University,Central Intercollegiate Athletic Association,yes,"NCAA 2024-25 DII XC Pre-Championships Manual, Appendix A (sport sponsorship)"
DII,F,Atlantic,,Bluefield State University,Central Intercollegiate Athletic Association,yes,"NCAA 2024-25 DII XC Pre-Championships Manual, Appendix A (sport sponsorship)"
DII,M,Atlantic,,Bowie State University,Central Intercollegiate Athletic Association,yes,"NCAA 2024-25 DII XC Pre-Championships Manual, Appendix A (sport sponsorship)"
DII,F,Atlantic,,Bowie State University,Central Intercollegiate Athletic Association,yes,"NCAA 2024-25 DII XC Pre-Championships Manual, Appendix A (sport sponsorship)"
DII,M,Atlantic,,Claflin University,Central Intercollegiate Athletic Association,yes,"NCAA 2024-25 DII XC Pre-Championships Manual, Appendix A (sport sponsorship)"
DII,F,Atlantic,,Claflin University,Central Intercollegiate Athletic Association,yes,"NCAA 2024-25 DII XC Pre-Championships Manual, Appendix A (sport sponsorship)"
DII,M,Atlantic,,Elizabeth City State University,Central Intercollegiate Athletic Association,yes,"NCAA 2024-25 DII XC Pre-Championships Manual, Appendix A (sport sponsorship)"
DII,F,Atlantic,,Elizabeth City State University,Central Intercollegiate Athletic Association,yes,"NCAA 2024-25 DII XC Pre-Championships Manual, Appendix A (sport sponsorship)"
DII,M,Atlantic,,Fayetteville State University,Central Intercollegiate Athletic Association,yes,"NCAA 2024-25 DII XC Pre-Championships Manual, Appendix A (sport sponsorship)"
DII,F,Atlantic,,Fayetteville State University,Central Intercollegiate Athletic Association,yes,"NCAA 2024-25 DII XC Pre-Championships Manual, Appendix A (sport sponsorship)"
DII,M,Atlantic,,Johnson C. Smith University,Central Intercollegiate Athletic Association,yes,"NCAA 2024-25 DII XC Pre-Championships Manual, Appendix A (sport sponsorship)"
DII,F,Atlantic,,Johnson C. Smith University,Central Intercollegiate Athletic Association,yes,"NCAA 2024-25 DII XC Pre-Championships Manual, Appendix A (sport sponsorship)"
DII,M,Atlantic,,Lincoln University (Pennsylvania),Central Intercollegiate Athletic Association,yes,"NCAA 2024-25 DII XC Pre-Championships Manual, Appendix A (sport sponsorship)"
DII,F,Atlantic,,Lincoln University (Pennsylvania),Central Intercollegiate Athletic Association,yes,"NCAA 2024-25 DII XC Pre-Championships Manual, Appendix A (sport sponsorship)"
DII,M,Atlantic,,Livingstone College,Central Intercollegiate Athletic Association,yes,"NCAA 2024-25 DII XC Pre-Championships Manual, Appendix A (sport sponsorship)"
DII,F,Atlantic,,Livingstone College,Central Intercollegiate Athletic Association,yes,"NCAA 2024-25 DII XC Pre-Championships Manual, Appendix A (sport sponsorship)"
DII,M,Atlantic,,Saint Augustine’s University,Central Intercollegiate Athletic Association,yes,"NCAA 2024-25 DII XC Pre-Championships Manual, Appendix A (sport sponsorship)"
DII,F,Atlantic,,Saint Augustine’s University,Central Intercollegiate Athletic Association,yes,"NCAA 2024-25 DII XC Pre-Championships Manual, Appendix A (sport sponsorship)"
DII,M,Atlantic,,Shaw University,Central Intercollegiate Athletic Association,yes,"NCAA 2024-25 DII XC Pre-Championships Manual, Appendix A (sport sponsorship)"
DII,F,Atlantic,,Shaw University,Central Intercollegiate Athletic Association,yes,"NCAA 2024-25 DII XC Pre-Championships Manual, Appendix A (sport sponsorship)"
DII,M,Atlantic,,Virginia State University,Central Intercollegiate Athletic Association,yes,"NCAA 2024-25 DII XC Pre-Championships Manual, Appendix A (sport sponsorship)"
DII,F,Atlantic,,Virginia State University,Central Intercollegiate Athletic Association,yes,"NCAA 2024-25 DII XC Pre-Championships Manual, Appendix A (sport sponsorship)"
DII,M,Atlantic,,Virginia Union University,Central Intercollegiate Athletic Association,yes,"NCAA 2024-25 DII XC Pre-Championships Manual, Appendix A (sport sponsorship)"
DII,F,Atlantic,,Virginia Union University,Central Intercollegiate Athletic Association,yes,"NCAA 2024-25 DII XC Pre-Championships Manual, Appendix A (sport sponsorship)"
DII,M,Atlantic,,Winston-Salem State University,Central Intercollegiate Athletic Association,yes,"NCAA 2024-25 DII XC Pre-Championships Manual, Appendix A (sport sponsorship)"
DII,F,Atlantic,,Winston-Salem State University,Central Intercollegiate Athletic Association,yes,"NCAA 2024-25 DII XC Pre-Championships Manual, Appendix A (sport sponsorship)"
DII,M,Atlantic,,University of Charleston (West Virginia),Mountain East Conference,yes,"NCAA 2024-25 DII XC Pre-Championships Manual, Appendix A (sport sponsorship)"
DII,F,Atlantic,,University of Charleston (West Virginia),Mountain East Conference,yes,"NCAA 2024-25 DII XC Pre-Championships Manual, Appendix A (sport sponsorship)"
DII,M,Atlantic,,Concord University,Mountain East Conference,yes,"NCAA 2024-25 DII XC Pre-Championships Manual, Appendix A (sport sponsorship)"
DII,F,Atlantic,,Concord University,Mountain East Conference,yes,"NCAA 2024-25 DII XC Pre-Championships Manual, Appendix A (sport sponsorship)"
DII,M,Atlantic,,Davis & Elkins College,Mountain East Conference,yes,"NCAA 2024-25 DII XC Pre-Championships Manual, Appendix A (sport sponsorship)"
DII,F,Atlantic,,Davis & Elkins College,Mountain East Conference,yes,"NCAA 2024-25 DII XC Pre-Championships Manual, Appendix A (sport sponsorship)"
DII,M,Atlantic,,Fairmont State University,Mountain East Conference,yes,"NCAA 2024-25 DII XC Pre-Championships Manual, Appendix A (sport sponsorship)"
DII,F,Atlantic,,Fairmont State University,Mountain East Conference,yes,"NCAA 2024-25 DII XC Pre-Championships Manual, Appendix A (sport sponsorship)"
DII,M,Atlantic,,Frostburg State University,Mountain East Conference,yes,"NCAA 2024-25 DII XC Pre-Championships Manual, Appendix A (sport sponsorship)"
DII,F,Atlantic,,Frostburg State University,Mountain East Conference,yes,"NCAA 2024-25 DII XC Pre-Championships Manual, Appendix A (sport sponsorship)"
DII,M,Atlantic,,Glenville State University,Mountain East Conference,yes,"NCAA 2024-25 DII XC Pre-Championships Manual, Appendix A (sport sponsorship)"
DII,F,Atlantic,,Glenville State University,Mountain East Conference,yes,"NCAA 2024-25 DII XC Pre-Championships Manual, Appendix A (sport sponsorship)"
DII,M,Atlantic,,West Liberty University,Mountain East Conference,yes,"NCAA 2024-25 DII XC Pre-Championships Manual, Appendix A (sport sponsorship)"
DII,F,Atlantic,,West Liberty University,Mountain East Conference,yes,"NCAA 2024-25 DII XC Pre-Championships Manual, Appendix A (sport sponsorship)"
DII,M,Atlantic,,West Virginia Wesleyan College,Mountain East Conference,yes,"NCAA 2024-25 DII XC Pre-Championships Manual, Appendix A (sport sponsorship)"
DII,F,Atlantic,,West Virginia Wesleyan College,Mountain East Conference,yes,"NCAA 2024-25 DII XC Pre-Championships Manual, Appendix A (sport sponsorship)"
DII,M,Atlantic,,Wheeling University,Mountain East Conference,yes,"NCAA 2024-25 DII XC Pre-Championships Manual, Appendix A (sport sponsorship)"
DII,F,Atlantic,,Wheeling University,Mountain East Conference,yes,"NCAA 2024-25 DII XC Pre-Championships Manual, Appendix A (sport sponsorship)"
DII,M,Atlantic,,Bloomsburg University of Pennsylvania,Pennsylvania State Athletic Conference,yes,"NCAA 2024-25 DII XC Pre-Championships Manual, Appendix A (sport sponsorship)"
DII,F,Atlantic,,Bloomsburg University of Pennsylvania,Pennsylvania State Athletic Conference,yes,"NCAA 2024-25 DII XC Pre-Championships Manual, Appendix A (sport sponsorship)"
DII,M,Atlantic,,East Stroudsburg University of Pennsylvania,Pennsylvania State Athletic Conference,yes,"NCAA 2024-25 DII XC Pre-Championships Manual, Appendix A (sport sponsorship)"
DII,F,Atlantic,,East Stroudsburg University of Pennsylvania,Pennsylvania State Athletic Conference,yes,"NCAA 2024-25 DII XC Pre-Championships Manual, Appendix A (sport sponsorship)"
DII,M,Atlantic,,Gannon University,Pennsylvania State Athletic Conference,yes,"NCAA 2024-25 DII XC Pre-Championships Manual, Appendix A (sport sponsorship)"
DII,F,Atlantic,,Gannon University,Pennsylvania State Athletic Conference,yes,"NCAA 2024-25 DII XC Pre-Championships Manual, Appendix A (sport sponsorship)"
DII,M,Atlantic,,Indiana University of Pennsylvania,Pennsylvania State Athletic Conference,yes,"NCAA 2024-25 DII XC Pre-Championships Manual, Appendix A (sport sponsorship)"
DII,F,Atlantic,,Indiana University of Pennsylvania,Pennsylvania State Athletic Conference,yes,"NCAA 2024-25 DII XC Pre-Championships Manual, Appendix A (sport sponsorship)"
DII,M,Atlantic,,Kutztown University of Pennsylvania,Pennsylvania State Athletic Conference,yes,"NCAA 2024-25 DII XC Pre-Championships Manual, Appendix A (sport sponsorship)"
DII,F,Atlantic,,Kutztown University of Pennsylvania,Pennsylvania State Athletic Conference,yes,"NCAA 2024-25 DII XC Pre-Championships Manual, Appendix A (sport sponsorship)"
DII,M,Atlantic,,Lock Haven University of Pennsylvania,Pennsylvania State Athletic Conference,yes,"NCAA 2024-25 DII XC Pre-Championships Manual, Appendix A (sport sponsorship)"
DII,F,Atlantic,,Lock Haven University of Pennsylvania,Pennsylvania State Athletic Conference,yes,"NCAA 2024-25 DII XC Pre-Championships Manual, Appendix A (sport sponsorship)"
DII,M,Atlantic,,Mansfield University of Pennsylvania,Pennsylvania State Athletic Conference,yes,"NCAA 2024-25 DII XC Pre-Championships Manual, Appendix A (sport sponsorship)"
DII,F,Atlantic,,Mansfield University of Pennsylvania,Pennsylvania State Athletic Conference,yes,"NCAA 2024-25 DII XC Pre-Championships Manual, Appendix A (sport sponsorship)"
DII,F,Atlantic,,Millersville University of Pennsylvania,Pennsylvania State Athletic Conference,yes,"NCAA 2024-25 DII XC Pre-Championships Manual, Appendix A (sport sponsorship)"
DII,M,Atlantic,,"Pennsylvania Western University, California",Pennsylvania State Athletic Conference,yes,"NCAA 2024-25 DII XC Pre-Championships Manual, Appendix A (sport sponsorship)"
DII,F,Atlantic,,"Pennsylvania Western University, California",Pennsylvania State Athletic Conference,yes,"NCAA 2024-25 DII XC Pre-Championships Manual, Appendix A (sport sponsorship)"
DII,F,Atlantic,,"Pennsylvania Western University, Clarion",Pennsylvania State Athletic Conference,yes,"NCAA 2024-25 DII XC Pre-Championships Manual, Appendix A (sport sponsorship)"
DII,M,Atlantic,,"Pennsylvania Western University, Edinboro",Pennsylvania State Athletic Conference,yes,"NCAA 2024-25 DII XC Pre-Championships Manual, Appendix A (sport sponsorship)"
DII,F,Atlantic,,"Pennsylvania Western University, Edinboro",Pennsylvania State Athletic Conference,yes,"NCAA 2024-25 DII XC Pre-Championships Manual, Appendix A (sport sponsorship)"
DII,M,Atlantic,,"University of Pittsburgh, Johnstown",Pennsylvania State Athletic Conference,yes,"NCAA 2024-25 DII XC Pre-Championships Manual, Appendix A (sport sponsorship)"
DII,F,Atlantic,,"University of Pittsburgh, Johnstown",Pennsylvania State Athletic Conference,yes,"NCAA 2024-25 DII XC Pre-Championships Manual, Appendix A (sport sponsorship)"
DII,M,Atlantic,,Seton Hill University,Pennsylvania State Athletic Conference,yes,"NCAA 2024-25 DII XC Pre-Championships Manual, Appendix A (sport sponsorship)"
DII,F,Atlantic,,Seton Hill University,Pennsylvania State Athletic Conference,yes,"NCAA 2024-25 DII XC Pre-Championships Manual, Appendix A (sport sponsorship)"
DII,M,Atlantic,,Shepherd University,Pennsylvania State Athletic Conference,yes,"NCAA 2024-25 DII XC Pre-Championships Manual, Appendix A (sport sponsorship)"
DII,F,Atlantic,,Shepherd University,Pennsylvania State Athletic Conference,yes,"NCAA 2024-25 DII XC Pre-Championships Manual, Appendix A (sport sponsorship)"
DII,M,Atlantic,,Shippensburg University of Pennsylvania,Pennsylvania State Athletic Conference,yes,"NCAA 2024-25 DII XC Pre-Championships Manual, Appendix A (sport sponsorship)"
DII,F,Atlantic,,Shippensburg University of Pennsylvania,Pennsylvania State Athletic Conference,yes,"NCAA 2024-25 DII XC Pre-Championships Manual, Appendix A (sport sponsorship)"
DII,M,Atlantic,,Slippery Rock University of Pennsylvania,Pennsylvania State Athletic Conference,yes,"NCAA 2024-25 DII XC Pre-Championships Manual, Appendix A (sport sponsorship)"
DII,F,Atlantic,,Slippery Rock University of Pennsylvania,Pennsylvania State Athletic Conference,yes,"NCAA 2024-25 DII XC Pre-Championships Manual, Appendix A (sport sponsorship)"
DII,M,Atlantic,,West Chester University of Pennsylvania,Pennsylvania State Athletic Conference,yes,"NCAA 2024-25 DII XC Pre-Championships Manual, Appendix A (sport sponsorship)"
DII,F,Atlantic,,West Chester University of Pennsylvania,Pennsylvania State Athletic Conference,yes,"NCAA 2024-25 DII XC Pre-Championships Manual, Appendix A (sport sponsorship)"
DII,F,Central,,Arkansas Tech University,Great American Conference,yes,"NCAA 2024-25 DII XC Pre-Championships Manual, Appendix A (sport sponsorship)"
DII,M,Central,,"University of Arkansas, Monticello",Great American Conference,yes,"NCAA 2024-25 DII XC Pre-Championships Manual, Appendix A (sport sponsorship)"
DII,F,Central,,"University of Arkansas, Monticello",Great American Conference,yes,"NCAA 2024-25 DII XC Pre-Championships Manual, Appendix A (sport sponsorship)"
DII,M,Central,,East Central University,Great American Conference,yes,"NCAA 2024-25 DII XC Pre-Championships Manual, Appendix A (sport sponsorship)"
DII,F,Central,,East Central University,Great American Conference,yes,"NCAA 2024-25 DII XC Pre-Championships Manual, Appendix A (sport sponsorship)"
DII,M,Central,,Harding University,Great American Conference,yes,"NCAA 2024-25 DII XC Pre-Championships Manual, Appendix A (sport sponsorship)"
DII,F,Central,,Harding University,Great American Conference,yes,"NCAA 2024-25 DII XC Pre-Championships Manual, Appendix A (sport sponsorship)"
DII,F,Central,,Henderson State University,Great American Conference,yes,"NCAA 2024-25 DII XC Pre-Championships Manual, Appendix A (sport sponsorship)"
DII,M,Central,,Northwestern Oklahoma State University,Great American Conference,yes,"NCAA 2024-25 DII XC Pre-Championships Manual, Appendix A (sport sponsorship)"
DII,F,Central,,Northwestern Oklahoma State University,Great American Conference,yes,"NCAA 2024-25 DII XC Pre-Championships Manual, Appendix A (sport sponsorship)"
DII,M,Central,,Oklahoma Baptist University,Great American Conference,yes,"NCAA 2024-25 DII XC Pre-Championships Manual, Appendix A (sport sponsorship)"
DII,F,Central,,Oklahoma Baptist University,Great American Conference,yes,"NCAA 2024-25 DII XC Pre-Championships Manual, Appendix A (sport sponsorship)"
DII,M,Central,,Ouachita Baptist University,Great American Conference,yes,"NCAA 2024-25 DII XC Pre-Championships Manual, Appendix A (sport sponsorship)"
DII,F,Central,,Ouachita Baptist University,Great American Conference,yes,"NCAA 2024-25 DII XC Pre-Championships Manual, Appendix A (sport sponsorship)"
DII,F,Central,,Southeastern Oklahoma State University,Great American Conference,yes,"NCAA 2024-25 DII XC Pre-Championships Manual, Appendix A (sport sponsorship)"
DII,M,Central,,Southern Arkansas University,Great American Conference,yes,"NCAA 2024-25 DII XC Pre-Championships Manual, Appendix A (sport sponsorship)"
DII,F,Central,,Southern Arkansas University,Great American Conference,yes,"NCAA 2024-25 DII XC Pre-Championships Manual, Appendix A (sport sponsorship)"
DII,M,Central,,Southern Nazarene University,Great American Conference,yes,"NCAA 2024-25 DII XC Pre-Championships Manual, Appendix A (sport sponsorship)"
DII,F,Central,,Southern Nazarene University,Great American Conference,yes,"NCAA 2024-25 DII XC Pre-Championships Manual, Appendix A (sport sponsorship)"
DII,F,Central,,Southwestern Oklahoma State University,Great American Conference,yes,"NCAA 2024-25 DII XC Pre-Championships Manual, Appendix A (sport sponsorship)"
DII,M,Central,,"University of Arkansas, Fort Smith",Mid-America Intercollegiate Athletics Association,yes,"NCAA 2024-25 DII XC Pre-Championships Manual, Appendix A (sport sponsorship)"
DII,F,Central,,"University of Arkansas, Fort Smith",Mid-America Intercollegiate Athletics Association,yes,"NCAA 2024-25 DII XC Pre-Championships Manual, Appendix A (sport sponsorship)"
DII,M,Central,,University of Central Missouri,Mid-America Intercollegiate Athletics Association,yes,"NCAA 2024-25 DII XC Pre-Championships Manual, Appendix A (sport sponsorship)"
DII,F,Central,,University of Central Missouri,Mid-America Intercollegiate Athletics Association,yes,"NCAA 2024-25 DII XC Pre-Championships Manual, Appendix A (sport sponsorship)"
DII,F,Central,,University of Central Oklahoma,Mid-America Intercollegiate Athletics Association,yes,"NCAA 2024-25 DII XC Pre-Championships Manual, Appendix A (sport sponsorship)"
DII,M,Central,,Emporia State University,Mid-America Intercollegiate Athletics Association,yes,"NCAA 2024-25 DII XC Pre-Championships Manual, Appendix A (sport sponsorship)"
DII,F,Central,,Emporia State University,Mid-America Intercollegiate Athletics Association,yes,"NCAA 2024-25 DII XC Pre-Championships Manual, Appendix A (sport sponsorship)"
DII,M,Central,,Fort Hays State University,Mid-America Intercollegiate Athletics Association,yes,"NCAA 2024-25 DII XC Pre-Championships Manual, Appendix A (sport sponsorship)"
DII,F,Central,,Fort Hays State University,Mid-America Intercollegiate Athletics Association,yes,"NCAA 2024-25 DII XC Pre-Championships Manual, Appendix A (sport sponsorship)"
DII,M,Central,,Missouri Southern State University,Mid-America Intercollegiate Athletics Association,yes,"NCAA 2024-25 DII XC Pre-Championships Manual, Appendix A (sport sponsorship)"
DII,F,Central,,Missouri Southern State University,Mid-America Intercollegiate Athletics Association,yes,"NCAA 2024-25 DII XC Pre-Championships Manual, Appendix A (sport sponsorship)"
DII,M,Central,,Missouri Western State University,Mid-America Intercollegiate Athletics Association,yes,"NCAA 2024-25 DII XC Pre-Championships Manual, Appendix A (sport sponsorship)"
DII,F,Central,,Missouri Western State University,Mid-America Intercollegiate Athletics Association,yes,"NCAA 2024-25 DII XC Pre-Championships Manual, Appendix A (sport sponsorship)"
DII,M,Central,,University of Nebraska at Kearney,Mid-America Intercollegiate Athletics Association,yes,"NCAA 2024-25 DII XC Pre-Championships Manual, Appendix A (sport sponsorship)"
DII,F,Central,,University of Nebraska at Kearney,Mid-America Intercollegiate Athletics Association,yes,"NCAA 2024-25 DII XC Pre-Championships Manual, Appendix A (sport sponsorship)"
DII,M,Central,,Newman University,Mid-America Intercollegiate Athletics Association,yes,"NCAA 2024-25 DII XC Pre-Championships Manual, Appendix A (sport sponsorship)"
DII,F,Central,,Newman University,Mid-America Intercollegiate Athletics Association,yes,"NCAA 2024-25 DII XC Pre-Championships Manual, Appendix A (sport sponsorship)"
DII,M,Central,,Northwest Missouri State University,Mid-America Intercollegiate Athletics Association,yes,"NCAA 2024-25 DII XC Pre-Championships Manual, Appendix A (sport sponsorship)"
DII,F,Central,,Northwest Missouri State University,Mid-America Intercollegiate Athletics Association,yes,"NCAA 2024-25 DII XC Pre-Championships Manual, Appendix A (sport sponsorship)"
DII,M,Central,,Pittsburg State University,Mid-America Intercollegiate Athletics Association,yes,"NCAA 2024-25 DII XC Pre-Championships Manual, Appendix A (sport sponsorship)"
DII,F,Central,,Pittsburg State University,Mid-America Intercollegiate Athletics Association,yes,"NCAA 2024-25 DII XC Pre-Championships Manual, Appendix A (sport sponsorship)"
DII,M,Central,,Rogers State University,Mid-America Intercollegiate Athletics Association,yes,"NCAA 2024-25 DII XC Pre-Championships Manual, Appendix A (sport sponsorship)"
DII,F,Central,,Rogers State University,Mid-America Intercollegiate Athletics Association,yes,"NCAA 2024-25 DII XC Pre-Championships Manual, Appendix A (sport sponsorship)"
DII,M,Central,,Washburn University,Mid-America Intercollegiate Athletics Association,yes,"NCAA 2024-25 DII XC Pre-Championships Manual, Appendix A (sport sponsorship)"
DII,F,Central,,Washburn University,Mid-America Intercollegiate Athletics Association,yes,"NCAA 2024-25 DII XC Pre-Championships Manual, Appendix A (sport sponsorship)"
DII,M,Central,,Augustana University (South Dakota),Northern Sun Intercollegiate Conference,yes,"NCAA 2024-25 DII XC Pre-Championships Manual, Appendix A (sport sponsorship)"
DII,F,Central,,Augustana University (South Dakota),Northern Sun Intercollegiate Conference,yes,"NCAA 2024-25 DII XC Pre-Championships Manual, Appendix A (sport sponsorship)"
DII,F,Central,,Bemidji State University,Northern Sun Intercollegiate Conference,yes,"NCAA 2024-25 DII XC Pre-Championships Manual, Appendix A (sport sponsorship)"
DII,M,Central,,"Concordia University, St. Paul",Northern Sun Intercollegiate Conference,yes,"NCAA 2024-25 DII XC Pre-Championships Manual, Appendix A (sport sponsorship)"
DII,F,Central,,"Concordia University, St. Paul",Northern Sun Intercollegiate Conference,yes,"NCAA 2024-25 DII XC Pre-Championships Manual, Appendix A (sport sponsorship)"
DII,M,Central,,University of Mary,Northern Sun Intercollegiate Conference,yes,"NCAA 2024-25 DII XC Pre-Championships Manual, Appendix A (sport sponsorship)"
DII,F,Central,,University of Mary,Northern Sun Intercollegiate Conference,yes,"NCAA 2024-25 DII XC Pre-Championships Manual, Appendix A (sport sponsorship)"
DII,M,Central,,"University of Minnesota, Crookston",Northern Sun Intercollegiate Conference,yes,"NCAA 2024-25 DII XC Pre-Championships Manual, Appendix A (sport sponsorship)"
DII,F,Central,,"University of Minnesota, Crookston",Northern Sun Intercollegiate Conference,yes,"NCAA 2024-25 DII XC Pre-Championships Manual, Appendix A (sport sponsorship)"
DII,M,Central,,University of Minnesota Duluth,Northern Sun Intercollegiate Conference,yes,"NCAA 2024-25 DII XC Pre-Championships Manual, Appendix A (sport sponsorship)"
DII,F,Central,,University of Minnesota Duluth,Northern Sun Intercollegiate Conference,yes,"NCAA 2024-25 DII XC Pre-Championships Manual, Appendix A (sport sponsorship)"
DII,M,Central,,"Minnesota State University, Mankato",Northern Sun Intercollegiate Conference,yes,"NCAA 2024-25 DII XC Pre-Championships Manual, Appendix A (sport sponsorship)"
DII,F,Central,,"Minnesota State University, Mankato",Northern Sun Intercollegiate Conference,yes,"NCAA 2024-25 DII XC Pre-Championships Manual, Appendix A (sport sponsorship)"
DII,M,Central,,Minnesota State University Moorhead,Northern Sun Intercollegiate Conference,yes,"NCAA 2024-25 DII XC Pre-Championships Manual, Appendix A (sport sponsorship)"
DII,F,Central,,Minnesota State University Moorhead,Northern Sun Intercollegiate Conference,yes,"NCAA 2024-25 DII XC Pre-Championships Manual, Appendix A (sport sponsorship)"
DII,M,Central,,Minot State University,Northern Sun Intercollegiate Conference,yes,"NCAA 2024-25 DII XC Pre-Championships Manual, Appendix A (sport sponsorship)"
DII,F,Central,,Minot State University,Northern Sun Intercollegiate Conference,yes,"NCAA 2024-25 DII XC Pre-Championships Manual, Appendix A (sport sponsorship)"
DII,M,Central,,Northern State University,Northern Sun Intercollegiate Conference,yes,"NCAA 2024-25 DII XC Pre-Championships Manual, Appendix A (sport sponsorship)"
DII,F,Central,,Northern State University,Northern Sun Intercollegiate Conference,yes,"NCAA 2024-25 DII XC Pre-Championships Manual, Appendix A (sport sponsorship)"
DII,M,Central,,University of Sioux Falls,Northern Sun Intercollegiate Conference,yes,"NCAA 2024-25 DII XC Pre-Championships Manual, Appendix A (sport sponsorship)"
DII,F,Central,,University of Sioux Falls,Northern Sun Intercollegiate Conference,yes,"NCAA 2024-25 DII XC Pre-Championships Manual, Appendix A (sport sponsorship)"
DII,M,Central,,Southwest Minnesota State University,Northern Sun Intercollegiate Conference,yes,"NCAA 2024-25 DII XC Pre-Championships Manual, Appendix A (sport sponsorship)"
DII,F,Central,,Southwest Minnesota State University,Northern Sun Intercollegiate Conference,yes,"NCAA 2024-25 DII XC Pre-Championships Manual, Appendix A (sport sponsorship)"
DII,F,Central,,St. Cloud State University,Northern Sun Intercollegiate Conference,yes,"NCAA 2024-25 DII XC Pre-Championships Manual, Appendix A (sport sponsorship)"
DII,M,Central,,Wayne State College (Nebraska),Northern Sun Intercollegiate Conference,yes,"NCAA 2024-25 DII XC Pre-Championships Manual, Appendix A (sport sponsorship)"
DII,F,Central,,Wayne State College (Nebraska),Northern Sun Intercollegiate Conference,yes,"NCAA 2024-25 DII XC Pre-Championships Manual, Appendix A (sport sponsorship)"
DII,M,Central,,Winona State University,Northern Sun Intercollegiate Conference,yes,"NCAA 2024-25 DII XC Pre-Championships Manual, Appendix A (sport sponsorship)"
DII,F,Central,,Winona State University,Northern Sun Intercollegiate Conference,yes,"NCAA 2024-25 DII XC Pre-Championships Manual, Appendix A (sport sponsorship)"
DII,M,East,,University of Bridgeport,Central Atlantic Collegiate Conference,yes,"NCAA 2024-25 DII XC Pre-Championships Manual, Appendix A (sport sponsorship)"
DII,F,East,,University of Bridgeport,Central Atlantic Collegiate Conference,yes,"NCAA 2024-25 DII XC Pre-Championships Manual, Appendix A (sport sponsorship)"
DII,M,East,,Caldwell University,Central Atlantic Collegiate Conference,yes,"NCAA 2024-25 DII XC Pre-Championships Manual, Appendix A (sport sponsorship)"
DII,F,East,,Caldwell University,Central Atlantic Collegiate Conference,yes,"NCAA 2024-25 DII XC Pre-Championships Manual, Appendix A (sport sponsorship)"
DII,M,East,,Chestnut Hill College,Central Atlantic Collegiate Conference,yes,"NCAA 2024-25 DII XC Pre-Championships Manual, Appendix A (sport sponsorship)"
DII,F,East,,Chestnut Hill College,Central Atlantic Collegiate Conference,yes,"NCAA 2024-25 DII XC Pre-Championships Manual, Appendix A (sport sponsorship)"
DII,M,East,,Dominican University New York,Central Atlantic Collegiate Conference,yes,"NCAA 2024-25 DII XC Pre-Championships Manual, Appendix A (sport sponsorship)"
DII,F,East,,Dominican University New York,Central Atlantic Collegiate Conference,yes,"NCAA 2024-25 DII XC Pre-Championships Manual, Appendix A (sport sponsorship)"
DII,M,East,,Felician University,Central Atlantic Collegiate Conference,yes,"NCAA 2024-25 DII XC Pre-Championships Manual, Appendix A (sport sponsorship)"
DII,F,East,,Felician University,Central Atlantic Collegiate Conference,yes,"NCAA 2024-25 DII XC Pre-Championships Manual, Appendix A (sport sponsorship)"
DII,M,East,,Georgian Court University,Central Atlantic Collegiate Conference,yes,"NCAA 2024-25 DII XC Pre-Championships Manual, Appendix A (sport sponsorship)"
DII,F,East,,Georgian Court University,Central Atlantic Collegiate Conference,yes,"NCAA 2024-25 DII XC Pre-Championships Manual, Appendix A (sport sponsorship)"
DII,M,East,,Goldey-Beacom College,Central Atlantic Collegiate Conference,yes,"NCAA 2024-25 DII XC Pre-Championships Manual, Appendix A (sport sponsorship)"
DII,F,East,,Goldey-Beacom College,Central Atlantic Collegiate Conference,yes,"NCAA 2024-25 DII XC Pre-Championships Manual, Appendix A (sport sponsorship)"
DII,M,East,,Holy Family University,Central Atlantic Collegiate Conference,yes,"NCAA 2024-25 DII XC Pre-Championships Manual, Appendix A (sport sponsorship)"
DII,F,East,,Holy Family University,Central Atlantic Collegiate Conference,yes,"NCAA 2024-25 DII XC Pre-Championships Manual, Appendix A (sport sponsorship)"
DII,M,East,,Post University,Central Atlantic Collegiate Conference,yes,"NCAA 2024-25 DII XC Pre-Championships Manual, Appendix A (sport sponsorship)"
DII,F,East,,Post University,Central Atlantic Collegiate Conference,yes,"NCAA 2024-25 DII XC Pre-Championships Manual, Appendix A (sport sponsorship)"
DII,M,East,,Thomas Jefferson University,Central Atlantic Collegiate Conference,yes,"NCAA 2024-25 DII XC Pre-Championships Manual, Appendix A (sport sponsorship)"
DII,F,East,,Thomas Jefferson University,Central Atlantic Collegiate Conference,yes,"NCAA 2024-25 DII XC Pre-Championships Manual, Appendix A (sport sponsorship)"
DII,M,East,,Wilmington University (Delaware),Central Atlantic Collegiate Conference,yes,"NCAA 2024-25 DII XC Pre-Championships Manual, Appendix A (sport sponsorship)"
DII,F,East,,Wilmington University (Delaware),Central Atlantic Collegiate Conference,yes,"NCAA 2024-25 DII XC Pre-Championships Manual, Appendix A (sport sponsorship)"
DII,M,East,,D’Youville University,East Coast Conference,yes,"NCAA 2024-25 DII XC Pre-Championships Manual, Appendix A (sport sponsorship)"
DII,F,East,,D’Youville University,East Coast Conference,yes,"NCAA 2024-25 DII XC Pre-Championships Manual, Appendix A (sport sponsorship)"
DII,M,East,,Daemen University,East Coast Conference,yes,"NCAA 2024-25 DII XC Pre-Championships Manual, Appendix A (sport sponsorship)"
DII,F,East,,Daemen University,East Coast Conference,yes,"NCAA 2024-25 DII XC Pre-Championships Manual, Appendix A (sport sponsorship)"
DII,F,East,,University of the District of Columbia,East Coast Conference,yes,"NCAA 2024-25 DII XC Pre-Championships Manual, Appendix A (sport sponsorship)"
DII,M,East,,Molloy University,East Coast Conference,yes,"NCAA 2024-25 DII XC Pre-Championships Manual, Appendix A (sport sponsorship)"
DII,F,East,,Molloy University,East Coast Conference,yes,"NCAA 2024-25 DII XC Pre-Championships Manual, Appendix A (sport sponsorship)"
DII,M,East,,Queens College (New York),East Coast Conference,yes,"NCAA 2024-25 DII XC Pre-Championships Manual, Appendix A (sport sponsorship)"
DII,F,East,,Queens College (New York),East Coast Conference,yes,"NCAA 2024-25 DII XC Pre-Championships Manual, Appendix A (sport sponsorship)"
DII,M,East,,Roberts Wesleyan College,East Coast Conference,yes,"NCAA 2024-25 DII XC Pre-Championships Manual, Appendix A (sport sponsorship)"
DII,F,East,,Roberts Wesleyan College,East Coast Conference,yes,"NCAA 2024-25 DII XC Pre-Championships Manual, Appendix A (sport sponsorship)"
DII,M,East,,St. Thomas Aquinas College,East Coast Conference,yes,"NCAA 2024-25 DII XC Pre-Championships Manual, Appendix A (sport sponsorship)"
DII,F,East,,St. Thomas Aquinas College,East Coast Conference,yes,"NCAA 2024-25 DII XC Pre-Championships Manual, Appendix A (sport sponsorship)"
DII,M,East,,College of Staten Island,East Coast Conference,yes,"NCAA 2024-25 DII XC Pre-Championships Manual, Appendix A (sport sponsorship)"
DII,F,East,,College of Staten Island,East Coast Conference,yes,"NCAA 2024-25 DII XC Pre-Championships Manual, Appendix A (sport sponsorship)"
DII,M,East,,Adelphi University,Northeast-10 Conference,yes,"NCAA 2024-25 DII XC Pre-Championships Manual, Appendix A (sport sponsorship)"
DII,F,East,,Adelphi University,Northeast-10 Conference,yes,"NCAA 2024-25 DII XC Pre-Championships Manual, Appendix A (sport sponsorship)"
DII,M,East,,American International College,Northeast-10 Conference,yes,"NCAA 2024-25 DII XC Pre-Championships Manual, Appendix A (sport sponsorship)"
DII,F,East,,American International College,Northeast-10 Conference,yes,"NCAA 2024-25 DII XC Pre-Championships Manual, Appendix A (sport sponsorship)"
DII,M,East,,Assumption University,Northeast-10 Conference,yes,"NCAA 2024-25 DII XC Pre-Championships Manual, Appendix A (sport sponsorship)"
DII,F,East,,Assumption University,Northeast-10 Conference,yes,"NCAA 2024-25 DII XC Pre-Championships Manual, Appendix A (sport sponsorship)"
DII,M,East,,Bentley University,Northeast-10 Conference,yes,"NCAA 2024-25 DII XC Pre-Championships Manual, Appendix A (sport sponsorship)"
DII,F,East,,Bentley University,Northeast-10 Conference,yes,"NCAA 2024-25 DII XC Pre-Championships Manual, Appendix A (sport sponsorship)"
DII,M,East,,Franklin Pierce University,Northeast-10 Conference,yes,"NCAA 2024-25 DII XC Pre-Championships Manual, Appendix A (sport sponsorship)"
DII,F,East,,Franklin Pierce University,Northeast-10 Conference,yes,"NCAA 2024-25 DII XC Pre-Championships Manual, Appendix A (sport sponsorship)"
DII,M,East,,University of New Haven,Northeast-10 Conference,yes,"NCAA 2024-25 DII XC Pre-Championships Manual, Appendix A (sport sponsorship)"
DII,F,East,,University of New Haven,Northeast-10 Conference,yes,"NCAA 2024-25 DII XC Pre-Championships Manual, Appendix A (sport sponsorship)"
DII,M,East,,Pace University,Northeast-10 Conference,yes,"NCAA 2024-25 DII XC Pre-Championships Manual, Appendix A (sport sponsorship)"
DII,F,East,,Pace University,Northeast-10 Conference,yes,"NCAA 2024-25 DII XC Pre-Championships Manual, Appendix A (sport sponsorship)"
DII,M,East,,Saint Anselm College,Northeast-10 Conference,yes,"NCAA 2024-25 DII XC Pre-Championships Manual, Appendix A (sport sponsorship)"
DII,F,East,,Saint Anselm College,Northeast-10 Conference,yes,"NCAA 2024-25 DII XC Pre-Championships Manual, Appendix A (sport sponsorship)"
DII,M,East,,Saint Michael’s College,Northeast-10 Conference,yes,"NCAA 2024-25 DII XC Pre-Championships Manual, Appendix A (sport sponsorship)"
DII,F,East,,Saint Michael’s College,Northeast-10 Conference,yes,"NCAA 2024-25 DII XC Pre-Championships Manual, Appendix A (sport sponsorship)"
DII,M,East,,The College of Saint Rose,Northeast-10 Conference,yes,"NCAA 2024-25 DII XC Pre-Championships Manual, Appendix A (sport sponsorship)"
DII,F,East,,The College of Saint Rose,Northeast-10 Conference,yes,"NCAA 2024-25 DII XC Pre-Championships Manual, Appendix A (sport sponsorship)"
DII,M,East,,Southern Connecticut State University,Northeast-10 Conference,yes,"NCAA 2024-25 DII XC Pre-Championships Manual, Appendix A (sport sponsorship)"
DII,F,East,,Southern Connecticut State University,Northeast-10 Conference,yes,"NCAA 2024-25 DII XC Pre-Championships Manual, Appendix A (sport sponsorship)"
DII,M,East,,Southern New Hampshire University,Northeast-10 Conference,yes,"NCAA 2024-25 DII XC Pre-Championships Manual, Appendix A (sport sponsorship)"
DII,F,East,,Southern New Hampshire University,Northeast-10 Conference,yes,"NCAA 2024-25 DII XC Pre-Championships Manual, Appendix A (sport sponsorship)"
DII,M,Midwest,,Davenport University,Great Lakes Intercollegiate Athletic Conference,yes,"NCAA 2024-25 DII XC Pre-Championships Manual, Appendix A (sport sponsorship)"
DII,F,Midwest,,Davenport University,Great Lakes Intercollegiate Athletic Conference,yes,"NCAA 2024-25 DII XC Pre-Championships Manual, Appendix A (sport sponsorship)"
DII,M,Midwest,,Ferris State University,Great Lakes Intercollegiate Athletic Conference,yes,"NCAA 2024-25 DII XC Pre-Championships Manual, Appendix A (sport sponsorship)"
DII,F,Midwest,,Ferris State University,Great Lakes Intercollegiate Athletic Conference,yes,"NCAA 2024-25 DII XC Pre-Championships Manual, Appendix A (sport sponsorship)"
DII,M,Midwest,,Grand Valley State University,Great Lakes Intercollegiate Athletic Conference,yes,"NCAA 2024-25 DII XC Pre-Championships Manual, Appendix A (sport sponsorship)"
DII,F,Midwest,,Grand Valley State University,Great Lakes Intercollegiate Athletic Conference,yes,"NCAA 2024-25 DII XC Pre-Championships Manual, Appendix A (sport sponsorship)"
DII,M,Midwest,,Lake Superior State University,Great Lakes Intercollegiate Athletic Conference,yes,"NCAA 2024-25 DII XC Pre-Championships Manual, Appendix A (sport sponsorship)"
DII,F,Midwest,,Lake Superior State University,Great Lakes Intercollegiate Athletic Conference,yes,"NCAA 2024-25 DII XC Pre-Championships Manual, Appendix A (sport sponsorship)"
DII,M,Midwest,,Michigan Technological University,Great Lakes Intercollegiate Athletic Conference,yes,"NCAA 2024-25 DII XC Pre-Championships Manual, Appendix A (sport sponsorship)"
DII,F,Midwest,,Michigan Technological University,Great Lakes Intercollegiate Athletic Conference,yes,"NCAA 2024-25 DII XC Pre-Championships Manual, Appendix A (sport sponsorship)"
DII,F,Midwest,,Northern Michigan University,Great Lakes Intercollegiate Athletic Conference,yes,"NCAA 2024-25 DII XC Pre-Championships Manual, Appendix A (sport sponsorship)"
DII,M,Midwest,,Purdue University Northwest,Great Lakes Intercollegiate Athletic Conference,yes,"NCAA 2024-25 DII XC Pre-Championships Manual, Appendix A (sport sponsorship)"
DII,F,Midwest,,Purdue University Northwest,Great Lakes Intercollegiate Athletic Conference,yes,"NCAA 2024-25 DII XC Pre-Championships Manual, Appendix A (sport sponsorship)"
DII,M,Midwest,,Saginaw Valley State University,Great Lakes Intercollegiate Athletic Conference,yes,"NCAA 2024-25 DII XC Pre-Championships Manual, Appendix A (sport sponsorship)"
DII,F,Midwest,,Saginaw Valley State University,Great Lakes Intercollegiate Athletic Conference,yes,"NCAA 2024-25 DII XC Pre-Championships Manual, Appendix A (sport sponsorship)"
DII,M,Midwest,,Wayne State University (Michigan),Great Lakes Intercollegiate Athletic Conference,yes,"NCAA 2024-25 DII XC Pre-Championships Manual, Appendix A (sport sponsorship)"
DII,F,Midwest,,Wayne State University (Michigan),Great Lakes Intercollegiate Athletic Conference,yes,"NCAA 2024-25 DII XC Pre-Championships Manual, Appendix A (sport sponsorship)"
DII,M,Midwest,,University of Wisconsin-Parkside,Great Lakes Intercollegiate Athletic Conference,yes,"NCAA 2024-25 DII XC Pre-Championships Manual, Appendix A (sport sponsorship)"
DII,F,Midwest,,University of Wisconsin-Parkside,Great Lakes Intercollegiate Athletic Conference,yes,"NCAA 2024-25 DII XC Pre-Championships Manual, Appendix A (sport sponsorship)"
DII,M,Midwest,,Drury University,Great Lakes Valley Conference,yes,"NCAA 2024-25 DII XC Pre-Championships Manual, Appendix A (sport sponsorship)"
DII,F,Midwest,,Drury University,Great Lakes Valley Conference,yes,"NCAA 2024-25 DII XC Pre-Championships Manual, Appendix A (sport sponsorship)"
DII,M,Midwest,,University of Illinois at Springfield,Great Lakes Valley Conference,yes,"NCAA 2024-25 DII XC Pre-Championships Manual, Appendix A (sport sponsorship)"
DII,F,Midwest,,University of Illinois at Springfield,Great Lakes Valley Conference,yes,"NCAA 2024-25 DII XC Pre-Championships Manual, Appendix A (sport sponsorship)"
DII,M,Midwest,,University of Indianapolis,Great Lakes Valley Conference,yes,"NCAA 2024-25 DII XC Pre-Championships Manual, Appendix A (sport sponsorship)"
DII,F,Midwest,,University of Indianapolis,Great Lakes Valley Conference,yes,"NCAA 2024-25 DII XC Pre-Championships Manual, Appendix A (sport sponsorship)"
DII,M,Midwest,,Lewis University,Great Lakes Valley Conference,yes,"NCAA 2024-25 DII XC Pre-Championships Manual, Appendix A (sport sponsorship)"
DII,F,Midwest,,Lewis University,Great Lakes Valley Conference,yes,"NCAA 2024-25 DII XC Pre-Championships Manual, Appendix A (sport sponsorship)"
DII,F,Midwest,,Lincoln University (Missouri),Great Lakes Valley Conference,yes,"NCAA 2024-25 DII XC Pre-Championships Manual, Appendix A (sport sponsorship)"
DII,M,Midwest,,Maryville University of Saint Louis,Great Lakes Valley Conference,yes,"NCAA 2024-25 DII XC Pre-Championships Manual, Appendix A (sport sponsorship)"
DII,F,Midwest,,Maryville University of Saint Louis,Great Lakes Valley Conference,yes,"NCAA 2024-25 DII XC Pre-Championships Manual, Appendix A (sport sponsorship)"
DII,M,Midwest,,McKendree University,Great Lakes Valley Conference,yes,"NCAA 2024-25 DII XC Pre-Championships Manual, Appendix A (sport sponsorship)"
DII,F,Midwest,,McKendree University,Great Lakes Valley Conference,yes,"NCAA 2024-25 DII XC Pre-Championships Manual, Appendix A (sport sponsorship)"
DII,M,Midwest,,Missouri University of Science and Technology,Great Lakes Valley Conference,yes,"NCAA 2024-25 DII XC Pre-Championships Manual, Appendix A (sport sponsorship)"
DII,F,Midwest,,Missouri University of Science and Technology,Great Lakes Valley Conference,yes,"NCAA 2024-25 DII XC Pre-Championships Manual, Appendix A (sport sponsorship)"
DII,M,Midwest,,University of Missouri-St. Louis,Great Lakes Valley Conference,yes,"NCAA 2024-25 DII XC Pre-Championships Manual, Appendix A (sport sponsorship)"
DII,F,Midwest,,University of Missouri-St. Louis,Great Lakes Valley Conference,yes,"NCAA 2024-25 DII XC Pre-Championships Manual, Appendix A (sport sponsorship)"
DII,M,Midwest,,Quincy University,Great Lakes Valley Conference,yes,"NCAA 2024-25 DII XC Pre-Championships Manual, Appendix A (sport sponsorship)"
DII,F,Midwest,,Quincy University,Great Lakes Valley Conference,yes,"NCAA 2024-25 DII XC Pre-Championships Manual, Appendix A (sport sponsorship)"
DII,M,Midwest,,Rockhurst University,Great Lakes Valley Conference,yes,"NCAA 2024-25 DII XC Pre-Championships Manual, Appendix A (sport sponsorship)"
DII,F,Midwest,,Rockhurst University,Great Lakes Valley Conference,yes,"NCAA 2024-25 DII XC Pre-Championships Manual, Appendix A (sport sponsorship)"
DII,M,Midwest,,Southwest Baptist University,Great Lakes Valley Conference,yes,"NCAA 2024-25 DII XC Pre-Championships Manual, Appendix A (sport sponsorship)"
DII,F,Midwest,,Southwest Baptist University,Great Lakes Valley Conference,yes,"NCAA 2024-25 DII XC Pre-Championships Manual, Appendix A (sport sponsorship)"
DII,M,Midwest,,Truman State University,Great Lakes Valley Conference,yes,"NCAA 2024-25 DII XC Pre-Championships Manual, Appendix A (sport sponsorship)"
DII,F,Midwest,,Truman State University,Great Lakes Valley Conference,yes,"NCAA 2024-25 DII XC Pre-Championships Manual, Appendix A (sport sponsorship)"
DII,F,Midwest,,Upper Iowa University,Great Lakes Valley Conference,yes,"NCAA 2024-25 DII XC Pre-Championships Manual, Appendix A (sport sponsorship)"
DII,M,Midwest,,William Jewell College,Great Lakes Valley Conference,yes,"NCAA 2024-25 DII XC Pre-Championships Manual, Appendix A (sport sponsorship)"
DII,F,Midwest,,William Jewell College,Great Lakes Valley Conference,yes,"NCAA 2024-25 DII XC Pre-Championships Manual, Appendix A (sport sponsorship)"
DII,M,Midwest,,Ashland University,Great Midwest Athletic Conference,yes,"NCAA 2024-25 DII XC Pre-Championships Manual, Appendix A (sport sponsorship)"
DII,F,Midwest,,Ashland University,Great Midwest Athletic Conference,yes,"NCAA 2024-25 DII XC Pre-Championships Manual, Appendix A (sport sponsorship)"
DII,M,Midwest,,Cedarville University,Great Midwest Athletic Conference,yes,"NCAA 2024-25 DII XC Pre-Championships Manual, Appendix A (sport sponsorship)"
DII,F,Midwest,,Cedarville University,Great Midwest Athletic Conference,yes,"NCAA 2024-25 DII XC Pre-Championships Manual, Appendix A (sport sponsorship)"
DII,M,Midwest,,University of Findlay,Great Midwest Athletic Conference,yes,"NCAA 2024-25 DII XC Pre-Championships Manual, Appendix A (sport sponsorship)"
DII,F,Midwest,,University of Findlay,Great Midwest Athletic Conference,yes,"NCAA 2024-25 DII XC Pre-Championships Manual, Appendix A (sport sponsorship)"
DII,M,Midwest,,Hillsdale College,Great Midwest Athletic Conference,yes,"NCAA 2024-25 DII XC Pre-Championships Manual, Appendix A (sport sponsorship)"
DII,F,Midwest,,Hillsdale College,Great Midwest Athletic Conference,yes,"NCAA 2024-25 DII XC Pre-Championships Manual, Appendix A (sport sponsorship)"
DII,M,Midwest,,Lake Erie College,Great Midwest Athletic Conference,yes,"NCAA 2024-25 DII XC Pre-Championships Manual, Appendix A (sport sponsorship)"
DII,F,Midwest,,Lake Erie College,Great Midwest Athletic Conference,yes,"NCAA 2024-25 DII XC Pre-Championships Manual, Appendix A (sport sponsorship)"
DII,M,Midwest,,Malone University,Great Midwest Athletic Conference,yes,"NCAA 2024-25 DII XC Pre-Championships Manual, Appendix A (sport sponsorship)"
DII,F,Midwest,,Malone University,Great Midwest Athletic Conference,yes,"NCAA 2024-25 DII XC Pre-Championships Manual, Appendix A (sport sponsorship)"
DII,M,Midwest,,Northwood University,Great Midwest Athletic Conference,yes,"NCAA 2024-25 DII XC Pre-Championships Manual, Appendix A (sport sponsorship)"
DII,F,Midwest,,Northwood University,Great Midwest Athletic Conference,yes,"NCAA 2024-25 DII XC Pre-Championships Manual, Appendix A (sport sponsorship)"
DII,M,Midwest,,Ohio Dominican University,Great Midwest Athletic Conference,yes,"NCAA 2024-25 DII XC Pre-Championships Manual, Appendix A (sport sponsorship)"
DII,F,Midwest,,Ohio Dominican University,Great Midwest Athletic Conference,yes,"NCAA 2024-25 DII XC Pre-Championships Manual, Appendix A (sport sponsorship)"
DII,M,Midwest,,Thomas More University,Great Midwest Athletic Conference,yes,"NCAA 2024-25 DII XC Pre-Championships Manual, Appendix A (sport sponsorship)"
DII,F,Midwest,,Thomas More University,Great Midwest Athletic Conference,yes,"NCAA 2024-25 DII XC Pre-Championships Manual, Appendix A (sport sponsorship)"
DII,M,Midwest,,Tiffin University,Great Midwest Athletic Conference,yes,"NCAA 2024-25 DII XC Pre-Championships Manual, Appendix A (sport sponsorship)"
DII,F,Midwest,,Tiffin University,Great Midwest Athletic Conference,yes,"NCAA 2024-25 DII XC Pre-Championships Manual, Appendix A (sport sponsorship)"
DII,F,Midwest,,Ursuline College,Great Midwest Athletic Conference,yes,"NCAA 2024-25 DII XC Pre-Championships Manual, Appendix A (sport sponsorship)"
DII,M,Midwest,,Walsh University,Great Midwest Athletic Conference,yes,"NCAA 2024-25 DII XC Pre-Championships Manual, Appendix A (sport sponsorship)"
DII,F,Midwest,,Walsh University,Great Midwest Athletic Conference,yes,"NCAA 2024-25 DII XC Pre-Championships Manual, Appendix A (sport sponsorship)"
DII,M,South Central,,Angelo State University,Lone Star Conference,yes,"NCAA 2024-25 DII XC Pre-Championships Manual, Appendix A (sport sponsorship)"
DII,F,South Central,,Angelo State University,Lone Star Conference,yes,"NCAA 2024-25 DII XC Pre-Championships Manual, Appendix A (sport sponsorship)"
DII,M,South Central,,"University of Arkansas, Fort Smith",Lone Star Conference,yes,"NCAA 2024-25 DII XC Pre-Championships Manual, Appendix A (sport sponsorship)"
DII,F,South Central,,"University of Arkansas, Fort Smith",Lone Star Conference,yes,"NCAA 2024-25 DII XC Pre-Championships Manual, Appendix A (sport sponsorship)"
DII,M,South Central,,Cameron University,Lone Star Conference,yes,"NCAA 2024-25 DII XC Pre-Championships Manual, Appendix A (sport sponsorship)"
DII,F,South Central,,Cameron University,Lone Star Conference,yes,"NCAA 2024-25 DII XC Pre-Championships Manual, Appendix A (sport sponsorship)"
DII,M,South Central,,Dallas Baptist University,Lone Star Conference,yes,"NCAA 2024-25 DII XC Pre-Championships Manual, Appendix A (sport sponsorship)"
DII,F,South Central,,Dallas Baptist University,Lone Star Conference,yes,"NCAA 2024-25 DII XC Pre-Championships Manual, Appendix A (sport sponsorship)"
DII,M,South Central,,Eastern New Mexico University,Lone Star Conference,yes,"NCAA 2024-25 DII XC Pre-Championships Manual, Appendix A (sport sponsorship)"
DII,F,South Central,,Eastern New Mexico University,Lone Star Conference,yes,"NCAA 2024-25 DII XC Pre-Championships Manual, Appendix A (sport sponsorship)"
DII,M,South Central,,Lubbock Christian University,Lone Star Conference,yes,"NCAA 2024-25 DII XC Pre-Championships Manual, Appendix A (sport sponsorship)"
DII,F,South Central,,Lubbock Christian University,Lone Star Conference,yes,"NCAA 2024-25 DII XC Pre-Championships Manual, Appendix A (sport sponsorship)"
DII,F,South Central,,Midwestern State University,Lone Star Conference,yes,"NCAA 2024-25 DII XC Pre-Championships Manual, Appendix A (sport sponsorship)"
DII,M,South Central,,Oklahoma Christian University,Lone Star Conference,yes,"NCAA 2024-25 DII XC Pre-Championships Manual, Appendix A (sport sponsorship)"
DII,F,South Central,,Oklahoma Christian University,Lone Star Conference,yes,"NCAA 2024-25 DII XC Pre-Championships Manual, Appendix A (sport sponsorship)"
DII,M,South Central,,St. Edward’s University,Lone Star Conference,yes,"NCAA 2024-25 DII XC Pre-Championships Manual, Appendix A (sport sponsorship)"
DII,F,South Central,,St. Edward’s University,Lone Star Conference,yes,"NCAA 2024-25 DII XC Pre-Championships Manual, Appendix A (sport sponsorship)"
DII,M,South Central,,Sul Ross State University,Lone Star Conference,no,"NCAA 2024-25 DII XC Pre-Championships Manual, Appendix A (sport sponsorship)"
DII,F,South Central,,Sul Ross State University,Lone Star Conference,no,"NCAA 2024-25 DII XC Pre-Championships Manual, Appendix A (sport sponsorship)"
DII,F,South Central,,University of Texas of the Permian Basin,Lone Star Conference,yes,"NCAA 2024-25 DII XC Pre-Championships Manual, Appendix A (sport sponsorship)"
DII,M,South Central,,University of Texas at Tyler,Lone Star Conference,yes,"NCAA 2024-25 DII XC Pre-Championships Manual, Appendix A (sport sponsorship)"
DII,F,South Central,,University of Texas at Tyler,Lone Star Conference,yes,"NCAA 2024-25 DII XC Pre-Championships Manual, Appendix A (sport sponsorship)"
DII,M,South Central,,Texas A&M International University,Lone Star Conference,yes,"NCAA 2024-25 DII XC Pre-Championships Manual, Appendix A (sport sponsorship)"
DII,F,South Central,,Texas A&M International University,Lone Star Conference,yes,"NCAA 2024-25 DII XC Pre-Championships Manual, Appendix A (sport sponsorship)"
DII,M,South Central,,Texas A&M University-Kingsville,Lone Star Conference,yes,"NCAA 2024-25 DII XC Pre-Championships Manual, Appendix A (sport sponsorship)"
DII,F,South Central,,Texas A&M University-Kingsville,Lone Star Conference,yes,"NCAA 2024-25 DII XC Pre-Championships Manual, Appendix A (sport sponsorship)"
DII,M,South Central,,West Texas A&M University,Lone Star Conference,yes,"NCAA 2024-25 DII XC Pre-Championships Manual, Appendix A (sport sponsorship)"
DII,F,South Central,,West Texas A&M University,Lone Star Conference,yes,"NCAA 2024-25 DII XC Pre-Championships Manual, Appendix A (sport sponsorship)"
DII,M,South Central,,Western New Mexico University,Lone Star Conference,yes,"NCAA 2024-25 DII XC Pre-Championships Manual, Appendix A (sport sponsorship)"
DII,F,South Central,,Western New Mexico University,Lone Star Conference,yes,"NCAA 2024-25 DII XC Pre-Championships Manual, Appendix A (sport sponsorship)"
DII,M,South Central,,Adams State University,Rocky Mountain Athletic Conference,yes,"NCAA 2024-25 DII XC Pre-Championships Manual, Appendix A (sport sponsorship)"
DII,F,South Central,,Adams State University,Rocky Mountain Athletic Conference,yes,"NCAA 2024-25 DII XC Pre-Championships Manual, Appendix A (sport sponsorship)"
DII,M,South Central,,Black Hills State University,Rocky Mountain Athletic Conference,yes,"NCAA 2024-25 DII XC Pre-Championships Manual, Appendix A (sport sponsorship)"
DII,F,South Central,,Black Hills State University,Rocky Mountain Athletic Conference,yes,"NCAA 2024-25 DII XC Pre-Championships Manual, Appendix A (sport sponsorship)"
DII,M,South Central,,Chadron State College,Rocky Mountain Athletic Conference,yes,"NCAA 2024-25 DII XC Pre-Championships Manual, Appendix A (sport sponsorship)"
DII,F,South Central,,Chadron State College,Rocky Mountain Athletic Conference,yes,"NCAA 2024-25 DII XC Pre-Championships Manual, Appendix A (sport sponsorship)"
DII,M,South Central,,Colorado Christian University,Rocky Mountain Athletic Conference,yes,"NCAA 2024-25 DII XC Pre-Championships Manual, Appendix A (sport sponsorship)"
DII,F,South Central,,Colorado Christian University,Rocky Mountain Athletic Conference,yes,"NCAA 2024-25 DII XC Pre-Championships Manual, Appendix A (sport sponsorship)"
DII,M,South Central,,Colorado Mesa University,Rocky Mountain Athletic Conference,yes,"NCAA 2024-25 DII XC Pre-Championships Manual, Appendix A (sport sponsorship)"
DII,F,South Central,,Colorado Mesa University,Rocky Mountain Athletic Conference,yes,"NCAA 2024-25 DII XC Pre-Championships Manual, Appendix A (sport sponsorship)"
DII,M,South Central,,Colorado School of Mines,Rocky Mountain Athletic Conference,yes,"NCAA 2024-25 DII XC Pre-Championships Manual, Appendix A (sport sponsorship)"
DII,F,South Central,,Colorado School of Mines,Rocky Mountain Athletic Conference,yes,"NCAA 2024-25 DII XC Pre-Championships Manual, Appendix A (sport sponsorship)"
DII,M,South Central,,Colorado State University Pueblo,Rocky Mountain Athletic Conference,yes,"NCAA 2024-25 DII XC Pre-Championships Manual, Appendix A (sport sponsorship)"
DII,F,South Central,,Colorado State University Pueblo,Rocky Mountain Athletic Conference,yes,"NCAA 2024-25 DII XC Pre-Championships Manual, Appendix A (sport sponsorship)"
DII,M,South Central,,"University of Colorado, Colorado Springs",Rocky Mountain Athletic Conference,yes,"NCAA 2024-25 DII XC Pre-Championships Manual, Appendix A (sport sponsorship)"
DII,F,South Central,,"University of Colorado, Colorado Springs",Rocky Mountain Athletic Conference,yes,"NCAA 2024-25 DII XC Pre-Championships Manual, Appendix A (sport sponsorship)"
DII,M,South Central,,Fort Lewis College,Rocky Mountain Athletic Conference,yes,"NCAA 2024-25 DII XC Pre-Championships Manual, Appendix A (sport sponsorship)"
DII,F,South Central,,Fort Lewis College,Rocky Mountain Athletic Conference,yes,"NCAA 2024-25 DII XC Pre-Championships Manual, Appendix A (sport sponsorship)"
DII,M,South Central,,Metropolitan State University of Denver,Rocky Mountain Athletic Conference,yes,"NCAA 2024-25 DII XC Pre-Championships Manual, Appendix A (sport sponsorship)"
DII,F,South Central,,Metropolitan State University of Denver,Rocky Mountain Athletic Conference,yes,"NCAA 2024-25 DII XC Pre-Championships Manual, Appendix A (sport sponsorship)"
DII,M,South Central,,New Mexico Highlands University,Rocky Mountain Athletic Conference,yes,"NCAA 2024-25 DII XC Pre-Championships Manual, Appendix A (sport sponsorship)"
DII,F,South Central,,New Mexico Highlands University,Rocky Mountain Athletic Conference,yes,"NCAA 2024-25 DII XC Pre-Championships Manual, Appendix A (sport sponsorship)"
DII,M,South Central,,Regis University (Colorado),Rocky Mountain Athletic Conference,yes,"NCAA 2024-25 DII XC Pre-Championships Manual, Appendix A (sport sponsorship)"
DII,F,South Central,,Regis University (Colorado),Rocky Mountain Athletic Conference,yes,"NCAA 2024-25 DII XC Pre-Championships Manual, Appendix A (sport sponsorship)"
DII,M,South Central,,South Dakota School of Mines & Technology,Rocky Mountain Athletic Conference,yes,"NCAA 2024-25 DII XC Pre-Championships Manual, Appendix A (sport sponsorship)"
DII,F,South Central,,South Dakota School of Mines & Technology,Rocky Mountain Athletic Conference,yes,"NCAA 2024-25 DII XC Pre-Championships Manual, Appendix A (sport sponsorship)"
DII,M,South Central,,Western Colorado University,Rocky Mountain Athletic Conference,yes,"NCAA 2024-25 DII XC Pre-Championships Manual, Appendix A (sport sponsorship)"
DII,F,South Central,,Western Colorado University,Rocky Mountain Athletic Conference,yes,"NCAA 2024-25 DII XC Pre-Championships Manual, Appendix A (sport sponsorship)"
DII,M,South Central,,Westminster College (Utah),Rocky Mountain Athletic Conference,yes,"NCAA 2024-25 DII XC Pre-Championships Manual, Appendix A (sport sponsorship)"
DII,F,South Central,,Westminster College (Utah),Rocky Mountain Athletic Conference,yes,"NCAA 2024-25 DII XC Pre-Championships Manual, Appendix A (sport sponsorship)"
DII,M,South,,University of Alabama in Huntsville,Gulf South Conference,yes,"NCAA 2024-25 DII XC Pre-Championships Manual, Appendix A (sport sponsorship)"
DII,F,South,,University of Alabama in Huntsville,Gulf South Conference,yes,"NCAA 2024-25 DII XC Pre-Championships Manual, Appendix A (sport sponsorship)"
DII,M,South,,Auburn University at Montgomery,Gulf South Conference,yes,"NCAA 2024-25 DII XC Pre-Championships Manual, Appendix A (sport sponsorship)"
DII,F,South,,Auburn University at Montgomery,Gulf South Conference,yes,"NCAA 2024-25 DII XC Pre-Championships Manual, Appendix A (sport sponsorship)"
DII,M,South,,Christian Brothers University,Gulf South Conference,yes,"NCAA 2024-25 DII XC Pre-Championships Manual, Appendix A (sport sponsorship)"
DII,F,South,,Christian Brothers University,Gulf South Conference,yes,"NCAA 2024-25 DII XC Pre-Championships Manual, Appendix A (sport sponsorship)"
DII,F,South,,Delta State University,Gulf South Conference,yes,"NCAA 2024-25 DII XC Pre-Championships Manual, Appendix A (sport sponsorship)"
DII,M,South,,Lee University,Gulf South Conference,yes,"NCAA 2024-25 DII XC Pre-Championships Manual, Appendix A (sport sponsorship)"
DII,F,South,,Lee University,Gulf South Conference,yes,"NCAA 2024-25 DII XC Pre-Championships Manual, Appendix A (sport sponsorship)"
DII,M,South,,Mississippi College,Gulf South Conference,yes,"NCAA 2024-25 DII XC Pre-Championships Manual, Appendix A (sport sponsorship)"
DII,F,South,,Mississippi College,Gulf South Conference,yes,"NCAA 2024-25 DII XC Pre-Championships Manual, Appendix A (sport sponsorship)"
DII,M,South,,University of Montevallo,Gulf South Conference,yes,"NCAA 2024-25 DII XC Pre-Championships Manual, Appendix A (sport sponsorship)"
DII,F,South,,University of Montevallo,Gulf South Conference,yes,"NCAA 2024-25 DII XC Pre-Championships Manual, Appendix A (sport sponsorship)"
DII,M,South,,Shorter University,Gulf South Conference,yes,"NCAA 2024-25 DII XC Pre-Championships Manual, Appendix A (sport sponsorship)"
DII,F,South,,Shorter University,Gulf South Conference,yes,"NCAA 2024-25 DII XC Pre-Championships Manual, Appendix A (sport sponsorship)"
DII,M,South,,Trevecca Nazarene University,Gulf South Conference,yes,"NCAA 2024-25 DII XC Pre-Championships Manual, Appendix A (sport sponsorship)"
DII,F,South,,Trevecca Nazarene University,Gulf South Conference,yes,"NCAA 2024-25 DII XC Pre-Championships Manual, Appendix A (sport sponsorship)"
DII,M,South,,Union University,Gulf South Conference,yes,"NCAA 2024-25 DII XC Pre-Championships Manual, Appendix A (sport sponsorship)"
DII,F,South,,Union University,Gulf South Conference,yes,"NCAA 2024-25 DII XC Pre-Championships Manual, Appendix A (sport sponsorship)"
DII,M,South,,Valdosta State University,Gulf South Conference,yes,"NCAA 2024-25 DII XC Pre-Championships Manual, Appendix A (sport sponsorship)"
DII,F,South,,Valdosta State University,Gulf South Conference,yes,"NCAA 2024-25 DII XC Pre-Championships Manual, Appendix A (sport sponsorship)"
DII,M,South,,University of West Alabama,Gulf South Conference,yes,"NCAA 2024-25 DII XC Pre-Championships Manual, Appendix A (sport sponsorship)"
DII,F,South,,University of West Alabama,Gulf South Conference,yes,"NCAA 2024-25 DII XC Pre-Championships Manual, Appendix A (sport sponsorship)"
DII,M,South,,University of West Florida,Gulf South Conference,yes,"NCAA 2024-25 DII XC Pre-Championships Manual, Appendix A (sport sponsorship)"
DII,F,South,,University of West Florida,Gulf South Conference,yes,"NCAA 2024-25 DII XC Pre-Championships Manual, Appendix A (sport sponsorship)"
DII,F,South,,Albany State University (Georgia),Southern Intercollegiate Athletic Conference,yes,"NCAA 2024-25 DII XC Pre-Championships Manual, Appendix A (sport sponsorship)"
DII,M,South,,Allen University,Southern Intercollegiate Athletic Conference,yes,"NCAA 2024-25 DII XC Pre-Championships Manual, Appendix A (sport sponsorship)"
DII,F,South,,Allen University,Southern Intercollegiate Athletic Conference,yes,"NCAA 2024-25 DII XC Pre-Championships Manual, Appendix A (sport sponsorship)"
DII,M,South,,Benedict College,Southern Intercollegiate Athletic Conference,yes,"NCAA 2024-25 DII XC Pre-Championships Manual, Appendix A (sport sponsorship)"
DII,F,South,,Benedict College,Southern Intercollegiate Athletic Conference,yes,"NCAA 2024-25 DII XC Pre-Championships Manual, Appendix A (sport sponsorship)"
DII,M,South,,Central State University,Southern Intercollegiate Athletic Conference,yes,"NCAA 2024-25 DII XC Pre-Championships Manual, Appendix A (sport sponsorship)"
DII,F,South,,Central State University,Southern Intercollegiate Athletic Conference,yes,"NCAA 2024-25 DII XC Pre-Championships Manual, Appendix A (sport sponsorship)"
DII,M,South,,Clark Atlanta University,Southern Intercollegiate Athletic Conference,yes,"NCAA 2024-25 DII XC Pre-Championships Manual, Appendix A (sport sponsorship)"
DII,F,South,,Clark Atlanta University,Southern Intercollegiate Athletic Conference,yes,"NCAA 2024-25 DII XC Pre-Championships Manual, Appendix A (sport sponsorship)"
DII,M,South,,Edward Waters University,Southern Intercollegiate Athletic Conference,yes,"NCAA 2024-25 DII XC Pre-Championships Manual, Appendix A (sport sponsorship)"
DII,F,South,,Edward Waters University,Southern Intercollegiate Athletic Conference,yes,"NCAA 2024-25 DII XC Pre-Championships Manual, Appendix A (sport sponsorship)"
DII,M,South,,Fort Valley State University,Southern Intercollegiate Athletic Conference,yes,"NCAA 2024-25 DII XC Pre-Championships Manual, Appendix A (sport sponsorship)"
DII,F,South,,Fort Valley State University,Southern Intercollegiate Athletic Conference,yes,"NCAA 2024-25 DII XC Pre-Championships Manual, Appendix A (sport sponsorship)"
DII,M,South,,Kentucky State University,Southern Intercollegiate Athletic Conference,yes,"NCAA 2024-25 DII XC Pre-Championships Manual, Appendix A (sport sponsorship)"
DII,F,South,,Kentucky State University,Southern Intercollegiate Athletic Conference,yes,"NCAA 2024-25 DII XC Pre-Championships Manual, Appendix A (sport sponsorship)"
DII,M,South,,Lane College,Southern Intercollegiate Athletic Conference,yes,"NCAA 2024-25 DII XC Pre-Championships Manual, Appendix A (sport sponsorship)"
DII,F,South,,Lane College,Southern Intercollegiate Athletic Conference,yes,"NCAA 2024-25 DII XC Pre-Championships Manual, Appendix A (sport sponsorship)"
DII,M,South,,LeMoyne-Owen College,Southern Intercollegiate Athletic Conference,yes,"NCAA 2024-25 DII XC Pre-Championships Manual, Appendix A (sport sponsorship)"
DII,F,South,,LeMoyne-Owen College,Southern Intercollegiate Athletic Conference,yes,"NCAA 2024-25 DII XC Pre-Championships Manual, Appendix A (sport sponsorship)"
DII,M,South,,Miles College,Southern Intercollegiate Athletic Conference,yes,"NCAA 2024-25 DII XC Pre-Championships Manual, Appendix A (sport sponsorship)"
DII,F,South,,Miles College,Southern Intercollegiate Athletic Conference,yes,"NCAA 2024-25 DII XC Pre-Championships Manual, Appendix A (sport sponsorship)"
DII,M,South,,Morehouse College,Southern Intercollegiate Athletic Conference,yes,"NCAA 2024-25 DII XC Pre-Championships Manual, Appendix A (sport sponsorship)"
DII,M,South,,Savannah State University,Southern Intercollegiate Athletic Conference,yes,"NCAA 2024-25 DII XC Pre-Championships Manual, Appendix A (sport sponsorship)"
DII,F,South,,Savannah State University,Southern Intercollegiate Athletic Conference,yes,"NCAA 2024-25 DII XC Pre-Championships Manual, Appendix A (sport sponsorship)"
DII,M,South,,Spring Hill College,Southern Intercollegiate Athletic Conference,yes,"NCAA 2024-25 DII XC Pre-Championships Manual, Appendix A (sport sponsorship)"
DII,F,South,,Spring Hill College,Southern Intercollegiate Athletic Conference,yes,"NCAA 2024-25 DII XC Pre-Championships Manual, Appendix A (sport sponsorship)"
DII,M,South,,Tuskegee University,Southern Intercollegiate Athletic Conference,yes,"NCAA 2024-25 DII XC Pre-Championships Manual, Appendix A (sport sponsorship)"
DII,F,South,,Tuskegee University,Southern Intercollegiate Athletic Conference,yes,"NCAA 2024-25 DII XC Pre-Championships Manual, Appendix A (sport sponsorship)"
DII,M,South,,Barry University,Sunshine State Conference,yes,"NCAA 2024-25 DII XC Pre-Championships Manual, Appendix A (sport sponsorship)"
DII,F,South,,Barry University,Sunshine State Conference,yes,"NCAA 2024-25 DII XC Pre-Championships Manual, Appendix A (sport sponsorship)"
DII,M,South,,Embry-Riddle Aeronautical University (Florida),Sunshine State Conference,yes,"NCAA 2024-25 DII XC Pre-Championships Manual, Appendix A (sport sponsorship)"
DII,F,South,,Embry-Riddle Aeronautical University (Florida),Sunshine State Conference,yes,"NCAA 2024-25 DII XC Pre-Championships Manual, Appendix A (sport sponsorship)"
DII,M,South,,Florida Institute of Technology,Sunshine State Conference,yes,"NCAA 2024-25 DII XC Pre-Championships Manual, Appendix A (sport sponsorship)"
DII,M,South,,Florida Southern College,Sunshine State Conference,yes,"NCAA 2024-25 DII XC Pre-Championships Manual, Appendix A (sport sponsorship)"
DII,F,South,,Florida Southern College,Sunshine State Conference,yes,"NCAA 2024-25 DII XC Pre-Championships Manual, Appendix A (sport sponsorship)"
DII,M,South,,Lynn University,Sunshine State Conference,yes,"NCAA 2024-25 DII XC Pre-Championships Manual, Appendix A (sport sponsorship)"
DII,F,South,,Lynn University,Sunshine State Conference,yes,"NCAA 2024-25 DII XC Pre-Championships Manual, Appendix A (sport sponsorship)"
DII,M,South,,Nova Southeastern University,Sunshine State Conference,yes,"NCAA 2024-25 DII XC Pre-Championships Manual, Appendix A (sport sponsorship)"
DII,F,South,,Nova Southeastern University,Sunshine State Conference,yes,"NCAA 2024-25 DII XC Pre-Championships Manual, Appendix A (sport sponsorship)"
DII,M,South,,Palm Beach Atlantic University,Sunshine State Conference,yes,"NCAA 2024-25 DII XC Pre-Championships Manual, Appendix A (sport sponsorship)"
DII,F,South,,Palm Beach Atlantic University,Sunshine State Conference,yes,"NCAA 2024-25 DII XC Pre-Championships Manual, Appendix A (sport sponsorship)"
DII,F,South,,Saint Leo University,Sunshine State Conference,yes,"NCAA 2024-25 DII XC Pre-Championships Manual, Appendix A (sport sponsorship)"
DII,M,South,,University of Tampa,Sunshine State Conference,yes,"NCAA 2024-25 DII XC Pre-Championships Manual, Appendix A (sport sponsorship)"
DII,F,South,,University of Tampa,Sunshine State Conference,yes,"NCAA 2024-25 DII XC Pre-Championships Manual, Appendix A (sport sponsorship)"
DII,M,South,,"University of Puerto Rico, Bayamon",Independent,yes,"NCAA 2024-25 DII XC Pre-Championships Manual, Appendix A (sport sponsorship)"
DII,F,South,,"University of Puerto Rico, Bayamon",Independent,yes,"NCAA 2024-25 DII XC Pre-Championships Manual, Appendix A (sport sponsorship)"
DII,M,South,,"University of Puerto Rico, Rio Piedras",Independent,yes,"NCAA 2024-25 DII XC Pre-Championships Manual, Appendix A (sport sponsorship)"
DII,F,South,,"University of Puerto Rico, Rio Piedras",Independent,yes,"NCAA 2024-25 DII XC Pre-Championships Manual, Appendix A (sport sponsorship)"
DII,M,Southeast,,Barton College,Conference Carolinas,yes,"NCAA 2024-25 DII XC Pre-Championships Manual, Appendix A (sport sponsorship)"
DII,F,Southeast,,Barton College,Conference Carolinas,yes,"NCAA 2024-25 DII XC Pre-Championships Manual, Appendix A (sport sponsorship)"
DII,M,Southeast,,Belmont Abbey College,Conference Carolinas,yes,"NCAA 2024-25 DII XC Pre-Championships Manual, Appendix A (sport sponsorship)"
DII,F,Southeast,,Belmont Abbey College,Conference Carolinas,yes,"NCAA 2024-25 DII XC Pre-Championships Manual, Appendix A (sport sponsorship)"
DII,M,Southeast,,Chowan University,Conference Carolinas,yes,"NCAA 2024-25 DII XC Pre-Championships Manual, Appendix A (sport sponsorship)"
DII,F,Southeast,,Chowan University,Conference Carolinas,yes,"NCAA 2024-25 DII XC Pre-Championships Manual, Appendix A (sport sponsorship)"
DII,M,Southeast,,Converse University,Conference Carolinas,yes,"NCAA 2024-25 DII XC Pre-Championships Manual, Appendix A (sport sponsorship)"
DII,F,Southeast,,Converse University,Conference Carolinas,yes,"NCAA 2024-25 DII XC Pre-Championships Manual, Appendix A (sport sponsorship)"
DII,M,Southeast,,Emmanuel University (Georgia),Conference Carolinas,yes,"NCAA 2024-25 DII XC Pre-Championships Manual, Appendix A (sport sponsorship)"
DII,F,Southeast,,Emmanuel University (Georgia),Conference Carolinas,yes,"NCAA 2024-25 DII XC Pre-Championships Manual, Appendix A (sport sponsorship)"
DII,M,Southeast,,Erskine College,Conference Carolinas,yes,"NCAA 2024-25 DII XC Pre-Championships Manual, Appendix A (sport sponsorship)"
DII,F,Southeast,,Erskine College,Conference Carolinas,yes,"NCAA 2024-25 DII XC Pre-Championships Manual, Appendix A (sport sponsorship)"
DII,M,Southeast,,Francis Marion University,Conference Carolinas,yes,"NCAA 2024-25 DII XC Pre-Championships Manual, Appendix A (sport sponsorship)"
DII,F,Southeast,,Francis Marion University,Conference Carolinas,yes,"NCAA 2024-25 DII XC Pre-Championships Manual, Appendix A (sport sponsorship)"
DII,M,Southeast,,King University,Conference Carolinas,yes,"NCAA 2024-25 DII XC Pre-Championships Manual, Appendix A (sport sponsorship)"
DII,F,Southeast,,King University,Conference Carolinas,yes,"NCAA 2024-25 DII XC Pre-Championships Manual, Appendix A (sport sponsorship)"
DII,M,Southeast,,Lees-McRae College,Conference Carolinas,yes,"NCAA 2024-25 DII XC Pre-Championships Manual, Appendix A (sport sponsorship)"
DII,F,Southeast,,Lees-McRae College,Conference Carolinas,yes,"NCAA 2024-25 DII XC Pre-Championships Manual, Appendix A (sport sponsorship)"
DII,M,Southeast,,University of Mount Olive,Conference Carolinas,yes,"NCAA 2024-25 DII XC Pre-Championships Manual, Appendix A (sport sponsorship)"
DII,F,Southeast,,University of Mount Olive,Conference Carolinas,yes,"NCAA 2024-25 DII XC Pre-Championships Manual, Appendix A (sport sponsorship)"
DII,M,Southeast,,University of North Carolina at Pembroke,Conference Carolinas,yes,"NCAA 2024-25 DII XC Pre-Championships Manual, Appendix A (sport sponsorship)"
DII,F,Southeast,,University of North Carolina at Pembroke,Conference Carolinas,yes,"NCAA 2024-25 DII XC Pre-Championships Manual, Appendix A (sport sponsorship)"
DII,M,Southeast,,North Greenville University,Conference Carolinas,yes,"NCAA 2024-25 DII XC Pre-Championships Manual, Appendix A (sport sponsorship)"
DII,F,Southeast,,North Greenville University,Conference Carolinas,yes,"NCAA 2024-25 DII XC Pre-Championships Manual, Appendix A (sport sponsorship)"
DII,M,Southeast,,Shorter University,Conference Carolinas,yes,"NCAA 2024-25 DII XC Pre-Championships Manual, Appendix A (sport sponsorship)"
DII,F,Southeast,,Shorter University,Conference Carolinas,yes,"NCAA 2024-25 DII XC Pre-Championships Manual, Appendix A (sport sponsorship)"
DII,M,Southeast,,Southern Wesleyan University,Conference Carolinas,yes,"NCAA 2024-25 DII XC Pre-Championships Manual, Appendix A (sport sponsorship)"
DII,F,Southeast,,Southern Wesleyan University,Conference Carolinas,yes,"NCAA 2024-25 DII XC Pre-Championships Manual, Appendix A (sport sponsorship)"
DII,M,Southeast,,Young Harris College,Conference Carolinas,yes,"NCAA 2024-25 DII XC Pre-Championships Manual, Appendix A (sport sponsorship)"
DII,F,Southeast,,Young Harris College,Conference Carolinas,yes,"NCAA 2024-25 DII XC Pre-Championships Manual, Appendix A (sport sponsorship)"
DII,M,Southeast,,Augusta University,Peach Belt Conference,yes,"NCAA 2024-25 DII XC Pre-Championships Manual, Appendix A (sport sponsorship)"
DII,F,Southeast,,Augusta University,Peach Belt Conference,yes,"NCAA 2024-25 DII XC Pre-Championships Manual, Appendix A (sport sponsorship)"
DII,M,Southeast,,Clayton State University,Peach Belt Conference,yes,"NCAA 2024-25 DII XC Pre-Championships Manual, Appendix A (sport sponsorship)"
DII,F,Southeast,,Clayton State University,Peach Belt Conference,yes,"NCAA 2024-25 DII XC Pre-Championships Manual, Appendix A (sport sponsorship)"
DII,M,Southeast,,Columbus State University,Peach Belt Conference,yes,"NCAA 2024-25 DII XC Pre-Championships Manual, Appendix A (sport sponsorship)"
DII,F,Southeast,,Columbus State University,Peach Belt Conference,yes,"NCAA 2024-25 DII XC Pre-Championships Manual, Appendix A (sport sponsorship)"
DII,M,Southeast,,Flagler College,Peach Belt Conference,yes,"NCAA 2024-25 DII XC Pre-Championships Manual, Appendix A (sport sponsorship)"
DII,F,Southeast,,Flagler College,Peach Belt Conference,yes,"NCAA 2024-25 DII XC Pre-Championships Manual, Appendix A (sport sponsorship)"
DII,M,Southeast,,Georgia College,Peach Belt Conference,yes,"NCAA 2024-25 DII XC Pre-Championships Manual, Appendix A (sport sponsorship)"
DII,F,Southeast,,Georgia College,Peach Belt Conference,yes,"NCAA 2024-25 DII XC Pre-Championships Manual, Appendix A (sport sponsorship)"
DII,M,Southeast,,Georgia Southwestern State University,Peach Belt Conference,yes,"NCAA 2024-25 DII XC Pre-Championships Manual, Appendix A (sport sponsorship)"
DII,F,Southeast,,Georgia Southwestern State University,Peach Belt Conference,yes,"NCAA 2024-25 DII XC Pre-Championships Manual, Appendix A (sport sponsorship)"
DII,M,Southeast,,Lander University,Peach Belt Conference,yes,"NCAA 2024-25 DII XC Pre-Championships Manual, Appendix A (sport sponsorship)"
DII,F,Southeast,,Lander University,Peach Belt Conference,yes,"NCAA 2024-25 DII XC Pre-Championships Manual, Appendix A (sport sponsorship)"
DII,F,Southeast,,University of North Georgia,Peach Belt Conference,yes,"NCAA 2024-25 DII XC Pre-Championships Manual, Appendix A (sport sponsorship)"
DII,M,Southeast,,University of South Carolina Aiken,Peach Belt Conference,yes,"NCAA 2024-25 DII XC Pre-Championships Manual, Appendix A (sport sponsorship)"
DII,F,Southeast,,University of South Carolina Aiken,Peach Belt Conference,yes,"NCAA 2024-25 DII XC Pre-Championships Manual, Appendix A (sport sponsorship)"
DII,M,Southeast,,University of South Carolina Beaufort,Peach Belt Conference,no,"NCAA 2024-25 DII XC Pre-Championships Manual, Appendix A (sport sponsorship)"
DII,F,Southeast,,University of South Carolina Beaufort,Peach Belt Conference,no,"NCAA 2024-25 DII XC Pre-Championships Manual, Appendix A (sport sponsorship)"
DII,M,Southeast,,Anderson University (South Carolina),South Atlantic Conference,yes,"NCAA 2024-25 DII XC Pre-Championships Manual, Appendix A (sport sponsorship)"
DII,F,Southeast,,Anderson University (South Carolina),South Atlantic Conference,yes,"NCAA 2024-25 DII XC Pre-Championships Manual, Appendix A (sport sponsorship)"
DII,M,Southeast,,Carson-Newman University,South Atlantic Conference,yes,"NCAA 2024-25 DII XC Pre-Championships Manual, Appendix A (sport sponsorship)"
DII,F,Southeast,,Carson-Newman University,South Atlantic Conference,yes,"NCAA 2024-25 DII XC Pre-Championships Manual, Appendix A (sport sponsorship)"
DII,M,Southeast,,Catawba College,South Atlantic Conference,yes,"NCAA 2024-25 DII XC Pre-Championships Manual, Appendix A (sport sponsorship)"
DII,F,Southeast,,Catawba College,South Atlantic Conference,yes,"NCAA 2024-25 DII XC Pre-Championships Manual, Appendix A (sport sponsorship)"
DII,M,Southeast,,Coker University,South Atlantic Conference,yes,"NCAA 2024-25 DII XC Pre-Championships Manual, Appendix A (sport sponsorship)"
DII,F,Southeast,,Coker University,South Atlantic Conference,yes,"NCAA 2024-25 DII XC Pre-Championships Manual, Appendix A (sport sponsorship)"
DII,M,Southeast,,Emory & Henry College,South Atlantic Conference,yes,"NCAA 2024-25 DII XC Pre-Championships Manual, Appendix A (sport sponsorship)"
DII,F,Southeast,,Emory & Henry College,South Atlantic Conference,yes,"NCAA 2024-25 DII XC Pre-Championships Manual, Appendix A (sport sponsorship)"
DII,M,Southeast,,Lenoir-Rhyne University,South Atlantic Conference,yes,"NCAA 2024-25 DII XC Pre-Championships Manual, Appendix A (sport sponsorship)"
DII,F,Southeast,,Lenoir-Rhyne University,South Atlantic Conference,yes,"NCAA 2024-25 DII XC Pre-Championships Manual, Appendix A (sport sponsorship)"
DII,M,Southeast,,Limestone University,South Atlantic Conference,yes,"NCAA 2024-25 DII XC Pre-Championships Manual, Appendix A (sport sponsorship)"
DII,F,Southeast,,Limestone University,South Atlantic Conference,yes,"NCAA 2024-25 DII XC Pre-Championships Manual, Appendix A (sport sponsorship)"
DII,M,Southeast,,Lincoln Memorial University,South Atlantic Conference,yes,"NCAA 2024-25 DII XC Pre-Championships Manual, Appendix A (sport sponsorship)"
DII,F,Southeast,,Lincoln Memorial University,South Atlantic Conference,yes,"NCAA 2024-25 DII XC Pre-Championships Manual, Appendix A (sport sponsorship)"
DII,M,Southeast,,Mars Hill University,South Atlantic Conference,yes,"NCAA 2024-25 DII XC Pre-Championships Manual, Appendix A (sport sponsorship)"
DII,F,Southeast,,Mars Hill University,South Atlantic Conference,yes,"NCAA 2024-25 DII XC Pre-Championships Manual, Appendix A (sport sponsorship)"
DII,M,Southeast,,Newberry College,South Atlantic Conference,yes,"NCAA 2024-25 DII XC Pre-Championships Manual, Appendix A (sport sponsorship)"
DII,F,Southeast,,Newberry College,South Atlantic Conference,yes,"NCAA 2024-25 DII XC Pre-Championships Manual, Appendix A (sport sponsorship)"
DII,M,Southeast,,Tusculum University,South Atlantic Conference,yes,"NCAA 2024-25 DII XC Pre-Championships Manual, Appendix A (sport sponsorship)"
DII,F,Southeast,,Tusculum University,South Atlantic Conference,yes,"NCAA 2024-25 DII XC Pre-Championships Manual, Appendix A (sport sponsorship)"
DII,M,Southeast,,University of Virginia’s College at Wise,South Atlantic Conference,yes,"NCAA 2024-25 DII XC Pre-Championships Manual, Appendix A (sport sponsorship)"
DII,F,Southeast,,University of Virginia’s College at Wise,South Atlantic Conference,yes,"NCAA 2024-25 DII XC Pre-Championships Manual, Appendix A (sport sponsorship)"
DII,M,Southeast,,Wingate University,South Atlantic Conference,yes,"NCAA 2024-25 DII XC Pre-Championships Manual, Appendix A (sport sponsorship)"
DII,F,Southeast,,Wingate University,South Atlantic Conference,yes,"NCAA 2024-25 DII XC Pre-Championships Manual, Appendix A (sport sponsorship)"
DII,M,West,,"California State Polytechnic University, Humboldt",California Collegiate Athletic Association,yes,"NCAA 2024-25 DII XC Pre-Championships Manual, Appendix A (sport sponsorship)"
DII,F,West,,"California State Polytechnic University, Humboldt",California Collegiate Athletic Association,yes,"NCAA 2024-25 DII XC Pre-Championships Manual, Appendix A (sport sponsorship)"
DII,M,West,,"California State Polytechnic University, Pomona",California Collegiate Athletic Association,yes,"NCAA 2024-25 DII XC Pre-Championships Manual, Appendix A (sport sponsorship)"
DII,F,West,,"California State Polytechnic University, Pomona",California Collegiate Athletic Association,yes,"NCAA 2024-25 DII XC Pre-Championships Manual, Appendix A (sport sponsorship)"
DII,M,West,,"California State University, Chico",California Collegiate Athletic Association,yes,"NCAA 2024-25 DII XC Pre-Championships Manual, Appendix A (sport sponsorship)"
DII,F,West,,"California State University, Chico",California Collegiate Athletic Association,yes,"NCAA 2024-25 DII XC Pre-Championships Manual, Appendix A (sport sponsorship)"
DII,M,West,,"California State University, East Bay",California Collegiate Athletic Association,yes,"NCAA 2024-25 DII XC Pre-Championships Manual, Appendix A (sport sponsorship)"
DII,F,West,,"California State University, East Bay",California Collegiate Athletic Association,yes,"NCAA 2024-25 DII XC Pre-Championships Manual, Appendix A (sport sponsorship)"
DII,M,West,,"California State University, Los Angeles",California Collegiate Athletic Association,yes,"NCAA 2024-25 DII XC Pre-Championships Manual, Appendix A (sport sponsorship)"
DII,F,West,,"California State University, Los Angeles",California Collegiate Athletic Association,yes,"NCAA 2024-25 DII XC Pre-Championships Manual, Appendix A (sport sponsorship)"
DII,M,West,,"California State University, Monterey Bay",California Collegiate Athletic Association,yes,"NCAA 2024-25 DII XC Pre-Championships Manual, Appendix A (sport sponsorship)"
DII,F,West,,"California State University, Monterey Bay",California Collegiate Athletic Association,yes,"NCAA 2024-25 DII XC Pre-Championships Manual, Appendix A (sport sponsorship)"
DII,F,West,,"California State University, San Bernardino",California Collegiate Athletic Association,yes,"NCAA 2024-25 DII XC Pre-Championships Manual, Appendix A (sport sponsorship)"
DII,M,West,,"California State University, San Marcos",California Collegiate Athletic Association,yes,"NCAA 2024-25 DII XC Pre-Championships Manual, Appendix A (sport sponsorship)"
DII,F,West,,"California State University, San Marcos",California Collegiate Athletic Association,yes,"NCAA 2024-25 DII XC Pre-Championships Manual, Appendix A (sport sponsorship)"
DII,M,West,,"California State University, Stanislaus",California Collegiate Athletic Association,yes,"NCAA 2024-25 DII XC Pre-Championships Manual, Appendix A (sport sponsorship)"
DII,F,West,,"California State University, Stanislaus",California Collegiate Athletic Association,yes,"NCAA 2024-25 DII XC Pre-Championships Manual, Appendix A (sport sponsorship)"
DII,M,West,,"University of California, Merced",California Collegiate Athletic Association,no,"NCAA 2024-25 DII XC Pre-Championships Manual, Appendix A (sport sponsorship)"
DII,F,West,,"University of California, Merced",California Collegiate Athletic Association,no,"NCAA 2024-25 DII XC Pre-Championships Manual, Appendix A (sport sponsorship)"
DII,M,West,,San Francisco State University,California Collegiate Athletic Association,yes,"NCAA 2024-25 DII XC Pre-Championships Manual, Appendix A (sport sponsorship)"
DII,F,West,,San Francisco State University,California Collegiate Athletic Association,yes,"NCAA 2024-25 DII XC Pre-Championships Manual, Appendix A (sport sponsorship)"
DII,F,West,,Sonoma State University,California Collegiate Athletic Association,yes,"NCAA 2024-25 DII XC Pre-Championships Manual, Appendix A (sport sponsorship)"
DII,M,West,,University of Alaska Anchorage,Great Northwest Athletic Conference,yes,"NCAA 2024-25 DII XC Pre-Championships Manual, Appendix A (sport sponsorship)"
DII,F,West,,University of Alaska Anchorage,Great Northwest Athletic Conference,yes,"NCAA 2024-25 DII XC Pre-Championships Manual, Appendix A (sport sponsorship)"
DII,M,West,,University of Alaska Fairbanks,Great Northwest Athletic Conference,yes,"NCAA 2024-25 DII XC Pre-Championships Manual, Appendix A (sport sponsorship)"
DII,F,West,,University of Alaska Fairbanks,Great Northwest Athletic Conference,yes,"NCAA 2024-25 DII XC Pre-Championships Manual, Appendix A (sport sponsorship)"
DII,M,West,,Central Washington University,Great Northwest Athletic Conference,yes,"NCAA 2024-25 DII XC Pre-Championships Manual, Appendix A (sport sponsorship)"
DII,F,West,,Central Washington University,Great Northwest Athletic Conference,yes,"NCAA 2024-25 DII XC Pre-Championships Manual, Appendix A (sport sponsorship)"
DII,M,West,,Montana State University Billings,Great Northwest Athletic Conference,yes,"NCAA 2024-25 DII XC Pre-Championships Manual, Appendix A (sport sponsorship)"
DII,F,West,,Montana State University Billings,Great Northwest Athletic Conference,yes,"NCAA 2024-25 DII XC Pre-Championships Manual, Appendix A (sport sponsorship)"
DII,M,West,,Northwest Nazarene University,Great Northwest Athletic Conference,yes,"NCAA 2024-25 DII XC Pre-Championships Manual, Appendix A (sport sponsorship)"
DII,F,West,,Northwest Nazarene University,Great Northwest Athletic Conference,yes,"NCAA 2024-25 DII XC Pre-Championships Manual, Appendix A (sport sponsorship)"
DII,M,West,,Saint Martin’s University,Great Northwest Athletic Conference,yes,"NCAA 2024-25 DII XC Pre-Championships Manual, Appendix A (sport sponsorship)"
DII,F,West,,Saint Martin’s University,Great Northwest Athletic Conference,yes,"NCAA 2024-25 DII XC Pre-Championships Manual, Appendix A (sport sponsorship)"
DII,M,West,,Seattle Pacific University,Great Northwest Athletic Conference,yes,"NCAA 2024-25 DII XC Pre-Championships Manual, Appendix A (sport sponsorship)"
DII,F,West,,Seattle Pacific University,Great Northwest Athletic Conference,yes,"NCAA 2024-25 DII XC Pre-Championships Manual, Appendix A (sport sponsorship)"
DII,M,West,,Simon Fraser University,Great Northwest Athletic Conference,yes,"NCAA 2024-25 DII XC Pre-Championships Manual, Appendix A (sport sponsorship)"
DII,F,West,,Simon Fraser University,Great Northwest Athletic Conference,yes,"NCAA 2024-25 DII XC Pre-Championships Manual, Appendix A (sport sponsorship)"
DII,M,West,,Western Oregon University,Great Northwest Athletic Conference,yes,"NCAA 2024-25 DII XC Pre-Championships Manual, Appendix A (sport sponsorship)"
DII,F,West,,Western Oregon University,Great Northwest Athletic Conference,yes,"NCAA 2024-25 DII XC Pre-Championships Manual, Appendix A (sport sponsorship)"
DII,M,West,,Western Washington University,Great Northwest Athletic Conference,yes,"NCAA 2024-25 DII XC Pre-Championships Manual, Appendix A (sport sponsorship)"
DII,F,West,,Western Washington University,Great Northwest Athletic Conference,yes,"NCAA 2024-25 DII XC Pre-Championships Manual, Appendix A (sport sponsorship)"
DII,M,West,,Academy of Art University,Pacific West Conference,yes,"NCAA 2024-25 DII XC Pre-Championships Manual, Appendix A (sport sponsorship)"
DII,F,West,,Academy of Art University,Pacific West Conference,yes,"NCAA 2024-25 DII XC Pre-Championships Manual, Appendix A (sport sponsorship)"
DII,M,West,,Azusa Pacific University,Pacific West Conference,yes,"NCAA 2024-25 DII XC Pre-Championships Manual, Appendix A (sport sponsorship)"
DII,F,West,,Azusa Pacific University,Pacific West Conference,yes,"NCAA 2024-25 DII XC Pre-Championships Manual, Appendix A (sport sponsorship)"
DII,M,West,,Biola University,Pacific West Conference,yes,"NCAA 2024-25 DII XC Pre-Championships Manual, Appendix A (sport sponsorship)"
DII,F,West,,Biola University,Pacific West Conference,yes,"NCAA 2024-25 DII XC Pre-Championships Manual, Appendix A (sport sponsorship)"
DII,M,West,,Chaminade University,Pacific West Conference,yes,"NCAA 2024-25 DII XC Pre-Championships Manual, Appendix A (sport sponsorship)"
DII,F,West,,Chaminade University,Pacific West Conference,yes,"NCAA 2024-25 DII XC Pre-Championships Manual, Appendix A (sport sponsorship)"
DII,M,West,,Concordia University Irvine,Pacific West Conference,yes,"NCAA 2024-25 DII XC Pre-Championships Manual, Appendix A (sport sponsorship)"
DII,F,West,,Concordia University Irvine,Pacific West Conference,yes,"NCAA 2024-25 DII XC Pre-Championships Manual, Appendix A (sport sponsorship)"
DII,M,West,,Dominican University of California,Pacific West Conference,yes,"NCAA 2024-25 DII XC Pre-Championships Manual, Appendix A (sport sponsorship)"
DII,F,West,,Dominican University of California,Pacific West Conference,yes,"NCAA 2024-25 DII XC Pre-Championships Manual, Appendix A (sport sponsorship)"
DII,M,West,,Fresno Pacific University,Pacific West Conference,yes,"NCAA 2024-25 DII XC Pre-Championships Manual, Appendix A (sport sponsorship)"
DII,F,West,,Fresno Pacific University,Pacific West Conference,yes,"NCAA 2024-25 DII XC Pre-Championships Manual, Appendix A (sport sponsorship)"
DII,F,West,,University of Hawaii at Hilo,Pacific West Conference,yes,"NCAA 2024-25 DII XC Pre-Championships Manual, Appendix A (sport sponsorship)"
DII,M,West,,Hawaii Pacific University,Pacific West Conference,yes,"NCAA 2024-25 DII XC Pre-Championships Manual, Appendix A (sport sponsorship)"
DII,F,West,,Hawaii Pacific University,Pacific West Conference,yes,"NCAA 2024-25 DII XC Pre-Championships Manual, Appendix A (sport sponsorship)"
DII,M,West,,Holy Names University,Pacific West Conference,yes,"NCAA 2024-25 DII XC Pre-Championships Manual, Appendix A (sport sponsorship)"
DII,F,West,,Holy Names University,Pacific West Conference,yes,"NCAA 2024-25 DII XC Pre-Championships Manual, Appendix A (sport sponsorship)"
DII,M,West,,Jessup University,Pacific West Conference,no,"NCAA 2024-25 DII XC Pre-Championships Manual, Appendix A (sport sponsorship)"
DII,F,West,,Jessup University,Pacific West Conference,no,"NCAA 2024-25 DII XC Pre-Championships Manual, Appendix A (sport sponsorship)"
DII,F,West,,Point Loma Nazarene University,Pacific West Conference,yes,"NCAA 2024-25 DII XC Pre-Championships Manual, Appendix A (sport sponsorship)"
DII,M,West,,Vanguard University,Pacific West Conference,no,"NCAA 2024-25 DII XC Pre-Championships Manual, Appendix A (sport sponsorship)"
DII,F,West,,Vanguard University,Pacific West Conference,no,"NCAA 2024-25 DII XC Pre-Championships Manual, Appendix A (sport sponsorship)"
DII,M,West,,Westmont College,Pacific West Conference,yes,"NCAA 2024-25 DII XC Pre-Championships Manual, Appendix A (sport sponsorship)"
DII,F,West,,Westmont College,Pacific West Conference,yes,"NCAA 2024-25 DII XC Pre-Championships Manual, Appendix A (sport sponsorship)"
DII,M,West,,NCAA Division II Men’s and Women’s Cross Country,Pacific West Conference,yes,"NCAA 2024-25 DII XC Pre-Championships Manual, Appendix A (sport sponsorship)"
DII,F,West,,NCAA Division II Men’s and Women’s Cross Country,Pacific West Conference,yes,"NCAA 2024-25 DII XC Pre-Championships Manual, Appendix A (sport sponsorship)"
