key,empty,street,city,state,zip,raw,n_meets
__empty__4966,1,,,,,,1
__empty__7321,1,,,,,,1
__empty__7300,1,,,,,,1
__empty__5100,1,,,,,,1
__empty__4525,1,,,,,,1
__empty__4463,1,,,,,,1
__empty__4467,1,,,,,,1
__empty__4427,1,,,,,,1
__empty__4510,1,,,,,,1
__empty__4511,1,,,,,,1
__empty__7607,1,,,,,,1
__empty__3634,1,,,,,,1
__empty__4311,1,,,,,,1
__empty__4307,1,,,,,,1
__empty__4269,1,,,,,,1
__empty__4320,1,,,,,,1
__empty__6818,1,,,,,,1
__empty__6811,1,,,,,,1
__empty__4555,1,,,,,,1
__empty__6883,1,,,,,,1
__empty__6841,1,,,,,,1
__empty__4605,1,,,,,,1
__empty__7302,1,,,,,,1
__empty__4193,1,,,,,,1
__empty__4159,1,,,,,,1
__empty__7658,1,,,,,,1
rowan college gloucester county sewell nj 08080|NJ,0,,Gloucester County Sewell,NJ,08080,"Rowan College @ Gloucester County Sewell, NJ 08080",1
__empty__7381,1,,,,,,1
__empty__5008,1,,,,,,1
__empty__5078,1,,,,,,1
__empty__5186,1,,,,,,1
__empty__5119,1,,,,,,1
__empty__4694,1,,,,,,1
__empty__4703,1,,,,,,1
__empty__4829,1,,,,,,1
__empty__4918,1,,,,,,1
__empty__4181,1,,,,,,1
__empty__4166,1,,,,,,1
__empty__5060,1,,,,,,1
__empty__4196,1,,,,,,1
__empty__4185,1,,,,,,1
__empty__5283,1,,,,,,1
__empty__5313,1,,,,,,1
__empty__4381,1,,,,,,1
__empty__4407,1,,,,,,1
__empty__4305,1,,,,,,1
__empty__7388,1,,,,,,1
__empty__4303,1,,,,,,1
__empty__9681,1,,,,,,1
__empty__4324,1,,,,,,1
__empty__7386,1,,,,,,1
__empty__5314,1,,,,,,1
__empty__5334,1,,,,,,1
__empty__4826,1,,,,,,1
__empty__5164,1,,,,,,1
__empty__5253,1,,,,,,1
__empty__4746,1,,,,,,1
__empty__4821,1,,,,,,1
__empty__5155,1,,,,,,1
__empty__5251,1,,,,,,1
__empty__4740,1,,,,,,1
__empty__4762,1,,,,,,1
__empty__4728,1,,,,,,1
__empty__4635,1,,,,,,1
__empty__4768,1,,,,,,1
__empty__4699,1,,,,,,1
__empty__4688,1,,,,,,1
__empty__4695,1,,,,,,1
__empty__6930,1,,,,,,1
__empty__7063,1,,,,,,1
__empty__4628,1,,,,,,1
__empty__4606,1,,,,,,1
__empty__7039,1,,,,,,1
__empty__7036,1,,,,,,1
__empty__6764,1,,,,,,1
__empty__4637,1,,,,,,1
__empty__4581,1,,,,,,1
__empty__4579,1,,,,,,1
__empty__4607,1,,,,,,1
__empty__4608,1,,,,,,1
__empty__6880,1,,,,,,1
__empty__5242,1,,,,,,1
__empty__6770,1,,,,,,1
__empty__8167,1,,,,,,1
__empty__7296,1,,,,,,1
__empty__7317,1,,,,,,1
univ of st joseph west hartford ct 06117|CT,0,,Univ. of St. Joseph West Hartford,CT,06117,"Univ. of St. Joseph West Hartford, CT 06117",1
__empty__6905,1,,,,,,1
__empty__7034,1,,,,,,1
__empty__9076,1,,,,,,1
__empty__7005,1,,,,,,1
__empty__6925,1,,,,,,1
__empty__6916,1,,,,,,1
__empty__6775,1,,,,,,1
__empty__6750,1,,,,,,1
__empty__7523,1,,,,,,1
__empty__6742,1,,,,,,1
__empty__5277,1,,,,,,1
__empty__5396,1,,,,,,1
__empty__5298,1,,,,,,1
__empty__4464,1,,,,,,1
__empty__4466,1,,,,,,1
__empty__7490,1,,,,,,1
__empty__7527,1,,,,,,1
__empty__7575,1,,,,,,1
__empty__7618,1,,,,,,1
__empty__7530,1,,,,,,1
__empty__7047,1,,,,,,1
__empty__7031,1,,,,,,1
__empty__9209,1,,,,,,1
texas a m international university 5201 university blvd laredo tx 78041|TX,0,5201 University Blvd. Laredo,University Blvd. Laredo,TX,78041,"Texas A&M International University 5201 University Blvd. Laredo, TX 78041",2
mt greylock hs williamstown ma 01267|MA,0,,Mt. Greylock HS Williamstown,MA,01267,"Mt. Greylock HS Williamstown, MA 01267",1
__empty__9211,1,,,,,,1
bethlehem pa 18015|PA,0,,Bethlehem,PA,18015,"Bethlehem, PA 18015",1
magnuson park seattle wa 98115|WA,0,,Magnuson Park Seattle,WA,98115,"Magnuson Park Seattle, WA 98115",1
fort worth tx 76117|TX,0,,Fort Worth,TX,76117,"Fort Worth, TX 76117",1
__empty__7472,1,,,,,,1
moorview soccer complex 23rd st s moorhead mn 56560|MN,0,,rd St S Moorhead,MN,56560,"Moorview Soccer Complex 23rd St S Moorhead, MN 56560",1
__empty__7627,1,,,,,,1
__empty__7622,1,,,,,,1
west texas a m univ canyon tx canyon tx 79016|TX,0,,M Univ. Canyon,TX,79016,"West Texas A&M Univ. Canyon, TX Canyon, TX 79016",1
__empty__4594,1,,,,,,1
__empty__7319,1,,,,,,1
__empty__7303,1,,,,,,1
__empty__4566,1,,,,,,1
__empty__4519,1,,,,,,1
__empty__4276,1,,,,,,1
__empty__3354,1,,,,,,1
__empty__3299,1,,,,,,1
__empty__3221,1,,,,,,1
__empty__3244,1,,,,,,1
__empty__3301,1,,,,,,1
__empty__4182,1,,,,,,1
__empty__5225,1,,,,,,1
__empty__5238,1,,,,,,1
__empty__4977,1,,,,,,1
__empty__5061,1,,,,,,1
__empty__5013,1,,,,,,1
__empty__4333,1,,,,,,1
__empty__7684,1,,,,,,1
kingswood park mason oh 45039|OH,0,,Kingswood Park Mason,OH,45039,"Kingswood Park Mason, OH 45039",1
__empty__5106,1,,,,,,1
__empty__4986,1,,,,,,1
__empty__4598,1,,,,,,1
__empty__3723,1,,,,,,1
__empty__3835,1,,,,,,1
__empty__3768,1,,,,,,1
__empty__7621,1,,,,,,1
__empty__7591,1,,,,,,1
__empty__7596,1,,,,,,1
__empty__7033,1,,,,,,1
__empty__7578,1,,,,,,1
__empty__7582,1,,,,,,1
__empty__7584,1,,,,,,1
__empty__7570,1,,,,,,1
__empty__7579,1,,,,,,1
__empty__7508,1,,,,,,1
__empty__6832,1,,,,,,1
__empty__6851,1,,,,,,1
__empty__6816,1,,,,,,1
__empty__6809,1,,,,,,1
__empty__6842,1,,,,,,1
__empty__6829,1,,,,,,1
__empty__6882,1,,,,,,1
__empty__8360,1,,,,,,1
__empty__8318,1,,,,,,1
__empty__7624,1,,,,,,1
__empty__4527,1,,,,,,1
__empty__4533,1,,,,,,1
__empty__4531,1,,,,,,1
__empty__4516,1,,,,,,1
__empty__7037,1,,,,,,1
__empty__7077,1,,,,,,1
__empty__7520,1,,,,,,1
__empty__7533,1,,,,,,1
hobart college geneva ny 14623|NY,0,,Hobart College Geneva,NY,14623,"Hobart College Geneva, NY 14623",1
__empty__7535,1,,,,,,1
__empty__7476,1,,,,,,1
__empty__7468,1,,,,,,1
__empty__3309,1,,,,,,1
__empty__6918,1,,,,,,1
__empty__6909,1,,,,,,1
__empty__6929,1,,,,,,1
__empty__6941,1,,,,,,1
__empty__6914,1,,,,,,1
__empty__4190,1,,,,,,1
__empty__4184,1,,,,,,1
__empty__4197,1,,,,,,1
__empty__4172,1,,,,,,1
__empty__4199,1,,,,,,1
__empty__4173,1,,,,,,1
patrick s point state park 4150 patricks point dr trinidad ca 95570|CA,0,4150 Patricks Point Dr Trinidad,Patricks Point Dr Trinidad,CA,95570,"Patrick's Point State Park 4150 Patricks Point Dr Trinidad, CA 95570",1
__empty__4765,1,,,,,,1
__empty__3856,1,,,,,,1
__empty__7372,1,,,,,,1
__empty__7374,1,,,,,,1
__empty__3709,1,,,,,,1
__empty__4362,1,,,,,,1
__empty__4354,1,,,,,,1
__empty__4314,1,,,,,,1
__empty__7304,1,,,,,,1
__empty__7308,1,,,,,,1
__empty__7397,1,,,,,,1
__empty__7389,1,,,,,,1
__empty__7416,1,,,,,,1
__empty__6838,1,,,,,,1
beeson park kernersville nc 28645|NC,0,,Beeson Park Kernersville,NC,28645,"Beeson Park Kernersville, NC 28645",2
__empty__4358,1,,,,,,1
__empty__6846,1,,,,,,1
__empty__6762,1,,,,,,1
__empty__6783,1,,,,,,1
__empty__4939,1,,,,,,1
__empty__4919,1,,,,,,1
__empty__5065,1,,,,,,1
__empty__5133,1,,,,,,1
veterans park hoover alabama hoover al 35242|AL,0,,Alabama Hoover,AL,35242,"Veterans Park, Hoover, Alabama Hoover, AL 35242",1
unf golf course 1 betty holzendorf drive jacksonville fl 32224|FL,0,1 Betty Holzendorf Drive Jacksonville,Betty Holzendorf Drive Jacksonville,FL,32224,"UNF Golf Course 1 Betty Holzendorf Drive Jacksonville, FL 32224",1
__empty__7630,1,,,,,,1
__empty__4322,1,,,,,,1
__empty__7437,1,,,,,,1
__empty__7435,1,,,,,,1
__empty__4273,1,,,,,,1
__empty__4272,1,,,,,,1
cross country course center valley pa 18034|PA,0,,Cross Country Course Center Valley,PA,18034,"Cross Country Course Center Valley, PA 18034",1
__empty__4701,1,,,,,,1
__empty__4697,1,,,,,,1
nw missouri maryville mo 12345|MO,0,,NW Missouri Maryville,MO,12345,"NW Missouri Maryville, MO 12345",1
__empty__9692,1,,,,,,1
__empty__7376,1,,,,,,1
__empty__6950,1,,,,,,1
__empty__7536,1,,,,,,1
__empty__7538,1,,,,,,1
__empty__6781,1,,,,,,1
__empty__4366,1,,,,,,1
__empty__4400,1,,,,,,1
__empty__10009,1,,,,,,1
__empty__13983,1,,,,,,1
__empty__10001,1,,,,,,1
chamizal national memorial park el paso tx 79905|TX,0,,Chamizal National Memorial Park El Paso,TX,79905,"Chamizal National Memorial Park El Paso, TX 79905",1
red rocks park south burlington vt 05405|VT,0,,Red Rocks Park South Burlington,VT,05405,"Red Rocks Park South Burlington, VT 05405",2
__empty__12722,1,,,,,,1
__empty__14035,1,,,,,,1
__empty__7961,1,,,,,,1
__empty__7480,1,,,,,,1
__empty__7531,1,,,,,,1
__empty__7479,1,,,,,,1
university of north texas discovery park 3940 n elm st denton tx 76207|TX,0,3940 N. Elm St. Denton,N. Elm St. Denton,TX,76207,"University of North Texas, Discovery Park 3940 N. Elm St. Denton, TX 76207",1
__empty__7420,1,,,,,,1
akron north canton oh 44720|OH,0,,Akron North Canton,OH,44720,"Akron North Canton, OH 44720",1
st leo university the abbey course saint leo fl 33574|FL,0,,St Leo University - The Abbey Course Sai,FL,33574,"St Leo University - The Abbey Course Saint Leo, FL 33574",1
dsu outreach research center dover de 19709|DE,0,,Research Center Dover,DE,19709,"DSU Outreach & Research Center Dover, DE 19709",1
pine view golf club 52065 pulver road three rivers mi 49093|MI,0,52065 Pulver Road Three Rivers,Pulver Road Three Rivers,MI,52065,"Pine View Golf Club 52065 Pulver Road Three Rivers, MI 49093",1
__empty__9177,1,,,,,,1
winthrop university rock hill sc 34189|SC,0,,Winthrop University Rock Hill,SC,34189,"Winthrop University Rock Hill, SC 34189",1
__empty__9990,1,,,,,,1
como golf course st paul st paul mn 55116|MN,0,,St. Paul St. Paul,MN,55116,"Como Golf Course, St. Paul St. Paul, MN 55116",2
vcp bronx ny 10471|NY,0,,VCP Bronx,NY,10471,"VCP Bronx, NY 10471",1
rebsamen golf course little rock ar 72204|AR,0,,Rebsamen Golf Course Little Rock,AR,72204,"Rebsamen Golf Course Little Rock, AR 72204",10
__empty__9672,1,,,,,,1
lower woodland park seattle wa 98103|WA,0,,Lower Woodland Park Seattle,WA,98103,"Lower Woodland Park Seattle, WA 98103",2
marquette mi 49855|MI,0,,Marquette,MI,49855,"Marquette, MI 49855",1
__empty__8358,1,,,,,,1
angel mounds cross country course evansville in 47714|IN,0,,Angel Mounds Cross Country Course Evansv,IN,47714,"Angel Mounds Cross Country Course Evansville, IN 47714",1
family life center 250 old farmers rd clarksville tn 37040|TN,0,250 Old Farmers Rd Clarksville,Old Farmers Rd Clarksville,TN,37040,"Family Life Center 250 Old Farmers Rd Clarksville, TN 37040",2
__empty__14630,1,,,,,,1
west texas a m univ canyon tx 79016|TX,0,,M Univ Canyon,TX,79016,"West Texas A&M Univ Canyon, TX 79016",1
__empty__8241,1,,,,,,1
__empty__7650,1,,,,,,1
st vincent abington pa|PA,0,,St. Vincent Abington,PA,,"St. Vincent Abington, PA",1
__empty__7628,1,,,,,,1
__empty__7587,1,,,,,,1
__empty__15668,1,,,,,,1
__empty__7571,1,,,,,,1
oakville indian mounds course danville al 35601|AL,0,,Oakville Indian Mounds Course Danville,AL,35601,"Oakville Indian Mounds Course Danville, AL 35601",1
core creek park woodbourne road langhorne pa 19047|,0,,Core Creek Park woodbourne road langhorn,PA,19047,"Core Creek Park woodbourne road langhorne, pa 19047",2
mounty marty college yankton sd 51101|SD,0,,Mounty Marty College Yankton,SD,51101,"Mounty Marty College Yankton, SD 51101",1
__empty__4396,1,,,,,,1
__empty__4360,1,,,,,,1
__empty__4377,1,,,,,,1
__empty__4378,1,,,,,,1
pvamu 700 university drive prairie view tx 77446|TX,0,700 University Drive Prairie View,University Drive Prairie View,TX,77446,"PVAMU 700 University Drive Prairie View, TX 77446",1
__empty__4385,1,,,,,,1
green bay arboretum trails green bay wi 54311|WI,0,,Green Bay Arboretum Trails Green Bay,WI,54311,"Green Bay Arboretum Trails Green Bay, WI 54311",1
__empty__14266,1,,,,,,1
bethel mn st paul mn 55112|MN,0,,Bethel MN St. Paul,MN,55112,"Bethel MN St. Paul, MN 55112",2
__empty__14194,1,,,,,,1
__empty__9869,1,,,,,,1
fairbanks cross country park san luis obisbo ca 93405|CA,0,,Fairbanks Cross Country Park San Luis Ob,CA,93405,"Fairbanks Cross Country Park San Luis Obisbo, CA 93405",2
__empty__9685,1,,,,,,1
mira loma park reno nv 89502|NV,0,,Mira Loma Park Reno,NV,89502,"Mira Loma Park Reno, NV 89502",2
stoatin brae golf course augusta mi 49008|MI,0,,Stoatin Brae Golf Course Augusta,MI,49008,"Stoatin Brae Golf Course Augusta, MI 49008",1
montana missoula mt 59812|MT,0,,Montana Missoula,MT,59812,"Montana Missoula, MT 59812",11
eastern state course williamsburg va 23185|VA,0,,Eastern State Course Williamsburg,VA,23185,"Eastern State Course Williamsburg, VA 23185",1
dale watts cross country course college station tx 77843|TX,0,,Dale Watts Cross Country course College ,TX,77843,"Dale Watts Cross Country course College Station, TX 77843",1
__empty__8438,1,,,,,,1
__empty__9370,1,,,,,,1
lake sammamish 2000 northwest sammamish road issaquah wa 98027|WA,0,2000 Northwest Sammamish Road Issaquah,Northwest Sammamish Road Issaquah,WA,98027,"Lake Sammamish 2000 Northwest Sammamish Road Issaquah, WA 98027",1
the hackler course at coastal carolina university 107 citadel drive conway sc 29526|SC,0,107 Citadel Drive Conway,Citadel Drive Conway,SC,29526,"The Hackler Course at Coastal Carolina University 107 Citadel Drive Conway, SC 29526",1
__empty__10812,1,,,,,,1
u montana missoula mt 59801|MT,0,,U Montana Missoula,MT,59801,"U Montana Missoula, MT 59801",2
cheyney university cheyney pa 19319|PA,0,,Cheyney University Cheyney,PA,19319,"Cheyney University Cheyney, PA 19319",1
memorial park sugar land sugar land tx 77479|TX,0,,Memorial Park Sugar Land Sugar Land,TX,77479,"Memorial Park Sugar Land Sugar Land, TX 77479",1
east complex moorhead mn 56562|MN,0,,East Complex Moorhead,MN,56562,"East Complex Moorhead, MN 56562",2
avery park 100 avery park road corvallis or 97330|OR,0,100 Avery Park Road Corvallis,Avery Park Road Corvallis,OR,97330,"Avery Park 100 Avery Park Road Corvallis, OR 97330",7
__empty__9444,1,,,,,,1
u p r rio piedras san juan pr 00960|PR,0,,U.P.R. Rio Piedras San Juan,PR,00960,"U.P.R. Rio Piedras San Juan, PR 00960",1
van cortland park bronx ny 10462|NY,0,,Van Cortland Park Bronx,NY,10462,"Van Cortland Park Bronx, NY 10462",1
__empty__9914,1,,,,,,1
craig ranch regional park north las vegas nv 89154|NV,0,,Craig Ranch Regional Park North Las Vega,NV,89154,"Craig Ranch Regional Park North Las Vegas, NV 89154",6
king city king city ca 93924|CA,0,,King City King City,CA,93924,"King City King City, CA 93924",1
irvine regional park orange ca irvine ca 92862|CA,0,,Orange,CA,92862,"Irvine Regional Park (Orange, CA) Irvine, CA 92862",1
hot soccer fields 6101 airport rd waco tx 76710|TX,0,6101 Airport Rd Waco,Airport Rd Waco,TX,76710,"HOT Soccer Fields 6101 Airport Rd Waco, TX 76710",10
__empty__10404,1,,,,,,1
__empty__10003,1,,,,,,1
nmsu intramural fields las cruces nm 88003|NM,0,,NMSU-Intramural Fields Las Cruces,NM,88003,"NMSU-Intramural Fields Las Cruces , NM 88003",1
__empty__14600,1,,,,,,1
__empty__9617,1,,,,,,1
pike island city not supplied mn|MN,0,,Pike Island City Not Supplied,MN,,"Pike Island City Not Supplied, MN",1
pembroke hs pembroke ma 2358|,0,,Pembroke HS Pembroke,MA,,"Pembroke HS Pembroke, MA 2358",2
weibring golf course 800 gregory street normal il 61761|IL,0,800 Gregory Street Normal,Gregory Street Normal,IL,61761,"Weibring Golf Course 800 Gregory Street Normal, IL 61761",1
california berkeley ca 94720|CA,0,,California Berkeley,CA,94720,"California Berkeley, CA 94720",2
__empty__13288,1,,,,,,1
__empty__13321,1,,,,,,1
__empty__13043,1,,,,,,1
university park golf course muskegon mi 48109|MI,0,,University Park Golf Course Muskegon,MI,48109,"University Park Golf Course Muskegon, MI 48109",1
soar athletic fields columbia sc 29203|SC,0,,SOAR Athletic Fields Columbia,SC,29203,"SOAR Athletic Fields Columbia, SC 29203",1
fairbanks cross country course san luis obispo ca 93924|CA,0,,Fairbanks Cross Country Course San Luis ,CA,93924,"Fairbanks Cross Country Course San Luis Obispo, CA 93924",1
olmos basin park san antonio tx|TX,0,,Olmos Basin Park San Antonio,TX,,"Olmos Basin Park San Antonio, TX",2
__empty__14132,1,,,,,,1
pembroke hs pembroke ma|MA,0,,Pembroke HS Pembroke,MA,,"Pembroke HS Pembroke, MA",1
wartburg xc course waverly ia wartburg ia 50677|IA,0,,Wartburg XC Course - Waverly,IA,50677,"Wartburg XC Course - Waverly, IA Wartburg, IA 50677",1
__empty__14443,1,,,,,,1
lowes creek county park eau claire wi 55441|WI,0,,Lowes Creek County Park Eau Claire,WI,55441,"Lowes Creek County Park Eau Claire, WI 55441",5
__empty__14358,1,,,,,,1
__empty__15846,1,,,,,,1
__empty__15941,1,,,,,,1
__empty__22350,1,,,,,,1
grimes field hillsbrough nh 03244|NH,0,,Grimes Field Hillsbrough,NH,03244,"Grimes Field Hillsbrough, NH 03244",2
sewanee golf course sewanee tn 37383|TN,0,,Sewanee Golf Course Sewanee,TN,37383,"Sewanee Golf Course Sewanee, TN 37383",2
dreher park west palm beach fl 33405|FL,0,,Dreher Park West Palm Beach,FL,33405,"Dreher Park West Palm Beach, FL 33405",1
chowan university murfreesboro nc 27855|NC,0,,Chowan University Murfreesboro,NC,27855,"Chowan University Murfreesboro, NC 27855",1
crystal springs xc course millbrae ca|CA,0,,Crystal Springs XC Course Millbrae,CA,,"Crystal Springs XC Course Millbrae, CA",2
baker field lancaster pa lancaster pa 17604|PA,0,,Lancaster,PA,17604,"Baker Field, Lancaster, PA Lancaster, PA 17604",2
silo oaks sumterville fl|FL,0,,Silo Oaks Sumterville,FL,,"Silo Oaks Sumterville, FL",2
__empty__20646,1,,,,,,1
__empty__22573,1,,,,,,1
tca campus lake worth fl 33463|FL,0,,TCA Campus Lake Worth,FL,33463,"TCA Campus Lake Worth, FL 33463",2
__empty__20413,1,,,,,,1
clark county fairgrounds springfield oh 45501|OH,0,,Clark County Fairgrounds Springfield,OH,45501,"Clark County Fairgrounds Springfield, OH 45501",1
heritage park 3221 north adrian hwy adrian mi 49221|MI,0,3221 North Adrian Hwy Adrian,North Adrian Hwy Adrian,MI,49221,"Heritage Park 3221 North Adrian Hwy Adrian, MI 49221",1
el dorado park el dorado ca|CA,0,,El Dorado Park El Dorado,CA,,"El Dorado Park El Dorado, CA",1
van cortland park new york ny 11111|NY,0,,Van Cortland Park New York,NY,11111,"Van Cortland Park New York, NY 11111",1
mt greylock hs williamstown ma|MA,0,,MT GREYLOCK HS WILLIAMSTOWN,MA,,"MT GREYLOCK HS WILLIAMSTOWN, MA",2
universidad upr recinto rio piedras san juan pr 00926|PR,0,,Universidad UPR-Recinto Rio Piedras San ,PR,00926,"Universidad UPR-Recinto Rio Piedras San Juan, PR 00926",5
sunset hill farm 775 meridian road valparaiso in 46383|IN,0,775 Meridian Road Valparaiso,Meridian Road Valparaiso,IN,46383,"Sunset Hill Farm 775 Meridian Road Valparaiso, IN 46383",1
__empty__19789,1,,,,,,1
stu campus miami fl 33054|FL,0,,STU CAMPUS Miami,FL,33054,"STU CAMPUS Miami, FL 33054",1
__empty__22136,1,,,,,,1
fountain central high school veedersburg in|IN,0,,Fountain Central High School Veedersburg,IN,,"Fountain Central High School Veedersburg, IN",1
cocoa beach cocoa beach fl 32931|FL,0,,Cocoa Beach Cocoa Beach,FL,32931,"Cocoa Beach Cocoa Beach, FL 32931",2
harding unviersity searcy ar 72143|AR,0,,Harding Unviersity Searcy,AR,72143,"Harding Unviersity Searcy, AR 72143",1
wickham park melbourne fl|FL,0,,Wickham Park Melbourne,FL,,"Wickham Park Melbourne, FL",1
__empty__22043,1,,,,,,1
buffalo ranch boulder co 80309|CO,0,,Buffalo Ranch Boulder,CO,80309,"Buffalo Ranch Boulder, CO 80309",1
__empty__21403,1,,,,,,1
bradley palmer state park essex county ma 01915|MA,0,,Bradley Palmer State Park Essex County,MA,01915,"Bradley Palmer State Park Essex County, MA 01915",1
nvu lyndon lyndon vt 05819|VT,0,,NVU-Lyndon Lyndon,VT,05819,"NVU-Lyndon Lyndon, VT 05819",1
forest akers east golf course east lansing mi mi|MI,0,,Forest Akers East Golf Course East Lansi,MI,,"Forest Akers East Golf Course East Lansing, MI, MI",1
brookdale cc lincroft nj|NJ,0,,Brookdale CC Lincroft,NJ,,"Brookdale CC Lincroft, NJ",1
winthrop farm cross country course rock hill sc 29733|SC,0,,Winthrop Farm Cross Country Course Rock ,SC,29733,"Winthrop Farm Cross Country Course Rock Hill, SC 29733",1
__empty__15923,1,,,,,,1
__empty__9961,1,,,,,,1
__empty__14485,1,,,,,,1
high point university high point nc 27268|NC,0,,High Point University High Point,NC,27268,"High Point University High Point, NC 27268",1
lake breeze golf course winneconne wi 12345|WI,0,,Lake Breeze Golf Course Winneconne,WI,12345,"Lake Breeze Golf Course Winneconne, WI 12345",1
__empty__16051,1,,,,,,1
rice 6100 south main houston tx 77251|TX,0,6100 South Main Houston,South Main Houston,TX,77251,"Rice 6100 South Main Houston, TX 77251",1
__empty__16100,1,,,,,,1
pecan grove park sherman tx|TX,0,,Pecan Grove Park Sherman,TX,,"Pecan Grove Park Sherman, TX",1
university park golf course mi|MI,0,,University Park Golf Course,MI,,"University Park Golf Course , MI",2
__empty__17377,1,,,,,,1
__empty__20841,1,,,,,,1
__empty__20849,1,,,,,,1
roanoke 2501 green hill park road salem va 24153|VA,0,2501 Green Hill Park Road Salem,Green Hill Park Road Salem,VA,24153,"Roanoke 2501 Green Hill Park Road Salem, VA 24153",1
air force usaf academy co 80840|CO,0,,Air Force USAF Academy,CO,80840,"Air Force USAF Academy, CO 80840",1
oval at schendley park pittsburgh pa 15222|PA,0,,Oval at Schendley Park Pittsburgh,PA,15222,"Oval at Schendley Park Pittsburgh, PA 15222",1
__empty__16478,1,,,,,,1
greenfield prk milwaukee wi 53234|WI,0,,Greenfield Prk Milwaukee,WI,53234,"Greenfield Prk Milwaukee, WI 53234",1
cse morristown nj 07940|NJ,0,,CSE Morristown,NJ,07940,"CSE Morristown, NJ 07940",1
__empty__15862,1,,,,,,1
purdue northwest westville 1401 us 421 westville in 46391|IN,0,1401 US,Westville,IN,46391,"Purdue Northwest Westville 1401 US 421 Westville, IN 46391",1
skutt catholic athletic complex omaha ne 68178|NE,0,,Skutt Catholic Athletic Complex Omaha,NE,68178,"Skutt Catholic Athletic Complex Omaha, NE 68178",1
sunset hill farm county park 775 meridian rd valparaiso in 46385|IN,0,775 Meridian Rd Valparaiso,Meridian Rd Valparaiso,IN,46385,"Sunset Hill Farm County Park 775 Meridian Rd Valparaiso, IN 46385",1
__empty__15867,1,,,,,,1
__empty__16349,1,,,,,,1
franklin franklin in 46131|IN,0,,Franklin Franklin,IN,46131,"Franklin Franklin, IN 46131",1
northview church carmel in 46033|IN,0,,Northview Church Carmel,IN,46033,"Northview Church Carmel , IN 46033",1
__empty__15725,1,,,,,,1
__empty__16597,1,,,,,,1
delaware valley university doylestown pa|PA,0,,Delaware Valley University Doylestown,PA,,"Delaware Valley University Doylestown, PA",4
university of st joseph west hartford ct 19131|CT,0,,University of St. Joseph West Hartford,CT,19131,"University of St. Joseph West Hartford, CT 19131",1
__empty__15935,1,,,,,,1
st catherines city not supplied mn|MN,0,,St. Catherines City Not Supplied,MN,,"St. Catherines City Not Supplied, MN",1
__empty__16334,1,,,,,,1
griffon xc st joseph mo 64501|MO,0,,Griffon XC St. Joseph,MO,64501,"Griffon XC St. Joseph, MO 64501",1
ives estate park miami fl 33179|FL,0,,Ives Estate Park Miami,FL,33179,"Ives Estate Park Miami, FL 33179",2
__empty__10007,1,,,,,,1
sleepy hollow golf course dillon mt 59725|MT,0,,Sleepy Hollow Golf Course Dillon,MT,59725,"Sleepy Hollow Golf Course Dillon, MT 59725",1
monsignor pace campus miami fl 33054|FL,0,,Monsignor Pace Campus Miami,FL,33054,"Monsignor Pace Campus Miami, FL 33054",1
__empty__20479,1,,,,,,1
__empty__20535,1,,,,,,1
__empty__20536,1,,,,,,1
__empty__20643,1,,,,,,1
nvu lyndon lyndon vt 05849|VT,0,,NVU Lyndon Lyndon,VT,05849,"NVU Lyndon Lyndon, VT 05849",1
huntingdon cross country course 4080 moore road grady al 36036|AL,0,4080 Moore Road Grady,Moore Road Grady,AL,36036,"Huntingdon Cross Country Course 4080 Moore Road Grady, AL 36036",1
reflection ridge lookout mountain tn 30750|TN,0,,Reflection Ridge Lookout Mountain,TN,30750,"Reflection Ridge Lookout Mountain, TN 30750",1
lake buena vista hs orlando fl 32836|FL,0,,Lake Buena Vista HS Orlando,FL,32836,"Lake Buena Vista HS Orlando, FL 32836",3
lely naples fl 34113|FL,0,,Lely Naples,FL,34113,"Lely Naples, FL 34113",1
harmony high school st cloud fl 34769|FL,0,,Harmony High School St. Cloud,FL,34769,"Harmony High School St. Cloud, FL 34769",1
martin county hs 16001 west sr 84 jupiter fl 34994|HS,0,16001 West SR,,HS,16001,"Martin County HS 16001 West SR-84 Jupiter, FL 34994",1
__empty__17204,1,,,,,,1
smith river sports complex axton va|VA,0,,Smith River Sports Complex Axton,VA,,"Smith River Sports Complex Axton, VA",2
__empty__18341,1,,,,,,1
__empty__20410,1,,,,,,1
__empty__18221,1,,,,,,1
lbc campus course lancaster pa 17601|PA,0,,LBC Campus Course Lancaster,PA,17601,"LBC Campus Course Lancaster, PA 17601",1
__empty__18740,1,,,,,,1
michelbook country club mcminnville or 97128|OR,0,,Michelbook Country Club McMinnville,OR,97128,"Michelbook Country Club McMinnville, OR 97128",1
crystal springs course millbrae ca|CA,0,,Crystal Springs Course Millbrae,CA,,"Crystal Springs Course Millbrae, CA",2
randolph golf course tucson az 85711|AZ,0,,Randolph Golf Course Tucson,AZ,85711,"Randolph Golf Course Tucson, AZ 85711",1
mdca campus mount dora fl 32757|FL,0,,MDCA Campus Mount Dora,FL,32757,"MDCA Campus Mount Dora, FL 32757",1
__empty__18663,1,,,,,,1
taylor univ farm upland in 46953|IN,0,,Taylor Univ Farm Upland,IN,46953,"Taylor Univ Farm Upland, IN 46953",1
bishop verot ft myers fl 33919|FL,0,,Bishop Verot Ft. Myers,FL,33919,"Bishop Verot Ft. Myers, FL 33919",2
nmu golf course marquette mi 49855|,0,,NMU Golf Course Marquette,MI,49855,"NMU Golf Course Marquette, Mi 49855",2
__empty__16355,1,,,,,,1
__empty__21566,1,,,,,,1
__empty__21927,1,,,,,,1
lake mckeithan brooksville fl 34601|FL,0,,Lake McKeithan Brooksville,FL,34601,"Lake McKeithan Brooksville, FL 34601",1
pace campus 16001 west sr 84 miami gardens fl 33054|FL,0,16001 West SR,Miami Gardens,FL,16001,"Pace Campus 16001 West SR-84 Miami Gardens, FL 33054",1
__empty__21852,1,,,,,,1
__empty__21842,1,,,,,,1
newmarket junior senior high school newmarket nh 03857|NH,0,,Senior High School Newmarket,NH,03857,"Newmarket Junior/Senior High School Newmarket, NH 03857",1
northwood nappanee in|IN,0,,NorthWood Nappanee,IN,,"NorthWood Nappanee, IN",2
william f sheffield regional park jacksonville fl 32209|FL,0,,William F. Sheffield Regional Park Jacks,FL,32209,"William F. Sheffield Regional Park Jacksonville, FL 32209",2
__empty__22072,1,,,,,,1
__empty__22039,1,,,,,,1
gateway fairgrounds lake city fl 32025|FL,0,,Gateway Fairgrounds Lake City,FL,32025,"Gateway Fairgrounds Lake City, FL 32025",1
__empty__21315,1,,,,,,1
ski hearth farm ski hearth farm bethlehem nh|NH,0,,SKI HEARTH FARM Ski Hearth Farm Bethlehe,NH,,"SKI HEARTH FARM Ski Hearth Farm Bethlehem, NH",1
__empty__25150,1,,,,,,1
ccny new york ny 10031|NY,0,,CCNY New York,NY,10031,"CCNY New York, NY 10031",4
mike rose complex memphis tn 8 31 2024 memphis tn 38125|TN,0,2024 Memphis,Mike Rose Complex - Memphis,TN,38125,"Mike Rose Complex - Memphis,TN - 8/31/2024 Memphis, TN 38125",1
__empty__23983,1,,,,,,1
sand hill scout reservation brooksville fl|FL,0,,Sand Hill Scout Reservation Brooksville,FL,,"Sand Hill Scout Reservation Brooksville, FL",1
jackson jacksonville fl 32206|FL,0,,Jackson Jacksonville,FL,32206,"Jackson Jacksonville, FL 32206",2
__empty__22662,1,,,,,,1
bartram trail st johns fl 32259|FL,0,,Bartram Trail St. Johns,FL,32259,"Bartram Trail St. Johns, FL 32259",3
crystal river high school crystal river fl 34429|FL,0,,Crystal River High School Crystal River,FL,34429,"Crystal River High School Crystal River, FL 34429",1
lake placid lake placid fl 33852|FL,0,,Lake Placid Lake Placid,FL,33852,"Lake Placid Lake Placid, FL 33852",2
__empty__24169,1,,,,,,1
desoto county arcadia fl 33821|FL,0,,DeSoto County Arcadia,FL,33821,"DeSoto County Arcadia, FL 33821",1
cal st fullerton carbon canyon regional ca 92834|CA,0,,Cal St. Fullerton Carbon Canyon Regional,CA,92834,"Cal St. Fullerton Carbon Canyon Regional, CA 92834",1
__empty__24102,1,,,,,,1
the course 2521 n flora rd spokane wa 99216|WA,0,2521 N Flora Rd Spokane,N Flora Rd Spokane,WA,99216,"The Course 2521 N Flora Rd Spokane, WA 99216",1
jacksonville jacksonville fl 32211|FL,0,,Jacksonville Jacksonville,FL,32211,"Jacksonville Jacksonville, FL 32211",1
uprrp san juan pr 00925|PR,0,,UPRRP San Juan,PR,00925,"UPRRP San Juan, PR 00925",2
owen s park louisburg nc 27551|NC,0,,Owen's Park Louisburg,NC,27551,"Owen's Park Louisburg, NC 27551",1
indian hills community college ottumwa ia 50023|IA,0,,Indian Hills Community College Ottumwa,IA,50023,"Indian Hills Community College Ottumwa, IA 50023",1
__empty__24012,1,,,,,,1
baldwin baldwin fl|FL,0,,Baldwin Baldwin,FL,,"Baldwin Baldwin, FL",3
dorothea dix park raleigh nc 27603|NC,0,,Dorothea Dix Park Raleigh,NC,27603,"Dorothea Dix Park Raleigh, NC 27603",1
trinity christian academy lake worth fl 33463|FL,0,,Trinity Christian Academy Lake Worth,FL,33463,"Trinity Christian Academy Lake Worth, FL 33463",1
bradenton christian school bradenton fl 34200|FL,0,,Bradenton Christian School Bradenton,FL,34200,"Bradenton Christian School Bradenton, FL 34200",1
king s academy west palm beach fl 33409|FL,0,,King's Academy West Palm Beach,FL,33409,"King's Academy West Palm Beach, FL 33409",5
mercyhurst girard pa 1641l7|,0,,Mercyhurst Girard,PA,,"Mercyhurst Girard, PA 1641l7",1
mchs stuart fl 34994|FL,0,,MCHS Stuart,FL,34994,"MCHS Stuart, FL 34994",1
__empty__22360,1,,,,,,1
ed radice park tampa fl|FL,0,,Ed Radice Park Tampa,FL,,"Ed Radice Park Tampa, FL",2
centennial 1485 sw cashmere blvd port st lucie fl 34986|FL,0,1485 SW Cashmere Blvd Port St. Lucie,SW Cashmere Blvd Port St. Lucie,FL,34986,"Centennial 1485 SW Cashmere Blvd Port St. Lucie, FL 34986",2
psu brandywine 25 yearsley mill road media pa 19063|PA,0,25 Yearsley Mill Road Media,Yearsley Mill Road Media,PA,19063,"PSU Brandywine 25 Yearsley Mill Road Media, PA 19063",2
berkeley prep tampa fl 33615|FL,0,,Berkeley Prep Tampa,FL,33615,"Berkeley Prep Tampa, FL 33615",1
the farm taylor xc course upland in 46953|IN,0,,The Farm - Taylor XC Course Upland,IN,46953,"The Farm - Taylor XC Course Upland, IN 46953",1
__empty__23924,1,,,,,,1
attica attica in|IN,0,,Attica Attica,IN,,"Attica Attica, IN",1
atlantic coast jacksonville fl 32119|FL,0,,Atlantic Coast Jacksonville,FL,32119,"Atlantic Coast Jacksonville, FL 32119",1
con val regional high school 184 hancock road peterborough nh 03458|NH,0,184 Hancock Road Peterborough,Hancock Road Peterborough,NH,03458,"Con-Val Regional High School 184 Hancock Road Peterborough, NH 03458",1
phil moore park midway ky 40347|KY,0,,Phil Moore Park Midway,KY,40347,"Phil Moore Park Midway, KY 40347",1
__empty__27245,1,,,,,,1
forest akers golf course east lansing mi 00000|MI,0,,Forest Akers Golf Course East Lansing,MI,00000,"Forest Akers Golf Course East Lansing, MI 00000",1
university of the south suwenee tn 30066|TN,0,,University of the South Suwenee,TN,30066,"University of the South Suwenee, TN 30066",1
mckethan lake brooksville fl|FL,0,,McKethan Lake Brooksville,FL,,"McKethan Lake Brooksville, FL",1
shorewood cross country course green bay wi 2532 shorewood drive green bay wi 00000|WI,0,2532 Shorewood Drive Green Bay,Shorewood Drive Green Bay,WI,00000,"Shorewood Cross Country Course | Green Bay WI 2532 Shorewood Drive Green Bay, WI 00000",1
trm brewton al 36527|AL,0,,TRM Brewton,AL,36527,"TRM Brewton, AL 36527",2
graham creek nature preserve 1 pride dr gulf shores al 36527|AL,0,1 Pride Dr. Gulf Shores,Pride Dr. Gulf Shores,AL,36527,"Graham Creek Nature Preserve 1 Pride Dr. Gulf Shores, AL 36527",1
ul monroe monroe la 71209|LA,0,,UL-Monroe Monroe,LA,71209,"UL-Monroe Monroe, LA 71209",1
episcopal fl jacksonville fl 32207|FL,0,,Episcopal FL Jacksonville,FL,32207,"Episcopal FL Jacksonville, FL 32207",1
fountain central hs veedersburg in|IN,0,,Fountain Central HS Veedersburg,IN,,"Fountain Central HS Veedersburg, IN",2
treasure coast port st lucie fl 34953|FL,0,,Treasure Coast Port St. Lucie,FL,34953,"Treasure Coast Port St. Lucie, FL 34953",1
__empty__25311,1,,,,,,1
satellite satellite beach fl 32937|FL,0,,Satellite Satellite Beach,FL,32937,"Satellite Satellite Beach, FL 32937",1
lyon college batesville ar 72503|AR,0,,Lyon College Batesville,AR,72503,"Lyon College Batesville, AR 72503",1
__empty__25133,1,,,,,,1
maine maritime academy castine me|ME,0,,Maine Maritime Academy Castine,ME,,"Maine Maritime Academy Castine, ME",1
west orange hs 1625 s beulah rd winter garden fl 34787|FL,0,1625 S. Beulah Rd. Winter Garden,S. Beulah Rd. Winter Garden,FL,34787,"West Orange HS 1625 S. Beulah Rd. Winter Garden, FL 34787",1
falling springs park versailles ky 40383|KY,0,,Falling Springs Park Versailles,KY,40383,"Falling Springs Park Versailles, KY 40383",1
gaither hs tampa fl 33618|FL,0,,Gaither HS Tampa,FL,33618,"Gaither HS Tampa, FL 33618",3
__empty__6740,1,,,,,,1
__empty__4738,1,,,,,,1
__empty__4057,1,,,,,,1
__empty__4744,1,,,,,,1
__empty__4700,1,,,,,,1
__empty__4056,1,,,,,,1
__empty__4727,1,,,,,,1
__empty__4541,1,,,,,,1
__empty__18299,1,,,,,,1
__empty__5074,1,,,,,,1
__empty__5420,1,,,,,,1
__empty__5400,1,,,,,,1
__empty__5421,1,,,,,,1
__empty__5391,1,,,,,,1
__empty__5337,1,,,,,,1
__empty__5009,1,,,,,,1
__empty__6592,1,,,,,,1
__empty__6050,1,,,,,,1
__empty__6070,1,,,,,,1
__empty__6064,1,,,,,,1
__empty__10686,1,,,,,,1
__empty__4315,1,,,,,,1
__empty__4325,1,,,,,,1
__empty__10519,1,,,,,,1
como park golf course st paul mn st paul mn 55103|MN,0,,Como Park Golf Course - St. Paul,MN,55103,"Como Park Golf Course - St. Paul, MN St. Paul, MN 55103",1
texas austin tx 78713|TX,0,,Texas Austin,TX,78713,"Texas Austin, TX 78713",1
university of montana golf course missoula mt 59812|MT,0,,University of Montana Golf Course Missou,MT,59812,"University of Montana Golf Course Missoula, MT 59812",1
byu hawaii laie hi 96762|HI,0,,BYU-Hawaii Laie,HI,96762,"BYU-Hawaii Laie, HI 96762",2
johnson state college johnson vt 05656|VT,0,,Johnson State College Johnson,VT,05656,"Johnson State College Johnson, VT 05656",1
macgregor park 5225 calhoun houston tx 77021|TX,0,5225 CALHOUN HOUSTON,CALHOUN HOUSTON,TX,77021,"MACGREGOR PARK 5225 CALHOUN HOUSTON, TX 77021",3
ut tyler soccer fields tyler tx|TX,0,,UT Tyler Soccer Fields Tyler,TX,,"UT Tyler Soccer Fields Tyler, TX",1
herr park course lancaster pa 17603|PA,0,,Herr Park Course Lancaster,PA,17603,"Herr Park Course Lancaster, PA 17603",1
st kates city not supplied mn|MN,0,,St. Kates City Not Supplied,MN,,"St. Kates City Not Supplied, MN",1
__empty__19179,1,,,,,,1
__empty__7507,1,,,,,,1
__empty__6766,1,,,,,,1
__empty__6776,1,,,,,,1
__empty__7291,1,,,,,,1
__empty__7273,1,,,,,,1
__empty__5580,1,,,,,,1
__empty__6067,1,,,,,,1
__empty__5611,1,,,,,,1
__empty__6052,1,,,,,,1
__empty__5259,1,,,,,,1
__empty__15572,1,,,,,,1
__empty__6980,1,,,,,,1
__empty__4751,1,,,,,,1
__empty__6650,1,,,,,,1
__empty__3776,1,,,,,,1
__empty__10712,1,,,,,,1
__empty__4341,1,,,,,,1
__empty__18806,1,,,,,,1
__empty__3402,1,,,,,,1
university of il springfield springfield il 60431|IL,0,,University of IL - Springfield Springfie,IL,60431,"University of IL - Springfield Springfield, IL 60431",1
__empty__3276,1,,,,,,1
__empty__6578,1,,,,,,1
__empty__3216,1,,,,,,1
__empty__6549,1,,,,,,1
__empty__3285,1,,,,,,1
lake breezee golf course winneconne wi 12345|WI,0,,Lake Breezee Golf Course Winneconne,WI,12345,"Lake Breezee Golf Course Winneconne, WI 12345",1
__empty__4220,1,,,,,,1
__empty__5794,1,,,,,,1
__empty__4892,1,,,,,,1
__empty__4102,1,,,,,,1
__empty__4104,1,,,,,,1
college woods course durham nh 03824|NH,0,,College Woods Course Durham,NH,03824,"College Woods Course Durham, NH 03824",1
__empty__11025,1,,,,,,1
__empty__6767,1,,,,,,1
__empty__4033,1,,,,,,1
__empty__7485,1,,,,,,1
franciscan university steubenville oh 43952|OH,0,,FRANCISCAN UNIVERSITY STEUBENVILLE,OH,43952,"FRANCISCAN UNIVERSITY STEUBENVILLE, OH 43952",2
bill roberts golf course helena mt 59601|MT,0,,Bill Roberts Golf Course Helena,MT,59601,"Bill Roberts Golf Course Helena, MT 59601",2
river creek golf course 1605 fm 1177 wichita falls tx 76305|TX,0,1605 FM,Wichita Falls,TX,76305,"River Creek Golf Course 1605 FM 1177 Wichita Falls, TX 76305",1
cwru squire valleeview farm hunting valley oh 44|,0,,CWRU Squire Valleeview Farm Hunting Vall,OH,,"CWRU Squire Valleeview Farm Hunting Valley, OH 44",1
lyon college|,0,,,,,Lyon College,1
__empty__14313,1,,,,,,1
wayne e dannehl national cross country course kenosha wi 53144|WI,0,,Wayne E. Dannehl National Cross Country ,WI,53144,"Wayne E. Dannehl National Cross Country Course Kenosha, WI 53144",1
lehman bronx ny|NY,0,,Lehman Bronx,NY,,"Lehman Bronx, NY",3
wilmington ohio wilmington ohio 45177|,0,,,OH,45177,"Wilmington (Ohio) Wilmington, Ohio 45177",2
sperling sports complex deland fl 32724|FL,0,,Sperling Sports Complex Deland,FL,32724,"Sperling Sports Complex Deland, FL 32724",4
__empty__14357,1,,,,,,1
wolfson jacksonville fl 32217|FL,0,,Wolfson Jacksonville,FL,32217,"Wolfson Jacksonville, FL 32217",3
the farm newberry sc|SC,0,,The Farm Newberry,SC,,"The Farm Newberry, SC",1
bulldog xc course frostproof fl 33843|FL,0,,Bulldog XC Course Frostproof,FL,33843,"Bulldog XC Course Frostproof, FL 33843",2
__empty__22148,1,,,,,,1
__empty__22138,1,,,,,,1
central arizona coolidge az 85228|AZ,0,,Central Arizona Coolidge,AZ,85228,"Central Arizona Coolidge, AZ 85228",2
__empty__20237,1,,,,,,1
illinois champaign il 61820|IL,0,,Illinois Champaign,IL,61820,"Illinois Champaign, IL 61820",3
__empty__17841,1,,,,,,1
central state university wilberforce of|OF,0,,Central State University Wilberforce,OF,,"Central State University Wilberforce, OF",1
eagle springs golf course 171 country club lane defuniak springs fl 32312|FL,0,171 Country Club Lane Defuniak Springs,Country Club Lane Defuniak Springs,FL,32312,"Eagle Springs Golf Course 171 Country Club Lane Defuniak Springs, FL 32312",1
__empty__7517,1,,,,,,1
__empty__7306,1,,,,,,1
__empty__16153,1,,,,,,1
__empty__16159,1,,,,,,1
saint stephen s bradenton fl|FL,0,,Saint Stephen's Bradenton,FL,,"Saint Stephen's Bradenton, FL",3
fsdb st augustine fl|FL,0,,FSDB St. Augustine,FL,,"FSDB St. Augustine, FL",2
sunset hill farm 775 meridian rd valparaiso in 46383|IN,0,775 Meridian Rd Valparaiso,Meridian Rd Valparaiso,IN,46383,"Sunset Hill Farm 775 Meridian Rd Valparaiso, IN 46383",1
__empty__24004,1,,,,,,1
__empty__5739,1,,,,,,1
__empty__5734,1,,,,,,1
__empty__6268,1,,,,,,1
__empty__7442,1,,,,,,1
__empty__4094,1,,,,,,1
__empty__16262,1,,,,,,1
__empty__4351,1,,,,,,1
__empty__4346,1,,,,,,1
hudson valley sportsdome 240 milton turnpike milton ny 12547|NY,0,240 Milton Turnpike Milton,Milton Turnpike Milton,NY,12547,"Hudson Valley Sportsdome 240 Milton Turnpike Milton, NY 12547",1
__empty__26611,1,,,,,,1
__empty__7595,1,,,,,,1
__empty__7367,1,,,,,,1
__empty__4420,1,,,,,,1
__empty__5167,1,,,,,,1
__empty__4476,1,,,,,,1
__empty__3705,1,,,,,,1
__empty__4882,1,,,,,,1
__empty__4523,1,,,,,,1
__empty__4129,1,,,,,,1
__empty__7000,1,,,,,,1
__empty__6792,1,,,,,,1
__empty__4140,1,,,,,,1
__empty__4505,1,,,,,,1
__empty__5687,1,,,,,,1
__empty__4648,1,,,,,,1
__empty__3790,1,,,,,,1
__empty__7365,1,,,,,,1
__empty__5089,1,,,,,,1
__empty__5172,1,,,,,,1
__empty__5086,1,,,,,,1
__empty__3713,1,,,,,,1
__empty__6866,1,,,,,,1
__empty__3200,1,,,,,,1
__empty__4627,1,,,,,,1
__empty__4214,1,,,,,,1
__empty__4206,1,,,,,,1
__empty__3277,1,,,,,,1
__empty__6899,1,,,,,,1
__empty__3744,1,,,,,,1
__empty__3711,1,,,,,,1
__empty__3710,1,,,,,,1
__empty__3761,1,,,,,,1
__empty__6049,1,,,,,,1
__empty__3742,1,,,,,,1
__empty__5872,1,,,,,,1
__empty__3745,1,,,,,,1
__empty__3275,1,,,,,,1
__empty__3281,1,,,,,,1
__empty__5874,1,,,,,,1
__empty__4151,1,,,,,,1
__empty__4724,1,,,,,,1
__empty__4723,1,,,,,,1
__empty__4722,1,,,,,,1
__empty__4720,1,,,,,,1
__empty__4708,1,,,,,,1
__empty__4712,1,,,,,,1
__empty__5474,1,,,,,,1
__empty__6331,1,,,,,,1
__empty__3541,1,,,,,,1
__empty__6977,1,,,,,,1
__empty__6965,1,,,,,,1
__empty__5492,1,,,,,,1
__empty__5616,1,,,,,,1
__empty__4707,1,,,,,,1
__empty__3625,1,,,,,,1
__empty__6874,1,,,,,,1
__empty__5623,1,,,,,,1
__empty__4008,1,,,,,,1
__empty__4006,1,,,,,,1
__empty__5044,1,,,,,,1
__empty__4207,1,,,,,,1
__empty__5978,1,,,,,,1
__empty__5992,1,,,,,,1
__empty__6042,1,,,,,,1
__empty__6199,1,,,,,,1
__empty__6132,1,,,,,,1
__empty__5823,1,,,,,,1
__empty__9052,1,,,,,,1
__empty__5437,1,,,,,,1
__empty__5625,1,,,,,,1
__empty__5622,1,,,,,,1
__empty__7252,1,,,,,,1
__empty__4741,1,,,,,,1
__empty__4742,1,,,,,,1
__empty__7324,1,,,,,,1
__empty__7248,1,,,,,,1
__empty__7411,1,,,,,,1
__empty__7326,1,,,,,,1
__empty__7402,1,,,,,,1
__empty__7405,1,,,,,,1
__empty__7396,1,,,,,,1
__empty__7339,1,,,,,,1
__empty__7992,1,,,,,,1
__empty__5699,1,,,,,,1
noelridge park cedar rapids ia 50428|IA,0,,Noelridge Park Cedar Rapids,IA,50428,"Noelridge Park Cedar Rapids, IA 50428",2
__empty__5709,1,,,,,,1
__empty__5869,1,,,,,,1
__empty__5871,1,,,,,,1
__empty__9250,1,,,,,,1
__empty__5883,1,,,,,,1
__empty__5986,1,,,,,,1
__empty__5889,1,,,,,,1
__empty__6138,1,,,,,,1
__empty__4131,1,,,,,,1
__empty__6140,1,,,,,,1
__empty__6152,1,,,,,,1
__empty__4285,1,,,,,,1
__empty__4224,1,,,,,,1
__empty__4218,1,,,,,,1
__empty__8063,1,,,,,,1
__empty__5738,1,,,,,,1
__empty__7612,1,,,,,,1
__empty__7610,1,,,,,,1
__empty__7609,1,,,,,,1
__empty__7640,1,,,,,,1
__empty__5777,1,,,,,,1
__empty__4147,1,,,,,,1
__empty__6543,1,,,,,,1
__empty__6611,1,,,,,,1
__empty__6645,1,,,,,,1
__empty__7363,1,,,,,,1
__empty__6631,1,,,,,,1
__empty__6634,1,,,,,,1
__empty__6555,1,,,,,,1
__empty__4968,1,,,,,,1
__empty__5041,1,,,,,,1
__empty__4974,1,,,,,,1
__empty__5026,1,,,,,,1
__empty__4976,1,,,,,,1
__empty__4780,1,,,,,,1
__empty__4787,1,,,,,,1
__empty__4790,1,,,,,,1
__empty__4801,1,,,,,,1
__empty__4726,1,,,,,,1
__empty__4725,1,,,,,,1
__empty__4670,1,,,,,,1
__empty__4660,1,,,,,,1
__empty__4228,1,,,,,,1
luther college decorah ia 50428|IA,0,,Luther College Decorah,IA,50428,"Luther College Decorah, IA 50428",4
__empty__3733,1,,,,,,1
u p r cayey avenida antonio r barcel 205 cayey pr 00736|PR,0,205 Cayey,Cayey,PR,00736,"U.P.R. Cayey Avenida Antonio R. Barcel 205 Cayey, PR 00736",1
__empty__3746,1,,,,,,1
__empty__5599,1,,,,,,1
__empty__5676,1,,,,,,1
__empty__5646,1,,,,,,1
__empty__7770,1,,,,,,1
__empty__5666,1,,,,,,1
__empty__5600,1,,,,,,1
__empty__6483,1,,,,,,1
__empty__6542,1,,,,,,1
__empty__4500,1,,,,,,1
__empty__6485,1,,,,,,1
__empty__6048,1,,,,,,1
__empty__6482,1,,,,,,1
__empty__4149,1,,,,,,1
__empty__6864,1,,,,,,1
__empty__3988,1,,,,,,1
__empty__6799,1,,,,,,1
__empty__6790,1,,,,,,1
__empty__6839,1,,,,,,1
__empty__6802,1,,,,,,1
__empty__7003,1,,,,,,1
__empty__6988,1,,,,,,1
__empty__6871,1,,,,,,1
__empty__6886,1,,,,,,1
western texas cross country course snyder tx 79549|TX,0,,Western Texas Cross Country Course Snyde,TX,79549,"Western Texas Cross Country Course Snyder, TX 79549",1
__empty__5077,1,,,,,,1
__empty__4997,1,,,,,,1
__empty__5032,1,,,,,,1
__empty__4989,1,,,,,,1
grove city city not supplied|,0,,,,,"Grove City City Not Supplied,",1
__empty__13181,1,,,,,,1
__empty__4791,1,,,,,,1
__empty__4781,1,,,,,,1
__empty__4816,1,,,,,,1
__empty__6040,1,,,,,,1
bicentennial park 5351 park west lane northampton pa 18067|PA,0,5351 Park West Lane Northampton,Park West Lane Northampton,PA,18067,"Bicentennial Park 5351 Park West Lane Northampton, PA 18067",2
__empty__6044,1,,,,,,1
__empty__6047,1,,,,,,1
__empty__6037,1,,,,,,1
arroyo verde park ventura ca 93003|CA,0,,Arroyo Verde Park Ventura,CA,93003,"Arroyo Verde Park Ventura, CA 93003",2
oxnard oxnard ca 93033|CA,0,,Oxnard Oxnard,CA,93033,"Oxnard Oxnard, CA 93033",1
__empty__5538,1,,,,,,1
__empty__5484,1,,,,,,1
__empty__5495,1,,,,,,1
__empty__5570,1,,,,,,1
__empty__7487,1,,,,,,1
__empty__5554,1,,,,,,1
__empty__6694,1,,,,,,1
__empty__6718,1,,,,,,1
__empty__6680,1,,,,,,1
__empty__6724,1,,,,,,1
__empty__6793,1,,,,,,1
__empty__6889,1,,,,,,1
__empty__8319,1,,,,,,1
__empty__6901,1,,,,,,1
__empty__6915,1,,,,,,1
__empty__7010,1,,,,,,1
__empty__6897,1,,,,,,1
__empty__6990,1,,,,,,1
__empty__6913,1,,,,,,1
__empty__7025,1,,,,,,1
__empty__6491,1,,,,,,1
__empty__8282,1,,,,,,1
st james farm warrenville il|IL,0,,ST. JAMES FARM WARRENVILLE,IL,,"ST. JAMES FARM WARRENVILLE, IL",1
__empty__8312,1,,,,,,1
__empty__8204,1,,,,,,1
__empty__7486,1,,,,,,1
__empty__8236,1,,,,,,1
__empty__7492,1,,,,,,1
princess anne md 21853|MD,0,,Princess Anne,MD,21853,"Princess Anne, MD 21853",1
__empty__7651,1,,,,,,1
__empty__7657,1,,,,,,1
__empty__7635,1,,,,,,1
__empty__7637,1,,,,,,1
lake wichita park wichita falls tx 76308|TX,0,,Lake Wichita Park Wichita Falls,TX,76308,"Lake Wichita Park Wichita Falls, TX 76308",1
winthrop rock hill sc 29730|SC,0,,Winthrop Rock Hill,SC,29730,"Winthrop Rock Hill, SC 29730",1
__empty__7601,1,,,,,,1
__empty__7605,1,,,,,,1
__empty__7614,1,,,,,,1
__empty__7603,1,,,,,,1
__empty__7554,1,,,,,,1
__empty__7562,1,,,,,,1
__empty__7553,1,,,,,,1
__empty__7599,1,,,,,,1
__empty__7608,1,,,,,,1
__empty__18261,1,,,,,,1
__empty__7246,1,,,,,,1
__empty__7247,1,,,,,,1
__empty__7254,1,,,,,,1
__empty__7267,1,,,,,,1
__empty__8337,1,,,,,,1
__empty__6690,1,,,,,,1
uc santa cruz east field santa cruz ca 95064|CA,0,,UC Santa Cruz East Field Santa Cruz,CA,95064,"UC Santa Cruz East Field Santa Cruz, CA 95064",1
__empty__6863,1,,,,,,1
__empty__6865,1,,,,,,1
__empty__8065,1,,,,,,1
spokane polo fields spokane wa|WA,0,,Spokane Polo Fields Spokane,WA,,"Spokane Polo Fields Spokane, WA",2
__empty__7359,1,,,,,,1
__empty__7341,1,,,,,,1
__empty__7357,1,,,,,,1
__empty__7364,1,,,,,,1
mcalpine creek park charlotte nc|NC,0,,McAlpine Creek Park Charlotte,NC,,"McAlpine Creek Park Charlotte, NC",3
ctc championships cross country course center valley pa 18034|PA,0,,CTC Championships Cross Country Course C,PA,18034,"CTC Championships Cross Country Course Center Valley, PA 18034",2
__empty__26118,1,,,,,,1
iu east richmond oh|OH,0,,IU East Richmond,OH,,"IU East Richmond, OH",1
__empty__18703,1,,,,,,1
the classical academy sarasota fl|FL,0,,The Classical Academy Sarasota,FL,,"The Classical Academy Sarasota, FL",1
__empty__18692,1,,,,,,1
the bluffs golf course vermillion sd 57069|SD,0,,The Bluffs Golf Course Vermillion,SD,57069,"The Bluffs Golf Course Vermillion, SD 57069",1
__empty__11756,1,,,,,,1
uwf pensacola fl 32504|FL,0,,UWF Pensacola,FL,32504,"UWF Pensacola, FL 32504",2
west valley championship course cottonwood ca 96003|CA,0,,West Valley Championship Course Cottonwo,CA,96003,"West Valley Championship Course Cottonwood, CA 96003",1
hamilton county jasper fl 32052|FL,0,,Hamilton County Jasper,FL,32052,"Hamilton County Jasper, FL 32052",2
idaho state cross country course pocatello id 83201|,0,,Idaho State Cross Country Course Pocatel,ID,83201,"Idaho State Cross Country Course Pocatello, Id 83201",1
bethleham 1901 main st bethlehem nh 03547|NH,0,1901 Main St Bethlehem,Main St Bethlehem,NH,03547,"BETHLEHAM 1901 Main St Bethlehem, NH 03547",1
nehoiden golf course keohane sports center wellesley ma 2481|,0,,Nehoiden Golf Course Keohane Sports Cent,MA,,"Nehoiden Golf Course Keohane Sports Center Wellesley, MA 2481",1
bremen bremen in|IN,0,,Bremen Bremen,IN,,"Bremen Bremen, IN",1
cal st fullerton california state university fullerton ca 92834|CA,0,,Fullerton,CA,92834,"Cal St. Fullerton California State University, Fullerton, CA 92834",1
__empty__4672,1,,,,,,1
universidad upr recinto rio piedras 14 ave universidad ste 1401 san juan pr 00926|PR,0,14 Ave. Universidad Ste.,San Juan,PR,00926,"Universidad UPR-Recinto Rio Piedras 14 Ave. Universidad Ste. 1401 San Juan, PR 00926",9
b t washington pensacola fl 32504|FL,0,,B. T. Washington Pensacola,FL,32504,"B. T. Washington Pensacola, FL 32504",1
delaware outreach research center 884 smyrna leipsic road smyra de 17788|DE,0,884 Smyrna Leipsic Road Smyra,Smyrna Leipsic Road Smyra,DE,17788,"Delaware Outreach & Research Center 884 Smyrna Leipsic Road Smyra, DE 17788",1
__empty__7019,1,,,,,,1
maine maritime academy west river road castine me 04901|ME,0,,Maine Maritime Academy West River Road C,ME,04901,"Maine Maritime Academy West River Road Castine, ME 04901",3
__empty__4545,1,,,,,,1
eiu charleston il 61920|IL,0,,EIU Charleston,IL,61920,"EIU Charleston, IL 61920",1
__empty__19828,1,,,,,,1
__empty__20662,1,,,,,,1
cooper s lake campground slippery rock pa 16057|PA,0,,Cooper's Lake Campground Slippery Rock,PA,16057,"Cooper's Lake Campground Slippery Rock, PA 16057",1
clark county fairgrounds 10643 vermilion road springfield oh 45501|OH,0,10643 Vermilion Road Springfield,Vermilion Road Springfield,OH,10643,"Clark County Fairgrounds 10643 Vermilion Road Springfield, OH 45501",1
__empty__9720,1,,,,,,1
__empty__18304,1,,,,,,1
california university california pa 15419|PA,0,,CALIFORNIA UNIVERSITY California,PA,15419,"CALIFORNIA UNIVERSITY California, PA 15419",1
edmond santa fe hs edmond ok oklahoma 73170|,0,,Edmond Santa Fe HS Edmond,OK,73170,"Edmond Santa Fe HS Edmond,OK, Oklahoma 73170",1
__empty__10229,1,,,,,,1
__empty__6727,1,,,,,,1
__empty__18575,1,,,,,,1
wayne e dannehl national cross country kenosha wi|WI,0,,Wayne E. Dannehl National Cross Country ,WI,,"Wayne E. Dannehl National Cross Country Kenosha, WI",2
lawnwood stadium ft pierce fl 34950|FL,0,,Lawnwood Stadium Ft. Pierce,FL,34950,"Lawnwood Stadium Ft. Pierce, FL 34950",1
__empty__4661,1,,,,,,1
__empty__9880,1,,,,,,1
__empty__10074,1,,,,,,1
__empty__18922,1,,,,,,1
__empty__18706,1,,,,,,1
pine view golf club three rivers mi 49009|MI,0,,Pine View Golf Club Three Rivers,MI,49009,"Pine View Golf Club Three Rivers, MI 49009",1
dixie hollins st petersburg fl 32312|FL,0,,Dixie Hollins St Petersburg,FL,32312,"Dixie Hollins St Petersburg, FL 32312",1
ridgeview orange park fl 32065|FL,0,,Ridgeview Orange Park,FL,32065,"Ridgeview Orange Park, FL 32065",2
walsh university north canton oh 44720|OH,0,,Walsh University North Canton,OH,44720,"Walsh University North Canton, OH 44720",2
north dakota state fargo nd 58104|ND,0,,North Dakota State Fargo,ND,58104,"North Dakota State Fargo, ND 58104",1
__empty__10010,1,,,,,,1
pace soccer complex pace fl|FL,0,,Pace Soccer Complex Pace,FL,,"Pace Soccer Complex Pace, FL",2
__empty__19994,1,,,,,,1
__empty__19995,1,,,,,,1
morehead state university morehead oh 40351|OH,0,,Morehead State University Morehead,OH,40351,"Morehead State University Morehead, OH 40351",1
__empty__9873,1,,,,,,1
berks youth recreation facility 1098 county welfare road leesport pa 19533|PA,0,1098 County Welfare Road Leesport,County Welfare Road Leesport,PA,19533,"Berks Youth Recreation Facility 1098 County Welfare Road Leesport, PA 19533",2
san mateo san mateo ca 94402|CA,0,,San Mateo San Mateo,CA,94402,"San Mateo San Mateo, CA 94402",1
__empty__9955,1,,,,,,1
central arkansas 20 kinley dr conway ar|AR,0,20 Kinley Dr Conway,Kinley Dr Conway,AR,,"Central Arkansas 20 Kinley Dr Conway, AR",4
gusvaus adlophus college st peter mn 56082|MN,0,,Gusvaus Adlophus College St. Peter,MN,56082,"Gusvaus Adlophus College St. Peter, MN 56082",1
asheville christian academy swannanoa nc 28645|NC,0,,Asheville Christian Academy Swannanoa,NC,28645,"Asheville Christian Academy Swannanoa, NC 28645",2
__empty__21807,1,,,,,,1
sterling college sterling ks 67579|KS,0,,Sterling College Sterling,KS,67579,"Sterling College Sterling, KS 67579",1
bill roberts helena mt 59501|MT,0,,Bill Roberts Helena,MT,59501,"Bill Roberts Helena, MT 59501",1
__empty__10371,1,,,,,,1
umass amherst amherst ma 01003|MA,0,,UMass-Amherst Amherst,MA,01003,"UMass-Amherst Amherst, MA 01003",1
iowa western council bluffs ia 51503|IA,0,,Iowa Western Council Bluffs,IA,51503,"Iowa Western Council Bluffs, IA 51503",1
bolin park canton ga 30066|GA,0,,Bolin Park Canton,GA,30066,"Bolin Park Canton, GA 30066",1
crystal springs course belmont ca 94402|CA,0,,Crystal Springs Course Belmont,CA,94402,"Crystal Springs Course Belmont, CA 94402",1
mounds state park anderson in|IN,0,,Mounds State Park Anderson,IN,,"Mounds State Park Anderson, IN",1
__empty__11848,1,,,,,,1
__empty__11901,1,,,,,,1
__empty__20742,1,,,,,,1
fernhill park portland or|OR,0,,Fernhill Park Portland,OR,,"Fernhill Park Portland, OR",1
wisconsin river golf club stevens point wi|,0,,,WI,,"Wisconsin River Golf Club Stevens, Point WI",1
__empty__10306,1,,,,,,1
baker field lancaster pa 17602|PA,0,,Baker Field Lancaster,PA,17602,"Baker Field Lancaster, PA 17602",2
riverside jacksonville fl 32327|FL,0,,Riverside Jacksonville,FL,32327,"Riverside Jacksonville, FL 32327",1
foss park golf course north chicago illinois 60064|,0,,,IL,60064,"Foss Park Golf Course North Chicago, Illinois 60064",1
__empty__10789,1,,,,,,1
__empty__4569,1,,,,,,1
__empty__4552,1,,,,,,1
illinois chicago chicago il 60608|IL,0,,Illinois-Chicago Chicago,IL,60608,"Illinois-Chicago Chicago, IL 60608",36
katy trail st charles mo 63301|MO,0,,KATY Trail St. Charles,MO,63301,"KATY Trail St. Charles, MO 63301",1
lake casitas ventura ca 93001|CA,0,,Lake Casitas Ventura,CA,93001,"Lake Casitas Ventura, CA 93001",1
florida tech melbourne fl 32901|FL,0,,Florida Tech Melbourne,FL,32901,"Florida Tech Melbourne, FL 32901",1
__empty__13641,1,,,,,,1
grover nelson park abilene tx 79602|TX,0,,Grover Nelson Park Abilene,TX,79602,"Grover Nelson Park Abilene, TX 79602",1
__empty__11670,1,,,,,,1
cottondale cottondale fl 32431|FL,0,,Cottondale Cottondale,FL,32431,"Cottondale Cottondale, FL 32431",2
__empty__12269,1,,,,,,1
steve woodland hills ca 91371|CA,0,,Steve Woodland Hills,CA,91371,"Steve Woodland Hills, CA 91371",1
freedom tampa tampa fl 33647|FL,0,,Tampa,FL,33647,"Freedom (Tampa) Tampa, FL 33647",1
u p r cayey cayey pr 00714|PR,0,,U.P.R. Cayey Cayey,PR,00714,"U.P.R. Cayey Cayey, PR 00714",2
ridge community hs davenport fl|FL,0,,Ridge Community HS Davenport,FL,,"Ridge Community HS Davenport, FL",2
long island brooklyn ny 11201|NY,0,,Long Island Brooklyn,NY,11201,"Long Island Brooklyn, NY 11201",1
__empty__4626,1,,,,,,1
__empty__4619,1,,,,,,1
__empty__20668,1,,,,,,1
__empty__4489,1,,,,,,1
cottondale cottondale fl 32312|FL,0,,Cottondale Cottondale,FL,32312,"Cottondale Cottondale, FL 32312",2
__empty__22428,1,,,,,,1
__empty__21830,1,,,,,,1
__empty__22041,1,,,,,,1
__empty__22088,1,,,,,,1
__empty__22087,1,,,,,,1
__empty__22080,1,,,,,,1
baker field lancaster pa 17604|PA,0,,Baker Field Lancaster,PA,17604,"Baker Field Lancaster, PA 17604",1
delaware newark de 19716|DE,0,,Delaware Newark,DE,19716,"Delaware Newark, DE 19716",1
woodland park woodward park fresno ca|CA,0,,Woodland Park WOODWARD PARK Fresno,CA,,"Woodland Park WOODWARD PARK Fresno, CA",1
indian river county fairgrounds vero beach fl 32963|FL,0,,Indian River County Fairgrounds Vero Bea,FL,32963,"Indian River County Fairgrounds Vero Beach, FL 32963",4
pensacola catholic pensacola fl 32505|FL,0,,Pensacola Catholic Pensacola,FL,32505,"Pensacola Catholic Pensacola, FL 32505",1
v a hospital clarksburg wv 26301|WV,0,,V.A. Hospital Clarksburg,WV,26301,"V.A. Hospital Clarksburg, WV 26301",3
midwestern st wichita falls tx|TX,0,,Midwestern St Wichita Falls,TX,,"Midwestern St Wichita Falls, TX",1
__empty__11949,1,,,,,,1
lake boney park lakeland fl|FL,0,,Lake Boney Park Lakeland,FL,,"Lake Boney Park Lakeland, FL",1
brewton ms brewton al 35487|AL,0,,Brewton MS Brewton,AL,35487,"Brewton MS Brewton, AL 35487",1
fairbanks cross country course san luis obispo ca|CA,0,,Fairbanks Cross Country Course San Luis ,CA,,"Fairbanks Cross Country Course San Luis Obispo, CA",1
__empty__24972,1,,,,,,1
__empty__24692,1,,,,,,1
__empty__22704,1,,,,,,1
trm brewton al 35487|AL,0,,TRM Brewton,AL,35487,"TRM Brewton, AL 35487",1
__empty__12495,1,,,,,,1
__empty__22678,1,,,,,,1
__empty__25110,1,,,,,,1
elizabethtown solar panel loop elizabethtown pa 17022|PA,0,,Elizabethtown Solar Panel Loop Elizabeth,PA,17022,"Elizabethtown Solar Panel Loop Elizabethtown, PA 17022",1
cecil field golf course jacksonville fl 32221|FL,0,,Cecil Field Golf Course Jacksonville,FL,32221,"Cecil Field Golf Course Jacksonville, FL 32221",1
east ridge high school clermont fl 34711|FL,0,,East Ridge High School Clermont,FL,34711,"East Ridge High School Clermont, FL 34711",2
joyce family athletic village longview tx 75607|TX,0,,Joyce Family Athletic Village Longview,TX,75607,"Joyce Family Athletic Village Longview, TX 75607",2
region open rome ga 30066|GA,0,,Region Open Rome,GA,30066,"Region Open Rome, GA 30066",1
__empty__24558,1,,,,,,1
__empty__17785,1,,,,,,1
columbia international university columbia sc 29203|SC,0,,Columbia International University Columb,SC,29203,"Columbia International University Columbia, SC 29203",1
__empty__14314,1,,,,,,1
__empty__24714,1,,,,,,1
__empty__20950,1,,,,,,1
niacc 500 college dr mason city ia 50401|IA,0,500 College Dr Mason City,College Dr Mason City,IA,50401,"NIACC 500 College Dr Mason City, IA 50401",1
__empty__24691,1,,,,,,1
trinity prep xc course winter park fl 32792|FL,0,,Trinity Prep XC Course Winter Park,FL,32792,"Trinity Prep XC Course Winter Park, FL 32792",2
the bolles school jacksonville fl 32207|FL,0,,The Bolles School Jacksonville,FL,32207,"The Bolles School Jacksonville, FL 32207",1
__empty__24196,1,,,,,,1
winthrop farm xc course rock hill sc 29733|SC,0,,Winthrop Farm XC Course Rock Hill,SC,29733,"Winthrop Farm XC Course Rock Hill, SC 29733",1
southmont carwfordsville in 47933|IN,0,,Southmont Carwfordsville,IN,47933,"Southmont Carwfordsville, IN 47933",1
__empty__17226,1,,,,,,1
greenfield park milwaukee wi 30066|WI,0,,Greenfield Park Milwaukee,WI,30066,"Greenfield Park Milwaukee, WI 30066",1
__empty__14145,1,,,,,,1
the hawks xc pavilion 1 college backbone road princess anne md 21853|MD,0,1 College Backbone Road Princess Anne,College Backbone Road Princess Anne,MD,21853,"The Hawks XC Pavilion 1 College Backbone Road Princess Anne, MD 21853",2
fun n sun expo center lakeland fl 33801|FL,0,,Fun n Sun Expo center Lakeland,FL,33801,"Fun n Sun Expo center Lakeland, FL 33801",1
south lake high school groveland fl 34736|FL,0,,South Lake High School Groveland,FL,34736,"South Lake High School Groveland, FL 34736",2
espn wwos complex orlando fl 11111|FL,0,,ESPN WWOS Complex Orlando,FL,11111,"ESPN WWOS Complex Orlando, FL 11111",1
southern illinois carbondale il 62901|IL,0,,Southern Illinois Carbondale,IL,62901,"Southern Illinois Carbondale, IL 62901",2
baltimore county agricultural center cockeysville md 21030|MD,0,,Baltimore County Agricultural Center Coc,MD,21030,"Baltimore County Agricultural Center Cockeysville, MD 21030",1
chamberlain tampa fl 33612|FL,0,,Chamberlain Tampa,FL,33612,"Chamberlain Tampa, FL 33612",1
brookdale cc 765 newman springs road lincroft nj 07738|NJ,0,765 Newman Springs Road Lincroft,Newman Springs Road Lincroft,NJ,07738,"Brookdale CC 765 Newman Springs Road Lincroft, NJ 07738",2
willow metropark chestnut grove new boston michigan 48164|,0,,,MI,48164,"Willow Metropark - Chestnut Grove New Boston, Michigan 48164",1
__empty__4501,1,,,,,,1
russian jack springs golf course anchorage ak 99504|AK,0,,Russian Jack Springs Golf Course Anchora,AK,99504,"Russian Jack Springs Golf Course Anchorage, AK 99504",1
st anselm 100 st anselm dr goffstown nh 03102|NH,0,100 St Anselm Dr Goffstown,St Anselm Dr Goffstown,NH,03102,"St. Anselm 100 St Anselm Dr Goffstown, NH 03102",1
columbia s c columbia sc 29203|SC,0,,Columbia,SC,29203,"Columbia (S.C.) Columbia, SC 29203",1
elizabethtown solar array course elizabethtown pa 17022|PA,0,,Elizabethtown Solar Array Course Elizabe,PA,17022,"Elizabethtown Solar Array Course Elizabethtown, PA 17022",2
arlington course 1510 lexington road richmond ky 40475|KY,0,1510 Lexington Road Richmond,Lexington Road Richmond,KY,40475,"Arlington Course 1510 Lexington Road Richmond, KY 40475",1
__empty__4646,1,,,,,,1
amend park billings montana 59101|,0,,,MT,59101,"Amend Park Billings, Montana 59101",1
chain of lakes titusville fl|FL,0,,Chain of Lakes Titusville,FL,,"Chain of Lakes Titusville, FL",1
mary help of christians 6400 e chelsea st tampa fl 33610|,0,6400 E Chelsea St. Tampa,E Chelsea St. Tampa,FL,33610,"Mary Help of Christians 6400 E Chelsea St. Tampa, Fl 33610",1
seminole park cross country course cedar rapids ia 52402|IA,0,,Seminole Park Cross-Country Course Cedar,IA,52402,"Seminole Park Cross-Country Course Cedar Rapids, IA 52402",1
new haven 1300 green road new haven in 46774|IN,0,1300 Green Road New Haven,Green Road New Haven,IN,46774,"New Haven 1300 Green Road New Haven, IN 46774",1
__empty__7362,1,,,,,,1
__empty__4644,1,,,,,,1
flcc canandaigua ny|NY,0,,FLCC Canandaigua,NY,,"FLCC Canandaigua, NY",1
jefferson park golf course seattle wa 98115|WA,0,,Jefferson Park Golf Course Seattle,WA,98115,"Jefferson Park Golf Course Seattle, WA 98115",1
__empty__8915,1,,,,,,1
__empty__4578,1,,,,,,1
york college jamaica ny 11451|NY,0,,York College Jamaica,NY,11451,"York College Jamaica, NY 11451",1
__empty__4564,1,,,,,,1
__empty__8704,1,,,,,,1
va hospital clarksburg wv 26031|WV,0,,VA Hospital Clarksburg,WV,26031,"VA Hospital Clarksburg, WV 26031",1
murray state murray ky 44444|KY,0,,Murray State Murray,KY,44444,"Murray State Murray, KY 44444",1
__empty__18841,1,,,,,,1
u p r rio piedras san juan pr 00927|PR,0,,U.P.R. Rio Piedras San Juan,PR,00927,"U.P.R. Rio Piedras San Juan, PR 00927",4
__empty__11105,1,,,,,,1
__empty__12257,1,,,,,,1
virginia wesleyan university virginia beach va 23455|VA,0,,Virginia Wesleyan University Virginia Be,VA,23455,"Virginia Wesleyan University Virginia Beach, VA 23455",1
james island county park charleston sc 29613|SC,0,,James Island County Park Charleston,SC,29613,"James Island County Park Charleston, SC 29613",1
spring lake state park macomb il 61455|IL,0,,Spring Lake State Park Macomb,IL,61455,"Spring Lake State Park Macomb, IL 61455",1
__empty__4080,1,,,,,,1
__empty__837,1,,,,,,1
northern michigan marquette mi 12345|MI,0,,Northern Michigan Marquette,MI,12345,"Northern Michigan Marquette, MI 12345",1
__empty__15710,1,,,,,,1
rogers stadium ettrick va 23803|VA,0,,Rogers Stadium Ettrick,VA,23803,"Rogers Stadium Ettrick, VA 23803",2
dvu campus 741 grenoble rd doylestown pa 18901|PA,0,741 Grenoble Rd Doylestown,Grenoble Rd Doylestown,PA,18901,"DVU Campus 741 Grenoble Rd Doylestown, PA 18901",1
louisiana tech ruston la 71270|LA,0,,Louisiana Tech Ruston,LA,71270,"Louisiana Tech Ruston, LA 71270",1
liberty park delaware oh 43015|OH,0,,LIberty Park Delaware,OH,43015,"LIberty Park Delaware, OH 43015",1
baker field lancaster pa 17603|PA,0,,Baker Field Lancaster,PA,17603,"Baker Field Lancaster, PA 17603",1
rice 6100 main houston tx 77251|TX,0,6100 Main Houston,Main Houston,TX,77251,"Rice 6100 Main Houston, TX 77251",1
siue xc course edwardsville il 62025|IL,0,,SIUE XC Course Edwardsville,IL,62025,"SIUE XC Course Edwardsville, IL 62025",1
cheslen preserve 1199 cannery rd coatesville pa 19320|PA,0,1199 Cannery Rd Coatesville,Cannery Rd Coatesville,PA,19320,"ChesLen Preserve 1199 Cannery Rd Coatesville, PA 19320",1
big green soccer complex 2800 w gore lawton ok 73505|OK,0,2800 W Gore Lawton,W Gore Lawton,OK,73505,"Big Green Soccer Complex 2800 W Gore Lawton, OK 73505",1
__empty__8413,1,,,,,,1
__empty__1461,1,,,,,,1
__empty__16016,1,,,,,,1
atlanta atlanta ga 30066|GA,0,,Atlanta Atlanta,GA,30066,"Atlanta Atlanta, GA 30066",1
__empty__8969,1,,,,,,1
__empty__8703,1,,,,,,1
nvu lyndon lyndonville vt 05851|VT,0,,NVU-Lyndon Lyndonville,VT,05851,"NVU-Lyndon Lyndonville, VT 05851",1
__empty__8940,1,,,,,,1
forsyth park forsyth il 62522|IL,0,,Forsyth Park Forsyth,IL,62522,"Forsyth Park Forsyth, IL 62522",1
georgia industrial children s home 4690 n mumford rd macon ga 31216|GA,0,4690 N. Mumford Rd. Macon,N. Mumford Rd. Macon,GA,31216,"Georgia Industrial Children's Home 4690 N. Mumford Rd. Macon, GA 31216",1
__empty__1453,1,,,,,,1
dr wayne e dannehl cross country course kenosha wi 53144|WI,0,,Dr. Wayne E. Dannehl Cross Country Cours,WI,53144,"Dr. Wayne E. Dannehl Cross Country Course Kenosha, WI 53144",1
texas a m college station tx 77842|TX,0,,M College Station,TX,77842,"Texas A&M College Station, TX 77842",1
club northwest seattle wa 98112|WA,0,,Club Northwest Seattle,WA,98112,"Club Northwest Seattle, WA 98112",1
__empty__15248,1,,,,,,1
www finishedresults com san bernardino ca 92093|CA,0,,www.finishedresults.com San Bernardino,CA,92093,"www.finishedresults.com San Bernardino, CA 92093",2
__empty__8692,1,,,,,,1
greene farm jefferson city tn 37877|TN,0,,Greene Farm Jefferson City,TN,37877,"Greene Farm Jefferson City, TN 37877",1
univ of akron firestone metro park akron oh 44319|OH,0,,Univ. of Akron - Firestone Metro Park Ak,OH,44319,"Univ. of Akron - Firestone Metro Park Akron, OH 44319",1
__empty__8574,1,,,,,,1
al buehler trail durham nc 27708|NC,0,,Al Buehler Trail Durham,NC,27708,"Al Buehler Trail Durham, NC 27708",1
__empty__11845,1,,,,,,1
__empty__11917,1,,,,,,1
frostproof hs frostproof fl 33843|FL,0,,Frostproof HS Frostproof,FL,33843,"Frostproof HS Frostproof, FL 33843",1
heritage park adrian mi|MI,0,,Heritage Park Adrian,MI,,"Heritage Park Adrian, MI",1
frank liske park concord nc 28036|NC,0,,Frank Liske Park Concord,NC,28036,"Frank Liske Park Concord, NC 28036",1
__empty__3871,1,,,,,,1
__empty__3879,1,,,,,,1
__empty__109,1,,,,,,1
__empty__120,1,,,,,,1
elizabethtown college campus loop elizabethtown pa 17022|PA,0,,Elizabethtown College Campus Loop Elizab,PA,17022,"Elizabethtown College Campus Loop Elizabethtown, PA 17022",2
__empty__16089,1,,,,,,1
__empty__8588,1,,,,,,1
delavan hs delavan il 61745|IL,0,,Delavan HS Delavan,IL,61745,"Delavan HS Delavan, IL 61745",1
al buehler trail durham nc 27705|NC,0,,Al Buehler Trail Durham,NC,27705,"Al Buehler Trail Durham, NC 27705",1
emmitsburg md 21727|MD,0,,Emmitsburg,MD,21727,"Emmitsburg, MD 21727",1
university of south carolina columbia sc 29208|SC,0,,University of South Carolina Columbia,SC,29208,"University of South Carolina Columbia, SC 29208",1
south county regional park 11200 park access road boca raton fl 33498|FL,0,11200 Park Access Road Boca Raton,Park Access Road Boca Raton,FL,11200,"South County Regional Park 11200 Park Access Road Boca Raton, FL 33498",1
schenely park pittsburgh pa 15213|PA,0,,Schenely Park Pittsburgh,PA,15213,"Schenely Park Pittsburgh, PA 15213",1
edmond santa fe hs edmond oklahoma 73013|,0,,,OK,73013,"Edmond Santa Fe HS Edmond, Oklahoma 73013",1
sugar creek park houston tx 77204|TX,0,,SUGAR CREEK PARK Houston,TX,77204,"SUGAR CREEK PARK Houston, TX 77204",1
__empty__191,1,,,,,,1
__empty__4783,1,,,,,,1
__empty__4804,1,,,,,,1
__empty__7104,1,,,,,,1
__empty__5399,1,,,,,,1
__empty__5397,1,,,,,,1
__empty__5370,1,,,,,,1
__empty__5362,1,,,,,,1
__empty__185,1,,,,,,1
georgia college and state university milledgeville ga 31061|GA,0,,Georgia College and State University Mil,GA,31061,"Georgia College and State University Milledgeville, GA 31061",1
squire valleevue farm cleveland oh 44122|OH,0,,Squire Valleevue Farm Cleveland,OH,44122,"Squire Valleevue Farm Cleveland, OH 44122",1
riverside park minneapolis mn 55441|MN,0,,Riverside Park Minneapolis,MN,55441,"Riverside Park Minneapolis, MN 55441",1
__empty__8693,1,,,,,,1
morgan creek park palo ia 50428|IA,0,,Morgan Creek Park Palo,IA,50428,"Morgan Creek Park Palo, IA 50428",1
rowan college gloucester county sewell nj 08102|NJ,0,,Gloucester County Sewell,NJ,08102,"Rowan College @ Gloucester County Sewell, NJ 08102",1
__empty__3901,1,,,,,,1
__empty__3887,1,,,,,,1
__empty__3851,1,,,,,,1
__empty__3841,1,,,,,,1
__empty__3859,1,,,,,,1
__empty__3891,1,,,,,,1
__empty__3915,1,,,,,,1
__empty__4803,1,,,,,,1
__empty__10708,1,,,,,,1
__empty__4849,1,,,,,,1
central arizona 8470 n overfield coolidge az 85128|AZ,0,8470 N. Overfield Coolidge,N. Overfield Coolidge,AZ,85128,"Central Arizona 8470 N. Overfield Coolidge, AZ 85128",1
__empty__4073,1,,,,,,1
frank g bonelli regional park san dimas ca san dimas ca 91773|CA,0,,Frank G. Bonelli Regional Park-San Dimas,CA,91773,"Frank G. Bonelli Regional Park-San Dimas, CA San Dimas, CA 91773",1
jefferson park st leonard md 20685|MD,0,,Jefferson Park St. Leonard,MD,20685,"Jefferson Park St. Leonard, MD 20685",1
__empty__8549,1,,,,,,1
loretto pa loretto pa 15940|PA,0,,LORETTO,PA,15940,"LORETTO, PA LORETTO, PA 15940",1
california university short course california pa 13323|PA,0,,California University Short Course Calif,PA,13323,"California University Short Course California , PA 13323",1
houston houston tx 77204|TX,0,,Houston Houston,TX,77204,"Houston Houston, TX 77204",2
aceheader2 acecity acestate 12345|,0,,,,12345,"aceheader2% acecity%, acestate% 12345",1
__empty__7059,1,,,,,,1
sayville sayville ny 11764|NY,0,,Sayville Sayville,NY,11764,"Sayville Sayville, NY 11764",1
__empty__7072,1,,,,,,1
jamestown college jamestown nd 58405|ND,0,,Jamestown College Jamestown,ND,58405,"Jamestown College Jamestown, ND 58405",1
__empty__8868,1,,,,,,1
venu address city st 12345|ST,0,,Venu address city,ST,12345,"Venu address city, ST 12345",1
__empty__5395,1,,,,,,1
ewing park des moines ia des moines ia 50311|IA,0,,Des Moines,IA,50311,"Ewing Park, Des Moines, IA Des Moines, IA 50311",1
__empty__13333,1,,,,,,1
thames valley gc london ontario ontario n6a 3k7|,0,,,,,"Thames Valley GC London, Ontario, Ontario N6A 3K7",1
__empty__21774,1,,,,,,1
lawrence ks 66045|KS,0,,Lawrence,KS,66045,"Lawrence, KS 66045",1
fsdb fsdb st augustine fl 32084|FL,0,,St. Augustine,FL,32084,"FSDB FSDB, St. Augustine, FL 32084",2
classical academy ms 3k v2025 8000 bee ridge rd sarasota fl 34241|FL,0,8000 Bee Ridge Rd Sarasota,Bee Ridge Rd Sarasota,FL,34241,"Classical Academy MS 3k v2025 8000 Bee Ridge Rd Sarasota, FL 34241",1
dresden athletics fields 41 lebanon st norwich vt 03755|VT,0,41 Lebanon St. Norwich,Lebanon St. Norwich,VT,03755,"Dresden Athletics Fields 41 Lebanon St. Norwich, VT 03755",1
__empty__24170,1,,,,,,1
__empty__13332,1,,,,,,1
misericordia dallas pa 18612|PA,0,,Misericordia Dallas,PA,18612,"Misericordia Dallas, PA 18612",1
miami country day 601 ne 107th street miami fl 33161|FL,0,601 NE,th Street Miami,FL,33161,"Miami Country Day 601 NE 107th Street Miami, FL 33161",1
parkhurst jamestown nd 584012|,0,,Parkhurst Jamestown,ND,,"Parkhurst Jamestown, ND 584012",1
charlestown state park in|IN,0,,Charlestown State Park,IN,,"Charlestown State Park , IN",1
enos darbonne 4205 ryan street lake charles la 70605|LA,0,4205 Ryan Street Lake Charles,Ryan Street Lake Charles,LA,70605,"Enos Darbonne 4205 Ryan Street Lake Charles, LA 70605",1
winthrop farm course rock hill sc 29733|SC,0,,Winthrop Farm Course Rock Hill,SC,29733,"Winthrop Farm Course Rock Hill, SC 29733",2
eastern pekin high school in|IN,0,,High School,IN,,"Eastern (Pekin) High School , IN",1
__empty__1447,1,,,,,,1
__empty__11887,1,,,,,,1
vsu campus rogers stadium 1 hayden drive petersburg va 23806|VA,0,1 Hayden Drive Petersburg,Hayden Drive Petersburg,VA,23806,"VSU Campus-Rogers Stadium 1 Hayden Drive Petersburg, VA 23806",2
__empty__338,1,,,,,,1
__empty__13078,1,,,,,,1
state frm fields boone nc 28608|NC,0,,State Frm Fields Boone,NC,28608,"State Frm Fields Boone, NC 28608",1
__empty__16044,1,,,,,,1
__empty__4338,1,,,,,,1
__empty__4423,1,,,,,,1
__empty__4416,1,,,,,,1
__empty__4359,1,,,,,,1
__empty__4109,1,,,,,,1
__empty__4113,1,,,,,,1
the crossings of latham latham ny|NY,0,,The Crossings of Latham Latham,NY,,"The Crossings of Latham Latham, NY",1
__empty__20331,1,,,,,,1
ul monroe monroe la|LA,0,,UL-Monroe Monroe,LA,,"UL-Monroe Monroe, LA",1
__empty__6350,1,,,,,,1
__empty__5913,1,,,,,,1
__empty__5920,1,,,,,,1
__empty__6320,1,,,,,,1
__empty__5914,1,,,,,,1
__empty__6277,1,,,,,,1
__empty__4425,1,,,,,,1
__empty__5270,1,,,,,,1
__empty__5203,1,,,,,,1
__empty__5272,1,,,,,,1
__empty__5285,1,,,,,,1
__empty__5199,1,,,,,,1
__empty__5286,1,,,,,,1
__empty__7122,1,,,,,,1
__empty__3876,1,,,,,,1
__empty__3788,1,,,,,,1
__empty__3808,1,,,,,,1
__empty__3819,1,,,,,,1
__empty__7450,1,,,,,,1
__empty__7465,1,,,,,,1
__empty__7452,1,,,,,,1
__empty__3384,1,,,,,,1
__empty__3372,1,,,,,,1
__empty__18952,1,,,,,,1
big green soccer comples lawton ok 73501|OK,0,,Big Green Soccer Comples Lawton,OK,73501,"Big Green Soccer Comples Lawton, OK 73501",1
__empty__6269,1,,,,,,1
__empty__6258,1,,,,,,1
__empty__6276,1,,,,,,1
__empty__14555,1,,,,,,1
__empty__9113,1,,,,,,1
liberty xc course lynchburg va 24502|VA,0,,Liberty XC Course Lynchburg,VA,24502,"Liberty XC Course Lynchburg, VA 24502",1
__empty__6510,1,,,,,,1
__empty__9445,1,,,,,,1
vista links golf course 100 vista links drive buean vista va 24416|VA,0,100 Vista Links Drive Buean Vista,Vista Links Drive Buean Vista,VA,24416,"Vista Links Golf Course 100 Vista Links Drive Buean Vista, VA 24416",1
__empty__3880,1,,,,,,1
__empty__3991,1,,,,,,1
__empty__3877,1,,,,,,1
__empty__3942,1,,,,,,1
__empty__3875,1,,,,,,1
__empty__6043,1,,,,,,1
__empty__5151,1,,,,,,1
__empty__5425,1,,,,,,1
__empty__5093,1,,,,,,1
__empty__5815,1,,,,,,1
__empty__5826,1,,,,,,1
__empty__5268,1,,,,,,1
eldon lyon park oklahoma city ok|OK,0,,Eldon Lyon Park Oklahoma City,OK,,"Eldon Lyon Park Oklahoma City, OK",1
__empty__7012,1,,,,,,1
desoto county arcadia fl|FL,0,,DeSoto County Arcadia,FL,,"DeSoto County Arcadia, FL",1
__empty__21433,1,,,,,,1
montverde eagles xc course montverde fl 34756|FL,0,,Montverde Eagles XC Course Montverde,FL,34756,"Montverde Eagles XC Course Montverde, FL 34756",1
oda 444 reid st sarasota fl 34242|FL,0,444 Reid St. Sarasota,Reid St. Sarasota,FL,34242,"ODA 444 Reid St. Sarasota, FL 34242",1
v e lydia owens park louisburg nc 27551|NC,0,,Lydia Owens Park Louisburg,NC,27551,"V.E. & Lydia Owens Park Louisburg, NC 27551",1
__empty__4488,1,,,,,,1
__empty__4539,1,,,,,,1
__empty__4549,1,,,,,,1
__empty__4492,1,,,,,,1
__empty__4150,1,,,,,,1
__empty__4367,1,,,,,,1
__empty__5431,1,,,,,,1
__empty__5624,1,,,,,,1
la 00000|LA,0,,. . .,LA,00000,". . ., LA 00000",1
__empty__5714,1,,,,,,1
__empty__5981,1,,,,,,1
__empty__4504,1,,,,,,1
__empty__4650,1,,,,,,1
__empty__4622,1,,,,,,1
__empty__4655,1,,,,,,1
__empty__4652,1,,,,,,1
__empty__4625,1,,,,,,1
__empty__4535,1,,,,,,1
__empty__4658,1,,,,,,1
__empty__4509,1,,,,,,1
__empty__4649,1,,,,,,1
__empty__4616,1,,,,,,1
__empty__4617,1,,,,,,1
__empty__4548,1,,,,,,1
__empty__6402,1,,,,,,1
__empty__6375,1,,,,,,1
__empty__7401,1,,,,,,1
__empty__6907,1,,,,,,1
__empty__6794,1,,,,,,1
__empty__6391,1,,,,,,1
__empty__6478,1,,,,,,1
__empty__6541,1,,,,,,1
__empty__6101,1,,,,,,1
stewart field 6935 eckle street ft benning ga 31901|GA,0,6935 Eckle Street Ft. Benning,Eckle Street Ft. Benning,GA,31901,"Stewart Field 6935 Eckle Street Ft. Benning, GA 31901",1
__empty__4739,1,,,,,,1
__empty__6445,1,,,,,,1
__empty__6036,1,,,,,,1
__empty__7522,1,,,,,,1
__empty__6598,1,,,,,,1
__empty__4771,1,,,,,,1
__empty__4770,1,,,,,,1
__empty__5360,1,,,,,,1
__empty__5350,1,,,,,,1
__empty__5343,1,,,,,,1
__empty__5344,1,,,,,,1
__empty__5428,1,,,,,,1
__empty__5349,1,,,,,,1
__empty__4634,1,,,,,,1
__empty__4721,1,,,,,,1
__empty__5347,1,,,,,,1
__empty__5931,1,,,,,,1
nelson park abilene tx 78214|TX,0,,Nelson Park Abilene,TX,78214,"Nelson Park Abilene, TX 78214",1
__empty__7279,1,,,,,,1
__empty__6149,1,,,,,,1
__empty__12915,1,,,,,,1
__empty__6116,1,,,,,,1
industrial children s home macon ga|GA,0,,Industrial Children's Home Macon,GA,,"Industrial Children's Home Macon, GA",4
mount saint mary college cross country course newburgh ny|NY,0,,Mount Saint Mary College Cross-Country C,NY,,"Mount Saint Mary College Cross-Country Course Newburgh, NY",1
freed hardeman university cross country course henderson tn 38340|TN,0,,Freed-Hardeman University Cross-Country ,TN,38340,"Freed-Hardeman University Cross-Country Course Henderson, TN 38340",3
__empty__7558,1,,,,,,1
__empty__6197,1,,,,,,1
__empty__4620,1,,,,,,1
__empty__4614,1,,,,,,1
__empty__11844,1,,,,,,1
__empty__3341,1,,,,,,1
__empty__5649,1,,,,,,1
pine crest west fort lauderdale fl 33334|FL,0,,Pine Crest West Fort Lauderdale,FL,33334,"Pine Crest West Fort Lauderdale, FL 33334",6
__empty__16339,1,,,,,,1
william penn university oskaloosa ia 52577|IA,0,,William Penn University Oskaloosa,IA,52577,"William Penn University Oskaloosa, IA 52577",1
__empty__9251,1,,,,,,1
__empty__13061,1,,,,,,1
freed hardeman cross country course 460 ozier road pinson henderson tn 38340|TN,0,460 Ozier Road Pinson Henderson,Ozier Road Pinson Henderson,TN,38340,"Freed-Hardeman Cross Country Course 460 Ozier Road Pinson Henderson, TN 38340",1
__empty__3493,1,,,,,,1
big green soccer club lawton ok|OK,0,,Big Green Soccer Club Lawton,OK,,"Big Green Soccer Club Lawton, OK",1
dmacc ankeny ia ankeny ia 50023|IA,0,,Ankeny,IA,50023,"DMACC, Ankeny, IA Ankeny, IA 50023",1
morley field ca|CA,0,,Morley Field,CA,,"Morley Field , CA",1
elms college cross country course chicopee ma|MA,0,,Elms College Cross-Country Course Chicop,MA,,"Elms College Cross-Country Course Chicopee, MA",1
dmacc ankeny campus ankeny ia 50023|IA,0,,DMACC Ankeny Campus Ankeny,IA,50023,"DMACC Ankeny Campus Ankeny, IA 50023",1
black eagle golf course black eagle mt 59414|MT,0,,Black Eagle Golf Course Black Eagle,MT,59414,"Black Eagle Golf Course Black Eagle, MT 59414",1
duke university durham nc 27705|NC,0,,Duke University Durham,NC,27705,"Duke University Durham, NC 27705",1
__empty__7393,1,,,,,,1
__empty__7497,1,,,,,,1
crystal springs belmont ca|CA,0,,Crystal Springs Belmont,CA,,"Crystal Springs Belmont, CA",1
__empty__7560,1,,,,,,1
__empty__7555,1,,,,,,1
__empty__7566,1,,,,,,1
__empty__7551,1,,,,,,1
__empty__7544,1,,,,,,1
__empty__7569,1,,,,,,1
__empty__7552,1,,,,,,1
__empty__7561,1,,,,,,1
__empty__7593,1,,,,,,1
harding cc course searcy ar 72143|AR,0,,Harding CC Course Searcy,AR,72143,"Harding CC Course Searcy, AR 72143",1
__empty__6109,1,,,,,,1
__empty__6104,1,,,,,,1
rice community center memphis tn|TN,0,,Rice Community center Memphis,TN,,"Rice Community center Memphis , TN",1
__empty__6107,1,,,,,,1
keene state college owl complex krif road keene new hampshire 03431|,0,,,NH,03431,"Keene State College Owl Complex Krif Road Keene, New Hampshire 03431",1
loyola new orleans merrero la la 70072|LA,0,,Loyola-New Orleans Merrero,LA,70072,"Loyola-New Orleans Merrero, LA, LA 70072",1
meriwether golf course hillsboro or 97207|OR,0,,Meriwether Golf Course Hillsboro,OR,97207,"Meriwether Golf Course Hillsboro, OR 97207",1
swope park xc course kansas city mo 64132|MO,0,,Swope Park XC Course Kansas City,MO,64132,"Swope Park XC Course Kansas City, MO 64132",1
seattle wash 4101 beacon ave south seattle wa 98108|WA,0,4101 Beacon Ave South Seattle,Beacon Ave South Seattle,WA,98108,"Seattle, Wash. 4101 Beacon Ave South Seattle, WA 98108",1
pearson park oregon oh 43606|OH,0,,Pearson Park Oregon,OH,43606,"Pearson Park Oregon, OH 43606",1
__empty__14566,1,,,,,,1
__empty__10065,1,,,,,,1
hillsdale baptist family life center clarksville tn 37043|TN,0,,Hillsdale Baptist Family Life Center Cla,TN,37043,"Hillsdale Baptist Family Life Center Clarksville, TN 37043",1
__empty__3377,1,,,,,,1
__empty__6787,1,,,,,,1
__empty__3476,1,,,,,,1
__empty__9255,1,,,,,,1
__empty__13505,1,,,,,,1
__empty__22639,1,,,,,,1
big green soccer complez lawton ok|OK,0,,Big Green Soccer Complez Lawton,OK,,"Big Green Soccer Complez Lawton, OK",1
__empty__5934,1,,,,,,1
upr recinto rio piedras san juan pr 00975|PR,0,,UPR Recinto Rio Piedras San Juan,PR,00975,"UPR Recinto Rio Piedras San Juan, PR 00975",1
__empty__5772,1,,,,,,1
__empty__6403,1,,,,,,1
st pauls school conord nh|NH,0,,St. Pauls School Conord,NH,,"St. Pauls School Conord, NH",1
ribault jacksonville fl 32208|FL,0,,Ribault Jacksonville,FL,32208,"Ribault Jacksonville, FL 32208",3
cattails golf course alamosa co co|,0,,Cattails Golf Course Alamosa,CO,,"Cattails Golf Course Alamosa, CO CO",1
fred poppe regional park palm bay fl 32907|FL,0,,Fred Poppe Regional Park Palm Bay,FL,32907,"Fred Poppe Regional Park Palm Bay, FL 32907",2
chamber creek regional park university place wa 98466|WA,0,,CHAMBER CREEK REGIONAL PARK UNIVERSITY P,WA,98466,"CHAMBER CREEK REGIONAL PARK UNIVERSITY PLACE, WA 98466",1
southeast polk hs pleasent hill ia pleasant hill ia 50237|IA,0,,Pleasent Hill,IA,50237,"Southeast Polk HS, Pleasent Hill, IA Pleasant Hill, IA 50237",1
allison sports complex springfield mo 65802|MO,0,,Allison Sports Complex Springfield,MO,65802,"Allison Sports Complex Springfield, MO 65802",1
__empty__11125,1,,,,,,1
__empty__11128,1,,,,,,1
__empty__11131,1,,,,,,1
williams lake rosendale ny|NY,0,,Williams Lake Rosendale,NY,,"Williams Lake Rosendale, NY",1
central noble 302 cougar court albion in|IN,0,302 Cougar Court Albion,Cougar Court Albion,IN,,"Central Noble 302 Cougar Court Albion, IN",1
__empty__10545,1,,,,,,1
covenant college cross country course lookout mountain ga 30750|GA,0,,Covenant College Cross-Country Course Lo,GA,30750,"Covenant College Cross-Country Course Lookout Mountain, GA 30750",2
__empty__11038,1,,,,,,1
cardinal newman west palm beach fl 33409|FL,0,,Cardinal Newman West Palm Beach,FL,33409,"Cardinal Newman West Palm Beach, FL 33409",1
__empty__18836,1,,,,,,1
south country regional park boca raton fl 34986|FL,0,,South Country Regional Park Boca Raton,FL,34986,"South Country Regional Park Boca Raton, FL 34986",1
lower woodland park seattle wa 98117|WA,0,,Lower Woodland Park Seattle,WA,98117,"Lower Woodland Park Seattle, WA 98117",1
__empty__3938,1,,,,,,1
__empty__6908,1,,,,,,1
ivey m redmon sport complex kernersville nc 27262|NC,0,,Ivey M. Redmon Sport Complex Kernersvill,NC,27262,"Ivey M. Redmon Sport Complex Kernersville, NC 27262",1
__empty__6159,1,,,,,,1
__empty__10977,1,,,,,,1
__empty__4336,1,,,,,,1
yale golf course new haven ct 06042|CT,0,,Yale Golf Course New Haven,CT,06042,"Yale Golf Course New Haven, CT 06042",1
__empty__24862,1,,,,,,1
bowling green xc course 1610 stadium drive bowling green oh 43403|OH,0,1610 Stadium Drive Bowling Green,Stadium Drive Bowling Green,OH,43403,"Bowling Green XC Course 1610 Stadium Drive Bowling Green, OH 43403",1
__empty__5320,1,,,,,,1
the farm taylor xc course upland in 46989|IN,0,,The Farm - Taylor XC Course Upland,IN,46989,"The Farm - Taylor XC Course Upland, IN 46989",1
__empty__4383,1,,,,,,1
__empty__5305,1,,,,,,1
__empty__525,1,,,,,,1
__empty__555,1,,,,,,1
eastbrook hs marion in 46953|IN,0,,Eastbrook HS Marion,IN,46953,"Eastbrook HS Marion, IN 46953",1
__empty__1159,1,,,,,,1
__empty__24344,1,,,,,,1
__empty__7514,1,,,,,,1
the run for down under marquette wi 49855|WI,0,,The Run for Down Under Marquette,WI,49855,"The Run for Down Under Marquette, WI 49855",1
__empty__1160,1,,,,,,1
__empty__1155,1,,,,,,1
__empty__1139,1,,,,,,1
cvc nordic championship marquette wi 49855|WI,0,,CVC Nordic Championship Marquette,WI,49855,"CVC Nordic Championship Marquette, WI 49855",1
__empty__1161,1,,,,,,1
__empty__1136,1,,,,,,1
franke park 8021 arlington park blvd fort wayne in 46835|IN,0,8021 Arlington Park Blvd Fort Wayne,Arlington Park Blvd Fort Wayne,IN,46835,"Franke Park 8021 Arlington Park Blvd Fort Wayne, IN 46835",1
psu scranton dunmore pa|PA,0,,PSU-Scranton Dunmore,PA,,"PSU-Scranton Dunmore, PA",1
owens field park 1401 hamilton blvd columbia sc 29205|SC,0,1401 Hamilton Blvd Columbia,Hamilton Blvd Columbia,SC,29205,"Owens Field Park 1401 Hamilton Blvd Columbia, SC 29205",2
__empty__3328,1,,,,,,1
__empty__5668,1,,,,,,1
__empty__9689,1,,,,,,1
__empty__2762,1,,,,,,1
saint peters university jersey city nj 07304|NJ,0,,saint peters university jersey city,NJ,07304,"saint peters university jersey city, NJ 07304",2
__empty__1505,1,,,,,,1
__empty__4967,1,,,,,,1
__empty__1488,1,,,,,,1
__empty__11182,1,,,,,,1
spoto high school riverview fl|FL,0,,Spoto High School Riverview,FL,,"Spoto High School Riverview, FL",1
oleta river state park 16001 west sr 84 north miami beach fl|FL,0,16001 West SR,North Miami Beach,FL,16001,"Oleta River State Park 16001 West SR-84 North Miami Beach, FL",1
cb smith park pembroker pines fl 33028|FL,0,,CB Smith Park Pembroker Pines,FL,33028,"CB Smith Park Pembroker Pines , FL 33028",1
__empty__20576,1,,,,,,1
__empty__15897,1,,,,,,1
the crossing of colonie colonie ny|NY,0,,The Crossing of Colonie Colonie,NY,,"The Crossing of Colonie Colonie, NY",1
__empty__408,1,,,,,,1
__empty__5818,1,,,,,,1
__empty__409,1,,,,,,1
__empty__410,1,,,,,,1
__empty__411,1,,,,,,1
__empty__367,1,,,,,,1
__empty__366,1,,,,,,1
__empty__383,1,,,,,,1
__empty__368,1,,,,,,1
__empty__2825,1,,,,,,1
king s academy west palm beach fl|FL,0,,King's Academy West Palm Beach,FL,,"King's Academy West Palm Beach, FL",1
__empty__2859,1,,,,,,1
laroche campus pittsburgh pa 15237|PA,0,,LaRoche Campus Pittsburgh,PA,15237,"LaRoche Campus Pittsburgh, PA 15237",1
__empty__2845,1,,,,,,1
__empty__2839,1,,,,,,1
__empty__2832,1,,,,,,1
__empty__2001,1,,,,,,1
__empty__1997,1,,,,,,1
__empty__1969,1,,,,,,1
__empty__5612,1,,,,,,1
__empty__5610,1,,,,,,1
__empty__5606,1,,,,,,1
__empty__2012,1,,,,,,1
__empty__1246,1,,,,,,1
cedar ridge golf course cedar city ut ut|,0,,Cedar Ridge Golf Course Cedar City,UT,,"Cedar Ridge Golf Course Cedar City, UT UT",1
__empty__4249,1,,,,,,1
__empty__1239,1,,,,,,1
__empty__1217,1,,,,,,1
__empty__1228,1,,,,,,1
__empty__1235,1,,,,,,1
__empty__1253,1,,,,,,1
__empty__1213,1,,,,,,1
__empty__1242,1,,,,,,1
__empty__25372,1,,,,,,1
walsh university 2020 east maple street north canton oh 44720|OH,0,2020 East Maple Street North Canton,East Maple Street North Canton,OH,44720,"Walsh University 2020 East Maple Street North Canton, OH 44720",1
__empty__14049,1,,,,,,1
__empty__9197,1,,,,,,1
__empty__4478,1,,,,,,1
__empty__4474,1,,,,,,1
concordia university wisconsin 12800 n lake shore dr mequon wi 53097|WI,0,12800 N. Lake Shore Dr Mequon,N. Lake Shore Dr Mequon,WI,12800,"Concordia University - Wisconsin 12800 N. Lake Shore Dr Mequon, WI 53097",1
__empty__18366,1,,,,,,1
university of west florida pensacola fl 32514|FL,0,,University of West Florida Pensacola,FL,32514,"University of West Florida Pensacola, FL 32514",1
florida atlantic 12551 glades rd boca raton fl 33431|FL,0,12551 Glades Rd Boca Raton,Glades Rd Boca Raton,FL,12551,"Florida Atlantic 12551 Glades Rd Boca Raton, FL 33431",1
__empty__15333,1,,,,,,1
puppy creek ranch 195 harvey young farm crawfordville fl 32327|FL,0,195 Harvey Young Farm Crawfordville,Harvey Young Farm Crawfordville,FL,32327,"Puppy Creek Ranch 195 Harvey Young Farm Crawfordville, FL 32327",1
owens field cross country course 1600 harden street columbia sc 29205|SC,0,1600 Harden Street Columbia,Harden Street Columbia,SC,29205,"Owens Field Cross-Country Course 1600 Harden Street Columbia, SC 29205",1
jbu xc course 2000 w villa view dr siloam springs ar 72761|AR,0,2000 W Villa View Dr Siloam Springs,W Villa View Dr Siloam Springs,AR,72761,"JBU XC Course 2000 W Villa View Dr Siloam Springs, AR 72761",1
__empty__14170,1,,,,,,1
__empty__16362,1,,,,,,1
__empty__14829,1,,,,,,1
laurel hill laurel hill fl 32312|FL,0,,Laurel Hill Laurel Hill,FL,32312,"Laurel Hill Laurel Hill, FL 32312",1
scs sarasota fl 34232|FL,0,,SCS Sarasota,FL,34232,"SCS Sarasota, FL 34232",1
__empty__18505,1,,,,,,1
wildhorse golf club davis ca 95616|CA,0,,Wildhorse Golf Club Davis,CA,95616,"Wildhorse Golf Club Davis, CA 95616",1
__empty__4752,1,,,,,,1
__empty__6062,1,,,,,,1
faith academy mobile al 36608|AL,0,,Faith Academy Mobile,AL,36608,"Faith Academy Mobile, AL 36608",3
__empty__7400,1,,,,,,1
michigan ann arbor mi 48109|MI,0,,Michigan Ann Arbor,MI,48109,"Michigan Ann Arbor, MI 48109",1
prairie view a m university prairie view tx 77446|TX,0,,M University Prairie View,TX,77446,"Prairie View A&M University Prairie View, TX 77446",1
grambling lincoln parish park ruston la 71245|LA,0,,Grambling Lincoln Parish Park Ruston,LA,71245,"Grambling Lincoln Parish Park Ruston, LA 71245",1
eagle park nashville indiana p o box 68 nashville in 47448|IN,0,68 Nashville,Nashville,IN,47448,"Eagle Park, Nashville Indiana P.O. Box 68 Nashville, IN 47448",1
__empty__6193,1,,,,,,1
__empty__5928,1,,,,,,1
__empty__6381,1,,,,,,1
md eastern shore princess anne md 21853|MD,0,,MD-Eastern Shore Princess Anne,MD,21853,"MD-Eastern Shore Princess Anne, MD 21853",1
__empty__6388,1,,,,,,1
__empty__6406,1,,,,,,1
__empty__8202,1,,,,,,1
__empty__5217,1,,,,,,1
__empty__6892,1,,,,,,1
__empty__6317,1,,,,,,1
__empty__4422,1,,,,,,1
__empty__5147,1,,,,,,1
__empty__4345,1,,,,,,1
__empty__4306,1,,,,,,1
__empty__5271,1,,,,,,1
__empty__4344,1,,,,,,1
__empty__4392,1,,,,,,1
__empty__6613,1,,,,,,1
__empty__5168,1,,,,,,1
__empty__7398,1,,,,,,1
__empty__6459,1,,,,,,1
__empty__4105,1,,,,,,1
__empty__2312,1,,,,,,1
__empty__2246,1,,,,,,1
__empty__5076,1,,,,,,1
__empty__2242,1,,,,,,1
__empty__6771,1,,,,,,1
__empty__7280,1,,,,,,1
__empty__7526,1,,,,,,1
__empty__9690,1,,,,,,1
__empty__426,1,,,,,,1
__empty__428,1,,,,,,1
__empty__424,1,,,,,,1
__empty__3957,1,,,,,,1
__empty__431,1,,,,,,1
__empty__1816,1,,,,,,1
__empty__1842,1,,,,,,1
__empty__3911,1,,,,,,1
__empty__3747,1,,,,,,1
__empty__413,1,,,,,,1
__empty__1818,1,,,,,,1
__empty__3961,1,,,,,,1
__empty__3954,1,,,,,,1
__empty__360,1,,,,,,1
dyer park west palm beach fl|FL,0,,Dyer Park West Palm Beach,FL,,"Dyer Park West Palm Beach, FL",1
__empty__332,1,,,,,,1
__empty__11011,1,,,,,,1
__empty__362,1,,,,,,1
__empty__343,1,,,,,,1
__empty__345,1,,,,,,1
__empty__346,1,,,,,,1
__empty__313,1,,,,,,1
__empty__336,1,,,,,,1
__empty__4615,1,,,,,,1
__empty__11133,1,,,,,,1
michigan tech houghton mi|MI,0,,Michigan Tech Houghton,MI,,"Michigan Tech Houghton, MI",1
arkansas 2300 highland batesville ar 72501|AR,0,2300 Highland Batesville,Highland Batesville,AR,72501,"Arkansas 2300 Highland Batesville, AR 72501",1
central park new york ny 10031|NY,0,,Central Park New York,NY,10031,"Central Park New York, NY 10031",1
__empty__2622,1,,,,,,1
__empty__909,1,,,,,,1
__empty__910,1,,,,,,1
covenant lookout mountain ga 30750|GA,0,,Covenant Lookout Mountain,GA,30750,"Covenant Lookout Mountain, GA 30750",1
__empty__878,1,,,,,,1
__empty__884,1,,,,,,1
__empty__872,1,,,,,,1
__empty__2626,1,,,,,,1
__empty__2662,1,,,,,,1
__empty__2645,1,,,,,,1
witchita state witchita ks 67260|KS,0,,Witchita State Witchita,KS,67260,"Witchita State Witchita, KS 67260",1
oklahoma state cross country course stillwater ok 74078|OK,0,,Oklahoma State Cross Country Course Stil,OK,74078,"Oklahoma State Cross Country Course Stillwater, OK 74078",1
__empty__876,1,,,,,,1
pollards field 2000 w villa view dr siloam springs ar 72761|AR,0,2000 W Villa View Dr Siloam Springs,W Villa View Dr Siloam Springs,AR,72761,"Pollards Field 2000 W Villa View Dr Siloam Springs, AR 72761",1
__empty__2037,1,,,,,,1
__empty__7046,1,,,,,,1
__empty__2021,1,,,,,,1
__empty__2019,1,,,,,,1
__empty__7057,1,,,,,,1
__empty__2026,1,,,,,,1
bradenton christian bradenton fl 34241|FL,0,,Bradenton Christian Bradenton,FL,34241,"Bradenton Christian Bradenton, FL 34241",1
2025 out of door 3k sarasota fl 34241|FL,0,2025 Out,k Sarasota,FL,34241,"2025 Out-of-Door 3k Sarasota, FL 34241",1
__empty__580,1,,,,,,1
__empty__594,1,,,,,,1
__empty__1908,1,,,,,,1
__empty__574,1,,,,,,1
__empty__610,1,,,,,,1
__empty__1882,1,,,,,,1
__empty__1904,1,,,,,,1
__empty__612,1,,,,,,1
__empty__572,1,,,,,,1
__empty__4704,1,,,,,,1
__empty__567,1,,,,,,1
__empty__4706,1,,,,,,1
__empty__4823,1,,,,,,1
__empty__1901,1,,,,,,1
__empty__4754,1,,,,,,1
__empty__4815,1,,,,,,1
meredith college raleigh nc 27607|NC,0,,Meredith College Raleigh,NC,27607,"Meredith College Raleigh, NC 27607",1
__empty__4086,1,,,,,,1
__empty__4075,1,,,,,,1
carousel park carousel park wilmington de 12345|DE,0,,Carousel Park carousel park wilmington,DE,12345,"Carousel Park carousel park wilmington, DE 12345",1
mon rail trail morgantown wv 12345|WV,0,,Mon Rail Trail Morgantown,WV,12345,"Mon Rail Trail Morgantown, WV 12345",1
oatlands plantation leesburg va leesburg va leesburg nc 20176|NC,0,,Va Leesburg,NC,20176,"Oatlands Plantation, Leesburg, VA. Leesburg, Va Leesburg, NC 20176",1
__empty__14502,1,,,,,,1
east ridge high school 13322 excalibur rd clermont fl 34711|FL,0,13322 Excalibur Rd Clermont,Excalibur Rd Clermont,FL,13322,"East Ridge High School 13322 Excalibur Rd Clermont, FL 34711",2
rosedale park pennington nj 08534|NJ,0,,Rosedale Park Pennington,NJ,08534,"Rosedale Park Pennington, NJ 08534",4
__empty__1955,1,,,,,,1
__empty__2426,1,,,,,,1
__empty__1653,1,,,,,,1
__empty__1622,1,,,,,,1
__empty__1655,1,,,,,,1
__empty__4890,1,,,,,,1
__empty__4942,1,,,,,,1
__empty__1625,1,,,,,,1
__empty__1624,1,,,,,,1
new hampshire pelham nh 03824|NH,0,,New Hampshire Pelham,NH,03824,"New Hampshire Pelham, NH 03824",1
__empty__6890,1,,,,,,1
__empty__6025,1,,,,,,1
__empty__2534,1,,,,,,1
__empty__7011,1,,,,,,1
__empty__2540,1,,,,,,1
__empty__2547,1,,,,,,1
__empty__944,1,,,,,,1
cardinal hills golf course liberty mo 64068|MO,0,,Cardinal Hills Golf Course Liberty,MO,64068,"Cardinal Hills Golf Course Liberty, MO 64068",1
__empty__937,1,,,,,,1
saint bonaventure ny saint bonaventure ny 14778|NY,0,,Saint Bonaventure,NY,14778,"Saint Bonaventure, NY Saint Bonaventure, NY 14778",1
__empty__5198,1,,,,,,1
__empty__956,1,,,,,,1
__empty__957,1,,,,,,1
__empty__2882,1,,,,,,1
__empty__8566,1,,,,,,1
__empty__3936,1,,,,,,1
__empty__3937,1,,,,,,1
__empty__3930,1,,,,,,1
__empty__3933,1,,,,,,1
__empty__3881,1,,,,,,1
__empty__5140,1,,,,,,1
norbuck park marquette wi 49855|WI,0,,Norbuck Park Marquette,WI,49855,"Norbuck Park Marquette, WI 49855",2
__empty__2984,1,,,,,,1
__empty__1079,1,,,,,,1
__empty__1077,1,,,,,,1
patriotleague xc championship meet marquette wi 49855|WI,0,,PatriotLeague XC Championship Meet Marqu,WI,49855,"PatriotLeague XC Championship Meet Marquette, WI 49855",1
pac 10 conference marquette wi 49855|WI,0,10 Conference Marquette,Conference Marquette,WI,49855,"Pac-10 Conference Marquette, WI 49855",1
district 9 5a cross country championship marquette wi 49855|WI,0,,A Cross Country Championship Marquette,WI,49855,"District 9-5A Cross Country Championship Marquette, WI 49855",1
__empty__2999,1,,,,,,1
__empty__3001,1,,,,,,1
__empty__3152,1,,,,,,1
__empty__3140,1,,,,,,1
__empty__3134,1,,,,,,1
__empty__19988,1,,,,,,1
__empty__3150,1,,,,,,1
__empty__632,1,,,,,,1
__empty__634,1,,,,,,1
__empty__620,1,,,,,,1
__empty__627,1,,,,,,1
__empty__631,1,,,,,,1
__empty__613,1,,,,,,1
__empty__649,1,,,,,,1
__empty__643,1,,,,,,1
__empty__657,1,,,,,,1
__empty__644,1,,,,,,1
__empty__635,1,,,,,,1
__empty__637,1,,,,,,1
__empty__621,1,,,,,,1
__empty__1590,1,,,,,,1
__empty__1595,1,,,,,,1
__empty__1602,1,,,,,,1
__empty__1596,1,,,,,,1
__empty__1564,1,,,,,,1
__empty__6620,1,,,,,,1
__empty__24212,1,,,,,,1
__empty__6753,1,,,,,,1
__empty__6696,1,,,,,,1
__empty__6670,1,,,,,,1
__empty__6804,1,,,,,,1
__empty__6604,1,,,,,,1
__empty__6602,1,,,,,,1
__empty__6621,1,,,,,,1
__empty__6600,1,,,,,,1
venue not supplied memphis tn|TN,0,,Venue Not Supplied Memphis,TN,,"Venue Not Supplied Memphis, TN",1
__empty__1365,1,,,,,,1
psu behrend erie pa 16510|PA,0,,PSU Behrend Erie,PA,16510,"PSU Behrend Erie, PA 16510",1
__empty__3094,1,,,,,,1
__empty__1374,1,,,,,,1
__empty__3065,1,,,,,,1
__empty__3077,1,,,,,,1
__empty__3095,1,,,,,,1
__empty__3102,1,,,,,,1
__empty__1269,1,,,,,,1
__empty__1268,1,,,,,,1
__empty__1267,1,,,,,,1
__empty__2576,1,,,,,,1
__empty__1280,1,,,,,,1
__empty__1278,1,,,,,,1
__empty__6836,1,,,,,,1
__empty__2591,1,,,,,,1
__empty__6904,1,,,,,,1
__empty__1281,1,,,,,,1
balboa park san diego ca 92314|CA,0,,Balboa Park San Diego,CA,92314,"Balboa Park San Diego, CA 92314",1
__empty__1359,1,,,,,,1
__empty__1330,1,,,,,,1
__empty__1322,1,,,,,,1
__empty__1346,1,,,,,,1
__empty__1336,1,,,,,,1
__empty__2795,1,,,,,,1
__empty__1335,1,,,,,,1
__empty__1334,1,,,,,,1
__empty__2812,1,,,,,,1
__empty__1329,1,,,,,,1
__empty__1323,1,,,,,,1
__empty__1357,1,,,,,,1
__empty__2785,1,,,,,,1
__empty__144,1,,,,,,1
__empty__155,1,,,,,,1
__empty__154,1,,,,,,1
__empty__143,1,,,,,,1
__empty__161,1,,,,,,1
__empty__3551,1,,,,,,1
__empty__138,1,,,,,,1
__empty__153,1,,,,,,1
__empty__147,1,,,,,,1
__empty__3527,1,,,,,,1
__empty__149,1,,,,,,1
__empty__3458,1,,,,,,1
__empty__3170,1,,,,,,1
__empty__15394,1,,,,,,1
union canal tunnel park lebanon pa 17046|PA,0,,Union Canal Tunnel Park Lebanon,PA,17046,"Union Canal Tunnel Park Lebanon, PA 17046",1
__empty__3169,1,,,,,,1
__empty__3250,1,,,,,,1
__empty__3176,1,,,,,,1
walter e long lake austin tx|TX,0,,Walter E. Long Lake Austin,TX,,"Walter E. Long Lake Austin, TX",1
__empty__1201,1,,,,,,1
__empty__1211,1,,,,,,1
__empty__1212,1,,,,,,1
__empty__1202,1,,,,,,1
__empty__1163,1,,,,,,1
__empty__7481,1,,,,,,1
__empty__1207,1,,,,,,1
__empty__1210,1,,,,,,1
sewanee golf club sewanee tn 37383|TN,0,,Sewanee Golf Club Sewanee,TN,37383,"Sewanee Golf Club Sewanee, TN 37383",1
isu centenial xc course alvin ricken drive pocatello id 83201|ID,0,,ISU Centenial XC Course Alvin Ricken Dri,ID,83201,"ISU Centenial XC Course Alvin Ricken Drive Pocatello, ID 83201",1
__empty__1526,1,,,,,,1
__empty__3020,1,,,,,,1
__empty__3018,1,,,,,,1
__empty__3057,1,,,,,,1
__empty__3026,1,,,,,,1
__empty__1724,1,,,,,,1
__empty__1720,1,,,,,,1
__empty__1762,1,,,,,,1
__empty__1721,1,,,,,,1
van cortland park bayside ny 10471|NY,0,,Van Cortland Park Bayside,NY,10471,"Van Cortland Park Bayside, NY 10471",1
__empty__6384,1,,,,,,1
__empty__27042,1,,,,,,1
__empty__7501,1,,,,,,1
sunset hill farm county park 2125 sout 11th street valparaiso in 46304|IN,0,2125 Sout,th Street Valparaiso,IN,46304,"Sunset Hill Farm County Park 2125 Sout 11th Street Valparaiso, IN 46304",1
__empty__6340,1,,,,,,1
__empty__6261,1,,,,,,1
__empty__2162,1,,,,,,1
__empty__7613,1,,,,,,1
__empty__7469,1,,,,,,1
__empty__7448,1,,,,,,1
__empty__7464,1,,,,,,1
__empty__2131,1,,,,,,1
__empty__2156,1,,,,,,1
__empty__1671,1,,,,,,1
__empty__1706,1,,,,,,1
__empty__1687,1,,,,,,1
__empty__1692,1,,,,,,1
__empty__1672,1,,,,,,1
__empty__1674,1,,,,,,1
__empty__1696,1,,,,,,1
__empty__1673,1,,,,,,1
__empty__6434,1,,,,,,1
__empty__6480,1,,,,,,1
__empty__8923,1,,,,,,1
chain of lakes park titusville fl titusville fl 32806|FL,0,,Chain of Lakes Park- Titusville,FL,32806,"Chain of Lakes Park- Titusville, FL Titusville, FL 32806",1
arkansas little rock 3400 rebsamen park rd little rock ar 72202|AR,0,3400 Rebsamen Park Rd Little Rock,Rebsamen Park Rd Little Rock,AR,72202,"Arkansas-Little Rock 3400 Rebsamen Park Rd Little Rock, AR 72202",1
new mexico junior college hobbs nm 88240|NM,0,,New Mexico Junior College Hobbs,NM,88240,"New Mexico Junior College Hobbs, NM 88240",1
les bolstad golf course falcon heights mn 55441|MN,0,,Les Bolstad Golf Course Falcon Heights,MN,55441,"Les Bolstad Golf Course Falcon Heights, MN 55441",2
venue address orlando fl 32825|FL,0,,Venue Address Orlando,FL,32825,"Venue Address Orlando, FL 32825",1
__empty__4588,1,,,,,,1
__empty__4677,1,,,,,,1
__empty__4633,1,,,,,,1
__empty__4573,1,,,,,,1
__empty__4692,1,,,,,,1
__empty__4591,1,,,,,,1
__empty__4610,1,,,,,,1
__empty__1795,1,,,,,,1
__empty__1800,1,,,,,,1
__empty__1788,1,,,,,,1
__empty__1784,1,,,,,,1
__empty__1764,1,,,,,,1
__empty__1774,1,,,,,,1
__empty__1772,1,,,,,,1
__empty__1771,1,,,,,,1
__empty__1799,1,,,,,,1
__empty__2167,1,,,,,,1
__empty__800,1,,,,,,1
__empty__781,1,,,,,,1
__empty__2168,1,,,,,,1
__empty__782,1,,,,,,1
__empty__2169,1,,,,,,1
__empty__799,1,,,,,,1
__empty__796,1,,,,,,1
__empty__770,1,,,,,,1
__empty__775,1,,,,,,1
__empty__777,1,,,,,,1
__empty__2163,1,,,,,,1
__empty__776,1,,,,,,1
__empty__5262,1,,,,,,1
__empty__7198,1,,,,,,1
__empty__7160,1,,,,,,1
__empty__7185,1,,,,,,1
__empty__7194,1,,,,,,1
__empty__7186,1,,,,,,1
__empty__7178,1,,,,,,1
__empty__7199,1,,,,,,1
__empty__2348,1,,,,,,1
__empty__745,1,,,,,,1
classic elites soccer complex 11600 starcrest dr san antonio tx 78247|TX,0,11600 Starcrest Dr. San Antonio,Starcrest Dr. San Antonio,TX,11600,"Classic Elites Soccer Complex 11600 Starcrest Dr. San Antonio, TX 78247",1
__empty__2350,1,,,,,,1
__empty__727,1,,,,,,1
__empty__723,1,,,,,,1
__empty__714,1,,,,,,1
__empty__7192,1,,,,,,1
__empty__7203,1,,,,,,1
__empty__7170,1,,,,,,1
__empty__7173,1,,,,,,1
__empty__724,1,,,,,,1
__empty__188,1,,,,,,1
__empty__186,1,,,,,,1
__empty__189,1,,,,,,1
__empty__210,1,,,,,,1
__empty__178,1,,,,,,1
hargis creek wellington ks kansas 67152|,0,,Hargis Creek Wellington,KS,67152,"Hargis Creek Wellington, KS, Kansas 67152",5
__empty__195,1,,,,,,1
__empty__179,1,,,,,,1
__empty__164,1,,,,,,1
__empty__183,1,,,,,,1
__empty__177,1,,,,,,1
__empty__209,1,,,,,,1
__empty__2704,1,,,,,,1
__empty__2701,1,,,,,,1
__empty__2663,1,,,,,,1
__empty__275,1,,,,,,1
__empty__282,1,,,,,,1
__empty__2693,1,,,,,,1
__empty__273,1,,,,,,1
__empty__284,1,,,,,,1
__empty__271,1,,,,,,1
__empty__285,1,,,,,,1
__empty__265,1,,,,,,1
__empty__269,1,,,,,,1
__empty__288,1,,,,,,1
__empty__267,1,,,,,,1
__empty__2694,1,,,,,,1
__empty__2702,1,,,,,,1
__empty__270,1,,,,,,1
__empty__248,1,,,,,,1
__empty__223,1,,,,,,1
__empty__251,1,,,,,,1
__empty__6309,1,,,,,,1
__empty__6285,1,,,,,,1
__empty__252,1,,,,,,1
__empty__255,1,,,,,,1
__empty__222,1,,,,,,1
__empty__260,1,,,,,,1
__empty__254,1,,,,,,1
__empty__256,1,,,,,,1
__empty__226,1,,,,,,1
__empty__257,1,,,,,,1
__empty__219,1,,,,,,1
__empty__233,1,,,,,,1
__empty__6418,1,,,,,,1
__empty__6314,1,,,,,,1
__empty__245,1,,,,,,1
__empty__6396,1,,,,,,1
__empty__6361,1,,,,,,1
__empty__6410,1,,,,,,1
__empty__6300,1,,,,,,1
__empty__247,1,,,,,,1
__empty__3421,1,,,,,,1
__empty__4072,1,,,,,,1
__empty__6893,1,,,,,,1
__empty__701,1,,,,,,1
__empty__673,1,,,,,,1
__empty__706,1,,,,,,1
__empty__711,1,,,,,,1
__empty__2487,1,,,,,,1
__empty__843,1,,,,,,1
__empty__854,1,,,,,,1
__empty__5971,1,,,,,,1
__empty__2504,1,,,,,,1
__empty__834,1,,,,,,1
__empty__2497,1,,,,,,1
__empty__850,1,,,,,,1
__empty__2505,1,,,,,,1
__empty__2503,1,,,,,,1
__empty__2481,1,,,,,,1
__empty__5868,1,,,,,,1
__empty__5905,1,,,,,,1
__empty__5878,1,,,,,,1
__empty__5903,1,,,,,,1
__empty__5835,1,,,,,,1
__empty__5861,1,,,,,,1
__empty__4374,1,,,,,,1
__empty__4319,1,,,,,,1
__empty__4281,1,,,,,,1
__empty__4371,1,,,,,,1
__empty__4894,1,,,,,,1
__empty__2073,1,,,,,,1
__empty__2085,1,,,,,,1
__empty__2079,1,,,,,,1
__empty__2070,1,,,,,,1
__empty__2083,1,,,,,,1
__empty__5496,1,,,,,,1
__empty__5482,1,,,,,,1
__empty__2108,1,,,,,,1
__empty__5462,1,,,,,,1
__empty__2086,1,,,,,,1
__empty__5477,1,,,,,,1
__empty__4202,1,,,,,,1
__empty__4165,1,,,,,,1
__empty__1470,1,,,,,,1
__empty__4264,1,,,,,,1
__empty__1475,1,,,,,,1
__empty__4123,1,,,,,,1
__empty__1490,1,,,,,,1
__empty__1479,1,,,,,,1
__empty__4120,1,,,,,,1
__empty__4263,1,,,,,,1
__empty__4121,1,,,,,,1
__empty__4195,1,,,,,,1
university of idaho moscow id 83843|ID,0,,University of Idaho Moscow,ID,83843,"University of Idaho Moscow, ID 83843",1
__empty__1503,1,,,,,,1
__empty__6076,1,,,,,,1
__empty__6097,1,,,,,,1
__empty__6098,1,,,,,,1
__empty__6119,1,,,,,,1
__empty__6072,1,,,,,,1
__empty__6077,1,,,,,,1
__empty__6122,1,,,,,,1
__empty__6038,1,,,,,,1
__empty__6068,1,,,,,,1
__empty__6015,1,,,,,,1
__empty__6075,1,,,,,,1
__empty__2544,1,,,,,,1
__empty__7153,1,,,,,,1
__empty__7131,1,,,,,,1
__empty__7143,1,,,,,,1
__empty__7142,1,,,,,,1
__empty__7148,1,,,,,,1
__empty__7154,1,,,,,,1
__empty__7140,1,,,,,,1
__empty__7135,1,,,,,,1
__empty__2543,1,,,,,,1
__empty__7103,1,,,,,,1
__empty__2513,1,,,,,,1
__empty__7125,1,,,,,,1
__empty__7129,1,,,,,,1
__empty__11568,1,,,,,,1
__empty__7136,1,,,,,,1
__empty__7134,1,,,,,,1
__empty__7137,1,,,,,,1
__empty__7206,1,,,,,,1
__empty__1959,1,,,,,,1
__empty__1958,1,,,,,,1
__empty__1926,1,,,,,,1
__empty__7293,1,,,,,,1
__empty__7276,1,,,,,,1
__empty__7210,1,,,,,,1
__empty__7228,1,,,,,,1
__empty__7244,1,,,,,,1
__empty__1924,1,,,,,,1
__empty__1923,1,,,,,,1
__empty__2250,1,,,,,,1
__empty__2227,1,,,,,,1
__empty__2253,1,,,,,,1
__empty__2224,1,,,,,,1
__empty__2216,1,,,,,,1
__empty__2254,1,,,,,,1
__empty__4847,1,,,,,,1
__empty__4903,1,,,,,,1
__empty__5005,1,,,,,,1
__empty__4988,1,,,,,,1
__empty__4896,1,,,,,,1
__empty__4900,1,,,,,,1
__empty__4897,1,,,,,,1
__empty__4059,1,,,,,,1
__empty__4052,1,,,,,,1
__empty__4039,1,,,,,,1
__empty__4091,1,,,,,,1
__empty__4035,1,,,,,,1
__empty__4028,1,,,,,,1
__empty__4041,1,,,,,,1
__empty__4117,1,,,,,,1
__empty__4012,1,,,,,,1
__empty__4116,1,,,,,,1
__empty__3977,1,,,,,,1
__empty__3969,1,,,,,,1
__empty__4062,1,,,,,,1
__empty__4029,1,,,,,,1
__empty__3978,1,,,,,,1
__empty__4024,1,,,,,,1
__empty__2292,1,,,,,,1
__empty__2298,1,,,,,,1
__empty__2286,1,,,,,,1
__empty__2277,1,,,,,,1
__empty__2275,1,,,,,,1
__empty__2309,1,,,,,,1
__empty__2278,1,,,,,,1
__empty__2290,1,,,,,,1
__empty__1460,1,,,,,,1
__empty__1450,1,,,,,,1
__empty__1448,1,,,,,,1
__empty__1454,1,,,,,,1
__empty__1458,1,,,,,,1
__empty__2368,1,,,,,,1
ba south coumty regional park 12551 glades road boca raton fl 33498|FL,0,12551 Glades Road Boca Raton,Glades Road Boca Raton,FL,12551,"BA South Coumty Regional Park 12551 Glades Road Boca Raton, FL 33498",1
__empty__9745,1,,,,,,1
__empty__2395,1,,,,,,1
__empty__2371,1,,,,,,1
__empty__2363,1,,,,,,1
van cortlandt park in the bronx broadway vancortlandt park south bronx ny 10462|NY,0,,Vancortlandt Park South Bronx,NY,10462,"Van Cortlandt Park in the Bronx Broadway & Vancortlandt Park South Bronx, NY 10462",1
__empty__2877,1,,,,,,1
council farm course 1079 council mc cranie rd milledgeville ga 31061|GA,0,1079 Council Mc Cranie Rd MILLEDGEVILLE,Council Mc Cranie Rd MILLEDGEVILLE,GA,31061,"Council Farm Course 1079 Council Mc Cranie Rd MILLEDGEVILLE, GA 31061",1
first tee golf course lagrange ga 30241|GA,0,,First Tee Golf Course LaGrange,GA,30241,"First Tee Golf Course LaGrange, GA 30241",1
delaware state outreach and research facility smyrna de 11223|DE,0,,Delaware State Outreach and Research Fac,DE,11223,"Delaware State Outreach and Research Facility Smyrna, DE 11223",1
__empty__2906,1,,,,,,1
sebastian high school sebastain fl 32958|FL,0,,Sebastian High School Sebastain,FL,32958,"Sebastian High School Sebastain, FL 32958",1
__empty__5323,1,,,,,,1
river creek golf course wichita falls tx|TX,0,,River Creek Golf Course Wichita Falls,TX,,"River Creek Golf Course Wichita Falls, TX",1
__empty__2765,1,,,,,,1
__empty__2794,1,,,,,,1
__empty__7631,1,,,,,,1
garrett park woodland park nj 07430|NJ,0,,Garrett Park Woodland Park,NJ,07430,"Garrett Park Woodland Park, NJ 07430",1
pipestem wv pipestem wa 25979|WA,0,,WV Pipestem,WA,25979,"Pipestem, WV Pipestem, WA 25979",1
__empty__2791,1,,,,,,1
__empty__7670,1,,,,,,1
__empty__6220,1,,,,,,1
__empty__6202,1,,,,,,1
__empty__6247,1,,,,,,1
__empty__6201,1,,,,,,1
__empty__6203,1,,,,,,1
__empty__6166,1,,,,,,1
__empty__6225,1,,,,,,1
__empty__6164,1,,,,,,1
__empty__6232,1,,,,,,1
famu rec center 2101 wahnish way tallahassee fl 32222|FL,0,2101 Wahnish Way Tallahassee,Wahnish Way Tallahassee,FL,32222,"FAMU Rec Center 2101 Wahnish Way Tallahassee, FL 32222",1
__empty__5790,1,,,,,,1
__empty__5796,1,,,,,,1
__empty__5831,1,,,,,,1
__empty__5821,1,,,,,,1
__empty__5721,1,,,,,,1
__empty__5780,1,,,,,,1
__empty__5677,1,,,,,,1
__empty__5802,1,,,,,,1
__empty__5733,1,,,,,,1
__empty__8184,1,,,,,,1
__empty__2421,1,,,,,,1
__empty__2442,1,,,,,,1
__empty__2435,1,,,,,,1
__empty__5844,1,,,,,,1
__empty__5853,1,,,,,,1
__empty__5857,1,,,,,,1
__empty__5864,1,,,,,,1
__empty__5901,1,,,,,,1
__empty__5855,1,,,,,,1
__empty__5970,1,,,,,,1
__empty__5972,1,,,,,,1
__empty__5937,1,,,,,,1
__empty__5912,1,,,,,,1
__empty__5929,1,,,,,,1
__empty__5932,1,,,,,,1
__empty__5927,1,,,,,,1
__empty__5859,1,,,,,,1
__empty__6004,1,,,,,,1
__empty__5862,1,,,,,,1
__empty__7577,1,,,,,,1
__empty__7519,1,,,,,,1
__empty__7524,1,,,,,,1
__empty__6441,1,,,,,,1
__empty__6446,1,,,,,,1
__empty__6435,1,,,,,,1
__empty__6436,1,,,,,,1
__empty__6442,1,,,,,,1
__empty__6554,1,,,,,,1
__empty__6427,1,,,,,,1
__empty__6570,1,,,,,,1
__empty__6464,1,,,,,,1
__empty__6527,1,,,,,,1
__empty__6561,1,,,,,,1
__empty__6467,1,,,,,,1
__empty__6450,1,,,,,,1
__empty__6522,1,,,,,,1
embry riddle cross country course 600 s clyde morris blvd daytona beach fl 32114|FL,0,600 S. Clyde Morris Blvd. Daytona Beach,S. Clyde Morris Blvd. Daytona Beach,FL,32114,"Embry-Riddle Cross Country Course 600 S. Clyde Morris Blvd. Daytona Beach, FL 32114",1
__empty__8070,1,,,,,,1
__empty__8036,1,,,,,,1
st michael s colchester vt 05446|VT,0,,St. Michael's Colchester,VT,05446,"St. Michael's Colchester, VT 05446",1
__empty__5584,1,,,,,,1
__empty__5572,1,,,,,,1
__empty__5579,1,,,,,,1
__empty__5592,1,,,,,,1
__empty__7051,1,,,,,,1
__empty__1717,1,,,,,,1
union canal tunnel park lebanon pa lebanon pa 17046|PA,0,,Union Canal Tunnel Park - Lebanon,PA,17046,"Union Canal Tunnel Park - Lebanon, PA Lebanon, PA 17046",1
__empty__3148,1,,,,,,1
va park clarksburg wv 23601|WV,0,,VA Park Clarksburg,WV,23601,"VA Park Clarksburg, WV 23601",2
__empty__5503,1,,,,,,1
__empty__5505,1,,,,,,1
jacksonville classical academy jacksonville fl|FL,0,,Jacksonville Classical Academy Jacksonvi,FL,,"Jacksonville Classical Academy Jacksonville, FL",1
__empty__5792,1,,,,,,1
__empty__5754,1,,,,,,1
__empty__5791,1,,,,,,1
__empty__9574,1,,,,,,1
__empty__2288,1,,,,,,1
__empty__2276,1,,,,,,1
__empty__2311,1,,,,,,1
__empty__3670,1,,,,,,1
st anslem college manchester nh 03102|NH,0,,St.Anslem College Manchester,NH,03102,"St.Anslem College Manchester, NH 03102",1
__empty__2268,1,,,,,,1
__empty__6573,1,,,,,,1
__empty__15414,1,,,,,,1
__empty__6521,1,,,,,,1
__empty__6423,1,,,,,,1
__empty__6428,1,,,,,,1
wellesley college wellesley ma 2481|,0,,Wellesley College Wellesley,MA,,"Wellesley College Wellesley, MA 2481",3
__empty__6524,1,,,,,,1
__empty__6287,1,,,,,,1
__empty__6355,1,,,,,,1
__empty__6357,1,,,,,,1
__empty__6363,1,,,,,,1
__empty__6311,1,,,,,,1
__empty__6304,1,,,,,,1
__empty__6421,1,,,,,,1
__empty__6367,1,,,,,,1
__empty__6368,1,,,,,,1
__empty__4084,1,,,,,,1
__empty__4030,1,,,,,,1
__empty__4031,1,,,,,,1
__empty__4055,1,,,,,,1
__empty__4087,1,,,,,,1
__empty__4027,1,,,,,,1
__empty__4044,1,,,,,,1
__empty__4118,1,,,,,,1
vermont tech randolph center vt vt|,0,,Vermont Tech Randolph Center,VT,,"Vermont Tech Randolph Center, VT VT",1
mcapline creek greenway charlotte nc 28223|NC,0,,McApline Creek Greenway Charlotte,NC,28223,"McApline Creek Greenway Charlotte, NC 28223",1
__empty__4107,1,,,,,,1
__empty__7217,1,,,,,,1
__empty__7207,1,,,,,,1
__empty__7209,1,,,,,,1
a n kyper athletics complex pella ia 50219|IA,0,,A.N. Kyper Athletics Complex Pella,IA,50219,"A.N. Kyper Athletics Complex Pella, IA 50219",1
__empty__7218,1,,,,,,1
__empty__7216,1,,,,,,1
__empty__7221,1,,,,,,1
__empty__7215,1,,,,,,1
purdue northwest westville in|IN,0,,Purdue Northwest Westville,IN,,"Purdue Northwest Westville, IN",1
__empty__11567,1,,,,,,1
freedom park charlotte nc city not supplied nc|NC,0,,Charlotte,NC,,"Freedom Park(Charlotte,NC) City Not Supplied, NC",1
__empty__6165,1,,,,,,1
__empty__6219,1,,,,,,1
__empty__6158,1,,,,,,1
__empty__6156,1,,,,,,1
__empty__6126,1,,,,,,1
__empty__6163,1,,,,,,1
__empty__6227,1,,,,,,1
__empty__6204,1,,,,,,1
__empty__6209,1,,,,,,1
__empty__6125,1,,,,,,1
__empty__6118,1,,,,,,1
__empty__6006,1,,,,,,1
__empty__6074,1,,,,,,1
__empty__6066,1,,,,,,1
__empty__6093,1,,,,,,1
__empty__6084,1,,,,,,1
__empty__6008,1,,,,,,1
__empty__6121,1,,,,,,1
san gabriel park georgetown tx 76513|TX,0,,San Gabriel Park Georgetown,TX,76513,"San Gabriel Park Georgetown, TX 76513",1
south county regional park boca raton fl 33431|FL,0,,South County Regional Park Boca Raton,FL,33431,"South County Regional Park Boca Raton, FL 33431",2
__empty__11786,1,,,,,,1
__empty__11701,1,,,,,,1
hardee hs wauchula fl 33873|FL,0,,Hardee HS Wauchula,FL,33873,"Hardee HS Wauchula, FL 33873",1
__empty__12341,1,,,,,,1
__empty__24228,1,,,,,,1
__empty__15264,1,,,,,,1
__empty__1810,1,,,,,,1
__empty__3130,1,,,,,,1
__empty__3153,1,,,,,,1
__empty__3154,1,,,,,,1
__empty__3147,1,,,,,,1
__empty__3149,1,,,,,,1
mdes campus course princess anne ma 21853|MA,0,,MDES Campus Course Princess Anne,MA,21853,"MDES Campus Course Princess Anne, MA 21853",1
__empty__3155,1,,,,,,1
__empty__6597,1,,,,,,1
sma middle school sarasota fl 3424|,0,,SMA MIDDLE SCHOOL Sarasota,FL,,"SMA MIDDLE SCHOOL Sarasota, FL 3424",1
__empty__6731,1,,,,,,1
__empty__6643,1,,,,,,1
__empty__11086,1,,,,,,1
__empty__6658,1,,,,,,1
virginia tech 185 beamer way blacksburg va 24060|VA,0,185 Beamer Way Blacksburg,Beamer Way Blacksburg,VA,24060,"Virginia Tech 185 Beamer Way Blacksburg, VA 24060",2
__empty__3186,1,,,,,,1
john stark weare nh 03281|NH,0,,John Stark Weare,NH,03281,"John Stark Weare, NH 03281",1
bedford high school bedford nh 03110|NH,0,,Bedford High School Bedford,NH,03110,"Bedford High School Bedford, NH 03110",1
__empty__7193,1,,,,,,1
__empty__4557,1,,,,,,1
__empty__12478,1,,,,,,1
__empty__13645,1,,,,,,1
__empty__8794,1,,,,,,1
winthrop university farm rock hill sc 29733|SC,0,,Winthrop University Farm Rock Hill,SC,29733,"Winthrop University Farm Rock Hill, SC 29733",1
ntc park at liberty station 7250 mesa college drive san diego ca 92111|CA,0,7250 Mesa College Drive San Diego,Mesa College Drive San Diego,CA,92111,"NTC Park at Liberty Station 7250 Mesa College Drive San Diego, CA 92111",1
__empty__10776,1,,,,,,1
central park hb huntington beach ca 92647|CA,0,,HB Huntington Beach,CA,92647,"Central Park, HB Huntington Beach, CA 92647",1
__empty__13915,1,,,,,,1
__empty__13924,1,,,,,,1
great barrington fairgrounds 775 main street great barrington ma 01230|MA,0,775 Main Street Great Barrington,Main Street Great Barrington,MA,01230,"Great Barrington Fairgrounds 775 Main Street Great Barrington, MA 01230",1
montgomery place andonia ny 12504|NY,0,,Montgomery Place Andonia,NY,12504,"Montgomery Place Andonia, NY 12504",1
__empty__1726,1,,,,,,1
__empty__531,1,,,,,,1
__empty__524,1,,,,,,1
east lake padden ballingham wa 98226|WA,0,,East Lake Padden Ballingham,WA,98226,"East Lake Padden Ballingham, WA 98226",1
__empty__8999,1,,,,,,1
u c b avenida zaya verde urb la milagrosa bayamon pr 00960|PR,0,,U.C.B. Avenida Zaya Verde Urb. La Milagr,PR,00960,"U.C.B. Avenida Zaya Verde Urb. La Milagrosa Bayamon, PR 00960",1
__empty__557,1,,,,,,1
__empty__8082,1,,,,,,1
u of the south golf course sewanee tn 30066|TN,0,,U. of the South Golf Course Sewanee,TN,30066,"U. of the South Golf Course Sewanee, TN 30066",1
canyon texas canyon tx 79015|TX,0,,Texas Canyon,TX,79015,"Canyon, Texas Canyon, TX 79015",1
illinois springfield springfield il 62703|IL,0,,Illinois-Springfield Springfield,IL,62703,"Illinois-Springfield Springfield, IL 62703",1
__empty__7539,1,,,,,,1
barbour county fair grounds 101 college hill drive philippi wv 26416|WV,0,101 College Hill Drive Philippi,College Hill Drive Philippi,WV,26416,"Barbour County Fair Grounds 101 College Hill Drive Philippi, WV 26416",1
max cross country course waverly ia 50428|IA,0,,Max Cross Country Course Waverly,IA,50428,"Max Cross Country Course Waverly, IA 50428",1
__empty__9973,1,,,,,,1
__empty__7572,1,,,,,,1
__empty__8914,1,,,,,,1
__empty__13507,1,,,,,,1
misericordia east 42nd st dallas pa 18612|PA,0,,nd St Dallas,PA,18612,"Misericordia East 42nd St Dallas, PA 18612",1
central wyoming college riverton wy|WY,0,,Central Wyoming College Riverton,WY,,"Central Wyoming College Riverton, WY",1
bluefield bluefield va|VA,0,,Bluefield Bluefield,VA,,"Bluefield Bluefield, VA",1
oxnard college oxnard ca 93033|CA,0,,Oxnard College Oxnard,CA,93033,"Oxnard College Oxnard, CA 93033",1
woodward park clovis ca 12345|CA,0,,Woodward Park Clovis,CA,12345,"Woodward Park Clovis, CA 12345",1
southeastern baptist youth camp cc course greensburg in 47240|IN,0,,Southeastern Baptist Youth Camp CC Cours,IN,47240,"Southeastern Baptist Youth Camp CC Course Greensburg, IN 47240",1
__empty__24373,1,,,,,,1
virginia state petersburg va 23806|VA,0,,Virginia State Petersburg,VA,23806,"Virginia State Petersburg, VA 23806",1
fernandina beach 435 citrone drive fernandina beach fl 32304|FL,0,435 Citrone Drive Fernandina Beach,Citrone Drive Fernandina Beach,FL,32304,"Fernandina Beach 435 Citrone Drive Fernandina Beach, FL 32304",1
downriver golf course 3225 n columbia circle spokane wa 99205|WA,0,3225 N. Columbia Circle Spokane,N. Columbia Circle Spokane,WA,99205,"Downriver Golf Course 3225 N. Columbia Circle Spokane, WA 99205",1
randolph 2500 rivermont avenue lynchburg va 24503|VA,0,2500 Rivermont Avenue Lynchburg,Rivermont Avenue Lynchburg,VA,24503,"Randolph 2500 Rivermont Avenue Lynchburg, VA 24503",1
concordia university campus ann arbor michigan 48105|,0,,,MI,48105,"Concordia University Campus Ann Arbor, Michigan 48105",1
prairie view stadium fm 1098 rd university dr prairie view tx 77446|TX,0,1098 Rd,University Dr Prairie View,TX,77446,"Prairie View Stadium FM 1098 Rd & University Dr Prairie View, TX 77446",1
alma college x c course shepherd high school xc course alma mi 48801|MI,0,,Alma,MI,48801,"Alma College X-C Course (Shepherd High School XC Course) Alma, MI 48801",1
__empty__12460,1,,,,,,1
old keith hills golf course lillington nc 27546|NC,0,,Old Keith Hills Golf Course Lillington,NC,27546,"Old Keith Hills Golf Course Lillington, NC 27546",3
bay college escabana wi 49221|WI,0,,Bay College Escabana,WI,49221,"Bay College Escabana, WI 49221",1
__empty__9380,1,,,,,,1
whiteford valley golf club ottawa mi 49267|MI,0,,Whiteford Valley Golf Club Ottawa,MI,49267,"Whiteford Valley Golf Club Ottawa, MI 49267",1
saint mary s college of california moraga ca 94605|CA,0,,Saint Mary's College of California Morag,CA,94605,"Saint Mary's College of California Moraga, CA 94605",1
cb smith park pembroke pines fl 33028|FL,0,,CB Smith Park Pembroke Pines,FL,33028,"CB Smith Park Pembroke Pines, FL 33028",1
__empty__517,1,,,,,,1
__empty__19977,1,,,,,,1
__empty__4473,1,,,,,,1
hood college at utica district park frederick md 21701|MD,0,,Hood College at Utica District Park Fred,MD,21701,"Hood College at Utica District Park Frederick, MD 21701",1
hayward regional shoreline park 3010 w winton ave hayward ca 94545|CA,0,3010 W Winton Ave Hayward,W Winton Ave Hayward,CA,94545,"Hayward Regional Shoreline Park 3010 W Winton Ave Hayward, CA 94545",1
__empty__15277,1,,,,,,1
abilene christian course aibilene tx 79697|TX,0,,Abilene Christian Course Aibilene,TX,79697,"Abilene Christian Course Aibilene, TX 79697",1
__empty__15341,1,,,,,,1
north carolina weslyan rocky mount nc 27804|NC,0,,North Carolina Weslyan Rocky Mount,NC,27804,"North Carolina Weslyan Rocky Mount, NC 27804",1
wayne e dannehl cross country course kenosha wi 53144|WI,0,,Wayne E. Dannehl Cross Country Course Ke,WI,53144,"Wayne E. Dannehl Cross Country Course Kenosha, WI 53144",1
eastern washington university cheney wash cheney wa 99004|WA,0,,Wash. Cheney,WA,99004,"Eastern Washington University - Cheney, Wash. Cheney, WA 99004",1
fisher field midland mi 48640|MI,0,,Fisher Field Midland,MI,48640,"Fisher Field Midland, MI 48640",1
auc campus atlanta ga 30066|GA,0,,AUC Campus Atlanta,GA,30066,"AUC Campus Atlanta, GA 30066",2
sam bell cross country course discovery road bloomington in 47408|IN,0,,Sam Bell Cross Country Course Discovery ,IN,47408,"Sam Bell Cross Country Course Discovery Road Bloomington, IN 47408",1
lake wilderness park maple valley wa 98042|WA,0,,Lake Wilderness Park Maple Valley,WA,98042,"Lake Wilderness Park Maple Valley, WA 98042",1
__empty__20129,1,,,,,,1
cairn university langhorne pa 19047|,0,,Cairn University langhorne,PA,19047,"Cairn University langhorne, pa 19047",1
__empty__13914,1,,,,,,1
champions park xc course 4401 s charleston pike springfield oh 45505|OH,0,4401 S. Charleston Pike Springfield,S. Charleston Pike Springfield,OH,45505,"Champions Park XC Course 4401 S. Charleston Pike Springfield, OH 45505",1
clinton heights golf course 2760 e twp rd 122 tiffin oh 44883|OH,0,2760 E. Twp. Rd.,Tiffin,OH,44883,"Clinton Heights Golf Course 2760 E. Twp. Rd. 122 Tiffin, OH 44883",1
__empty__13502,1,,,,,,1
__empty__13509,1,,,,,,1
north monument valley park 205 w fontanero colorado springs co 80907|CO,0,205 W Fontanero Colorado Springs,W Fontanero Colorado Springs,CO,80907,"North Monument Valley Park 205 W Fontanero Colorado Springs, CO 80907",1
elizabeth city state university elizabeth city nc|NC,0,,Elizabeth City State University Elizabet,NC,,"Elizabeth City State University Elizabeth City, NC",1
platteview country club bellevue ne 68123|NE,0,,Platteview Country Club Bellevue,NE,68123,"Platteview Country Club Bellevue, NE 68123",1
__empty__19138,1,,,,,,1
forty fort sports complex forty fot pa 18704|PA,0,,Forty Fort Sports Complex Forty Fot,PA,18704,"Forty Fort Sports Complex Forty Fot, PA 18704",1
middleburg orange park fl 32068|FL,0,,Middleburg Orange Park,FL,32068,"Middleburg Orange Park , FL 32068",1
university club of baton rouge 15333 memorial tower dr baton rouge la 70810|LA,0,15333 Memorial Tower Dr Baton Rouge,Memorial Tower Dr Baton Rouge,LA,15333,"University Club of Baton Rouge 15333 Memorial Tower Dr Baton Rouge, LA 70810",1
franics park st louis mo 63110|MO,0,,Franics Park St. Louis,MO,63110,"Franics Park St. Louis, MO 63110",1
bradenton christian bradenton fl 34200|FL,0,,Bradenton Christian Bradenton,FL,34200,"Bradenton Christian Bradenton, FL 34200",1
allegheny athletic fields meadville pa 16335|PA,0,,Allegheny Athletic Fields Meadville,PA,16335,"Allegheny Athletic Fields Meadville, PA 16335",1
dmacc 2006 s ankeny blvd ankeny ia 50023|IA,0,2006 S Ankeny Blvd Ankeny,S Ankeny Blvd Ankeny,IA,50023,"DMACC 2006 S Ankeny Blvd Ankeny, IA 50023",1
delhi delhi nc 13753|NC,0,,Delhi Delhi,NC,13753,"Delhi Delhi, NC 13753",1
__empty__24456,1,,,,,,1
sarasota christian sarasota fl 34232|FL,0,,Sarasota Christian Sarasota,FL,34232,"Sarasota Christian Sarasota, FL 34232",1
__empty__24747,1,,,,,,1
__empty__24676,1,,,,,,1
nsb 100 barracuda blvd nsb fl 32169|FL,0,100 Barracuda Blvd. NSB,Barracuda Blvd. NSB,FL,32169,"NSB 100 Barracuda Blvd. NSB, FL 32169",1
veterans park fort myers fl 33912|FL,0,,Veterans Park Fort Myers,FL,33912,"Veterans Park Fort Myers, FL 33912",1
lake mckethan recreation area brooksville fl 34601|FL,0,,Lake McKethan Recreation Area Brooksvill,FL,34601,"Lake McKethan Recreation Area Brooksville, FL 34601",1
winchester community in|IN,0,,Winchester Community,IN,,"Winchester Community , IN",1
kapiolani park honolulu hi 96822|HI,0,,Kapiolani Park Honolulu,HI,96822,"Kapiolani Park Honolulu, HI 96822",1
__empty__18898,1,,,,,,1
south county regional park boca raton fl 33334|FL,0,,South County Regional Park Boca Raton,FL,33334,"South County Regional Park Boca Raton , FL 33334",1
new mexico highlands las vegas nm 87701|NM,0,,New Mexico Highlands Las Vegas,NM,87701,"New Mexico Highlands Las Vegas, NM 87701",1
flanagan hs pembroke pines fl 33028|FL,0,,Flanagan HS Pembroke Pines,FL,33028,"Flanagan HS Pembroke Pines, FL 33028",1
__empty__24746,1,,,,,,1
__empty__3968,1,,,,,,1
__empty__2835,1,,,,,,1
__empty__6551,1,,,,,,1
__empty__110,1,,,,,,1
old settler park round rock tx|TX,0,,Old Settler Park Round Rock,TX,,"Old Settler Park Round Rock, TX",1
colorado mesa grand junction co 81501|CO,0,,Colorado Mesa Grand Junction,CO,81501,"Colorado Mesa Grand Junction, CO 81501",1
__empty__5351,1,,,,,,1
__empty__2510,1,,,,,,1
__empty__19408,1,,,,,,1
__empty__5373,1,,,,,,1
__empty__212,1,,,,,,1
__empty__7165,1,,,,,,1
__empty__7176,1,,,,,,1
__empty__203,1,,,,,,1
__empty__194,1,,,,,,1
__empty__4953,1,,,,,,1
__empty__7188,1,,,,,,1
__empty__7166,1,,,,,,1
__empty__7169,1,,,,,,1
__empty__4678,1,,,,,,1
__empty__4714,1,,,,,,1
__empty__4709,1,,,,,,1
__empty__4689,1,,,,,,1
__empty__4163,1,,,,,,1
__empty__4248,1,,,,,,1
__empty__5729,1,,,,,,1
__empty__5082,1,,,,,,1
__empty__5741,1,,,,,,1
__empty__5745,1,,,,,,1
psu brandywine media pa pa 19063|PA,0,,PSU Brandywine Media PA,PA,19063,"PSU Brandywine Media PA, PA 19063",1
mason park irvine irvine ca 92612|CA,0,,Irvine Irvine,CA,92612,"Mason Park, Irvine Irvine, CA 92612",1
__empty__4074,1,,,,,,1
central college pella ia 50428|IA,0,,Central College Pella,IA,50428,"Central College Pella, IA 50428",2
__empty__16423,1,,,,,,1
ceraland park 3989 s 525 e columbus in 47203|IN,0,3989 S.,E. Columbus,IN,47203,"CERAland Park 3989 S. 525 E. Columbus, IN 47203",1
__empty__7893,1,,,,,,1
__empty__14659,1,,,,,,1
__empty__5300,1,,,,,,1
__empty__7483,1,,,,,,1
__empty__7320,1,,,,,,1
__empty__6765,1,,,,,,1
__empty__5024,1,,,,,,1
__empty__6134,1,,,,,,1
__empty__5424,1,,,,,,1
__empty__8400,1,,,,,,1
__empty__4570,1,,,,,,1
__empty__6784,1,,,,,,1
__empty__5345,1,,,,,,1
__empty__5309,1,,,,,,1
__empty__5364,1,,,,,,1
__empty__5365,1,,,,,,1
__empty__4487,1,,,,,,1
__empty__4536,1,,,,,,1
__empty__4540,1,,,,,,1
__empty__5356,1,,,,,,1
__empty__4547,1,,,,,,1
__empty__4674,1,,,,,,1
__empty__4513,1,,,,,,1
__empty__4669,1,,,,,,1
youthtowne moon township pa|PA,0,,Youthtowne Moon Township,PA,,"Youthtowne Moon Township, PA",1
__empty__5346,1,,,,,,1
__empty__4517,1,,,,,,1
__empty__4497,1,,,,,,1
__empty__5357,1,,,,,,1
__empty__5422,1,,,,,,1
__empty__7187,1,,,,,,1
__empty__3883,1,,,,,,1
__empty__7168,1,,,,,,1
__empty__5292,1,,,,,,1
country campus golf course huntsville tx 77340|TX,0,,Country Campus Golf Course Huntsville,TX,77340,"Country Campus Golf Course Huntsville, TX 77340",1
__empty__5923,1,,,,,,1
__empty__4112,1,,,,,,1
__empty__7201,1,,,,,,1
__empty__7179,1,,,,,,1
__empty__4748,1,,,,,,1
highland park baton rouge la|LA,0,,Highland Park Baton Rouge,LA,,"Highland Park Baton Rouge, LA",1
__empty__5577,1,,,,,,1
__empty__5415,1,,,,,,1
__empty__6058,1,,,,,,1
__empty__5587,1,,,,,,1
abraham baldwin agricultural college one blue devil way tifton ga 32312|GA,0,,Abraham Baldwin Agricultural College One,GA,32312,"Abraham Baldwin Agricultural College One Blue Devil Way Tifton, GA 32312",1
__empty__7177,1,,,,,,1
__empty__5416,1,,,,,,1
__empty__4546,1,,,,,,1
__empty__4526,1,,,,,,1
__empty__4554,1,,,,,,1
__empty__4550,1,,,,,,1
__empty__5451,1,,,,,,1
__empty__4490,1,,,,,,1
__empty__5540,1,,,,,,1
woodlawn beach middle school gulf breeze fl 32566|FL,0,,Woodlawn Beach Middle School Gulf Breeze,FL,32566,"Woodlawn Beach Middle School Gulf Breeze, FL 32566",1
__empty__202,1,,,,,,1
hagerty 3225 lockwood boulevard oviedo fl 32765|FL,0,3225 Lockwood Boulevard Oviedo,Lockwood Boulevard Oviedo,FL,32765,"Hagerty 3225 Lockwood Boulevard Oviedo, FL 32765",1
__empty__197,1,,,,,,1
__empty__190,1,,,,,,1
__empty__4100,1,,,,,,1
corban university salem or 97303|OR,0,,Corban University Salem,OR,97303,"Corban University Salem, OR 97303",1
vsu petersburg va 12345|VA,0,,VSU Petersburg,VA,12345,"VSU Petersburg, VA 12345",1
ucsb santa barbara ca 90210|CA,0,,UCSB Santa Barbara,CA,90210,"UCSB Santa Barbara, CA 90210",1
colorado springs co colorado springs co 80918|CO,0,,Colorado Springs,CO,80918,"Colorado Springs, CO Colorado Springs, CO 80918",1
__empty__7565,1,,,,,,1
__empty__6395,1,,,,,,1
western carolina university cullowhee nc 28723|NC,0,,Western Carolina University Cullowhee,NC,28723,"Western Carolina University Cullowhee, NC 28723",1
__empty__6394,1,,,,,,1
brewton parker campus mt vernon ga 30445|GA,0,,Brewton-Parker Campus Mt. Vernon,GA,30445,"Brewton-Parker Campus Mt. Vernon, GA 30445",1
__empty__6486,1,,,,,,1
__empty__6547,1,,,,,,1
__empty__6487,1,,,,,,1
__empty__5779,1,,,,,,1
__empty__7598,1,,,,,,1
lakewood ranch bradenton fl 34211|FL,0,,Lakewood Ranch Bradenton,FL,34211,"Lakewood Ranch Bradenton, FL 34211",1
__empty__3369,1,,,,,,1
__empty__3201,1,,,,,,1
__empty__3274,1,,,,,,1
__empty__3295,1,,,,,,1
__empty__6676,1,,,,,,1
__empty__3283,1,,,,,,1
__empty__4698,1,,,,,,1
__empty__4683,1,,,,,,1
__empty__4743,1,,,,,,1
__empty__6412,1,,,,,,1
__empty__6117,1,,,,,,1
winthrop farms rock hill sc 29370|SC,0,,Winthrop Farms Rock Hill,SC,29370,"Winthrop Farms Rock Hill, SC 29370",1
__empty__7494,1,,,,,,1
ram s xc course lake mary fl 32746|FL,0,,RAM's XC Course Lake Mary,FL,32746,"RAM's XC Course Lake Mary, FL 32746",2
wccc pittsburgh pa 15222|PA,0,,WCCC Pittsburgh,PA,15222,"WCCC Pittsburgh, PA 15222",1
__empty__5725,1,,,,,,1
__empty__7564,1,,,,,,1
__empty__15669,1,,,,,,1
__empty__5642,1,,,,,,1
__empty__3813,1,,,,,,1
__empty__8898,1,,,,,,1
university of north florida golf course 1 betty holzendorf drive jacksonville fl 32224|FL,0,1 Betty Holzendorf Drive Jacksonville,Betty Holzendorf Drive Jacksonville,FL,32224,"University of North Florida Golf Course 1 Betty Holzendorf Drive Jacksonville, FL 32224",1
__empty__6945,1,,,,,,1
__empty__3923,1,,,,,,1
__empty__6614,1,,,,,,1
__empty__5473,1,,,,,,1
east field santa cruz ca 95003|CA,0,,East Field Santa Cruz,CA,95003,"East Field Santa Cruz, CA 95003",1
saint stephen s 315 forty first st w bradenton fl 34209|FL,0,315 Forty First St W Bradenton,Forty First St W Bradenton,FL,34209,"Saint Stephen's 315 Forty First St W Bradenton, FL 34209",1
__empty__6563,1,,,,,,1
__empty__5604,1,,,,,,1
__empty__6035,1,,,,,,1
__empty__4647,1,,,,,,1
__empty__3331,1,,,,,,1
mount saint mary college cross country course newbergh ny 12550|NY,0,,Mount Saint Mary College Cross-Country C,NY,12550,"Mount Saint Mary College Cross-Country Course Newbergh, NY 12550",1
valley pine country club 901 lasker golf course rd jackson nc 27845|NC,0,901 Lasker Golf Course Rd Jackson,Lasker Golf Course Rd Jackson,NC,27845,"Valley Pine Country Club 901 Lasker Golf Course Rd Jackson, NC 27845",1
__empty__15533,1,,,,,,1
__empty__4110,1,,,,,,1
university at albany ualbany albany ny 12222|NY,0,,University at Albany UALBANY ALBANY,NY,12222,"University at Albany UALBANY ALBANY, NY 12222",1
__empty__7594,1,,,,,,1
__empty__11987,1,,,,,,1
__empty__19383,1,,,,,,1
carl albert state college poteau ok 74932|OK,0,,Carl Albert State College Poteau,OK,74932,"Carl Albert State College Poteau, OK 74932",1
__empty__6341,1,,,,,,1
graham creek nature preserve gulf shores al 36527|AL,0,,Graham Creek Nature Preserve Gulf Shores,AL,36527,"Graham Creek Nature Preserve Gulf Shores, AL 36527",1
__empty__7549,1,,,,,,1
__empty__4417,1,,,,,,1
premier sports complex|,0,,,,,Premier Sports Complex,1
__empty__20306,1,,,,,,1
howard county fairgrounds greentown in|IN,0,,Howard County Fairgrounds Greentown,IN,,"Howard County Fairgrounds Greentown, IN",2
__empty__5870,1,,,,,,1
__empty__5698,1,,,,,,1
__empty__7332,1,,,,,,1
__empty__7550,1,,,,,,1
southeastern louisiana university hammond la 70403|LA,0,,Southeastern Louisiana University Hammon,LA,70403,"Southeastern Louisiana University Hammond, LA 70403",1
grinnell college golf course ia grinnell ia 50112|IA,0,,Grinnell College Golf Course,IA,50112,"Grinnell College Golf Course, IA Grinnell, IA 50112",1
columbus state university columbus ga 31904|GA,0,,Columbus State University Columbus,GA,31904,"Columbus State University Columbus, GA 31904",1
__empty__5166,1,,,,,,1
__empty__5191,1,,,,,,1
__empty__3833,1,,,,,,1
__empty__3828,1,,,,,,1
__empty__187,1,,,,,,1
__empty__206,1,,,,,,1
mckendree university xc course lebanon il 63044|IL,0,,McKendree University XC Course Lebanon,IL,63044,"McKendree University XC Course Lebanon, IL 63044",1
university orlando fl 32817|FL,0,,University Orlando,FL,32817,"University Orlando, FL 32817",1
goodman cross country course bethlehem pa 18015|PA,0,,Goodman Cross Country Course Bethlehem,PA,18015,"Goodman Cross Country Course Bethlehem, PA 18015",1
__empty__5376,1,,,,,,1
__empty__7312,1,,,,,,1
__empty__7294,1,,,,,,1
__empty__4409,1,,,,,,1
__empty__5274,1,,,,,,1
__empty__7547,1,,,,,,1
__empty__7556,1,,,,,,1
__empty__8839,1,,,,,,1
__empty__7157,1,,,,,,1
__empty__7205,1,,,,,,1
hope college x c course west ottawa golf course holland mi 49424|MI,0,,Holland,MI,49424,"Hope College X-C Course (West Ottawa Golf Course) Holland, MI 49424",1
__empty__4300,1,,,,,,1
__empty__5293,1,,,,,,1
winthrop univeristy farm course rock hill sc 29732|SC,0,,Winthrop Univeristy Farm Course Rock Hil,SC,29732,"Winthrop Univeristy Farm Course Rock Hill, SC 29732",1
iowa western community college council bluffs ia 51503|IA,0,,Iowa Western Community College Council B,IA,51503,"Iowa Western Community College Council Bluffs, IA 51503",1
__empty__3414,1,,,,,,1
__empty__3779,1,,,,,,1
__empty__3690,1,,,,,,1
__empty__3613,1,,,,,,1
__empty__6640,1,,,,,,1
__empty__6719,1,,,,,,1
__empty__3873,1,,,,,,1
__empty__3895,1,,,,,,1
__empty__3943,1,,,,,,1
coakley middle schooll norwood ma 2062|,0,,Coakley Middle Schooll Norwood,MA,,"Coakley Middle Schooll Norwood, MA 2062",2
valley point golf course valley center ks 67147|KS,0,,Valley Point Golf Course Valley Center,KS,67147,"Valley Point Golf Course Valley Center, KS 67147",2
__empty__6493,1,,,,,,1
lavern gibson championship cross country course 599 tabertown st terre haute in 47803|,0,599 Tabertown St. Terre Haute,,IN,47803,"LaVern Gibson Championship Cross Country Course 599 Tabertown St. Terre Haute,, in 47803",1
university park golf club muskegon mi 49442|MI,0,,University Park Golf Club Muskegon,MI,49442,"University Park Golf Club Muskegon, MI 49442",1
__empty__7449,1,,,,,,1
__empty__3714,1,,,,,,1
__empty__5615,1,,,,,,1
__empty__6026,1,,,,,,1
__empty__7915,1,,,,,,1
winfield hs course winfield kansas 67156|,0,,,KS,67156,"Winfield HS Course Winfield, Kansas 67156",4
__empty__5684,1,,,,,,1
__empty__5686,1,,,,,,1
__empty__5590,1,,,,,,1
__empty__9615,1,,,,,,1
__empty__5896,1,,,,,,1
freedom park charlotte nc charlotte nc 28203|NC,0,,Freedom Park - Charlotte,NC,28203,"Freedom Park - Charlotte, NC Charlotte, NC 28203",1
__empty__5894,1,,,,,,1
__empty__5819,1,,,,,,1
__empty__5873,1,,,,,,1
__empty__5800,1,,,,,,1
__empty__5786,1,,,,,,1
__empty__5658,1,,,,,,1
__empty__5620,1,,,,,,1
__empty__5740,1,,,,,,1
__empty__5493,1,,,,,,1
__empty__5717,1,,,,,,1
__empty__5578,1,,,,,,1
__empty__6200,1,,,,,,1
__empty__5291,1,,,,,,1
__empty__4612,1,,,,,,1
__empty__5486,1,,,,,,1
san gabriel park georgetown tx 78626|TX,0,,San Gabriel Park Georgetown,TX,78626,"San Gabriel Park Georgetown, TX 78626",1
__empty__4623,1,,,,,,1
__empty__4613,1,,,,,,1
__empty__4219,1,,,,,,1
__empty__9194,1,,,,,,1
__empty__5478,1,,,,,,1
__empty__5491,1,,,,,,1
__empty__9111,1,,,,,,1
fernandina beach 2800 bill melton rd fernandina beach fl 32304|FL,0,2800 Bill Melton Rd Fernandina Beach,Bill Melton Rd Fernandina Beach,FL,32304,"Fernandina Beach 2800 Bill Melton Rd Fernandina Beach, FL 32304",1
__empty__19790,1,,,,,,1
blue river cc venue blue river memorial park 725 lee boulevard shelbyville in 46176|IN,0,725 Lee Boulevard Shelbyville,Lee Boulevard Shelbyville,IN,46176,"Blue River CC Venue, Blue River Memorial Park 725 Lee Boulevard Shelbyville, IN 46176",1
__empty__7642,1,,,,,,1
__empty__5988,1,,,,,,1
__empty__7340,1,,,,,,1
__empty__6633,1,,,,,,1
__empty__7331,1,,,,,,1
texas a m eastern deadline college station tx 77843|TX,0,,College Station,TX,77843,"Texas A&M (Eastern Deadline) College Station, TX 77843",1
__empty__6891,1,,,,,,1
__empty__6698,1,,,,,,1
ciu cross country course columbia sc|SC,0,,CIU Cross-Country Course Columbia,SC,,"CIU Cross-Country Course Columbia, SC",1
university of south carolina 900 clemson rd columbia sc 29229|SC,0,900 Clemson Rd Columbia,Clemson Rd Columbia,SC,29229,"University of South Carolina 900 Clemson Rd Columbia, SC 29229",1
__empty__10275,1,,,,,,1
__empty__5917,1,,,,,,1
__empty__6675,1,,,,,,1
__empty__6858,1,,,,,,1
__empty__6876,1,,,,,,1
__empty__3944,1,,,,,,1
__empty__4134,1,,,,,,1
__empty__3921,1,,,,,,1
__empty__4067,1,,,,,,1
__empty__6900,1,,,,,,1
vsu petersburg va 23806|VA,0,,VSU Petersburg,VA,23806,"VSU Petersburg, VA 23806",2
__empty__4142,1,,,,,,1
__empty__4186,1,,,,,,1
__empty__3919,1,,,,,,1
__empty__3731,1,,,,,,1
__empty__6896,1,,,,,,1
__empty__4141,1,,,,,,1
mary help tampa fl|FL,0,,Mary Help Tampa,FL,,"Mary Help Tampa, FL",1
abilene christian university abilene tx 79602|TX,0,,Abilene Christian University Abilene,TX,79602,"Abilene Christian University Abilene, TX 79602",1
__empty__5583,1,,,,,,1
shorewood cross country course green bay wi 54115|WI,0,,Shorewood Cross Country Course Green Bay,WI,54115,"Shorewood Cross Country Course Green Bay, WI 54115",1
__empty__23157,1,,,,,,1
__empty__4176,1,,,,,,1
__empty__6778,1,,,,,,1
__empty__5020,1,,,,,,1
__empty__5411,1,,,,,,1
__empty__3771,1,,,,,,1
__empty__6744,1,,,,,,1
__empty__4299,1,,,,,,1
__empty__6859,1,,,,,,1
__empty__6538,1,,,,,,1
__empty__6574,1,,,,,,1
__empty__5930,1,,,,,,1
__empty__3199,1,,,,,,1
__empty__6562,1,,,,,,1
__empty__3700,1,,,,,,1
__empty__8064,1,,,,,,1
__empty__4005,1,,,,,,1
__empty__4629,1,,,,,,1
__empty__4645,1,,,,,,1
__empty__5432,1,,,,,,1
__empty__24973,1,,,,,,1
2017 ucsb gaucho invitational santa barbara ca 93101|CA,0,2017 UCSB Gaucho Invitational Santa Barbara,UCSB Gaucho Invitational Santa Barbara,CA,93101,"2017 UCSB Gaucho Invitational Santa Barbara, CA 93101",1
__empty__7540,1,,,,,,1
spc levelland tx 79336|TX,0,,SPC Levelland,TX,79336,"SPC Levelland, TX 79336",1
indiana university cross country course bloomington in 47408|IN,0,,Indiana University Cross-Country Course ,IN,47408,"Indiana University Cross-Country Course Bloomington, IN 47408",2
goddard hs goddard ks 67052|KS,0,,Goddard HS Goddard,KS,67052,"Goddard HS Goddard, KS 67052",1
__empty__14503,1,,,,,,1
__empty__2473,1,,,,,,1
quarry lakes regional park fremont ca 94536|CA,0,,Quarry Lakes Regional Park Fremont,CA,94536,"Quarry Lakes Regional Park Fremont, CA 94536",1
__empty__22619,1,,,,,,1
__empty__11903,1,,,,,,1
__empty__11851,1,,,,,,1
__empty__852,1,,,,,,1
saint mary s university mn 700 terrace hts 62 winona mn 55987|MN,0,700 Terrace Hts,Winona,MN,55987,"Saint Mary's University MN 700 Terrace Hts #62 Winona, MN 55987",2
south strbane community park washington pa 15301|PA,0,,South Strbane Community Park Washington,PA,15301,"South Strbane Community Park Washington, PA 15301",1
rock the desert festival field midland tx 7971|,0,,Rock the Desert Festival Field Midland,TX,,"Rock the Desert Festival Field Midland, TX 7971",2
wellsville cross country course wellsville kansas 66092|,0,,,KS,66092,"Wellsville Cross Country Course Wellsville, Kansas 66092",2
__empty__22985,1,,,,,,1
__empty__844,1,,,,,,1
letterkenny fields dallas pa 18612|PA,0,,Letterkenny Fields Dallas,PA,18612,"Letterkenny Fields Dallas, PA 18612",1
uw platteville platteville wi 53818|WI,0,,UW-Platteville Platteville,WI,53818,"UW-Platteville Platteville, WI 53818",1
__empty__13277,1,,,,,,1
__empty__13316,1,,,,,,1
the max a mandel municipal golf course 27700 fm 1472 mines road laredo tx 78045|TX,0,27700 FM,Mines Road Laredo,TX,27700,"The Max A. Mandel Municipal Golf Course 27700 FM 1472 Mines Road Laredo, TX 78045",1
wartburg xc course waverly ia wartburg iowa 50677|,0,,Wartburg XC Course - Waverly,IA,50677,"Wartburg XC Course - Waverly, IA Wartburg, Iowa 50677",1
marshfield fairgrounds marshfield ma 2050|,0,,Marshfield Fairgrounds Marshfield,MA,,"Marshfield Fairgrounds Marshfield, MA 2050",1
crescent lake park 1320 5th st n st petersburg fl 32312|FL,0,,th St. N. St Petersburg,FL,32312,"Crescent Lake Park 1320 5th St. N. St Petersburg, FL 32312",1
fort devens devens ma 03049|MA,0,,Fort Devens Devens,MA,03049,"Fort Devens Devens, MA 03049",1
__empty__7245,1,,,,,,1
__empty__7260,1,,,,,,1
__empty__861,1,,,,,,1
furman university golf course 400 n hwy 25 bypass greenville sc 29617|SC,0,400 N Hwy,Bypass Greenville,SC,29617,"Furman University Golf Course 400 N Hwy 25 Bypass Greenville, SC 29617",1
__empty__22083,1,,,,,,1
__empty__22089,1,,,,,,1
stony creek metropark 14500 e mile rd shelby twp mi 48316|MI,0,14500 E. Mile rd Shelby Twp.,E. Mile rd Shelby Twp.,MI,14500,"Stony Creek Metropark 14500 E. Mile rd Shelby Twp., MI 48316",1
__empty__3986,1,,,,,,1
__empty__17369,1,,,,,,1
tweetsie trail elizabethton tn elizabethton tn 37643|TN,0,,Elizabethton,TN,37643,"Tweetsie Trail, Elizabethton, TN Elizabethton, TN 37643",1
www trxctiming com st charles mo 63044|MO,0,,www.trxctiming.com St. Charles,MO,63044,"www.trxctiming.com St. Charles, MO 63044",1
__empty__14491,1,,,,,,1
__empty__14544,1,,,,,,1
mulvane hs grounds mulvane kansas 67110|,0,,,KS,67110,"Mulvane HS Grounds Mulvane, Kansas 67110",4
__empty__14384,1,,,,,,1
goshen 1 redskin rd goshen in 46526|IN,0,1 Redskin Rd. Goshen,Redskin Rd. Goshen,IN,46526,"Goshen #1 Redskin Rd. Goshen, IN 46526",1
lake mckethan brooksville fl|FL,0,,Lake Mckethan Brooksville,FL,,"Lake Mckethan Brooksville, FL",1
fl|FL,0,,,FL,,", FL",1
__empty__24738,1,,,,,,1
the range wtamu canyon tx 79015|TX,0,,The Range--WTAMU Canyon,TX,79015,"The Range--WTAMU Canyon, TX 79015",1
delaware park golf course buffalo ny 14208|NY,0,,Delaware Park Golf Course Buffalo,NY,14208,"Delaware Park Golf Course Buffalo, NY 14208",1
fun valley sports complex 4401 w 4th ave hutchinson ks 67501|KS,0,4401 W,th Ave Hutchinson,KS,67501,"Fun Valley Sports Complex 4401 W 4th Ave Hutchinson, KS 67501",1
sl sl fl 33040|FL,0,,SL SL,FL,33040,"SL SL, FL 33040",1
st stephens episcopal 5k bradenton fl 34209|FL,0,,k Bradenton,FL,34209,"St. Stephens Episcopal 5k Bradenton, FL 34209",1
angel mounds evansville in|IN,0,,Angel Mounds Evansville,IN,,"Angel Mounds Evansville, IN",1
texas a m cc corpus christi tx 78412|TX,0,,M-CC Corpus Christi,TX,78412,"Texas A&M-CC Corpus Christi, TX 78412",1
__empty__5476,1,,,,,,1
northwood 2101 n main st nappanee in 46550|IN,0,2101 N Main St Nappanee,N Main St Nappanee,IN,46550,"NorthWood 2101 N Main St Nappanee, IN 46550",3
cecil field 13715 lake newman st jacksonville fl 32312|FL,0,13715 Lake Newman St Jacksonville,Lake Newman St Jacksonville,FL,13715,"Cecil Field 13715 Lake Newman St Jacksonville, FL 32312",1
__empty__24981,1,,,,,,1
__empty__23081,1,,,,,,1
thomas county middle school thomasville ga 32312|GA,0,,Thomas County Middle School Thomasville,GA,32312,"Thomas County Middle School Thomasville, GA 32312",1
__empty__23595,1,,,,,,1
amherst middle school amherst nh 03031|NH,0,,Amherst Middle School Amherst,NH,03031,"Amherst Middle School Amherst, NH 03031",1
desales university 2755 station avenue center valley pa pa|,0,2755 Station Avenue Center Valley,Station Avenue Center Valley,PA,,"DeSales University 2755 Station Avenue Center Valley, PA PA",1
__empty__14011,1,,,,,,1
wellington hs 2101 greenview shores blvd wellington fl 33414|FL,0,2101 Greenview Shores Blvd Wellington,Greenview Shores Blvd Wellington,FL,33414,"Wellington HS 2101 Greenview Shores Blvd Wellington, FL 33414",1
st anselm college manchester nh 03045|NH,0,,St. Anselm College Manchester,NH,03045,"St. Anselm College Manchester, NH 03045",1
st mary university leavenworth kansas 66048|,0,,,KS,66048,"St Mary University Leavenworth, Kansas 66048",1
__empty__4676,1,,,,,,1
st paul s school 325 pleasent st concord nh 3301|,0,325 Pleasent St Concord,Pleasent St Concord,NH,,"St. Paul's School 325 Pleasent St Concord, NH 3301",1
walters state cc 500 s davy crockett pkwy morristown tn 37814|TN,0,500 S Davy Crockett Pkwy Morristown,S Davy Crockett Pkwy Morristown,TN,37814,"Walters State CC 500 S Davy Crockett Pkwy Morristown, TN 37814",1
wayne e dannehl national cross country course 4400 petrifying springs rd kenosha wi 53144|WI,0,4400 Petrifying Springs Rd Kenosha,Petrifying Springs Rd Kenosha,WI,53144,"Wayne E. Dannehl National Cross Country Course 4400 Petrifying Springs Rd Kenosha, WI 53144",1
__empty__4076,1,,,,,,1
boling park 1098 marietta hwy canton ga 30114|GA,0,1098 Marietta Hwy Canton,Marietta Hwy Canton,GA,30114,"Boling Park 1098 Marietta Hwy Canton, GA 30114",2
flandrau state park new ulm mn 555441|,0,,Flandrau State Park New Ulm,MN,,"Flandrau State Park New Ulm, MN 555441",1
__empty__4419,1,,,,,,1
__empty__4083,1,,,,,,1
__empty__7456,1,,,,,,1
graham creek nature preserve 1 pride dr foley al 36535|AL,0,1 Pride Dr. Foley,Pride Dr. Foley,AL,36535,"Graham Creek Nature Preserve 1 Pride Dr. Foley, AL 36535",1
arkansas batesville ar 72501|AR,0,,Arkansas Batesville,AR,72501,"Arkansas Batesville, AR 72501",1
southeast high school bradenton fl|FL,0,,Southeast High School Bradenton,FL,,"Southeast High School Bradenton, FL",1
out of door academy sarasota fl 34340|FL,0,,Out-of-Door Academy Sarasota,FL,34340,"Out-of-Door Academy Sarasota, FL 34340",1
__empty__6196,1,,,,,,1
__empty__4972,1,,,,,,1
__empty__5778,1,,,,,,1
bethel mennonite sarasota fl 34241|FL,0,,Bethel Mennonite Sarasota,FL,34241,"Bethel Mennonite Sarasota, FL 34241",1
woodlan 1300 green road woodburn in 46774|IN,0,1300 Green Road Woodburn,Green Road Woodburn,IN,46774,"Woodlan 1300 Green Road Woodburn, IN 46774",1
__empty__4730,1,,,,,,1
__empty__5342,1,,,,,,1
__empty__7509,1,,,,,,1
chamizal memorial national park el paso tx 800 south marcial st elpaso tx 79905|TX,0,800 South Marcial St. ElPaso,El Paso,TX,79905,"Chamizal Memorial National Park, El Paso, TX 800 South Marcial St. ElPaso, TX 79905",1
west virginia tech beckley wv 25801|WV,0,,West Virginia Tech Beckley,WV,25801,"West Virginia Tech Beckley, WV 25801",1
glen cannon country club 337 glen cannon dr pisgah forest nc 28768|NC,0,337 Glen Cannon Dr. Pisgah Forest,Glen Cannon Dr. Pisgah Forest,NC,28768,"Glen Cannon Country Club 337 Glen Cannon Dr. Pisgah Forest, NC 28768",1
__empty__6769,1,,,,,,1
__empty__6815,1,,,,,,1
wayne e dannehl national cross course kenosha wi 53144|WI,0,,Wayne E. Dannehl National Cross Course K,WI,53144,"Wayne E. Dannehl National Cross Course Kenosha, WI 53144",1
__empty__4876,1,,,,,,1
__empty__7020,1,,,,,,1
__empty__22257,1,,,,,,1
gordan college wenham ma 255 grapevine road wenham ma 1984|,0,255 Grapevine Road WENHAM,Wenham,MA,,"Gordan College, Wenham, MA 255 Grapevine Road WENHAM, MA 1984",1
__empty__7021,1,,,,,,1
__empty__4962,1,,,,,,1
__empty__5715,1,,,,,,1
__empty__6481,1,,,,,,1
__empty__4106,1,,,,,,1
__empty__4290,1,,,,,,1
__empty__8565,1,,,,,,1
__empty__4098,1,,,,,,1
lower woodland park seattle wa|WA,0,,Lower Woodland Park Seattle,WA,,"Lower Woodland Park Seattle, WA",1
__empty__3291,1,,,,,,1
stewart field on eckel street eckel street ft benning ga 31901|GA,0,,Stewart Field on Eckel Street Eckel Stre,GA,31901,"Stewart Field on Eckel Street Eckel Street Ft. Benning, GA 31901",1
__empty__6887,1,,,,,,1
__empty__6898,1,,,,,,1
__empty__4135,1,,,,,,1
__empty__3727,1,,,,,,1
__empty__4870,1,,,,,,1
__empty__3737,1,,,,,,1
__empty__4784,1,,,,,,1
__empty__8801,1,,,,,,1
__empty__4788,1,,,,,,1
__empty__6970,1,,,,,,1
__empty__4782,1,,,,,,1
forstproof xc course frostproof fl 33843|FL,0,,Forstproof XC Course Frostproof,FL,33843,"Forstproof XC Course Frostproof, FL 33843",1
new smyrna beach 100 barracuda blvd n smyrna beach fl 32169|FL,0,100 Barracuda Blvd. N. Smyrna Beach,Barracuda Blvd. N. Smyrna Beach,FL,32169,"New Smyrna Beach 100 Barracuda Blvd. N. Smyrna Beach, FL 32169",2
__empty__1279,1,,,,,,1
__empty__4108,1,,,,,,1
__empty__4424,1,,,,,,1
__empty__3405,1,,,,,,1
palisades golf course 2200 east palisade road sterling ut 84665|UT,0,2200 East Palisade Road Sterling,East Palisade Road Sterling,UT,84665,"Palisades Golf Course 2200 East Palisade Road Sterling, UT 84665",1
ouachita baptist cross country course arkadelphia ar|AR,0,,Ouachita Baptist Cross Country Course Ar,AR,,"Ouachita Baptist Cross Country Course Arkadelphia, AR",1
__empty__4558,1,,,,,,1
__empty__25008,1,,,,,,1
middle georgia state unviversity fulton mill rd macon ga 31206|GA,0,,Middle Georgia State Unviversity Fulton ,GA,31206,"Middle Georgia State Unviversity Fulton Mill Rd Macon, GA 31206",1
__empty__7333,1,,,,,,1
__empty__7261,1,,,,,,1
__empty__6709,1,,,,,,1
north athletic complex galloway nj 08240|NJ,0,,North Athletic Complex Galloway,NJ,08240,"North Athletic Complex Galloway, NJ 08240",1
shady rest park 7800 ft elevation mammoth lakes ca 93546|CA,0,7800 ft elevation,Mammoth Lakes,CA,93546,"Shady Rest Park (7800 ft elevation) Mammoth Lakes, CA 93546",1
gtbray park bradenton fl|FL,0,,GTBray Park Bradenton,FL,,"GTBray Park Bradenton, FL",1
__empty__7394,1,,,,,,1
laurel hill plantation mt pleasant sc 29466|SC,0,,Laurel Hill Plantation Mt Pleasant,SC,29466,"Laurel Hill Plantation Mt Pleasant, SC 29466",1
__empty__7588,1,,,,,,1
__empty__7882,1,,,,,,1
__empty__6568,1,,,,,,1
carousel farm park 3700 limestone rd wilmington de 19780|DE,0,3700 Limestone Rd Wilmington,Limestone Rd Wilmington,DE,19780,"Carousel Farm Park 3700 Limestone Rd Wilmington, DE 19780",1
__empty__7615,1,,,,,,1
st stephens episcopal bradenton fl|FL,0,,St. Stephens Episcopal Bradenton,FL,,"St. Stephens Episcopal Bradenton, FL",1
the north 40 xc course dekalb il 00000|IL,0,40 XC Course DeKalb,XC Course DeKalb,IL,00000,"The North 40 XC Course DeKalb, IL 00000",1
__empty__12276,1,,,,,,1
lincolin unversity xc course lincolin unversitry pa 99999|PA,0,,Lincolin Unversity XC Course Lincolin Un,PA,99999,"Lincolin Unversity XC Course Lincolin Unversitry, PA 99999",1
__empty__15918,1,,,,,,1
cottondale high school cottondale fl 32312|FL,0,,Cottondale High School Cottondale,FL,32312,"Cottondale High School Cottondale, FL 32312",1
letourneau university trails longview tx 75607|TX,0,,LeTourneau University Trails Longview,TX,75607,"LeTourneau University Trails Longview, TX 75607",1
west orange 1625 beulah rd winter garden fl 34787|FL,0,1625 Beulah Rd Winter Garden,Beulah Rd Winter Garden,FL,34787,"West Orange 1625 Beulah Rd Winter Garden, FL 34787",1
pista atletica uprrp 14 ave universidad ste 1401 san juan pr 00926|PR,0,14 Ave. Universidad Ste.,San Juan,PR,00926,"Pista ATletica UPRRP 14 Ave. Universidad Ste. 1401 San Juan, PR 00926",1
__empty__6682,1,,,,,,1
__empty__7250,1,,,,,,1
__empty__7251,1,,,,,,1
__empty__8311,1,,,,,,1
delaware state university dover de 19709|DE,0,,Delaware State University Dover,DE,19709,"Delaware State University Dover, DE 19709",1
__empty__7298,1,,,,,,1
__empty__1680,1,,,,,,1
__empty__5256,1,,,,,,1
__empty__10721,1,,,,,,1
__empty__7311,1,,,,,,1
__empty__7110,1,,,,,,1
__empty__6055,1,,,,,,1
western carolina university cullowee nc 28723|NC,0,,Western Carolina University Cullowee,NC,28723,"Western Carolina University Cullowee, NC 28723",1
camp hoblitzelle midlothian tx 76065|TX,0,,Camp Hoblitzelle Midlothian,TX,76065,"Camp Hoblitzelle Midlothian, TX 76065",1
__empty__5348,1,,,,,,1
__empty__8757,1,,,,,,1
__empty__4956,1,,,,,,1
quincie douglas park tucson az 85713|AZ,0,,Quincie Douglas Park Tucson,AZ,85713,"Quincie Douglas Park Tucson, AZ 85713",1
__empty__4806,1,,,,,,1
__empty__5046,1,,,,,,1
__empty__4656,1,,,,,,1
__empty__7512,1,,,,,,1
golden gate park san francisco ca san francisco ca 94118|CA,0,,San Francisco,CA,94118,"Golden Gate Park, San Francisco, CA San Francisco, CA 94118",1
__empty__5014,1,,,,,,1
__empty__4717,1,,,,,,1
chambers creek regional park 6320 grandview dr w univerity place wa 98467|WA,0,6320 Grandview Dr W. Univerity Place,Grandview Dr W. Univerity Place,WA,98467,"Chambers Creek Regional Park 6320 Grandview Dr W. Univerity Place, WA 98467",1
__empty__4716,1,,,,,,1
__empty__6796,1,,,,,,1
__empty__6860,1,,,,,,1
__empty__7023,1,,,,,,1
__empty__7017,1,,,,,,1
__empty__7022,1,,,,,,1
__empty__7253,1,,,,,,1
__empty__6803,1,,,,,,1
__empty__4298,1,,,,,,1
__empty__5619,1,,,,,,1
__empty__3568,1,,,,,,1
__empty__6906,1,,,,,,1
__empty__4291,1,,,,,,1
__empty__7009,1,,,,,,1
__empty__6959,1,,,,,,1
__empty__7348,1,,,,,,1
carrigan intermediate school xc course west haven ct 6516|,0,,Carrigan Intermediate School XC Course W,CT,,"Carrigan Intermediate School XC Course West Haven, CT 6516",1
__empty__6475,1,,,,,,1
__empty__13443,1,,,,,,1
blakeley park spanish fort al 36527|AL,0,,Blakeley Park Spanish Fort,AL,36527,"Blakeley Park Spanish Fort, AL 36527",2
troy state track field dothan al 36303|AL,0,,Field Dothan,AL,36303,"Troy State Track & Field Dothan, AL 36303",1
__empty__6275,1,,,,,,1
__empty__6343,1,,,,,,1
__empty__6347,1,,,,,,1
__empty__7503,1,,,,,,1
__empty__7457,1,,,,,,1
__empty__6263,1,,,,,,1
weston lake recreation area columbia sc 29208|SC,0,,Weston Lake Recreation Area Columbia,SC,29208,"Weston Lake Recreation Area Columbia , SC 29208",1
__empty__7453,1,,,,,,1
__empty__7392,1,,,,,,1
__empty__7563,1,,,,,,1
__empty__7590,1,,,,,,1
__empty__7592,1,,,,,,1
__empty__6348,1,,,,,,1
__empty__7419,1,,,,,,1
rolling acres golf club mcpherson ks 67530|KS,0,,Rolling Acres Golf Club McPherson,KS,67530,"Rolling Acres Golf Club McPherson, KS 67530",1
__empty__5330,1,,,,,,1
__empty__6567,1,,,,,,1
palo corona carmel valley ca 93924|CA,0,,Palo Corona Carmel Valley,CA,93924,"Palo Corona Carmel Valley, CA 93924",1
cedar key cedar key fl 32625|FL,0,,Cedar Key Cedar Key,FL,32625,"Cedar Key Cedar Key, FL 32625",2
__empty__22084,1,,,,,,1
wiregrass ranch high school wiregrass ranch high school wesley chapel fl 33543|FL,0,,Wiregrass Ranch High School Wiregrass Ra,FL,33543,"Wiregrass Ranch High School Wiregrass Ranch High School Wesley Chapel, FL 33543",1
__empty__22085,1,,,,,,1
n c central cary north carolina|,0,,,NC,,"N.C. Central Cary, North Carolina",1
__empty__3735,1,,,,,,1
nelsa chennault park monroe la 71209|LA,0,,NELSA-Chennault Park Monroe,LA,71209,"NELSA-Chennault Park Monroe, LA 71209",1
__empty__18413,1,,,,,,1
__empty__7270,1,,,,,,1
__empty__7278,1,,,,,,1
spring creek park edmond ok 73003|OK,0,,Spring Creek Park Edmond,OK,73003,"Spring Creek Park Edmond, OK 73003",1
psu brandywine media pa 19063|PA,0,,,PA,19063,"PSU-Brandywine Media,, PA 19063",2
__empty__7602,1,,,,,,1
hudson valley dome milton ny|NY,0,,Hudson Valley Dome Milton,NY,,"Hudson Valley Dome Milton, NY",1
angel mounds 2025 lincoln ave ramona apt evansville in 63044|IN,0,2025 Lincoln Ave. Ramona Apt. Evansville,Lincoln Ave. Ramona Apt. Evansville,IN,63044,"Angel Mounds 2025 Lincoln Ave. Ramona Apt. Evansville, IN 63044",1
southern arkansas university magnolia ar 71753|AR,0,,Southern Arkansas University Magnolia,AR,71753,"Southern Arkansas University Magnolia, AR 71753",1
__empty__7499,1,,,,,,1
__empty__4621,1,,,,,,1
__empty__6046,1,,,,,,1
__empty__4662,1,,,,,,1
__empty__7518,1,,,,,,1
__empty__6495,1,,,,,,1
mitchell high school trinity fl 34655|FL,0,,Mitchell High School Trinity,FL,34655,"Mitchell High School Trinity, FL 34655",1
__empty__4899,1,,,,,,1
__empty__4898,1,,,,,,1
university park pa university park pa 16802|PA,0,,UNIVERSITY PARK,PA,16802,"UNIVERSITY PARK, PA University Park, PA 16802",1
__empty__6027,1,,,,,,1
__empty__3766,1,,,,,,1
__empty__3743,1,,,,,,1
__empty__3280,1,,,,,,1
alabama 5901 watermelon rd northport al 35473|AL,0,5901 Watermelon Rd. Northport,Watermelon Rd. Northport,AL,35473,"Alabama 5901 Watermelon Rd. Northport, AL 35473",1
oakridge middle school 14975 collier boulevard naples fl 34119|FL,0,14975 Collier Boulevard Naples,Collier Boulevard Naples,FL,14975,"Oakridge Middle School 14975 Collier Boulevard Naples, FL 34119",1
__empty__7328,1,,,,,,1
leadbetter beach shoreline park santa barbara ca 90210|CA,0,,Shoreline Park Santa Barbara,CA,90210,"Leadbetter Beach / Shoreline Park Santa Barbara, CA 90210",1
__empty__7334,1,,,,,,1
__empty__4654,1,,,,,,1
__empty__5174,1,,,,,,1
__empty__5214,1,,,,,,1
__empty__5541,1,,,,,,1
valley point golf course valley center kansas 67147|,0,,,KS,67147,"Valley Point Golf Course Valley Center, Kansas 67147",2
university of il springfield il springfield il 60431|IL,0,,University of IL - Springfield,IL,60431,"University of IL - Springfield, IL Springfield, IL 60431",1
__empty__22587,1,,,,,,1
__empty__113,1,,,,,,1
__empty__6553,1,,,,,,1
__empty__6969,1,,,,,,1
__empty__7463,1,,,,,,1
__empty__365,1,,,,,,1
__empty__3544,1,,,,,,1
__empty__4373,1,,,,,,1
__empty__24720,1,,,,,,1
__empty__184,1,,,,,,1
__empty__374,1,,,,,,1
__empty__3831,1,,,,,,1
__empty__4441,1,,,,,,1
__empty__4294,1,,,,,,1
__empty__4750,1,,,,,,1
__empty__7002,1,,,,,,1
__empty__5081,1,,,,,,1
__empty__778,1,,,,,,1
__empty__783,1,,,,,,1
__empty__741,1,,,,,,1
__empty__802,1,,,,,,1
__empty__825,1,,,,,,1
__empty__721,1,,,,,,1
__empty__779,1,,,,,,1
__empty__780,1,,,,,,1
__empty__744,1,,,,,,1
__empty__4529,1,,,,,,1
__empty__743,1,,,,,,1
__empty__772,1,,,,,,1
__empty__769,1,,,,,,1
__empty__551,1,,,,,,1
__empty__479,1,,,,,,1
__empty__465,1,,,,,,1
__empty__530,1,,,,,,1
__empty__597,1,,,,,,1
__empty__516,1,,,,,,1
__empty__464,1,,,,,,1
__empty__559,1,,,,,,1
__empty__466,1,,,,,,1
__empty__598,1,,,,,,1
__empty__512,1,,,,,,1
__empty__526,1,,,,,,1
__empty__4406,1,,,,,,1
__empty__1883,1,,,,,,1
__empty__1898,1,,,,,,1
__empty__1966,1,,,,,,1
__empty__2007,1,,,,,,1
__empty__1914,1,,,,,,1
__empty__1899,1,,,,,,1
__empty__440,1,,,,,,1
__empty__379,1,,,,,,1
__empty__330,1,,,,,,1
__empty__370,1,,,,,,1
__empty__329,1,,,,,,1
__empty__439,1,,,,,,1
__empty__369,1,,,,,,1
__empty__418,1,,,,,,1
__empty__377,1,,,,,,1
__empty__353,1,,,,,,1
__empty__342,1,,,,,,1
__empty__441,1,,,,,,1
__empty__358,1,,,,,,1
__empty__337,1,,,,,,1
__empty__331,1,,,,,,1
__empty__334,1,,,,,,1
__empty__356,1,,,,,,1
__empty__1689,1,,,,,,1
__empty__1747,1,,,,,,1
__empty__1675,1,,,,,,1
__empty__1676,1,,,,,,1
__empty__1719,1,,,,,,1
__empty__1679,1,,,,,,1
__empty__1714,1,,,,,,1
__empty__5278,1,,,,,,1
__empty__1630,1,,,,,,1
__empty__1644,1,,,,,,1
__empty__6267,1,,,,,,1
__empty__1697,1,,,,,,1
__empty__6801,1,,,,,,1
__empty__1688,1,,,,,,1
goodells county park port huron mi|MI,0,,Goodells County Park Port Huron,MI,,"Goodells County Park Port Huron, MI",1
__empty__1266,1,,,,,,1
__empty__1307,1,,,,,,1
van cortland park new york ny 10023|NY,0,,Van Cortland Park New York,NY,10023,"Van Cortland Park New York, NY 10023",1
__empty__7567,1,,,,,,1
__empty__1132,1,,,,,,1
catholic conferencexc championship meet marquette wi 49855|WI,0,,Catholic ConferenceXC Championship Meet ,WI,49855,"Catholic ConferenceXC Championship Meet Marquette, WI 49855",1
__empty__3257,1,,,,,,1
heartwell park long beach ca|CA,0,,Heartwell Park Long Beach,CA,,"Heartwell Park Long Beach, CA",1
__empty__1255,1,,,,,,1
__empty__1216,1,,,,,,1
__empty__1326,1,,,,,,1
__empty__2191,1,,,,,,1
__empty__2211,1,,,,,,1
__empty__478,1,,,,,,1
__empty__2052,1,,,,,,1
__empty__2197,1,,,,,,1
__empty__4177,1,,,,,,1
__empty__4192,1,,,,,,1
__empty__4187,1,,,,,,1
__empty__4170,1,,,,,,1
__empty__4180,1,,,,,,1
__empty__4174,1,,,,,,1
__empty__4274,1,,,,,,1
__empty__4194,1,,,,,,1
__empty__4178,1,,,,,,1
__empty__4271,1,,,,,,1
__empty__4096,1,,,,,,1
__empty__4111,1,,,,,,1
__empty__4160,1,,,,,,1
__empty__4253,1,,,,,,1
__empty__4119,1,,,,,,1
__empty__1516,1,,,,,,1
__empty__1489,1,,,,,,1
__empty__1337,1,,,,,,1
__empty__1452,1,,,,,,1
__empty__1375,1,,,,,,1
__empty__1384,1,,,,,,1
__empty__1364,1,,,,,,1
__empty__1463,1,,,,,,1
__empty__904,1,,,,,,1
logos land cobden on|ON,0,,Logos Land Cobden,ON,,"Logos Land Cobden, ON",1
__empty__554,1,,,,,,1
__empty__936,1,,,,,,1
__empty__868,1,,,,,,1
__empty__171,1,,,,,,1
__empty__174,1,,,,,,1
__empty__253,1,,,,,,1
__empty__225,1,,,,,,1
__empty__4757,1,,,,,,1
__empty__4760,1,,,,,,1
__empty__4657,1,,,,,,1
__empty__4640,1,,,,,,1
__empty__4686,1,,,,,,1
__empty__4687,1,,,,,,1
__empty__4682,1,,,,,,1
__empty__4702,1,,,,,,1
__empty__4641,1,,,,,,1
__empty__150,1,,,,,,1
__empty__175,1,,,,,,1
__empty__158,1,,,,,,1
__empty__4691,1,,,,,,1
__empty__4639,1,,,,,,1
__empty__172,1,,,,,,1
__empty__246,1,,,,,,1
__empty__7297,1,,,,,,1
__empty__1841,1,,,,,,1
__empty__1837,1,,,,,,1
__empty__1546,1,,,,,,1
__empty__1889,1,,,,,,1
__empty__1829,1,,,,,,1
__empty__1839,1,,,,,,1
__empty__1832,1,,,,,,1
__empty__1817,1,,,,,,1
__empty__1552,1,,,,,,1
__empty__1815,1,,,,,,1
__empty__15704,1,,,,,,1
__empty__2793,1,,,,,,1
__empty__2719,1,,,,,,1
__empty__2776,1,,,,,,1
__empty__2657,1,,,,,,1
bishop verot high school 5598 sunrise drive ft myers fl 33919|FL,0,5598 Sunrise drive ft myers,Sunrise drive ft myers,FL,33919,"Bishop Verot High School 5598 Sunrise drive ft myers, FL 33919",1
__empty__455,1,,,,,,1
__empty__9691,1,,,,,,1
__empty__2773,1,,,,,,1
__empty__2788,1,,,,,,1
__empty__842,1,,,,,,1
__empty__836,1,,,,,,1
__empty__835,1,,,,,,1
__empty__803,1,,,,,,1
__empty__3830,1,,,,,,1
__empty__3827,1,,,,,,1
__empty__3722,1,,,,,,1
__empty__860,1,,,,,,1
__empty__806,1,,,,,,1
sherrod residential park abilene tx|TX,0,,Sherrod Residential Park Abilene,TX,,"Sherrod Residential Park Abilene, TX",1
ccsf 50 phelan avenue san francisco ca 94112|CA,0,50 Phelan Avenue San Francisco,Phelan Avenue San Francisco,CA,94112,"CCSF 50 Phelan Avenue San Francisco, CA 94112",1
__empty__1215,1,,,,,,1
__empty__1243,1,,,,,,1
__empty__1316,1,,,,,,1
__empty__1226,1,,,,,,1
2006 usatf minnesota marquette wi 49855|WI,0,2006 USATF Minnesota Marquette,USATF Minnesota Marquette,WI,49855,"2006 USATF Minnesota Marquette, WI 49855",2
__empty__1254,1,,,,,,1
__empty__1162,1,,,,,,1
__empty__1153,1,,,,,,1
__empty__1315,1,,,,,,1
__empty__2305,1,,,,,,1
__empty__2249,1,,,,,,1
__empty__2260,1,,,,,,1
__empty__2247,1,,,,,,1
__empty__5833,1,,,,,,1
__empty__5799,1,,,,,,1
__empty__5801,1,,,,,,1
__empty__5736,1,,,,,,1
__empty__5805,1,,,,,,1
__empty__5783,1,,,,,,1
__empty__5810,1,,,,,,1
__empty__4301,1,,,,,,1
__empty__4952,1,,,,,,1
__empty__3049,1,,,,,,1
__empty__3006,1,,,,,,1
__empty__3050,1,,,,,,1
__empty__2982,1,,,,,,1
__empty__3035,1,,,,,,1
__empty__5260,1,,,,,,1
__empty__4886,1,,,,,,1
__empty__4068,1,,,,,,1
__empty__2498,1,,,,,,1
__empty__2506,1,,,,,,1
__empty__2470,1,,,,,,1
__empty__2499,1,,,,,,1
__empty__2351,1,,,,,,1
__empty__2361,1,,,,,,1
__empty__2412,1,,,,,,1
__empty__2474,1,,,,,,1
__empty__2511,1,,,,,,1
__empty__2465,1,,,,,,1
__empty__2405,1,,,,,,1
__empty__2152,1,,,,,,1
__empty__2080,1,,,,,,1
__empty__2208,1,,,,,,1
__empty__2132,1,,,,,,1
__empty__2046,1,,,,,,1
__empty__2531,1,,,,,,1
__empty__2634,1,,,,,,1
__empty__2633,1,,,,,,1
__empty__2542,1,,,,,,1
__empty__2646,1,,,,,,1
texas a m college station tx 77843|TX,0,,M College Station,TX,77843,"Texas A&M College Station, TX 77843",1
angel mounds cross country course evansville in 47712|IN,0,,Angel Mounds Cross Country Course Evansv,IN,47712,"Angel Mounds Cross Country Course Evansville, IN 47712",1
__empty__3985,1,,,,,,1
__empty__4032,1,,,,,,1
__empty__4058,1,,,,,,1
__empty__4114,1,,,,,,1
__empty__3951,1,,,,,,1
__empty__3967,1,,,,,,1
__empty__4115,1,,,,,,1
__empty__4090,1,,,,,,1
__empty__3976,1,,,,,,1
__empty__3973,1,,,,,,1
coastal carolina university conway sc 29526|SC,0,,Coastal Carolina University Conway,SC,29526,"Coastal Carolina University Conway, SC 29526",1
__empty__4001,1,,,,,,1
__empty__4063,1,,,,,,1
__empty__4085,1,,,,,,1
__empty__380,1,,,,,,1
__empty__378,1,,,,,,1
__empty__344,1,,,,,,1
__empty__375,1,,,,,,1
__empty__3367,1,,,,,,1
__empty__3635,1,,,,,,1
__empty__3306,1,,,,,,1
__empty__3703,1,,,,,,1
__empty__3529,1,,,,,,1
__empty__3688,1,,,,,,1
__empty__427,1,,,,,,1
__empty__359,1,,,,,,1
__empty__5085,1,,,,,,1
__empty__5056,1,,,,,,1
__empty__5095,1,,,,,,1
__empty__5179,1,,,,,,1
__empty__5187,1,,,,,,1
__empty__4279,1,,,,,,1
__empty__5229,1,,,,,,1
__empty__739,1,,,,,,1
__empty__5025,1,,,,,,1
__empty__5003,1,,,,,,1
__empty__5052,1,,,,,,1
__empty__4928,1,,,,,,1
__empty__4940,1,,,,,,1
__empty__250,1,,,,,,1
__empty__4971,1,,,,,,1
__empty__4895,1,,,,,,1
__empty__4991,1,,,,,,1
__empty__5023,1,,,,,,1
__empty__1290,1,,,,,,1
__empty__519,1,,,,,,1
__empty__1980,1,,,,,,1
__empty__2006,1,,,,,,1
__empty__883,1,,,,,,1
__empty__1989,1,,,,,,1
__empty__2005,1,,,,,,1
__empty__738,1,,,,,,1
__empty__1987,1,,,,,,1
__empty__148,1,,,,,,1
__empty__4506,1,,,,,,1
__empty__1360,1,,,,,,1
__empty__893,1,,,,,,1
__empty__1333,1,,,,,,1
grandinetti elementary ridgeway pa|PA,0,,Grandinetti Elementary Ridgeway,PA,,"Grandinetti Elementary Ridgeway, PA",1
__empty__3310,1,,,,,,1
venue address orlando fl 32825|,0,,Venue Address Orlando,FL,32825,"Venue Address Orlando, Fl 32825",1
__empty__857,1,,,,,,1
__empty__851,1,,,,,,1
__empty__4604,1,,,,,,1
__empty__4524,1,,,,,,1
__empty__4520,1,,,,,,1
__empty__4512,1,,,,,,1
__empty__4553,1,,,,,,1
__empty__4429,1,,,,,,1
__empty__4458,1,,,,,,1
__empty__4611,1,,,,,,1
__empty__4472,1,,,,,,1
__empty__4518,1,,,,,,1
__empty__751,1,,,,,,1
__empty__856,1,,,,,,1
__empty__774,1,,,,,,1
__empty__773,1,,,,,,1
__empty__1541,1,,,,,,1
__empty__1773,1,,,,,,1
__empty__1763,1,,,,,,1
__empty__4758,1,,,,,,1
__empty__4805,1,,,,,,1
__empty__4729,1,,,,,,1
__empty__4793,1,,,,,,1
__empty__4763,1,,,,,,1
__empty__4830,1,,,,,,1
__empty__4835,1,,,,,,1
__empty__4731,1,,,,,,1
__empty__4747,1,,,,,,1
__empty__1759,1,,,,,,1
__empty__1658,1,,,,,,1
__empty__1645,1,,,,,,1
__empty__1725,1,,,,,,1
__empty__1652,1,,,,,,1
__empty__1647,1,,,,,,1
__empty__1634,1,,,,,,1
__empty__6292,1,,,,,,1
__empty__1718,1,,,,,,1
__empty__1716,1,,,,,,1
__empty__1654,1,,,,,,1
__empty__6235,1,,,,,,1
__empty__3088,1,,,,,,1
__empty__3243,1,,,,,,1
__empty__3258,1,,,,,,1
__empty__3151,1,,,,,,1
__empty__3261,1,,,,,,1
__empty__2798,1,,,,,,1
__empty__2775,1,,,,,,1
__empty__2644,1,,,,,,1
__empty__2763,1,,,,,,1
__empty__2774,1,,,,,,1
__empty__2784,1,,,,,,1
__empty__6596,1,,,,,,1
__empty__6595,1,,,,,,1
__empty__2817,1,,,,,,1
__empty__2681,1,,,,,,1
__empty__2697,1,,,,,,1
__empty__2703,1,,,,,,1
__empty__3963,1,,,,,,1
__empty__3878,1,,,,,,1
__empty__3898,1,,,,,,1
__empty__3762,1,,,,,,1
__empty__3840,1,,,,,,1
__empty__3913,1,,,,,,1
__empty__3858,1,,,,,,1
__empty__3822,1,,,,,,1
__empty__3899,1,,,,,,1
__empty__3914,1,,,,,,1
__empty__3902,1,,,,,,1
__empty__3836,1,,,,,,1
__empty__3769,1,,,,,,1
__empty__3767,1,,,,,,1
__empty__1252,1,,,,,,1
__empty__1256,1,,,,,,1
__empty__1230,1,,,,,,1
__empty__5249,1,,,,,,1
__empty__5244,1,,,,,,1
__empty__5243,1,,,,,,1
__empty__5261,1,,,,,,1
__empty__5264,1,,,,,,1
__empty__5327,1,,,,,,1
__empty__5418,1,,,,,,1
__empty__5414,1,,,,,,1
__empty__1157,1,,,,,,1
__empty__1925,1,,,,,,1
__empty__2011,1,,,,,,1
__empty__1992,1,,,,,,1
__empty__1888,1,,,,,,1
__empty__7581,1,,,,,,1
__empty__7611,1,,,,,,1
__empty__2084,1,,,,,,1
__empty__1917,1,,,,,,1
__empty__2025,1,,,,,,1
__empty__1990,1,,,,,,1
__empty__2022,1,,,,,,1
__empty__569,1,,,,,,1
__empty__573,1,,,,,,1
__empty__480,1,,,,,,1
__empty__511,1,,,,,,1
__empty__568,1,,,,,,1
__empty__630,1,,,,,,1
__empty__636,1,,,,,,1
__empty__529,1,,,,,,1
__empty__6351,1,,,,,,1
__empty__6414,1,,,,,,1
__empty__6332,1,,,,,,1
__empty__6307,1,,,,,,1
__empty__6366,1,,,,,,1
__empty__481,1,,,,,,1
__empty__467,1,,,,,,1
__empty__6346,1,,,,,,1
__empty__4402,1,,,,,,1
__empty__4355,1,,,,,,1
__empty__4308,1,,,,,,1
__empty__4370,1,,,,,,1
__empty__4401,1,,,,,,1
__empty__4316,1,,,,,,1
__empty__4318,1,,,,,,1
__empty__4327,1,,,,,,1
__empty__4475,1,,,,,,1
__empty__4317,1,,,,,,1
__empty__4361,1,,,,,,1
__empty__4380,1,,,,,,1
__empty__4397,1,,,,,,1
__empty__4330,1,,,,,,1
__empty__4391,1,,,,,,1
__empty__4302,1,,,,,,1
__empty__4304,1,,,,,,1
__empty__4310,1,,,,,,1
__empty__4386,1,,,,,,1
__empty__4384,1,,,,,,1
__empty__4352,1,,,,,,1
__empty__2048,1,,,,,,1
georgia college and state university milledgeville ga 12345|GA,0,,Georgia College and State University Mil,GA,12345,"Georgia College and State University Milledgeville, GA 12345",1
__empty__5469,1,,,,,,1
__empty__5522,1,,,,,,1
__empty__5465,1,,,,,,1
__empty__5514,1,,,,,,1
__empty__5352,1,,,,,,1
__empty__5467,1,,,,,,1
__empty__5406,1,,,,,,1
__empty__5353,1,,,,,,1
__empty__5382,1,,,,,,1
__empty__5445,1,,,,,,1
__empty__2512,1,,,,,,1
__empty__2357,1,,,,,,1
__empty__6007,1,,,,,,1
__empty__5890,1,,,,,,1
__empty__5880,1,,,,,,1
__empty__5908,1,,,,,,1
__empty__2401,1,,,,,,1
stanford golf course marquette wi 49855|WI,0,,Stanford Golf Course Marquette,WI,49855,"Stanford Golf Course Marquette, WI 49855",1
2006 usatf region7 marquette wi 49855|WI,0,2006 USATF Region,Marquette,WI,49855,"2006 USATF Region7 Marquette, WI 49855",1
portage warrior challenge wi|WI,0,,Portage Warrior Challenge,WI,,"Portage Warrior Challenge , WI",1
runners soul valley xc classic wa|WA,0,,Runners Soul Valley XC Classic,WA,,"Runners Soul Valley XC Classic , WA",1
kendall soccer park marquette wi 49855|WI,0,,Kendall Soccer Park Marquette,WI,49855,"Kendall Soccer Park Marquette, WI 49855",1
accac conference championships az|AZ,0,,ACCAC Conference Championships,AZ,,"ACCAC Conference Championships , AZ",1
__empty__1137,1,,,,,,1
currie golf course midland mi 48640|MI,0,,Currie Golf Course Midland,MI,48640,"Currie Golf Course Midland, MI 48640",1
__empty__1156,1,,,,,,1
__empty__2449,1,,,,,,1
__empty__2529,1,,,,,,1
__empty__2494,1,,,,,,1
__empty__2541,1,,,,,,1
__empty__2551,1,,,,,,1
__empty__2610,1,,,,,,1
__empty__2535,1,,,,,,1
__empty__7049,1,,,,,,1
__empty__6917,1,,,,,,1
__empty__2545,1,,,,,,1
__empty__5758,1,,,,,,1
__empty__5716,1,,,,,,1
__empty__5552,1,,,,,,1
__empty__5605,1,,,,,,1
__empty__5607,1,,,,,,1
__empty__5518,1,,,,,,1
__empty__5682,1,,,,,,1
__empty__5601,1,,,,,,1
__empty__5598,1,,,,,,1
__empty__5594,1,,,,,,1
__empty__5760,1,,,,,,1
__empty__5631,1,,,,,,1
long beach 4901 carson street marquette wi 49855|WI,0,4901 Carson Street Marquette,Carson Street Marquette,WI,49855,"Long Beach 4901 Carson Street Marquette, WI 49855",1
__empty__5586,1,,,,,,1
__empty__11531,1,,,,,,1
__empty__3680,1,,,,,,1
__empty__3396,1,,,,,,1
__empty__3469,1,,,,,,1
__empty__3682,1,,,,,,1
__empty__3457,1,,,,,,1
__empty__3438,1,,,,,,1
__empty__3307,1,,,,,,1
__empty__3673,1,,,,,,1
__empty__3687,1,,,,,,1
__empty__3681,1,,,,,,1
__empty__6814,1,,,,,,1
__empty__6830,1,,,,,,1
__empty__6759,1,,,,,,1
__empty__6837,1,,,,,,1
__empty__3597,1,,,,,,1
__empty__3312,1,,,,,,1
__empty__3506,1,,,,,,1
__empty__3452,1,,,,,,1
__empty__3847,1,,,,,,1
__empty__6099,1,,,,,,1
__empty__6160,1,,,,,,1
__empty__6157,1,,,,,,1
__empty__6056,1,,,,,,1
sc state university orangeburg sc 29117|SC,0,,SC State University Orangeburg,SC,29117,"SC State University Orangeburg , SC 29117",1
__empty__9016,1,,,,,,1
__empty__6120,1,,,,,,1
__empty__6085,1,,,,,,1
__empty__2846,1,,,,,,1
south alabama mobile ak 36608|AK,0,,South Alabama Mobile,AK,36608,"South Alabama Mobile, AK 36608",1
ash creek preserve monmouth or 97351|OR,0,,Ash Creek Preserve Monmouth,OR,97351,"Ash Creek Preserve Monmouth, OR 97351",1
south alabama mobile al 12345|AL,0,,South Alabama Mobile,AL,12345,"South Alabama Mobile, AL 12345",1
__empty__7653,1,,,,,,1
__empty__7616,1,,,,,,1
__empty__2820,1,,,,,,1
__empty__2970,1,,,,,,1
__empty__2891,1,,,,,,1
__empty__4737,1,,,,,,1
__empty__4822,1,,,,,,1
__empty__4767,1,,,,,,1
__empty__7111,1,,,,,,1
__empty__7105,1,,,,,,1
__empty__7128,1,,,,,,1
__empty__7043,1,,,,,,1
__empty__7080,1,,,,,,1
__empty__7067,1,,,,,,1
__empty__7119,1,,,,,,1
__empty__7029,1,,,,,,1
__empty__7087,1,,,,,,1
__empty__7085,1,,,,,,1
__empty__7040,1,,,,,,1
__empty__7109,1,,,,,,1
__empty__4827,1,,,,,,1
__empty__7065,1,,,,,,1
__empty__1431,1,,,,,,1
__empty__1515,1,,,,,,1
__empty__7301,1,,,,,,1
__empty__7195,1,,,,,,1
__empty__7147,1,,,,,,1
__empty__7139,1,,,,,,1
__empty__7191,1,,,,,,1
__empty__7164,1,,,,,,1
__empty__7202,1,,,,,,1
__empty__7196,1,,,,,,1
__empty__4631,1,,,,,,1
__empty__4595,1,,,,,,1
__empty__4609,1,,,,,,1
__empty__4572,1,,,,,,1
__empty__4596,1,,,,,,1
__empty__4705,1,,,,,,1
__empty__4586,1,,,,,,1
__empty__4603,1,,,,,,1
__empty__4764,1,,,,,,1
__empty__4680,1,,,,,,1
__empty__4638,1,,,,,,1
__empty__4643,1,,,,,,1
__empty__4679,1,,,,,,1
__empty__6289,1,,,,,,1
__empty__6293,1,,,,,,1
__empty__4481,1,,,,,,1
__empty__4528,1,,,,,,1
__empty__4470,1,,,,,,1
__empty__4469,1,,,,,,1
__empty__7382,1,,,,,,1
__empty__7474,1,,,,,,1
__empty__7478,1,,,,,,1
__empty__7384,1,,,,,,1
__empty__7288,1,,,,,,1
__empty__7285,1,,,,,,1
__empty__6517,1,,,,,,1
__empty__6590,1,,,,,,1
__empty__6398,1,,,,,,1
__empty__6515,1,,,,,,1
__empty__7482,1,,,,,,1
__empty__6536,1,,,,,,1
__empty__6525,1,,,,,,1
__empty__6531,1,,,,,,1
__empty__5054,1,,,,,,1
__empty__5012,1,,,,,,1
lakeside municipal golf course fort dodge ia 50428|IA,0,,Lakeside Municipal Golf Course Fort Dodg,IA,50428,"Lakeside Municipal Golf Course Fort Dodge, IA 50428",1
__empty__4980,1,,,,,,1
__empty__5018,1,,,,,,1
__empty__8798,1,,,,,,1
speedway meadows golden gate park san francisco ca 94118|CA,0,,Golden Gate Park San Francisco,CA,94118,"Speedway Meadows, Golden Gate Park San Francisco, CA 94118",1
ui springfield springfield il 62703|IL,0,,UI-Springfield Springfield,IL,62703,"UI-Springfield Springfield, IL 62703",1
delaware state complex dover de 19901|DE,0,,Delaware State Complex Dover,DE,19901,"Delaware State Complex Dover, DE 19901",1
__empty__8938,1,,,,,,1
__empty__5234,1,,,,,,1
__empty__5341,1,,,,,,1
__empty__5290,1,,,,,,1
__empty__5241,1,,,,,,1
__empty__5255,1,,,,,,1
chamizal memorial national park el paso tx 79905|TX,0,,Chamizal Memorial National Park El Paso,TX,79905,"Chamizal Memorial National Park El Paso, TX 79905",1
pella ia central xc course pella iowa 50219|,0,,Pella,IA,50219,"Pella, IA - Central XC Course Pella, Iowa 50219",1
__empty__8543,1,,,,,,1
__empty__8547,1,,,,,,1
__empty__5248,1,,,,,,1
__empty__5516,1,,,,,,1
al buehler trail durham nc 12345|NC,0,,Al Buehler Trail Durham,NC,12345,"Al Buehler Trail Durham, NC 12345",1
__empty__8209,1,,,,,,1
university of central florida orlando fl 32825|FL,0,,University of Central Florida Orlando,FL,32825,"University of Central Florida Orlando, FL 32825",1
__empty__8195,1,,,,,,1
foundation field lock haven university havenview drive lock haven pa 17745|PA,0,,Lock Haven University Havenview Drive Lo,PA,17745,"Foundation Field, Lock Haven University Havenview Drive Lock Haven, PA 17745",1
__empty__8238,1,,,,,,1
texas tyler tyler tx 75707|TX,0,,Texas-Tyler Tyler,TX,75707,"Texas-Tyler Tyler, TX 75707",1
__empty__5803,1,,,,,,1
ash creek preserve church st west monmouth or 97361|OR,0,,Ash Creek Preserve Church St West Monmou,OR,97361,"Ash Creek Preserve Church St West Monmouth, OR 97361",1
forest hill park 1639 university dr durham nc 27707|NC,0,1639 University Dr Durham,University Dr Durham,NC,27707,"Forest Hill Park 1639 University Dr Durham, NC 27707",1
__empty__6812,1,,,,,,1
__empty__6749,1,,,,,,1
__empty__6638,1,,,,,,1
__empty__6777,1,,,,,,1
furman university greenville sc 29613|SC,0,,Furman University Greenville,SC,29613,"Furman University Greenville, SC 29613",1
__empty__6772,1,,,,,,1
__empty__6672,1,,,,,,1
__empty__6774,1,,,,,,1
__empty__6736,1,,,,,,1
__empty__6737,1,,,,,,1
laurel hill plantation mount pleasant sc 29465|SC,0,,Laurel Hill Plantation Mount Pleasant,SC,29465,"Laurel Hill Plantation Mount Pleasant, SC 29465",1
wcu cullowhee nc cullowhee nc 28723|NC,0,,Cullowhee,NC,28723,"WCU, Cullowhee, NC Cullowhee, NC 28723",1
eastern state williamsburg va 23185|VA,0,,Eastern State Williamsburg,VA,23185,"Eastern State Williamsburg, VA 23185",1
willamette mission state park brooks or 97330|OR,0,,Willamette Mission State Park Brooks,OR,97330,"Willamette Mission State Park Brooks, OR 97330",1
chennault airpark 4500 chennault pkwy lake charles la 70615|LA,0,4500 Chennault Pkwy Lake Charles,Chennault Pkwy Lake Charles,LA,70615,"Chennault Airpark 4500 Chennault Pkwy Lake Charles, LA 70615",1
__empty__7620,1,,,,,,1
__empty__7600,1,,,,,,1
__empty__7623,1,,,,,,1
__empty__7525,1,,,,,,1
__empty__7573,1,,,,,,1
__empty__7586,1,,,,,,1
__empty__7541,1,,,,,,1
__empty__7477,1,,,,,,1
__empty__7543,1,,,,,,1
__empty__7534,1,,,,,,1
central fields forest park st louis mo 63110|MO,0,,Central Fields - Forest Park St. Louis,MO,63110,"Central Fields - Forest Park St. Louis, MO 63110",1
__empty__7585,1,,,,,,1
__empty__7580,1,,,,,,1
__empty__6922,1,,,,,,1
__empty__6848,1,,,,,,1
__empty__6835,1,,,,,,1
__empty__7042,1,,,,,,1
__empty__6847,1,,,,,,1
__empty__6949,1,,,,,,1
__empty__6947,1,,,,,,1
__empty__6911,1,,,,,,1
__empty__6879,1,,,,,,1
__empty__5236,1,,,,,,1
__empty__5121,1,,,,,,1
__empty__5237,1,,,,,,1
__empty__5063,1,,,,,,1
__empty__5144,1,,,,,,1
__empty__5057,1,,,,,,1
__empty__6329,1,,,,,,1
__empty__6432,1,,,,,,1
__empty__6308,1,,,,,,1
__empty__6447,1,,,,,,1
__empty__6374,1,,,,,,1
__empty__6345,1,,,,,,1
__empty__6358,1,,,,,,1
__empty__10668,1,,,,,,1
__empty__6306,1,,,,,,1
wapicada golf course sauk rapids mn 55441|MN,0,,Wapicada Golf Course Sauk Rapids,MN,55441,"Wapicada Golf Course Sauk Rapids, MN 55441",1
wayne e dannehl cross country course kenosha wi 53141|WI,0,,Wayne E. Dannehl Cross Country Course Ke,WI,53141,"Wayne E. Dannehl Cross Country Course Kenosha, WI 53141",2
__empty__8336,1,,,,,,1
carousel park wilmingon de wilmington de 19808|DE,0,,Wilmingon,DE,19808,"Carousel Park, Wilmingon, DE Wilmington, DE 19808",1
lower woodland park 1000 n 50th st seattle wa 98103|WA,0,1000 N,th St Seattle,WA,98103,"Lower Woodland Park 1000 N 50th St Seattle, WA 98103",1
__empty__7030,1,,,,,,1
__empty__10008,1,,,,,,1
union canal tunnel park lebanon pa 17003|PA,0,,Union Canal Tunnel Park Lebanon,PA,17003,"Union Canal Tunnel Park Lebanon , PA 17003",1
carson newman jefferson city tn 37760|TN,0,,Carson Newman Jefferson City,TN,37760,"Carson Newman Jefferson City, TN 37760",1
__empty__12337,1,,,,,,1
suny new paltz new paltz ny 12345|NY,0,,SUNY New Paltz New Paltz,NY,12345,"SUNY New Paltz New Paltz, NY 12345",1
__empty__11846,1,,,,,,1
kensington metro park milford mi|MI,0,,Kensington Metro Park Milford,MI,,"Kensington Metro Park Milford, MI",1
wasioto winds golf course pineville ky pineville ky 40977|KY,0,,Pineville,KY,40977,"Wasioto Winds Golf Course, Pineville, KY Pineville, KY 40977",1
__empty__4254,1,,,,,,1
__empty__4275,1,,,,,,1
__empty__4328,1,,,,,,1
__empty__7380,1,,,,,,1
fountain bluff sports complex 2200 old state hwy 210 liberty mo 64068|MO,0,2200 Old State Hwy,Liberty,MO,64068,"Fountain Bluff Sports Complex 2200 Old State Hwy 210 Liberty, MO 64068",1
grinnell country club grinnell college grinnell ia 50112|IA,0,,Grinnell Country Club - Grinnell College,IA,50112,"Grinnell Country Club - Grinnell College Grinnell, IA 50112",1
casleton college cross country course casleton vt 12345|VT,0,,Casleton College Cross-Country Course Ca,VT,12345,"Casleton College Cross-Country Course Casleton, VT 12345",1
__empty__402,1,,,,,,1
__empty__8712,1,,,,,,1
harry pritchett course tuscaloosa alabama tuscaloosa al 35487|AL,0,,Alabama Tuscaloosa,AL,35487,"Harry Pritchett Course, Tuscaloosa, Alabama Tuscaloosa, AL 35487",1
central connecticut new britain ct 06051|CT,0,,Central Connecticut New Britain,CT,06051,"Central Connecticut New Britain, CT 06051",1
__empty__7626,1,,,,,,1
__empty__7634,1,,,,,,1
__empty__8179,1,,,,,,1
iu east cross country course richmond in 12345|IN,0,,IU East Cross Country Course Richmond,IN,12345,"IU East Cross Country Course Richmond, IN 12345",1
__empty__8038,1,,,,,,1
__empty__8030,1,,,,,,1
__empty__8052,1,,,,,,1
__empty__9422,1,,,,,,1
franklin park boston ma 2124|,0,,Franklin Park Boston,MA,,"Franklin Park Boston , MA 2124",1
u p r cayey avenida antonio r barcelo 205 cayey pr 00736|PR,0,205 Cayey,Cayey,PR,00736,"U.P.R. Cayey Avenida Antonio R. Barcelo 205 Cayey, PR 00736",1
__empty__9442,1,,,,,,1
__empty__7117,1,,,,,,1
__empty__7126,1,,,,,,1
__empty__7118,1,,,,,,1
__empty__7220,1,,,,,,1
osu cross country course stillwater ok 74075|OK,0,,OSU Cross Country Course Stillwater,OK,74075,"OSU Cross Country Course Stillwater, OK 74075",1
__empty__8770,1,,,,,,1
cal state san marcos campus san diego ca 92096|CA,0,,Cal State San Marcos Campus San Diego,CA,92096,"Cal State San Marcos Campus San Diego, CA 92096",1
__empty__13060,1,,,,,,1
__empty__15672,1,,,,,,1
augsburg minneapolis mn 55454|MN,0,,Augsburg Minneapolis,MN,55454,"Augsburg Minneapolis, MN 55454",1
furman university golf course greenville sc 29613|SC,0,,Furman University Golf Course Greenville,SC,29613,"Furman University Golf Course Greenville, SC 29613",1
matthews industrial park santee sc 29117|SC,0,,Matthews Industrial Park Santee,SC,29117,"Matthews Industrial Park Santee, SC 29117",1
columbia international university columbia sc|SC,0,,Columbia International University Columb,SC,,"Columbia International University Columbia, SC",1
como park golf course st paul mn 55105|MN,0,,Como Park Golf Course St. Paul,MN,55105,"Como Park Golf Course St. Paul, MN 55105",1
__empty__14112,1,,,,,,1
albion college x c course tomac woods golf course albion mi 49224|MI,0,,Albion,MI,49224,"Albion College X-C Course (Tomac Woods Golf Course) Albion, MI 49224",1
river creek golf course wichita falls tx 76308|TX,0,,River Creek Golf Course Wichita Falls,TX,76308,"River Creek Golf Course Wichita Falls, TX 76308",1
__empty__10722,1,,,,,,1
buena vista golf course 100 vista links drive buena vista va 24416|VA,0,100 Vista Links Drive Buena Vista,Vista Links Drive Buena Vista,VA,24416,"Buena Vista Golf Course 100 Vista Links Drive Buena Vista, VA 24416",1
__empty__11886,1,,,,,,1
mark bostic golf course uf gainesville fl 11111|FL,0,,UF Gainesville,FL,11111,"Mark Bostic Golf Course, UF Gainesville, FL 11111",1
st martins college 5000 abbey way se lacey wa 98503|WA,0,5000 Abbey Way SE Lacey,Abbey Way SE Lacey,WA,98503,"St Martins College 5000 Abbey Way SE Lacey, WA 98503",1
__empty__11877,1,,,,,,1
venue not supplied city not supplied va|VA,0,,Venue Not Supplied City Not Supplied,VA,,"Venue Not Supplied City Not Supplied, VA",1
georgia international horse park conyers ga 30013|GA,0,,Georgia International Horse Park Conyers,GA,30013,"Georgia International Horse Park Conyers, GA 30013",1
__empty__12440,1,,,,,,1
__empty__15805,1,,,,,,1
johnson state johnson vt 05656|VT,0,,Johnson State Johnson,VT,05656,"Johnson State Johnson, VT 05656",1
__empty__15118,1,,,,,,1
__empty__13317,1,,,,,,1
letourneau trails longview tx 75607|TX,0,,LeTourneau Trails Longview,TX,75607,"LeTourneau Trails Longview, TX 75607",1
__empty__13088,1,,,,,,1
virginia tech blacksburg va 24060|VA,0,,Virginia Tech Blacksburg,VA,24060,"Virginia Tech Blacksburg, VA 24060",1
__empty__16402,1,,,,,,1
pettibone park la crosse wi|WI,0,,Pettibone Park - La Crosse,WI,,"Pettibone Park - La Crosse, WI",1
valley center golf course valley center kansas 67070|,0,,,KS,67070,"Valley Center Golf Course Valley Center, Kansas 67070",1
blue river cc venue blue river memorial park shelbyville in 46176|IN,0,,Blue River Memorial Park Shelbyville,IN,46176,"Blue River CC Venue, Blue River Memorial Park Shelbyville, IN 46176",1
apple ridge run cross country course yakima wa 98926|WA,0,,Apple Ridge Run Cross Country Course Yak,WA,98926,"Apple Ridge Run Cross Country Course Yakima, WA 98926",1
ucf campus orlando fl 11111|FL,0,,UCF Campus Orlando,FL,11111,"UCF Campus Orlando, FL 11111",1
__empty__14050,1,,,,,,1
__empty__14085,1,,,,,,1
jafferson golf course saettle wa 98108|WA,0,,Jafferson Golf Course Saettle,WA,98108,"Jafferson Golf Course Saettle, WA 98108",1
kansas veteran s home winfield ks 67019|KS,0,,Kansas Veteran's Home Winfield,KS,67019,"Kansas Veteran's Home Winfield, KS 67019",1
edmond santa fe hs edmond ok oklahoma 73160|,0,,Edmond Santa Fe HS Edmond,OK,73160,"Edmond Santa Fe HS Edmond, OK, Oklahoma 73160",1
the crossings latham ny|NY,0,,The Crossings Latham,NY,,"The Crossings Latham, NY",1
flint farm waleska ga 30183|GA,0,,Flint Farm Waleska,GA,30183,"Flint Farm Waleska, GA 30183",1
university of st joseph west hartford ct 06117|CT,0,,University of St. Joseph West Hartford,CT,06117,"University of St. Joseph West Hartford, CT 06117",1
lake breeze golf course oshkosh wi 00000|WI,0,,Lake Breeze Golf Course Oshkosh,WI,00000,"Lake Breeze Golf Course Oshkosh, WI 00000",1
__empty__4651,1,,,,,,1
__empty__15470,1,,,,,,1
__empty__15468,1,,,,,,1
eastern state williamsburg va 23188|VA,0,,Eastern State Williamsburg,VA,23188,"Eastern State Williamsburg, VA 23188",1
williamson county park leander tx 78641|TX,0,,Williamson County Park Leander,TX,78641,"Williamson County Park Leander, TX 78641",1
__empty__15418,1,,,,,,1
eastern michigan ypsilanti mi 48197|MI,0,,Eastern Michigan Ypsilanti,MI,48197,"Eastern Michigan Ypsilanti, MI 48197",1
__empty__15795,1,,,,,,1
__empty__15789,1,,,,,,1
__empty__15787,1,,,,,,1
utd golf facility cross country course richardson tx 75080|TX,0,,UTD Golf Facility Cross-Country Course R,TX,75080,"UTD Golf Facility Cross-Country Course Richardson, TX 75080",1
baker field millersville pa 17551|PA,0,,Baker Field Millersville,PA,17551,"Baker Field Millersville, PA 17551",1
bluefield 1780 stadium drive bluefield va 24605|VA,0,1780 Stadium Drive Bluefield,Stadium Drive Bluefield,VA,24605,"Bluefield 1780 Stadium Drive Bluefield, VA 24605",1
purdue northwest hammond in|IN,0,,Purdue Northwest Hammond,IN,,"Purdue Northwest Hammond, IN",1
__empty__19447,1,,,,,,1
__empty__16855,1,,,,,,1
mary baldwin 100 baldwin blvd fishersville va 22939|VA,0,100 Baldwin Blvd. Fishersville,Baldwin Blvd. Fishersville,VA,22939,"Mary Baldwin 100 Baldwin Blvd. Fishersville, VA 22939",1
chambers bay central meadow university place washington wa 98195|WA,0,,Washington,WA,98195,"Chambers Bay Central Meadow University Place, Washington, WA 98195",1
__empty__18222,1,,,,,,1
garrett college mchenry md|MD,0,,Garrett College McHenry,MD,,"Garrett College McHenry, MD",1
elvin r king xc course cedarville ohio 45314|,0,,,OH,45314,"Elvin R. King XC Course Cedarville, Ohio 45314",1
lehigh high school lehigh acres fl|FL,0,,Lehigh High School Lehigh Acres,FL,,"Lehigh High School Lehigh Acres, FL",1
reid gold course appleton wi 00000|WI,0,,Reid Gold Course Appleton,WI,00000,"Reid Gold Course Appleton, WI 00000",1
clay hs green cove springs fl 32043|FL,0,,Clay HS Green Cove Springs,FL,32043,"Clay HS Green Cove Springs, FL 32043",1
mary baldwin staunton va 24401|VA,0,,Mary Baldwin Staunton,VA,24401,"Mary Baldwin Staunton, VA 24401",1
apple ridge yakima wa 98926|WA,0,,Apple Ridge Yakima,WA,98926,"Apple Ridge Yakima, WA 98926",1
eureka trail 125 tn 307 athens sd 37303|SD,0,125 TN,Athens,SD,37303,"Eureka Trail 125 TN-307 Athens, SD 37303",1
rice university houston tx 77251|TX,0,,Rice University Houston,TX,77251,"Rice University Houston, TX 77251",1
central oahu regional park waipahu hi 96816|HI,0,,Central Oahu Regional Park Waipahu,HI,96816,"Central Oahu Regional Park Waipahu, HI 96816",1
chambers creek regional park university place wa 98467|WA,0,,Chambers Creek Regional Park University ,WA,98467,"Chambers Creek Regional Park University Place, WA 98467",1
__empty__20905,1,,,,,,1
msu moorhead campus moorhead mn 56560|MN,0,,MSU Moorhead Campus Moorhead,MN,56560,"MSU Moorhead Campus Moorhead, MN 56560",1
__empty__20775,1,,,,,,1
carousel state park wilmington de|DE,0,,Carousel State Park Wilmington,DE,,"Carousel State Park Wilmington, DE",1
wa west athletic complex lauderdale lakes fl 33308|FL,0,,WA West Athletic Complex Lauderdale Lake,FL,33308,"WA West Athletic Complex Lauderdale Lakes, FL 33308",3
__empty__16536,1,,,,,,1
augusta canal towpath augusta ga|GA,0,,Augusta Canal Towpath Augusta,GA,,"Augusta Canal Towpath Augusta, GA",1
knights cx course fern park fl|FL,0,,Knights CX Course Fern Park,FL,,"Knights CX Course Fern Park, FL",1
kelly road park ft myers fl 33908|FL,0,,Kelly Road Park Ft. Myers,FL,33908,"Kelly Road Park Ft. Myers, FL 33908",1
palmetto ridge hs naples fl 34116|FL,0,,Palmetto Ridge HS Naples,FL,34116,"Palmetto Ridge HS Naples, FL 34116",1
oak ridge fl naples fl 32809|FL,0,,Oak Ridge FL Naples,FL,32809,"Oak Ridge FL Naples , FL 32809",1
cecil field jacksonville fl 32720|FL,0,,Cecil Field Jacksonville,FL,32720,"Cecil Field Jacksonville , FL 32720",1
__empty__23368,1,,,,,,1
sand hii boys scout reservation brooksville fl|FL,0,,Sand hii Boys Scout Reservation Brooksvi,FL,,"Sand hii Boys Scout Reservation Brooksville, FL",1
forest city xc course altamonte springs fl|FL,0,,Forest City XC Course Altamonte Springs,FL,,"Forest City XC Course Altamonte Springs, FL",1
__empty__23871,1,,,,,,1
south lake high school groveland fl 34715|FL,0,,South Lake High School Groveland,FL,34715,"South Lake High School Groveland, FL 34715",1
alabama tuscaloosa al 35487|AL,0,,Alabama Tuscaloosa,AL,35487,"Alabama Tuscaloosa, AL 35487",1
__empty__22727,1,,,,,,1
madison high school madison in 47250|IN,0,,Madison High School Madison,IN,47250,"Madison High School Madison, IN 47250",1
julington durbin trails jacksonville fl 32258|FL,0,,Julington-Durbin Trails Jacksonville,FL,32258,"Julington-Durbin Trails Jacksonville, FL 32258",1
clearwater catholic clearwater fl 34260|FL,0,,Clearwater Catholic Clearwater,FL,34260,"Clearwater Catholic Clearwater, FL 34260",1
safford park 247 monadnock highway swanzey nh 03446|NH,0,247 Monadnock Highway Swanzey,Monadnock Highway Swanzey,NH,03446,"Safford Park 247 Monadnock Highway Swanzey, NH 03446",1
tom britt memorial park wheeler tx|TX,0,,Tom Britt Memorial Park Wheeler,TX,,"Tom Britt Memorial Park Wheeler, TX",1
skyhawk runway trail host ut martin martin tn 38238|TN,0,,UT-Martin Martin,TN,38238,"Skyhawk Runway Trail Host: UT-Martin Martin, TN 38238",1
lake mckethan lake brooksville fl|FL,0,,Lake McKethan Lake Brooksville,FL,,"Lake McKethan Lake Brooksville, FL",1
palmer trinity main field 7900 sw 176 street palmetto bay fl 33157|FL,0,7900 SW,Street Palmetto Bay,FL,33157,"Palmer Trinity Main Field 7900 SW 176 Street Palmetto Bay, FL 33157",1
monsignor pace 15600 nw 32nd avenue miami fl 33054|FL,0,15600 NW,nd Avenue Miami,FL,15600,"Monsignor Pace 15600 NW 32nd Avenue Miami, FL 33054",2
wiregrass ranch 2909 mansfield blvd wesley chapel fl 33543|FL,0,2909 Mansfield Blvd Wesley Chapel,Mansfield Blvd Wesley Chapel,FL,33543,"Wiregrass Ranch 2909 Mansfield Blvd Wesley Chapel, FL 33543",1
pollardâ s field 2000 w villa view dr siloam springs ar 72761|AR,0,2000 W Villa View Dr. Siloam Springs,W Villa View Dr. Siloam Springs,AR,72761,"Pollardâ€™s Field 2000 W Villa View Dr. Siloam Springs, AR 72761",1
northwood univ midland mi 48640|MI,0,,Northwood Univ MIdland,MI,48640,"Northwood Univ MIdland, MI 48640",1
__empty__22280,1,,,,,,1
pca 1 seaborne drive dover nh 03820|NH,0,1 Seaborne Drive Dover,Seaborne Drive Dover,NH,03820,"PCA 1 Seaborne Drive Dover, NH 03820",1
william jessup rocklin ca 9|,0,,William Jessup Rocklin,CA,,"William Jessup Rocklin, CA 9",1
__empty__22308,1,,,,,,1
pace hs pace fl 32533|FL,0,,Pace HS Pace,FL,32533,"Pace HS Pace, FL 32533",1
__empty__24162,1,,,,,,1
ashton brosnaham park pensacola fl 32533|FL,0,,Ashton Brosnaham Park Pensacola,FL,32533,"Ashton Brosnaham Park Pensacola, FL 32533",1
cardianl newman wpb fl 33409|FL,0,,Cardianl Newman WPB,FL,33409,"Cardianl Newman WPB, FL 33409",1
florida deaf anastasia island st augustine fl 32084|FL,0,,St. Augustine,FL,32084,"Florida Deaf Anastasia Island, St. Augustine, FL 32084",1
emerald coast middle school santa rosa beach fl|FL,0,,Emerald Coast Middle School Santa Rosa B,FL,,"Emerald Coast Middle School Santa Rosa Beach, FL",1
st john paul ii catholic school 5100 terrebone drive tallahassee fl 32312|FL,0,5100 Terrebone Drive Tallahassee,Terrebone Drive Tallahassee,FL,32312,"St. John Paul II Catholic School 5100 Terrebone Drive Tallahassee, FL 32312",1
carney island recreation conservation area 13275 se 115th ave ocklawaha fl 32179|FL,0,13275 SE,th Ave Ocklawaha,FL,13275,"Carney Island Recreation & Conservation Area 13275 SE 115th Ave Ocklawaha, FL 32179",1
uis xc course springfield il 62703|IL,0,,UIS XC Course Springfield,IL,62703,"UIS XC Course Springfield, IL 62703",1
kingswood regional high school 396 south main st abenaki ski area wolfeboro nh 03894|NH,0,396 South Main St. Abenaki Ski Area,South Main St. Abenaki Ski Area - Wolfeb,NH,03894,"Kingswood Regional High School 396 South Main St. Abenaki Ski Area - Wolfeboro, NH 03894",1
fountain central veedersburg in|IN,0,,Fountain Central Veedersburg,IN,,"Fountain Central Veedersburg, IN",1
__empty__24379,1,,,,,,1
sombrero beach key west fl|FL,0,,Sombrero Beach Key West,FL,,"Sombrero Beach Key West, FL",1
st anselm goffstown nh|NH,0,,St. Anselm Goffstown,NH,,"St. Anselm Goffstown, NH",1
freed hardeman henderson tn 38340|TN,0,,Freed-Hardeman Henderson,TN,38340,"Freed-Hardeman Henderson, TN 38340",1
lancaster county central park 1049 rockford rd lancaster pa 17602|PA,0,1049 Rockford Rd. Lancaster,Rockford Rd. Lancaster,PA,17602,"Lancaster County Central Park 1049 Rockford Rd. Lancaster, PA 17602",1
mary help christian tampa fl|FL,0,,Mary Help Christian Tampa,FL,,"Mary Help Christian Tampa, FL",1
brown brown farms 13940 us 301 oxford fl 34484|FL,0,13940 US,Oxford,FL,13940,"Brown & Brown Farms 13940 US 301 Oxford, FL 34484",1
sarasota military academy 3101 bethel ln sarasota fl 3424|,0,3101 Bethel Ln Sarasota,Bethel Ln Sarasota,FL,,"Sarasota Military Academy 3101 Bethel Ln Sarasota, FL 3424",1
pirate xc course 3535 old kings rd n flagler fl 32137|FL,0,3535 Old Kings Rd N Flagler,Old Kings Rd N Flagler,FL,32137,"Pirate XC Course 3535 Old Kings Rd N Flagler, FL 32137",1
lake mckethan brooksville fl 34601|FL,0,,Lake Mckethan Brooksville,FL,34601,"Lake Mckethan Brooksville, FL 34601",1
classical academy 2025 sarasota fl 34241|FL,0,2025 Sarasota,Sarasota,FL,34241,"Classical Academy 2025 Sarasota, FL 34241",1
heritage park gardens 1004 helvenston st se live oak fl 34741|FL,0,1004 Helvenston St SE Live Oak,Helvenston St SE Live Oak,FL,34741,"Heritage Park & Gardens 1004 Helvenston St SE Live Oak, FL 34741",1
phipps park 1775 miller landing road tallahassee fl 32312|FL,0,1775 Miller Landing Road Tallahassee,Miller Landing Road Tallahassee,FL,32312,"Phipps Park 1775 Miller Landing Road Tallahassee, FL 32312",1
lehigh high school 801 gunnery road lehigh acres fl|FL,0,801 Gunnery Road Lehigh Acres,Gunnery Road Lehigh Acres,FL,,"Lehigh High School 801 Gunnery Road Lehigh Acres, FL",1
ccny new york ny|NY,0,,CCNY New York,NY,,"CCNY New York, NY",1
courthourse williamsport in|IN,0,,Courthourse Williamsport,IN,,"Courthourse Williamsport, IN",1
__empty__23922,1,,,,,,1
alligator park lake city fl|FL,0,,Alligator Park Lake City,FL,,"Alligator Park Lake City, FL",1
nw nazarene 28 s midland blvd nampa id 83686|ID,0,28 S Midland Blvd Nampa,S Midland Blvd Nampa,ID,83686,"NW Nazarene 28 S Midland Blvd Nampa, ID 83686",1
blakeley park 9300 lawson rd spanish fort al 36527|AL,0,9300 Lawson Rd. Spanish Fort,Lawson Rd. Spanish Fort,AL,36527,"Blakeley Park 9300 Lawson Rd. Spanish Fort, AL 36527",2
__empty__7249,1,,,,,,1
woodward park 1101 e university avenue fresno ca 93741|CA,0,1101 E. University Avenue Fresno,E. University Avenue Fresno,CA,93741,"Woodward Park 1101 E. University Avenue Fresno, CA 93741",1
north central college st james fram 2s541 winfield rd chicago il 60625|IL,0,541 Winfield Rd Chicago,Winfield Rd Chicago,IL,60625,"North Central College @ St.James Fram 2S541 Winfield Rd Chicago, IL 60625",1
john jay new york ny|NY,0,,John Jay New York,NY,,"John Jay New York, NY",1
murphy field cross country course rochester ny 14618|NY,0,,Murphy Field Cross Country Course Roches,NY,14618,"Murphy Field Cross Country Course Rochester, NY 14618",1
central wyoming college wy|WY,0,,Central Wyoming College,WY,,"Central Wyoming College , WY",1
big walnut sports park 910 e washington st greencastle in 46135|IN,0,910 E Washington St. Greencastle,E Washington St. Greencastle,IN,46135,"Big Walnut Sports Park 910 E Washington St. Greencastle, IN 46135",1
__empty__165,1,,,,,,1
__empty__173,1,,,,,,1
__empty__160,1,,,,,,1
__empty__1,1,,,,,,1
__empty__139,1,,,,,,1
__empty__146,1,,,,,,1
__empty__166,1,,,,,,1
__empty__145,1,,,,,,1
__empty__4364,1,,,,,,1
__empty__13215,1,,,,,,1
__empty__2289,1,,,,,,1
__empty__5143,1,,,,,,1
hanover college cross country course 500 s gardner st scottsburg in 47170|IN,0,500 S Gardner St Scottsburg,S Gardner St Scottsburg,IN,47170,"Hanover College Cross Country Course 500 S Gardner St Scottsburg, IN 47170",1
__empty__14015,1,,,,,,1
__empty__4065,1,,,,,,1
__empty__4690,1,,,,,,1
compton wilson park ca 90221|CA,0,,Compton Wilson Park,CA,90221,"Compton Wilson Park, CA 90221",1
veterans home grounds winfield kansas 67156|,0,,,KS,67156,"Veterans Home - Grounds Winfield, Kansas 67156",1
__empty__3695,1,,,,,,1
s se regional preview winchester va 22601|VA,0,,SE Regional Preview Winchester,VA,22601,"S/SE Regional Preview Winchester, VA 22601",1
__empty__7289,1,,,,,,1
__empty__5417,1,,,,,,1
__empty__7496,1,,,,,,1
__empty__11008,1,,,,,,1
__empty__18406,1,,,,,,1
__empty__9077,1,,,,,,1
coe bron northwood academy northwood nh 03261|NH,0,,Coe-Bron Northwood Academy Northwood,NH,03261,"Coe-Bron Northwood Academy Northwood, NH 03261",1
__empty__8666,1,,,,,,1
__empty__11287,1,,,,,,1
__empty__8189,1,,,,,,1
cass benton park northville mi 48167|MI,0,,Cass Benton Park Northville,MI,48167,"Cass Benton Park Northville, MI 48167",1
__empty__2819,1,,,,,,1
__empty__5984,1,,,,,,1
__empty__2787,1,,,,,,1
__empty__6919,1,,,,,,1
__empty__6735,1,,,,,,1
__empty__18164,1,,,,,,1
__empty__2466,1,,,,,,1
__empty__6819,1,,,,,,1
__empty__8062,1,,,,,,1
__empty__5088,1,,,,,,1
f m xc course lancaster pa 17604|PA,0,,M XC Course Lancaster,PA,17604,"F&M XC Course Lancaster, PA 17604",1
__empty__13959,1,,,,,,1
msu bozeman mt 59717|MT,0,,MSU Bozeman,MT,59717,"MSU Bozeman, MT 59717",1
__empty__8069,1,,,,,,1
__empty__5712,1,,,,,,1
__empty__3378,1,,,,,,1
__empty__6997,1,,,,,,1
__empty__5329,1,,,,,,1
__empty__6856,1,,,,,,1
__empty__2786,1,,,,,,1
__empty__3853,1,,,,,,1
__empty__2792,1,,,,,,1
__empty__6807,1,,,,,,1
__empty__6833,1,,,,,,1
__empty__5139,1,,,,,,1
__empty__3381,1,,,,,,1
__empty__6342,1,,,,,,1
__empty__556,1,,,,,,1
__empty__1305,1,,,,,,1
taylor university uploand in 46989|IN,0,,Taylor University Uploand,IN,46989,"Taylor University Uploand, IN 46989",1
baker campus lancaster pa 17603|PA,0,,Baker Campus Lancaster,PA,17603,"Baker Campus Lancaster, PA 17603",1
__empty__4537,1,,,,,,1
columbia city columbia city in 46725|IN,0,,Columbia City Columbia City,IN,46725,"Columbia City Columbia City, IN 46725",2
__empty__7568,1,,,,,,1
wiregrass ranch wesley chapel fl 33543|FL,0,,Wiregrass Ranch Wesley Chapel,FL,33543,"Wiregrass Ranch Wesley Chapel, FL 33543",1
kent co golf course jayton tx 79528|TX,0,,Kent Co. Golf Course Jayton,TX,79528,"Kent Co. Golf Course Jayton, TX 79528",1
__empty__3857,1,,,,,,1
__empty__22440,1,,,,,,1
valley center golf course valley center kansas 67147|,0,,,KS,67147,"Valley Center Golf Course Valley Center, Kansas 67147",2
__empty__5239,1,,,,,,1
__empty__4350,1,,,,,,1
__empty__4530,1,,,,,,1
__empty__4673,1,,,,,,1
__empty__6223,1,,,,,,1
__empty__15919,1,,,,,,1
__empty__5087,1,,,,,,1
lake long autin tx 78701|TX,0,,LAKE LONG AUTIN,TX,78701,"LAKE LONG AUTIN, TX 78701",1
__empty__13483,1,,,,,,1
__empty__21533,1,,,,,,1
__empty__10274,1,,,,,,1
rolling hills mcpherson ks 67460|KS,0,,Rolling Hills McPherson,KS,67460,"Rolling Hills McPherson, KS 67460",1
vcp bronx ny 10463|NY,0,,VCP Bronx,NY,10463,"VCP Bronx, NY 10463",1
indian ripple park kettering oh|OH,0,,Indian Ripple Park Kettering,OH,,"Indian Ripple Park Kettering, OH",1
__empty__8661,1,,,,,,1
__empty__7516,1,,,,,,1
tippecanoe valley akron in 46910|IN,0,,Tippecanoe Valley Akron,IN,46910,"Tippecanoe Valley Akron, IN 46910",1
__empty__11283,1,,,,,,1
__empty__221,1,,,,,,1
__empty__249,1,,,,,,1
__empty__2830,1,,,,,,1
__empty__5449,1,,,,,,1
__empty__4154,1,,,,,,1
__empty__6559,1,,,,,,1
__empty__3701,1,,,,,,1
__empty__4365,1,,,,,,1
__empty__6409,1,,,,,,1
__empty__552,1,,,,,,1
__empty__361,1,,,,,,1
walsingham park largo fl 32312|FL,0,,Walsingham Park Largo,FL,32312,"Walsingham Park Largo, FL 32312",1
__empty__15301,1,,,,,,1
__empty__8219,1,,,,,,1
lewis clark college portland or 97219|OR,0,,Clark College Portland,OR,97219,"Lewis & Clark College Portland, OR 97219",1
__empty__7726,1,,,,,,1
__empty__6254,1,,,,,,1
__empty__3622,1,,,,,,1
__empty__6550,1,,,,,,1
__empty__6648,1,,,,,,1
kent co golf course box 168 jayton tx 79528|TX,0,168 Jayton,Jayton,TX,79528,"Kent Co. Golf Course Box 168 Jayton, TX 79528",1
__empty__3308,1,,,,,,1
__empty__6327,1,,,,,,1
__empty__3212,1,,,,,,1
western carolina university 1 university way cullowhee nc 28723|NC,0,1 University Way Cullowhee,University Way Cullowhee,NC,28723,"Western Carolina University 1 University Way Cullowhee, NC 28723",1
univeristy of the ozarks trails clarksvile ar|AR,0,,Univeristy of the Ozarks Trails Clarksvi,AR,,"Univeristy of the Ozarks Trails Clarksvile, AR",1
__empty__9964,1,,,,,,1
__empty__12889,1,,,,,,1
collin country adventure camp anna tx melissa tx 75454|TX,0,,Collin Country Adventure Camp Anna,TX,75454,"Collin Country Adventure Camp Anna, TX Melissa, TX 75454",1
dover park mary ln billings mt 59105|MT,0,,Dover Park Mary Ln Billings,MT,59105,"Dover Park Mary Ln Billings, MT 59105",1
__empty__2894,1,,,,,,1
__empty__2955,1,,,,,,1
__empty__2695,1,,,,,,1
__empty__558,1,,,,,,1
__empty__7271,1,,,,,,1
arkalon park wichita ks|KS,0,,Arkalon Park Wichita,KS,,"Arkalon Park Wichita, KS",1
__empty__4601,1,,,,,,1
__empty__8398,1,,,,,,1
__empty__8292,1,,,,,,1
__empty__8208,1,,,,,,1
__empty__2024,1,,,,,,1
__empty__25091,1,,,,,,1
__empty__5550,1,,,,,,1
__empty__17976,1,,,,,,1
__empty__6344,1,,,,,,1
__empty__5782,1,,,,,,1
__empty__6934,1,,,,,,1
__empty__2291,1,,,,,,1
__empty__4831,1,,,,,,1
__empty__5135,1,,,,,,1
__empty__6545,1,,,,,,1
__empty__6734,1,,,,,,1
__empty__3825,1,,,,,,1
__empty__2308,1,,,,,,1
__empty__1366,1,,,,,,1
__empty__1451,1,,,,,,1
__empty__1757,1,,,,,,1
__empty__7865,1,,,,,,1
__empty__3407,1,,,,,,1
college of wooster golf course wooster oh 4691|,0,,College of Wooster Golf Course Wooster,OH,,"College of Wooster Golf Course Wooster, OH 4691",1
__empty__24551,1,,,,,,1
__empty__3770,1,,,,,,1
__empty__16273,1,,,,,,1
highland hs 9135 erie st highand in 46321|IN,0,9135 Erie St. Highand,Erie St. Highand,IN,46321,"Highland HS 9135 Erie St. Highand, IN 46321",1
__empty__2461,1,,,,,,1
__empty__2433,1,,,,,,1
__empty__363,1,,,,,,1
__empty__3925,1,,,,,,1
__empty__19061,1,,,,,,1
__empty__4020,1,,,,,,1
__empty__3721,1,,,,,,1
__empty__3699,1,,,,,,1
__empty__3848,1,,,,,,1
__empty__3311,1,,,,,,1
__empty__3885,1,,,,,,1
__empty__3829,1,,,,,,1
__empty__3759,1,,,,,,1
__empty__3572,1,,,,,,1
__empty__10831,1,,,,,,1
__empty__15989,1,,,,,,1
__empty__4713,1,,,,,,1
__empty__7589,1,,,,,,1
__empty__3641,1,,,,,,1
__empty__13530,1,,,,,,1
donovon park peoria il 61614|IL,0,,Donovon Park Peoria,IL,61614,"Donovon Park Peoria, IL 61614",1
__empty__12773,1,,,,,,1
__empty__13865,1,,,,,,1
__empty__11413,1,,,,,,1
__empty__4461,1,,,,,,1
__empty__5404,1,,,,,,1
__empty__5321,1,,,,,,1
__empty__5311,1,,,,,,1
__empty__4978,1,,,,,,1
__empty__4484,1,,,,,,1
balboa park san diego ca 92101|CA,0,,Balboa Park San Diego,CA,92101,"Balboa Park San Diego, CA 92101",1
lyndon state lyndon vt 05851|VT,0,,Lyndon State Lyndon,VT,05851,"Lyndon State Lyndon, VT 05851",1
__empty__14535,1,,,,,,1
__empty__14280,1,,,,,,1
__empty__6632,1,,,,,,1
donovan golf course peoria il 61625|IL,0,,Donovan Golf Course Peoria,IL,61625,"Donovan Golf Course Peoria, IL 61625",1
__empty__6966,1,,,,,,1
__empty__7112,1,,,,,,1
__empty__4212,1,,,,,,1
__empty__6699,1,,,,,,1
13th st park andover kansas 67002|,0,,,KS,67002,"13th St Park Andover, Kansas 67002",1
__empty__1149,1,,,,,,1
__empty__1154,1,,,,,,1
el dorado park ca|CA,0,,El Dorado Park,CA,,"El Dorado Park , CA",1
__empty__1324,1,,,,,,1
__empty__1158,1,,,,,,1
__empty__1148,1,,,,,,1
__empty__824,1,,,,,,1
__empty__642,1,,,,,,1
__empty__869,1,,,,,,1
__empty__813,1,,,,,,1
__empty__764,1,,,,,,1
__empty__10550,1,,,,,,1
__empty__6506,1,,,,,,1
__empty__6430,1,,,,,,1
__empty__7096,1,,,,,,1
__empty__6628,1,,,,,,1
__empty__2000,1,,,,,,1
__empty__1152,1,,,,,,1
__empty__3096,1,,,,,,1
__empty__2890,1,,,,,,1
__empty__2981,1,,,,,,1
__empty__3251,1,,,,,,1
__empty__2158,1,,,,,,1
__empty__2008,1,,,,,,1
__empty__2023,1,,,,,,1
__empty__1838,1,,,,,,1
__empty__2418,1,,,,,,1
__empty__2546,1,,,,,,1
__empty__2423,1,,,,,,1
__empty__1711,1,,,,,,1
__empty__1618,1,,,,,,1
__empty__1781,1,,,,,,1
__empty__1401,1,,,,,,1
wakemed soccer park cary nc cary nc|NC,0,,WakeMed Soccer Park -- Cary NC Cary,NC,,"WakeMed Soccer Park -- Cary NC Cary, NC",1
__empty__5303,1,,,,,,1
ocala jockey club 8720 w hwy 318 reddick fl 32686|FL,0,8720 W Hwy,Reddick,FL,32686,"Ocala Jockey Club 8720 W Hwy 318 Reddick, FL 32686",1
hawk xc course port orange fl 32119|FL,0,,Hawk XC Course Port Orange,FL,32119,"Hawk XC Course Port Orange, FL 32119",1
__empty__10052,1,,,,,,1
__empty__9883,1,,,,,,1
__empty__8976,1,,,,,,1
__empty__10053,1,,,,,,1
__empty__15865,1,,,,,,1
southeastern oklahoma state surant ok oklahoma 74730|,0,,Southeastern Oklahoma State Surant,OK,74730,"Southeastern Oklahoma State Surant, OK, Oklahoma 74730",1
__empty__7391,1,,,,,,1
__empty__8902,1,,,,,,1
st joseph s college kings point ny 11754|NY,0,,St. Joseph's College Kings Point,NY,11754,"St. Joseph's College Kings Point, NY 11754",1
__empty__357,1,,,,,,1
moultonborough 23 blake rd moultonborough nh 03254|NH,0,23 Blake Rd Moultonborough,Blake Rd Moultonborough,NH,03254,"MOULTONBOROUGH 23 Blake Rd Moultonborough, NH 03254",1
louisiana tech ruston la 71272|LA,0,,Louisiana Tech Ruston,LA,71272,"Louisiana Tech Ruston, LA 71272",1
__empty__18830,1,,,,,,1
__empty__20402,1,,,,,,1
__empty__19944,1,,,,,,1
__empty__3852,1,,,,,,1
clemson sandhill research and education center columbia sc 29208|SC,0,,Clemson Sandhill Research and Education ,SC,29208,"Clemson Sandhill Research and Education Center Columbia, SC 29208",1
__empty__22599,1,,,,,,1
__empty__14543,1,,,,,,1
__empty__12772,1,,,,,,1
crystal springs xc course belmont ca 95119|CA,0,,Crystal Springs XC Course Belmont,CA,95119,"Crystal Springs XC Course Belmont, CA 95119",1
__empty__12796,1,,,,,,1
__empty__506,1,,,,,,1
__empty__6828,1,,,,,,1
__empty__1970,1,,,,,,1
__empty__5405,1,,,,,,1
tlu fleming and memorial seguin tx 78666|TX,0,,TLU Fleming and Memorial Seguin,TX,78666,"TLU Fleming and Memorial Seguin, TX 78666",1
__empty__4785,1,,,,,,1
