# source	meet_id	div_id	n	c_pct	iqr_pct	z	already
anet	526794	1	33	-31.96	5.29	-21.9	
anet	33425	1	19	-38.55	7.54	-21.7	
anet	580895	1	13	-21.24	2.64	-14.3	
anet	643424	1	18	-21.69	4.16	-13.7	
anet	308334	1	20	+23.14	2.32	+13.0	
anet	623298	1	17	-24.42	7.15	-12.5	
anet	260130	1	12	+23.38	3.05	+12.1	
anet	41833	1	25	+23.68	4.70	+12.1	
anet	82735	2	19	+21.17	4.54	+10.6	
tfrrs	61487	None	105	-17.88	12.79	-10.2	
tfrrs	35985	None	22	-16.38	4.40	-10.1	
anet	67395	1	42	+19.81	6.36	+10.1	
tfrrs	73644	None	28	-15.36	3.64	-10.1	
tfrrs	54702	None	28	-15.73	4.50	-9.9	
tfrrs	38108	None	46	-14.87	5.02	-9.6	
anet	149289	1	16	+16.30	1.88	+9.5	
anet	60084	1	92	+15.77	3.05	+9.5	
tfrrs	18728	None	56	-14.87	6.20	-9.4	
tfrrs	20574	None	46	-13.72	3.29	-9.3	
anet	313708	1	50	+17.55	6.36	+9.3	
tfrrs	12877	None	22	-15.01	4.43	-9.2	
anet	129681	2	42	+16.54	4.75	+9.2	
anet	309068	1	22	-14.80	4.80	-8.9	
tfrrs	51829	None	61	-13.20	4.24	-8.8	
tfrrs	35340	None	50	-13.84	5.50	-8.8	
tfrrs	11633	None	60	-13.90	6.20	-8.8	
tfrrs	43609	None	75	-13.34	5.43	-8.8	
tfrrs	14048	None	73	-13.13	4.92	-8.7	
tfrrs	19948	None	50	-13.13	4.10	-8.7	
anet	142040	2	17	+15.29	2.71	+8.7	
tfrrs	57599	None	147	-12.62	4.59	-8.6	
tfrrs	51135	None	50	-12.75	3.46	-8.6	
tfrrs	4693	None	12	-13.37	2.72	-8.5	
tfrrs	38500	None	59	-13.15	5.51	-8.5	
tfrrs	49016	None	64	-12.87	4.99	-8.4	
tfrrs	39885	None	26	-13.84	4.80	-8.4	
tfrrs	76654	None	47	-13.03	4.83	-8.4	
tfrrs	19170	None	53	-12.84	4.64	-8.4	
tfrrs	18003	None	40	-12.43	3.02	-8.4	
tfrrs	93952	None	26	-12.79	3.25	-8.4	
tfrrs	87960	None	94	-12.44	4.76	-8.4	
tfrrs	50549	None	80	-12.39	4.32	-8.3	
tfrrs	43684	None	61	-12.45	4.20	-8.3	
tfrrs	88794	None	36	-13.11	4.75	-8.3	
anet	64369	1	71	+13.92	3.91	+8.2	
tfrrs	75595	None	12	-13.43	3.18	-8.2	
tfrrs	49770	None	31	-13.83	5.77	-8.2	
anet	166430	1	88	+13.51	2.86	+8.2	
tfrrs	9149	None	30	-12.92	4.36	-8.1	
anet	365131	1	116	-26.42	39.02	-8.1	
anet	423756	1	13	-14.76	4.71	-8.1	
tfrrs	40036	None	31	-12.86	4.36	-8.1	
tfrrs	50625	None	58	-12.30	4.38	-8.1	
tfrrs	48342	None	46	-12.25	3.76	-8.1	
tfrrs	14812	None	80	-12.50	5.92	-8.1	
tfrrs	14159	None	19	-13.63	4.51	-8.1	
tfrrs	96011	None	54	-13.42	7.17	-8.1	
tfrrs	10274	None	199	-11.89	5.64	-8.1	
tfrrs	18654	None	84	-11.93	4.04	-8.1	
anet	519936	1	25	+13.47	2.04	+8.1	
tfrrs	34649	None	38	-12.38	4.10	-8.0	
tfrrs	28955	None	49	-13.52	7.26	-8.0	
tfrrs	54743	None	36	-12.81	4.96	-8.0	
tfrrs	49115	None	58	-11.99	3.94	-8.0	
tfrrs	37414	None	107	-11.70	3.72	-8.0	
tfrrs	20768	None	24	-12.83	4.15	-8.0	
tfrrs	11211	None	13	-13.07	3.33	-8.0	
tfrrs	19949	None	77	-12.10	5.10	-8.0	
tfrrs	49139	None	36	-14.27	7.52	-8.0	
tfrrs	18084	None	32	-13.60	6.11	-8.0	
tfrrs	61433	None	46	-11.99	3.68	-8.0	
tfrrs	63198	None	39	-13.00	5.72	-7.9	
tfrrs	83313	None	39	-15.98	10.37	-7.9	
anet	517944	1	23	+14.55	3.98	+7.9	
tfrrs	51047	None	53	-12.21	4.75	-7.9	
tfrrs	53564	None	36	-12.70	4.99	-7.9	
tfrrs	18566	None	77	-12.05	5.27	-7.9	
tfrrs	37959	None	80	-12.32	6.39	-7.9	
tfrrs	35189	None	41	-12.21	4.33	-7.9	
tfrrs	61904	None	32	-12.69	4.81	-7.9	
tfrrs	32432	None	39	-11.70	2.83	-7.9	
tfrrs	37845	None	23	-13.25	4.91	-7.9	
anet	83456	1	89	+12.92	3.03	+7.8	
tfrrs	55845	None	47	-12.01	4.31	-7.8	
tfrrs	32829	None	33	-12.19	4.06	-7.8	
anet	443139	1	21	-17.57	9.38	-7.8	
tfrrs	43338	None	32	-12.34	4.32	-7.8	
tfrrs	35629	None	43	-12.08	4.45	-7.8	
tfrrs	66946	None	50	-12.25	5.31	-7.8	
anet	340920	1	14	+14.65	3.48	+7.8	
tfrrs	48995	None	36	-13.04	6.08	-7.8	
anet	142040	1	12	+15.13	3.61	+7.8	
tfrrs	19185	None	135	-11.36	3.93	-7.8	
tfrrs	82408	None	39	-11.69	3.37	-7.8	
anet	83681	1	38	+12.98	2.70	+7.7	
tfrrs	50285	None	42	-11.95	4.28	-7.7	
tfrrs	76652	None	52	-12.04	5.03	-7.7	
tfrrs	52027	None	111	-11.57	5.15	-7.7	
tfrrs	49375	None	48	-11.78	4.12	-7.7	
tfrrs	24912	None	374	-11.15	3.79	-7.7	
anet	125551	1	95	+12.76	3.48	+7.7	
tfrrs	44733	None	34	-12.15	4.39	-7.7	
tfrrs	48283	None	101	-11.59	5.31	-7.7	
tfrrs	75948	None	59	-12.46	6.68	-7.7	
tfrrs	241	None	61	-11.69	4.53	-7.7	
tfrrs	22200	None	18	-12.44	3.67	-7.7	
tfrrs	48425	None	38	-12.76	5.97	-7.7	
tfrrs	18082	None	33	-12.13	4.43	-7.7	
tfrrs	38060	None	16	-12.66	3.78	-7.7	
tfrrs	43573	None	130	-11.13	3.07	-7.7	
tfrrs	43048	None	46	-11.72	4.17	-7.7	
tfrrs	15634	None	19	-15.22	7.04	-7.6	
tfrrs	1401	None	44	-11.78	4.33	-7.6	
anet	134261	1	16	+14.59	3.93	+7.6	
tfrrs	14719	None	100	-11.49	5.24	-7.6	
tfrrs	31774	None	13	-12.69	3.50	-7.6	
tfrrs	44975	None	47	-12.10	5.36	-7.6	
tfrrs	16642	None	34	-14.35	8.26	-7.6	
tfrrs	27540	None	71	-11.60	4.95	-7.6	
tfrrs	43536	None	59	-11.78	5.11	-7.6	
anet	83674	1	81	+13.15	5.43	+7.6	
tfrrs	28828	None	20	-12.66	4.38	-7.6	
anet	585217	1	22	+19.02	8.47	+7.6	
tfrrs	83591	None	65	-11.43	4.26	-7.6	
anet	637115	10	12	-17.23	7.21	-7.6	
tfrrs	59268	None	216	-11.03	4.08	-7.6	
tfrrs	50063	None	78	-11.55	5.23	-7.6	
anet	446653	1	20	+13.90	3.78	+7.6	
anet	282721	1	112	+12.93	5.81	+7.6	
tfrrs	78632	None	86	-11.26	4.18	-7.6	
anet	619363	1	15	+13.68	3.05	+7.6	
tfrrs	52048	None	124	-11.14	4.35	-7.6	
tfrrs	49022	None	192	-10.96	3.40	-7.6	
tfrrs	6769	None	24	-11.75	3.41	-7.5	
tfrrs	11013	None	62	-12.43	7.34	-7.5	
tfrrs	13691	None	73	-11.70	5.79	-7.5	
tfrrs	21184	None	96	-11.08	3.55	-7.5	
tfrrs	61338	None	64	-11.23	3.67	-7.5	
tfrrs	9049	None	16	-12.87	4.28	-7.5	
tfrrs	53576	None	115	-11.28	5.33	-7.5	
tfrrs	52554	None	26	-12.55	5.01	-7.5	
tfrrs	13502	None	33	-12.57	5.70	-7.5	
anet	231053	1	15	-13.67	5.05	-7.5	
tfrrs	19052	None	27	-12.59	5.23	-7.5	
tfrrs	49519	None	34	-12.74	6.18	-7.5	
tfrrs	27348	None	71	-11.30	4.57	-7.5	
tfrrs	67365	None	42	-11.89	5.13	-7.5	
tfrrs	74808	None	23	-11.14	2.26	-7.5	
tfrrs	44329	None	28	-12.36	5.04	-7.5	
tfrrs	27088	None	66	-11.11	3.70	-7.4	
tfrrs	75989	None	25	-11.20	2.53	-7.4	
anet	422170	2	16	-13.12	4.73	-7.4	
tfrrs	27036	None	38	-11.58	4.29	-7.4	
tfrrs	39627	None	41	-11.03	2.84	-7.4	
tfrrs	10440	None	29	-11.65	3.95	-7.4	
tfrrs	46114	None	75	-11.40	5.50	-7.4	
tfrrs	33239	None	53	-11.69	5.47	-7.4	
anet	228535	4	28	-12.38	5.23	-7.4	
tfrrs	85040	None	29	-12.44	5.43	-7.4	
tfrrs	10438	None	24	-13.47	6.36	-7.4	
tfrrs	20392	None	53	-11.01	3.30	-7.4	
tfrrs	43939	None	47	-11.28	4.10	-7.4	
tfrrs	29578	None	367	-10.68	3.86	-7.4	
tfrrs	17513	None	34	-12.07	5.25	-7.4	
tfrrs	49372	None	25	-11.55	3.58	-7.4	
tfrrs	35088	None	87	-11.03	4.47	-7.4	
tfrrs	55498	None	13	-12.18	3.39	-7.4	
tfrrs	52036	None	58	-11.17	4.22	-7.4	
tfrrs	56198	None	74	-10.87	3.35	-7.4	
tfrrs	44560	None	57	-11.52	5.37	-7.4	
tfrrs	7337	None	215	-10.80	5.21	-7.3	
tfrrs	22232	None	93	-11.16	5.48	-7.3	
tfrrs	43317	None	33	-11.78	4.73	-7.3	
tfrrs	77674	None	19	-12.10	4.07	-7.3	
tfrrs	37315	None	55	-10.93	3.38	-7.3	
anet	266918	1	70	+12.41	4.36	+7.3	
tfrrs	10465	None	114	-11.18	6.33	-7.3	
tfrrs	22531	None	63	-11.17	4.66	-7.3	
tfrrs	73897	None	97	-10.98	4.89	-7.3	
tfrrs	76617	None	94	-11.40	6.74	-7.3	
tfrrs	14854	None	81	-10.76	3.27	-7.3	
tfrrs	37967	None	27	-11.52	3.86	-7.3	
tfrrs	8510	None	70	-11.06	4.63	-7.3	
tfrrs	38059	None	17	-11.35	2.82	-7.3	
tfrrs	55800	None	27	-12.77	6.02	-7.3	
tfrrs	84891	None	28	-11.17	3.24	-7.3	
tfrrs	42847	None	15	-12.67	4.38	-7.3	
tfrrs	38195	None	71	-10.99	4.46	-7.3	
tfrrs	45569	None	16	-11.43	2.91	-7.3	
anet	156048	1	14	-11.59	2.95	-7.3	
anet	368847	1	29	-13.61	7.49	-7.3	
tfrrs	38436	None	44	-12.68	7.57	-7.3	
tfrrs	21181	None	72	-10.65	2.76	-7.3	
tfrrs	46200	None	15	-12.10	3.76	-7.3	
tfrrs	12170	None	114	-10.93	5.47	-7.2	
tfrrs	78165	None	33	-11.45	4.28	-7.2	
tfrrs	19226	None	47	-11.35	4.87	-7.2	
tfrrs	43017	None	85	-11.03	5.30	-7.2	
tfrrs	58526	None	66	-11.20	5.30	-7.2	
tfrrs	52191	None	68	-11.32	5.80	-7.2	
tfrrs	15094	None	69	-11.12	5.15	-7.2	
anet	96443	1	76	+11.95	3.31	+7.2	
tfrrs	19955	None	54	-10.88	3.73	-7.2	
anet	118143	1	147	-10.91	6.37	-7.2	
tfrrs	77951	None	14	-15.61	7.06	-7.2	
tfrrs	26856	None	280	-10.50	4.13	-7.2	
tfrrs	18584	None	36	-11.40	4.49	-7.2	
tfrrs	49515	None	22	-11.56	3.79	-7.2	
tfrrs	48694	None	41	-10.78	2.94	-7.2	
tfrrs	42568	None	98	-10.68	3.99	-7.2	
anet	508755	1	56	+12.34	4.28	+7.2	
tfrrs	38796	None	43	-11.15	4.25	-7.2	
anet	96471	1	93	+11.94	3.80	+7.2	
tfrrs	7253	None	122	-10.72	4.75	-7.2	
anet	168013	1	40	+13.04	5.09	+7.2	
anet	166419	1	17	+12.87	3.15	+7.2	
tfrrs	32941	None	91	-11.21	6.56	-7.2	
tfrrs	78084	None	31	-11.12	3.64	-7.2	
tfrrs	16609	None	30	-11.20	3.77	-7.2	
tfrrs	37846	None	23	-13.16	6.29	-7.2	
anet	465628	1	19	-18.07	10.66	-7.2	
tfrrs	30012	None	40	-12.47	7.11	-7.2	
anet	209107	1	63	+11.78	2.71	+7.2	
tfrrs	30683	None	73	-11.18	5.89	-7.2	
tfrrs	37314	None	90	-10.61	3.74	-7.2	
tfrrs	65097	None	66	-11.19	5.66	-7.2	
anet	241030	1	53	+11.77	2.51	+7.2	
tfrrs	36261	None	107	-10.47	3.00	-7.2	
tfrrs	27539	None	68	-11.57	6.95	-7.2	
tfrrs	32544	None	75	-10.64	3.68	-7.2	
tfrrs	37127	None	85	-10.90	5.25	-7.1	
anet	239227	1	81	+12.78	6.85	+7.1	
tfrrs	7380	None	43	-12.18	6.89	-7.1	
tfrrs	54026	None	139	-10.56	4.50	-7.1	
tfrrs	45337	None	75	-10.56	3.30	-7.1	
tfrrs	63521	None	95	-10.83	5.37	-7.1	
tfrrs	18703	None	188	-10.48	4.71	-7.1	
tfrrs	19002	None	55	-10.61	3.28	-7.1	
tfrrs	76540	None	51	-11.42	5.82	-7.1	
tfrrs	31985	None	106	-10.48	3.66	-7.1	
tfrrs	29651	None	21	-11.43	3.75	-7.1	
tfrrs	73701	None	16	-11.28	3.06	-7.1	
tfrrs	48986	None	51	-11.03	4.76	-7.1	
anet	96484	1	64	+12.58	5.84	+7.1	
anet	167757	1	93	+11.82	4.22	+7.1	
tfrrs	32357	None	55	-11.82	7.15	-7.1	
anet	67230	1	85	+11.89	4.43	+7.1	
tfrrs	48988	None	57	-10.83	4.46	-7.1	
tfrrs	62768	None	99	-10.38	3.11	-7.1	
tfrrs	18083	None	43	-11.08	4.61	-7.1	
tfrrs	10398	None	50	-11.25	5.47	-7.1	
tfrrs	32433	None	99	-10.75	5.58	-7.1	
tfrrs	46018	None	34	-11.52	5.10	-7.1	
tfrrs	41879	None	115	-10.41	3.78	-7.1	
tfrrs	36599	None	214	-10.30	3.78	-7.1	
tfrrs	14969	None	127	-10.69	6.01	-7.1	
tfrrs	30471	None	59	-10.72	4.28	-7.0	
tfrrs	25260	None	44	-11.92	6.75	-7.0	
tfrrs	15830	None	39	-10.48	2.63	-7.0	
tfrrs	41428	None	99	-10.58	4.88	-7.0	
tfrrs	66872	None	12	-11.88	3.51	-7.0	
tfrrs	40727	None	44	-10.81	4.05	-7.0	
tfrrs	43966	None	37	-11.59	5.59	-7.0	
tfrrs	24267	None	83	-10.59	4.62	-7.0	
tfrrs	46476	None	57	-10.86	4.84	-7.0	
tfrrs	57155	None	138	-10.51	5.48	-7.0	
tfrrs	47797	None	12	-13.67	5.26	-7.0	
tfrrs	55497	None	15	-12.34	4.49	-7.0	
tfrrs	78322	None	12	-11.28	2.83	-7.0	
tfrrs	50602	None	52	-11.34	6.07	-7.0	
tfrrs	37055	None	79	-10.55	4.41	-7.0	
tfrrs	62129	None	39	-10.91	4.21	-7.0	
tfrrs	5627	None	18	-12.59	5.24	-7.0	
tfrrs	38621	None	18	-10.98	2.99	-7.0	
tfrrs	15599	None	82	-10.77	5.57	-7.0	
tfrrs	48455	None	64	-10.78	4.94	-7.0	
tfrrs	23195	None	29	-11.16	4.19	-7.0	
tfrrs	50675	None	63	-10.41	3.37	-7.0	
anet	427302	1	45	+11.98	3.92	+7.0	
tfrrs	24248	None	112	-10.60	5.65	-7.0	
tfrrs	24264	None	30	-12.80	7.12	-7.0	
tfrrs	71507	None	53	-10.69	4.26	-7.0	
tfrrs	34983	None	19	-11.19	3.49	-7.0	
tfrrs	43189	None	24	-11.36	4.24	-7.0	
tfrrs	57689	None	290	-10.15	4.13	-7.0	
anet	209096	1	87	+11.48	3.50	+7.0	
tfrrs	82197	None	44	-10.78	4.27	-7.0	
tfrrs	39518	None	19	-12.71	5.63	-7.0	
tfrrs	7543	None	114	-10.42	4.97	-7.0	
tfrrs	76140	None	43	-11.02	4.94	-7.0	
anet	541130	4	34	-11.25	4.90	-7.0	
tfrrs	64316	None	67	-10.93	5.89	-6.9	
tfrrs	46370	None	19	-11.43	3.96	-6.9	
tfrrs	79013	None	41	-10.82	4.34	-6.9	
tfrrs	51467	None	16	+12.61	3.32	+6.9	
anet	69290	1	50	-11.47	6.58	-6.9	
tfrrs	18420	None	41	-12.60	8.15	-6.9	
tfrrs	80847	None	37	-10.80	4.11	-6.9	
tfrrs	28001	None	50	-10.41	3.40	-6.9	
tfrrs	10439	None	39	-10.99	4.72	-6.9	
tfrrs	36857	None	69	-10.34	3.66	-6.9	
tfrrs	72443	None	42	-11.22	5.46	-6.9	
tfrrs	62773	None	126	-10.27	4.46	-6.9	
tfrrs	47279	None	328	-10.12	5.00	-6.9	
tfrrs	52994	None	48	-10.48	3.70	-6.9	
tfrrs	29775	None	67	-11.24	7.03	-6.9	
tfrrs	38191	None	165	-10.26	5.11	-6.9	
tfrrs	88580	None	42	-10.88	4.68	-6.9	
anet	96462	1	78	+11.34	3.16	+6.9	
tfrrs	24567	None	28	-11.55	5.14	-6.9	
tfrrs	33462	None	25	-11.35	4.53	-6.9	
tfrrs	48794	None	127	-10.24	4.50	-6.9	
anet	96453	1	72	+11.51	3.88	+6.9	
tfrrs	42094	None	72	-10.59	5.13	-6.9	
tfrrs	8245	None	34	-11.90	6.35	-6.9	
tfrrs	46760	None	203	-10.11	4.34	-6.9	
anet	140034	1	81	+11.48	4.00	+6.9	
tfrrs	57159	None	132	-10.21	4.46	-6.9	
anet	259411	1	37	-11.53	5.94	-6.9	
tfrrs	62127	None	16	-11.73	4.18	-6.9	
tfrrs	19269	None	110	-10.22	4.30	-6.9	
tfrrs	78771	None	30	-11.77	5.80	-6.9	
tfrrs	61650	None	67	-10.78	5.75	-6.9	
tfrrs	45904	None	14	-12.59	4.87	-6.9	
tfrrs	56066	None	27	-10.59	3.22	-6.9	
tfrrs	67109	None	32	-13.36	8.52	-6.9	
anet	465250	1	15	+11.81	2.36	+6.9	
tfrrs	58450	None	43	-11.00	5.23	-6.9	
tfrrs	16254	None	168	-10.18	5.07	-6.9	
tfrrs	45456	None	39	-10.81	4.51	-6.9	
tfrrs	14933	None	24	-11.96	5.51	-6.9	
tfrrs	49725	None	20	-10.56	2.76	-6.8	
tfrrs	51032	None	75	-10.40	4.70	-6.8	
tfrrs	7626	None	49	-11.17	6.12	-6.8	
tfrrs	62777	None	76	-10.38	4.66	-6.8	
tfrrs	52557	None	30	-12.01	6.29	-6.8	
tfrrs	36090	None	14	-10.52	2.28	-6.8	
tfrrs	41225	None	29	-11.41	5.16	-6.8	
tfrrs	16466	None	15	-12.44	4.94	-6.8	
tfrrs	48957	None	130	-10.13	4.43	-6.8	
tfrrs	72567	None	12	-12.47	4.48	-6.8	
tfrrs	66542	None	70	-10.52	5.25	-6.8	
tfrrs	56989	None	29	-11.29	5.02	-6.8	
tfrrs	55932	None	33	-10.84	4.40	-6.8	
anet	96476	1	81	+11.26	3.66	+6.8	
tfrrs	40748	None	42	-10.60	4.32	-6.8	
tfrrs	38731	None	34	-12.36	7.39	-6.8	
tfrrs	46735	None	71	-10.18	3.81	-6.8	
tfrrs	78215	None	18	-10.07	1.64	-6.8	
anet	111609	1	16	-11.65	4.25	-6.8	
tfrrs	45243	None	75	-10.23	4.25	-6.8	
tfrrs	67106	None	59	-10.54	4.99	-6.8	
tfrrs	53802	None	129	-10.07	4.44	-6.8	
tfrrs	44362	None	31	-11.81	6.20	-6.8	
tfrrs	42784	None	62	-10.16	3.56	-6.8	
tfrrs	32081	None	91	-10.06	3.65	-6.8	
tfrrs	65408	None	38	-11.69	6.66	-6.8	
anet	479238	1	17	+12.02	3.05	+6.8	
anet	72880	1	198	+11.44	7.36	+6.8	
tfrrs	8974	None	22	-12.22	5.82	-6.8	
tfrrs	69940	None	51	-10.49	4.55	-6.8	
tfrrs	63900	None	70	-10.62	5.83	-6.8	
tfrrs	16039	None	35	-10.84	4.68	-6.8	
tfrrs	78945	None	47	-10.35	3.91	-6.8	
tfrrs	48196	None	38	-10.45	3.82	-6.8	
anet	226402	1	97	+11.92	7.02	+6.8	
anet	652735	1	73	+11.40	4.37	+6.8	
anet	281007	8	41	+13.96	8.05	+6.8	
tfrrs	25023	None	14	-12.49	4.96	-6.8	
tfrrs	35749	None	53	-10.33	4.18	-6.8	
tfrrs	37129	None	52	-11.07	6.38	-6.8	
tfrrs	74425	None	26	-11.33	4.98	-6.8	
tfrrs	12362	None	24	-10.40	3.00	-6.7	
tfrrs	57153	None	113	-10.15	5.14	-6.7	
tfrrs	55732	None	22	-12.46	6.22	-6.7	
tfrrs	51276	None	13	-11.26	3.46	-6.7	
tfrrs	29307	None	81	-10.15	4.37	-6.7	
tfrrs	52045	None	98	-10.05	4.24	-6.7	
tfrrs	75746	None	27	-12.04	6.28	-6.7	
tfrrs	38531	None	181	-9.93	4.59	-6.7	
tfrrs	7391	None	275	-10.05	7.14	-6.7	
anet	130839	2	14	-11.11	3.42	-6.7	
tfrrs	29021	None	67	-10.50	5.50	-6.7	
tfrrs	14542	None	81	-9.97	3.44	-6.7	
tfrrs	71420	None	85	-10.24	5.04	-6.7	
tfrrs	26627	None	37	-11.64	6.63	-6.7	
anet	229168	1	50	+11.24	3.34	+6.7	
tfrrs	72013	None	25	-12.02	6.04	-6.7	
tfrrs	32719	None	20	-11.72	5.01	-6.7	
tfrrs	3211	None	16	-11.26	3.89	-6.7	
tfrrs	13779	None	222	-9.83	3.98	-6.7	
tfrrs	63462	None	78	-10.53	6.12	-6.7	
tfrrs	60994	None	39	-10.83	5.11	-6.7	
tfrrs	39701	None	33	-10.64	4.27	-6.7	
tfrrs	65252	None	184	-10.00	5.60	-6.7	
tfrrs	61710	None	53	-10.25	4.10	-6.7	
tfrrs	14915	None	17	-11.17	3.90	-6.7	
tfrrs	14905	None	63	-11.32	7.95	-6.7	
tfrrs	14468	None	211	-9.81	3.99	-6.7	
tfrrs	44175	None	33	-10.43	3.81	-6.7	
tfrrs	49913	None	71	-10.82	6.96	-6.7	
tfrrs	40769	None	32	-10.25	3.27	-6.7	
tfrrs	61745	None	31	-10.34	3.49	-6.7	
tfrrs	43964	None	44	-12.40	8.85	-6.7	
anet	184965	1	32	+12.52	5.33	+6.7	
tfrrs	61333	None	16	-17.34	10.14	-6.7	
tfrrs	48307	None	22	-11.68	5.29	-6.7	
tfrrs	78841	None	62	-9.98	3.42	-6.7	
tfrrs	46742	None	111	-9.95	4.43	-6.7	
tfrrs	46761	None	197	-9.73	3.19	-6.7	
tfrrs	32079	None	81	-9.89	3.45	-6.7	
tfrrs	61793	None	38	-11.17	5.98	-6.7	
tfrrs	63769	None	73	-10.12	4.55	-6.7	
tfrrs	35018	None	59	-10.43	5.29	-6.7	
tfrrs	17193	None	140	-10.10	6.21	-6.7	
tfrrs	39037	None	33	-11.19	5.64	-6.7	
tfrrs	37630	None	76	-10.09	4.56	-6.7	
anet	96451	1	64	+11.19	4.07	+6.6	
tfrrs	38483	None	47	-10.58	5.19	-6.6	
tfrrs	29519	None	65	-10.04	4.02	-6.6	
tfrrs	34767	None	77	-10.04	4.40	-6.6	
tfrrs	36647	None	43	-10.59	5.02	-6.6	
tfrrs	15763	None	249	-9.85	6.02	-6.6	
tfrrs	12767	None	21	-10.67	3.69	-6.6	
tfrrs	18974	None	12	-12.38	4.70	-6.6	
tfrrs	38505	None	85	-9.99	4.43	-6.6	
tfrrs	43200	None	73	-10.50	6.29	-6.6	
anet	205243	1	24	-10.97	4.50	-6.6	
tfrrs	34020	None	69	-9.82	3.07	-6.6	
tfrrs	67376	None	38	-11.54	6.85	-6.6	
tfrrs	42613	None	37	-10.01	3.04	-6.6	
tfrrs	78125	None	86	-9.96	4.38	-6.6	
anet	235515	2	20	-11.02	4.21	-6.6	
anet	295531	1	23	-11.28	4.93	-6.6	
tfrrs	35682	None	15	-12.03	4.88	-6.6	
tfrrs	52047	None	127	-9.92	5.09	-6.6	
tfrrs	10939	None	141	-9.76	3.99	-6.6	
tfrrs	67174	None	26	-11.04	4.85	-6.6	
tfrrs	61212	None	51	-10.33	4.80	-6.6	
tfrrs	18093	None	111	-9.83	4.15	-6.6	
tfrrs	43018	None	92	-9.76	3.24	-6.6	
tfrrs	62951	None	24	-10.99	4.58	-6.6	
tfrrs	3413	None	18	-11.52	4.73	-6.6	
tfrrs	20769	None	78	-12.34	11.99	-6.6	
tfrrs	16875	None	42	-11.78	7.74	-6.6	
tfrrs	15909	None	21	-16.31	10.73	-6.6	
tfrrs	6572	None	49	-10.12	4.07	-6.6	
tfrrs	62701	None	82	-10.07	5.02	-6.6	
tfrrs	2288	None	40	-11.45	6.94	-6.6	
anet	473429	2	44	+12.09	5.78	+6.6	
tfrrs	8049	None	119	-9.87	4.83	-6.6	
tfrrs	56482	None	64	-9.79	3.07	-6.6	
anet	103470	1	116	+11.56	7.57	+6.6	
anet	113333	1	123	+10.87	4.48	+6.6	
tfrrs	49862	None	84	-9.71	3.00	-6.6	
tfrrs	64663	None	96	-10.09	5.67	-6.6	
tfrrs	54858	None	31	-11.54	6.31	-6.6	
tfrrs	54625	None	105	-9.77	3.91	-6.6	
tfrrs	44559	None	40	-10.52	4.91	-6.6	
anet	209100	1	80	+10.96	4.10	+6.6	
anet	614281	1	14	-16.82	9.25	-6.6	
tfrrs	15857	None	131	-9.70	3.74	-6.6	
tfrrs	44179	None	21	-11.83	5.61	-6.6	
tfrrs	14260	None	43	-10.53	5.15	-6.6	
tfrrs	69236	None	19	-10.12	2.63	-6.6	
tfrrs	76125	None	26	-10.42	3.76	-6.6	
tfrrs	93612	None	135	-9.93	5.78	-6.6	
tfrrs	82320	None	130	-10.08	6.62	-6.6	
tfrrs	40761	None	52	-9.78	2.89	-6.6	
tfrrs	34671	None	69	-9.86	3.86	-6.6	
tfrrs	45056	None	28	-9.62	1.43	-6.6	
tfrrs	78502	None	29	-10.07	3.14	-6.6	
tfrrs	71292	None	13	-10.42	2.70	-6.6	
tfrrs	29542	None	17	-10.26	2.80	-6.6	
anet	272737	1	39	-10.90	5.83	-6.6	
anet	535084	1	39	-13.78	11.01	-6.6	
tfrrs	20026	None	69	-9.88	4.03	-6.6	
tfrrs	36822	None	42	-9.77	2.65	-6.5	
tfrrs	64504	None	47	-10.47	5.31	-6.5	
tfrrs	30798	None	34	-10.85	5.37	-6.5	
anet	96450	1	66	+11.14	4.66	+6.5	
tfrrs	54436	None	51	-9.98	3.94	-6.5	
tfrrs	51717	None	26	-12.07	6.70	-6.5	
tfrrs	53831	None	50	-10.09	4.32	-6.5	
tfrrs	6019	None	122	-9.96	6.01	-6.5	
tfrrs	1999	None	72	-10.17	5.56	-6.5	
tfrrs	54681	None	21	-11.29	4.95	-6.5	
tfrrs	50223	None	40	-10.56	5.19	-6.5	
tfrrs	45967	None	80	-9.67	3.19	-6.5	
tfrrs	18838	None	15	-10.14	2.50	-6.5	
tfrrs	43610	None	39	-10.22	4.29	-6.5	
tfrrs	59837	None	66	-10.46	6.42	-6.5	
tfrrs	61093	None	12	-11.71	4.22	-6.5	
anet	300614	1	26	-13.31	8.46	-6.5	
tfrrs	52923	None	54	-10.01	4.31	-6.5	
anet	84001	1	82	+11.28	5.88	+6.5	
tfrrs	35827	None	37	-11.16	6.37	-6.5	
anet	421655	2	14	+15.75	6.50	+6.5	
tfrrs	79189	None	67	-10.02	4.87	-6.5	
tfrrs	24265	None	22	-10.92	4.53	-6.5	
tfrrs	38932	None	129	-9.60	3.70	-6.5	
tfrrs	33959	None	88	-10.07	5.84	-6.5	
tfrrs	44307	None	27	-11.60	6.18	-6.5	
anet	259497	1	14	-10.67	3.28	-6.5	
tfrrs	15116	None	129	-9.64	4.14	-6.5	
tfrrs	33082	None	50	-10.23	4.98	-6.5	
tfrrs	35534	None	47	-10.05	4.23	-6.5	
anet	371778	1	14	-12.77	5.71	-6.5	
tfrrs	27076	None	135	-9.68	4.65	-6.5	
tfrrs	37970	None	51	-11.84	9.05	-6.5	
tfrrs	88297	None	54	-10.41	5.77	-6.5	
anet	501975	1	21	-11.65	5.57	-6.5	
tfrrs	34475	None	42	-10.17	4.42	-6.5	
tfrrs	66517	None	90	-9.83	4.82	-6.5	
tfrrs	71903	None	104	-9.73	4.57	-6.5	
tfrrs	24032	None	38	-10.98	6.18	-6.5	
tfrrs	90399	None	38	-10.49	5.07	-6.5	
tfrrs	12252	None	72	-10.74	7.80	-6.5	
tfrrs	51225	None	122	-9.55	3.49	-6.5	
tfrrs	40613	None	35	-10.86	5.69	-6.5	
tfrrs	50068	None	29	-10.44	4.33	-6.5	
tfrrs	14548	None	64	-9.79	3.92	-6.5	
tfrrs	26712	None	17	-10.19	2.89	-6.5	
tfrrs	79147	None	31	-10.42	4.45	-6.5	
tfrrs	27372	None	32	-11.09	5.93	-6.5	
anet	296455	1	65	+11.04	4.74	+6.5	
anet	177058	1	57	+11.00	4.31	+6.5	
tfrrs	67390	None	59	-10.06	4.98	-6.5	
tfrrs	48160	None	48	-10.20	4.92	-6.5	
tfrrs	48982	None	20	-9.71	2.03	-6.5	
tfrrs	48675	None	64	-9.66	3.40	-6.5	
tfrrs	3320	None	15	-11.72	4.85	-6.5	
anet	84000	1	88	+10.90	5.01	+6.5	
tfrrs	50393	None	57	-9.84	4.09	-6.5	
tfrrs	82144	None	45	-11.06	7.02	-6.5	
tfrrs	47660	None	115	-10.17	7.59	-6.5	
tfrrs	24360	None	59	-10.15	5.36	-6.5	
tfrrs	86599	None	46	-10.17	4.82	-6.4	
tfrrs	45108	None	49	-9.70	3.24	-6.4	
tfrrs	44651	None	18	-11.43	4.96	-6.4	
tfrrs	58199	None	46	-10.61	6.04	-6.4	
tfrrs	70982	None	326	-9.50	5.69	-6.4	
tfrrs	57987	None	79	-9.90	5.17	-6.4	
tfrrs	90776	None	42	-10.63	5.83	-6.4	
tfrrs	66677	None	36	-10.17	4.28	-6.4	
tfrrs	7529	None	150	-9.61	4.99	-6.4	
tfrrs	20004	None	58	-9.95	4.67	-6.4	
tfrrs	78562	None	28	-11.21	5.84	-6.4	
tfrrs	85734	None	16	-11.53	4.83	-6.4	
anet	225955	1	28	+13.07	6.43	+6.4	
tfrrs	57163	None	108	-9.52	3.61	-6.4	
tfrrs	42817	None	98	-9.88	5.77	-6.4	
tfrrs	95625	None	30	-10.36	4.41	-6.4	
tfrrs	72442	None	53	-10.72	6.85	-6.4	
tfrrs	84292	None	126	-9.48	3.58	-6.4	
tfrrs	38766	None	140	-9.57	4.69	-6.4	
tfrrs	73602	None	90	-9.92	5.77	-6.4	
tfrrs	39226	None	29	-10.48	4.60	-6.4	
tfrrs	33924	None	38	-11.30	7.04	-6.4	
tfrrs	45802	None	93	-9.48	3.19	-6.4	
tfrrs	49605	None	104	-9.54	3.86	-6.4	
tfrrs	16570	None	57	-10.98	7.84	-6.4	
tfrrs	58268	None	25	-11.95	6.71	-6.4	
tfrrs	59616	None	171	-9.47	4.38	-6.4	
tfrrs	18049	None	20	-10.83	4.43	-6.4	
tfrrs	72450	None	53	-10.74	6.99	-6.4	
tfrrs	40283	None	20	-12.28	6.44	-6.4	
tfrrs	58807	None	66	-10.56	7.26	-6.4	
anet	77860	1	17	-9.95	2.63	-6.4	
tfrrs	35558	None	27	-10.96	5.39	-6.4	
tfrrs	4649	None	42	-9.62	2.94	-6.4	
tfrrs	37215	None	62	-9.78	4.33	-6.4	
tfrrs	57985	None	62	-9.69	3.93	-6.4	
tfrrs	19845	None	55	-9.76	4.04	-6.4	
tfrrs	60098	None	12	-9.65	1.65	-6.4	
tfrrs	7393	None	241	-9.67	7.64	-6.4	
tfrrs	11398	None	40	-9.85	3.79	-6.4	
tfrrs	84364	None	49	-10.85	7.06	-6.4	
anet	568948	4	42	-26.02	30.42	-6.4	
tfrrs	21100	None	61	-10.13	5.73	-6.4	
tfrrs	20548	None	13	-9.43	1.18	-6.4	
tfrrs	67920	None	71	-10.17	6.37	-6.4	
tfrrs	60895	None	84	-9.65	4.56	-6.4	
tfrrs	50741	None	27	-10.86	5.30	-6.4	
tfrrs	3046	None	170	-9.44	4.57	-6.4	
tfrrs	12073	None	19	-11.15	4.87	-6.4	
tfrrs	60668	None	21	-9.94	3.01	-6.4	
tfrrs	37076	None	89	-9.74	5.18	-6.4	
tfrrs	19387	None	104	-9.34	2.63	-6.4	
anet	144067	1	38	-11.46	7.50	-6.4	
tfrrs	71537	None	169	-9.41	4.21	-6.4	
anet	177059	1	72	+10.64	4.08	+6.4	
tfrrs	55773	None	31	-10.73	5.44	-6.4	
tfrrs	35471	None	127	-9.91	7.26	-6.4	
tfrrs	27405	None	37	-11.85	8.12	-6.4	
tfrrs	15123	None	352	-9.32	4.59	-6.4	
tfrrs	81436	None	116	-9.58	5.01	-6.4	
tfrrs	16301	None	74	-10.51	7.78	-6.4	
anet	358033	1	42	-11.70	8.42	-6.4	
tfrrs	43761	None	51	-10.20	5.61	-6.4	
tfrrs	80027	None	37	-10.32	5.08	-6.4	
tfrrs	52043	None	74	-9.64	4.38	-6.4	
tfrrs	64141	None	137	-9.95	7.91	-6.4	
anet	607395	1	32	+10.83	3.31	+6.4	
anet	613139	1	81	+10.41	3.33	+6.3	
tfrrs	28993	None	61	-11.77	10.34	-6.3	
anet	183413	1	38	-10.89	6.45	-6.3	
tfrrs	16608	None	53	-9.54	3.30	-6.3	
tfrrs	59812	None	16	-11.02	4.36	-6.3	
tfrrs	60790	None	34	-10.12	4.43	-6.3	
tfrrs	75463	None	121	-9.30	2.90	-6.3	
tfrrs	43191	None	27	-10.83	5.35	-6.3	
anet	438015	1	50	+10.94	4.55	+6.3	
tfrrs	54528	None	134	-9.41	4.25	-6.3	
tfrrs	11273	None	95	-9.79	5.95	-6.3	
anet	284156	2	36	-12.10	8.54	-6.3	
tfrrs	38194	None	51	-9.78	4.32	-6.3	
tfrrs	73506	None	19	-9.71	2.47	-6.3	
tfrrs	40711	None	82	-10.02	6.51	-6.3	
tfrrs	31216	None	202	-9.51	6.38	-6.3	
tfrrs	13954	None	15	-13.04	6.51	-6.3	
tfrrs	24263	None	24	-9.83	3.10	-6.3	
tfrrs	1133	None	17	-13.46	7.38	-6.3	
anet	342797	1	26	+13.64	7.13	+6.3	
tfrrs	79363	None	76	-10.00	6.25	-6.3	
tfrrs	95711	None	50	-10.13	5.46	-6.3	
tfrrs	66448	None	80	-9.40	3.33	-6.3	
tfrrs	27623	None	153	-9.33	3.92	-6.3	
anet	551231	5	48	-9.50	3.14	-6.3	
tfrrs	90066	None	37	-9.99	4.36	-6.3	
tfrrs	7354	None	13	-11.30	4.31	-6.3	
anet	530210	1	28	-10.42	4.72	-6.3	
tfrrs	16255	None	105	-9.71	5.95	-6.3	
tfrrs	81742	None	169	-9.37	4.64	-6.3	
tfrrs	40281	None	12	-9.83	2.23	-6.3	
tfrrs	14961	None	209	-9.48	6.40	-6.3	
tfrrs	35785	None	47	-10.14	5.38	-6.3	
tfrrs	80493	None	25	-9.45	2.13	-6.3	
tfrrs	59814	None	37	-9.74	3.65	-6.3	
anet	517518	1	12	+11.61	3.10	+6.3	
tfrrs	43174	None	131	-9.18	1.92	-6.3	
tfrrs	20690	None	25	-10.85	5.29	-6.3	
tfrrs	26750	None	241	-9.23	3.77	-6.3	
tfrrs	13709	None	28	-11.63	6.90	-6.3	
tfrrs	74530	None	50	-10.24	5.91	-6.3	
tfrrs	7854	None	103	-9.86	6.77	-6.3	
tfrrs	79043	None	20	-11.50	5.67	-6.3	
tfrrs	64095	None	47	-10.63	6.76	-6.3	
anet	96441	1	55	+10.69	4.22	+6.3	
tfrrs	89044	None	14	-11.54	4.79	-6.3	
tfrrs	24000	None	33	-9.71	3.45	-6.3	
tfrrs	38713	None	40	-10.74	6.51	-6.3	
tfrrs	29013	None	50	-10.76	7.32	-6.3	
tfrrs	18332	None	87	-9.36	3.63	-6.3	
tfrrs	44385	None	61	-9.39	3.20	-6.3	
tfrrs	55025	None	32	-9.92	4.01	-6.3	
tfrrs	7105	None	51	-9.77	4.57	-6.3	
tfrrs	65091	None	54	-9.75	4.60	-6.3	
tfrrs	82619	None	91	-9.40	4.01	-6.3	
tfrrs	49540	None	14	-11.71	5.01	-6.3	
tfrrs	47107	None	182	-9.31	4.83	-6.3	
tfrrs	48512	None	60	-9.72	4.80	-6.3	
tfrrs	66198	None	214	-9.32	5.31	-6.3	
tfrrs	22896	None	18	-9.87	2.95	-6.3	
tfrrs	45807	None	54	-10.42	6.78	-6.3	
tfrrs	48368	None	34	-9.23	1.72	-6.3	
tfrrs	53665	None	28	-9.92	3.82	-6.3	
tfrrs	28800	None	88	-9.66	5.62	-6.3	
tfrrs	63828	None	124	-9.70	6.87	-6.3	
tfrrs	49486	None	63	-9.67	4.81	-6.3	
tfrrs	35993	None	32	-9.58	3.13	-6.3	
tfrrs	10911	None	43	-9.73	4.18	-6.3	
tfrrs	73407	None	18	-12.77	6.99	-6.3	
anet	177074	1	92	+10.29	3.81	+6.3	
tfrrs	39584	None	50	-11.08	8.20	-6.3	
anet	96438	1	67	+10.50	4.27	+6.2	
tfrrs	76255	None	91	-9.72	6.10	-6.2	
tfrrs	17736	None	40	-11.37	7.95	-6.2	
tfrrs	10065	None	24	-9.77	3.27	-6.2	
tfrrs	47389	None	212	-9.20	4.41	-6.2	
tfrrs	44224	None	26	-10.58	5.10	-6.2	
anet	225651	1	50	+10.97	5.13	+6.2	
anet	563292	1	48	+10.41	3.35	+6.2	
tfrrs	3472	None	140	-9.51	6.32	-6.2	
tfrrs	25634	None	25	-11.56	6.59	-6.2	
tfrrs	47214	None	26	-12.05	7.45	-6.2	
tfrrs	14463	None	118	-9.42	5.23	-6.2	
tfrrs	79083	None	79	-9.29	3.50	-6.2	
tfrrs	7785	None	293	-9.26	6.34	-6.2	
tfrrs	41434	None	78	-9.28	3.42	-6.2	
tfrrs	45479	None	80	-9.43	4.41	-6.2	
tfrrs	59189	None	56	-10.33	6.83	-6.2	
tfrrs	14183	None	23	-10.41	4.52	-6.2	
tfrrs	50507	None	36	-9.37	2.71	-6.2	
tfrrs	63237	None	464	-9.20	6.91	-6.2	
tfrrs	31539	None	24	-12.09	7.24	-6.2	
anet	192284	1	30	-13.10	9.60	-6.2	
tfrrs	73295	None	44	-9.63	4.05	-6.2	
tfrrs	66879	None	20	-10.12	3.74	-6.2	
tfrrs	74267	None	41	-9.81	4.48	-6.2	
tfrrs	29752	None	25	-14.60	10.67	-6.2	
tfrrs	95499	None	32	-9.45	2.91	-6.2	
tfrrs	78709	None	37	-10.03	4.86	-6.2	
tfrrs	52927	None	43	-9.80	4.59	-6.2	
tfrrs	68509	None	64	-9.73	5.33	-6.2	
tfrrs	32714	None	48	-10.63	7.14	-6.2	
anet	153406	1	99	+10.32	4.58	+6.2	
tfrrs	43781	None	54	-9.87	5.41	-6.2	
tfrrs	96222	None	52	-9.77	5.00	-6.2	
anet	451912	1	67	+10.32	3.80	+6.2	
tfrrs	73197	None	59	-9.13	2.13	-6.2	
tfrrs	71698	None	103	-9.19	3.39	-6.2	
tfrrs	91426	None	36	-10.30	5.50	-6.2	
tfrrs	44001	None	53	-9.57	4.32	-6.2	
tfrrs	48987	None	33	-10.52	5.74	-6.2	
tfrrs	48714	None	64	-9.28	3.38	-6.2	
tfrrs	49595	None	18	-9.66	2.74	-6.2	
tfrrs	56040	None	27	-10.69	5.51	-6.2	
tfrrs	59242	None	216	-9.12	4.21	-6.2	
tfrrs	12740	None	16	-12.15	6.04	-6.2	
tfrrs	22847	None	33	-9.41	2.94	-6.2	
tfrrs	79190	None	64	-9.24	3.15	-6.2	
tfrrs	79525	None	13	-10.51	3.61	-6.2	
tfrrs	12056	None	133	-9.29	5.00	-6.2	
tfrrs	39357	None	15	+11.96	4.11	+6.2	
tfrrs	66964	None	52	-9.65	4.67	-6.2	
tfrrs	28935	None	42	-9.67	4.28	-6.2	
tfrrs	69447	None	35	-11.17	7.24	-6.2	
tfrrs	61713	None	42	-9.67	4.26	-6.2	
tfrrs	13817	None	53	-9.51	4.22	-6.2	
tfrrs	56811	None	31	-9.74	3.88	-6.2	
tfrrs	10901	None	101	-9.67	6.65	-6.2	
tfrrs	75441	None	128	-9.39	5.80	-6.2	
tfrrs	76044	None	155	-9.22	4.95	-6.2	
tfrrs	38555	None	70	-9.55	5.05	-6.2	
tfrrs	64091	None	100	-10.08	8.46	-6.2	
tfrrs	59756	None	76	-9.64	5.68	-6.2	
tfrrs	49694	None	42	-10.19	5.78	-6.2	
tfrrs	13833	None	113	-9.53	6.33	-6.2	
tfrrs	30805	None	118	-9.60	6.91	-6.2	
tfrrs	64752	None	72	-9.47	4.82	-6.2	
tfrrs	50167	None	68	-9.42	4.49	-6.2	
tfrrs	94202	None	110	-9.23	4.40	-6.2	
tfrrs	52044	None	89	-9.43	5.17	-6.2	
tfrrs	35024	None	23	-9.72	3.37	-6.2	
tfrrs	71532	None	202	-9.24	6.09	-6.2	
tfrrs	77469	None	29	-11.44	7.13	-6.2	
tfrrs	10265	None	39	-9.85	4.78	-6.2	
tfrrs	44306	None	37	-9.25	2.70	-6.2	
tfrrs	11832	None	51	-9.78	5.26	-6.2	
tfrrs	95560	None	178	-9.11	4.51	-6.1	
tfrrs	60986	None	25	-11.71	7.03	-6.1	
tfrrs	79140	None	45	-9.55	4.21	-6.1	
tfrrs	76706	None	112	-9.25	4.76	-6.1	
tfrrs	29344	None	81	-9.32	4.50	-6.1	
tfrrs	54927	None	30	-10.25	5.13	-6.1	
anet	92538	2	13	-10.70	3.95	-6.1	
tfrrs	59739	None	50	-10.14	6.32	-6.1	
tfrrs	84407	None	25	-11.43	6.66	-6.1	
tfrrs	73595	None	38	-10.21	5.70	-6.1	
tfrrs	73530	None	22	-9.16	1.85	-6.1	
tfrrs	17179	None	35	-9.77	4.41	-6.1	
tfrrs	8659	None	74	-9.75	6.31	-6.1	
tfrrs	65229	None	15	-12.57	6.43	-6.1	
tfrrs	42680	None	81	-9.29	4.45	-6.1	
tfrrs	8372	None	192	-9.12	5.23	-6.1	
anet	158783	3	23	-12.54	7.94	-6.1	
tfrrs	47378	None	138	-9.21	5.22	-6.1	
anet	34894	1	13	-14.00	7.35	-6.1	
tfrrs	62666	None	18	-11.03	5.16	-6.1	
tfrrs	55065	None	37	-9.68	4.36	-6.1	
tfrrs	28007	None	47	-10.00	5.86	-6.1	
tfrrs	61363	None	98	-9.20	4.46	-6.1	
anet	81647	1	85	+10.14	4.20	+6.1	
tfrrs	60347	None	25	-12.69	8.51	-6.1	
tfrrs	89083	None	37	-9.30	3.17	-6.1	
tfrrs	20998	None	69	-9.50	5.24	-6.1	
tfrrs	40609	None	30	-10.73	6.16	-6.1	
tfrrs	32493	None	44	-9.31	3.49	-6.1	
tfrrs	31486	None	203	-9.54	9.29	-6.1	
tfrrs	84313	None	54	-9.41	4.31	-6.1	
tfrrs	77391	None	18	-12.29	6.77	-6.1	
tfrrs	49511	None	71	-9.36	4.76	-6.1	
tfrrs	74651	None	51	-9.84	5.68	-6.1	
anet	177073	1	70	+9.97	3.05	+6.1	
tfrrs	38420	None	48	-10.43	7.12	-6.1	
tfrrs	20339	None	100	-9.12	4.09	-6.1	
tfrrs	56265	None	22	-10.23	4.48	-6.1	
tfrrs	63664	None	198	-9.14	6.08	-6.1	
tfrrs	88440	None	83	-9.15	3.98	-6.1	
anet	557465	1	65	+10.43	4.97	+6.1	
tfrrs	49232	None	135	-8.94	2.82	-6.1	
tfrrs	42892	None	55	-10.46	7.72	-6.1	
tfrrs	72870	None	39	-9.37	3.60	-6.1	
tfrrs	43938	None	63	-9.63	5.63	-6.1	
tfrrs	28614	None	94	-9.16	4.37	-6.1	
tfrrs	76397	None	51	-10.42	7.35	-6.1	
tfrrs	80805	None	93	-9.04	3.41	-6.1	
anet	446192	2	18	-10.29	4.17	-6.1	
tfrrs	78556	None	35	-9.60	4.14	-6.1	
tfrrs	43149	None	31	-9.22	2.75	-6.1	
tfrrs	33423	None	33	-10.89	6.84	-6.1	
tfrrs	14916	None	28	-9.38	3.12	-6.1	
tfrrs	78278	None	33	-9.31	3.15	-6.1	
tfrrs	66692	None	54	-9.24	3.72	-6.1	
tfrrs	50465	None	60	-9.86	6.37	-6.1	
tfrrs	41807	None	36	-9.59	4.20	-6.1	
tfrrs	16688	None	25	-10.13	4.64	-6.1	
tfrrs	52049	None	124	-9.22	5.59	-6.1	
tfrrs	34489	None	33	-10.44	6.00	-6.1	
anet	177072	1	89	+9.93	3.49	+6.1	
tfrrs	34048	None	29	-9.33	3.06	-6.1	
anet	96478	1	47	+10.30	3.95	+6.1	
tfrrs	60640	None	46	-9.21	3.38	-6.1	
anet	348561	1	94	+9.98	3.95	+6.1	
tfrrs	61973	None	82	-9.11	3.95	-6.1	
tfrrs	43396	None	73	-9.11	3.74	-6.1	
tfrrs	13760	None	83	-9.31	5.16	-6.1	
tfrrs	77137	None	50	-9.45	4.53	-6.1	
tfrrs	32880	None	27	-9.93	4.46	-6.1	
tfrrs	30108	None	91	-9.27	5.19	-6.1	
tfrrs	52715	None	149	-9.00	4.32	-6.1	
tfrrs	79278	None	42	-9.56	4.55	-6.1	
tfrrs	79366	None	42	-9.56	4.55	-6.1	
tfrrs	35655	None	18	-9.91	3.63	-6.1	
tfrrs	79179	None	61	-9.36	4.70	-6.0	
tfrrs	55027	None	42	-9.33	3.80	-6.0	
tfrrs	88811	None	28	-10.95	6.50	-6.0	
tfrrs	38040	None	20	-10.17	4.30	-6.0	
tfrrs	12136	None	16	-10.01	3.60	-6.0	
tfrrs	68945	None	22	-10.86	5.63	-6.0	
tfrrs	62512	None	55	-9.42	4.74	-6.0	
tfrrs	53520	None	38	-9.34	3.68	-6.0	
tfrrs	46737	None	108	-9.08	4.56	-6.0	
tfrrs	59288	None	42	-9.48	4.35	-6.0	
anet	652118	1	45	+10.67	5.01	+6.0	
tfrrs	44081	None	47	-9.68	5.28	-6.0	
tfrrs	19962	None	125	-9.42	7.23	-6.0	
tfrrs	40604	None	26	-10.05	4.70	-6.0	
anet	454874	2	16	+14.36	6.83	+6.0	
tfrrs	67190	None	90	-9.48	6.45	-6.0	
tfrrs	78181	None	30	-9.56	3.94	-6.0	
anet	125554	2	64	+10.07	3.97	+6.0	
anet	52793	1	23	+9.95	2.06	+6.0	
tfrrs	33743	None	51	-10.09	6.74	-6.0	
tfrrs	95894	None	30	-9.71	4.31	-6.0	
tfrrs	54864	None	85	-9.51	6.44	-6.0	
tfrrs	92514	None	51	-9.11	3.39	-6.0	
tfrrs	82704	None	26	-10.38	5.36	-6.0	
tfrrs	49093	None	48	-9.55	4.98	-6.0	
tfrrs	13623	None	68	-8.95	2.94	-6.0	
tfrrs	45624	None	15	-13.22	7.32	-6.0	
anet	615378	1	44	+10.25	3.92	+6.0	
tfrrs	53521	None	78	-9.05	3.87	-6.0	
tfrrs	17613	None	64	-9.31	4.80	-6.0	
tfrrs	14230	None	20	-10.43	4.79	-6.0	
tfrrs	29535	None	45	-9.47	4.60	-6.0	
tfrrs	32879	None	96	-9.22	5.38	-6.0	
tfrrs	50271	None	26	-9.38	3.27	-6.0	
anet	405214	1	35	+10.02	2.85	+6.0	
anet	537890	1	43	-9.67	5.11	-6.0	
tfrrs	46570	None	68	-9.11	3.99	-6.0	
tfrrs	44700	None	63	-10.50	8.74	-6.0	
tfrrs	26626	None	55	-9.07	3.43	-6.0	
tfrrs	50283	None	50	-9.44	4.77	-6.0	
tfrrs	66672	None	245	-8.80	3.35	-6.0	
tfrrs	40247	None	66	-9.61	6.12	-6.0	
tfrrs	35998	None	13	+16.02	7.39	+6.0	
tfrrs	78772	None	22	-9.33	2.91	-6.0	
tfrrs	63120	None	215	-8.94	5.35	-6.0	
tfrrs	73437	None	78	-9.40	5.83	-6.0	
tfrrs	51679	None	102	-9.18	5.39	-6.0	
tfrrs	48080	None	62	-8.91	2.67	-6.0	
tfrrs	58606	None	63	-9.58	5.91	-6.0	
tfrrs	55406	None	41	-9.67	5.02	-6.0	
tfrrs	29150	None	46	-9.63	5.23	-6.0	
tfrrs	9023	None	21	-14.28	9.98	-6.0	
tfrrs	61900	None	139	-9.16	6.31	-6.0	
tfrrs	62796	None	277	-8.77	3.12	-6.0	
tfrrs	66455	None	61	-9.67	6.17	-6.0	
tfrrs	12717	None	17	-9.77	3.44	-6.0	
tfrrs	10314	None	78	-9.69	7.09	-6.0	
anet	542616	1	14	-12.52	6.44	-6.0	
tfrrs	49691	None	53	-8.97	2.99	-6.0	
tfrrs	80486	None	73	-9.42	5.83	-6.0	
tfrrs	49993	None	131	-8.97	4.69	-6.0	
tfrrs	71561	None	21	-9.52	3.34	-6.0	
tfrrs	14312	None	44	-9.60	5.10	-6.0	
tfrrs	88908	None	51	-9.84	6.21	-6.0	
tfrrs	29126	None	44	-9.18	3.69	-6.0	
anet	473331	1	81	+11.92	10.50	+6.0	
tfrrs	28833	None	50	-9.73	5.87	-6.0	
tfrrs	71955	None	34	-9.07	2.88	-6.0	
anet	261166	1	271	-9.06	8.02	-6.0	
tfrrs	67362	None	29	-9.44	3.78	-6.0	
tfrrs	33741	None	48	-9.00	3.09	-6.0	
tfrrs	32703	None	130	-8.96	4.82	-6.0	
anet	333487	1	23	-10.27	5.00	-6.0	
tfrrs	30877	None	51	-9.65	5.70	-6.0	
anet	168026	1	54	+11.53	7.83	+6.0	
tfrrs	87468	None	103	-8.88	3.69	-6.0	
tfrrs	34929	None	31	-10.10	5.47	-6.0	
tfrrs	73023	None	56	-9.32	4.82	-6.0	
tfrrs	84984	None	64	-9.71	6.62	-6.0	
tfrrs	84024	None	133	-8.91	4.42	-6.0	
tfrrs	37965	None	82	-9.07	4.54	-6.0	
tfrrs	47872	None	13	-9.83	3.16	-6.0	
anet	252752	1	46	+11.10	6.37	+6.0	
tfrrs	49331	None	67	-9.17	4.63	-6.0	
tfrrs	65093	None	41	-9.12	3.45	-6.0	
tfrrs	17208	None	73	-9.26	5.26	-6.0	
anet	284467	1	101	+9.93	4.87	+6.0	
tfrrs	61332	None	41	-9.67	5.21	-6.0	
tfrrs	25280	None	56	-10.22	7.72	-6.0	
tfrrs	9412	None	120	-9.12	5.92	-6.0	
tfrrs	76139	None	30	-9.52	4.10	-6.0	
tfrrs	54299	None	87	-9.14	5.21	-6.0	
anet	65645	1	79	+10.21	5.58	+6.0	
anet	71773	1	84	+9.90	4.37	+6.0	
anet	614854	1	40	+9.83	2.76	+6.0	
tfrrs	42958	None	46	-9.45	4.89	-6.0	
tfrrs	81085	None	61	-9.07	4.03	-5.9	
tfrrs	79457	None	75	-9.00	4.09	-5.9	
anet	229169	1	54	+9.73	2.82	+5.9	
tfrrs	55050	None	37	-9.64	4.95	-5.9	
tfrrs	41201	None	50	-9.00	3.40	-5.9	
anet	312485	1	288	+9.62	5.03	+5.9	
tfrrs	67042	None	74	-9.55	6.67	-5.9	
tfrrs	75837	None	160	-8.99	6.06	-5.9	
tfrrs	38165	None	48	-10.57	8.08	-5.9	
tfrrs	38577	None	34	-9.63	4.75	-5.9	
tfrrs	42435	None	22	-9.29	3.08	-5.9	
tfrrs	74475	None	31	-9.62	4.52	-5.9	
tfrrs	42540	None	44	-9.36	4.59	-5.9	
tfrrs	17301	None	63	-9.83	7.14	-5.9	
tfrrs	39747	None	83	-10.02	8.85	-5.9	
tfrrs	10872	None	191	-9.08	7.50	-5.9	
tfrrs	11399	None	81	-9.76	7.84	-5.9	
tfrrs	74858	None	35	-10.74	7.24	-5.9	
tfrrs	74509	None	48	-9.57	5.49	-5.9	
tfrrs	3335	None	26	-11.27	7.10	-5.9	
tfrrs	52582	None	340	-8.68	3.76	-5.9	
tfrrs	53100	None	26	-9.33	3.48	-5.9	
tfrrs	90174	None	22	-9.81	4.20	-5.9	
tfrrs	35614	None	52	-10.07	7.18	-5.9	
anet	604074	1	26	-18.84	17.04	-5.9	
tfrrs	49264	None	20	-9.73	3.86	-5.9	
tfrrs	27297	None	13	-10.60	4.27	-5.9	
anet	119956	1	131	+9.86	5.55	+5.9	
tfrrs	48815	None	71	-9.29	5.63	-5.9	
tfrrs	78903	None	25	-8.85	1.98	-5.9	
tfrrs	44167	None	128	-8.83	4.45	-5.9	
tfrrs	18547	None	47	-9.66	5.80	-5.9	
tfrrs	35677	None	64	-9.95	7.70	-5.9	
tfrrs	46743	None	95	-9.00	5.04	-5.9	
tfrrs	9990	None	53	-9.28	4.91	-5.9	
tfrrs	43173	None	27	-9.17	3.20	-5.9	
tfrrs	3507	None	46	-10.89	8.74	-5.9	
tfrrs	18364	None	201	-8.82	5.56	-5.9	
tfrrs	72118	None	93	-9.13	5.77	-5.9	
tfrrs	61340	None	34	-9.15	3.55	-5.9	
anet	48089	4	21	+11.37	4.88	+5.9	
tfrrs	11339	None	113	-9.12	6.32	-5.9	
anet	235496	1	232	+9.63	5.64	+5.9	
tfrrs	52602	None	257	-8.73	5.16	-5.9	
tfrrs	66627	None	121	-9.00	5.86	-5.9	
tfrrs	66854	None	49	-10.29	7.67	-5.9	
tfrrs	83944	None	26	-10.78	6.43	-5.9	
tfrrs	39724	None	30	-10.93	7.18	-5.9	
tfrrs	54366	None	39	-8.97	3.22	-5.9	
tfrrs	34023	None	26	-10.16	5.38	-5.9	
tfrrs	33629	None	79	-9.16	5.60	-5.9	
anet	652872	1	102	+9.79	4.87	+5.9	
anet	177057	1	71	+9.72	3.76	+5.9	
anet	442320	1	12	+10.56	2.84	+5.9	
tfrrs	51831	None	36	-9.28	4.17	-5.9	
tfrrs	76993	None	88	-8.99	5.00	-5.9	
tfrrs	65370	None	67	-9.36	6.01	-5.9	
tfrrs	66795	None	35	-10.43	6.83	-5.9	
tfrrs	33911	None	39	-8.90	3.01	-5.9	
tfrrs	40317	None	30	-9.22	3.66	-5.9	
tfrrs	42130	None	181	-8.82	5.69	-5.9	
tfrrs	38319	None	47	-9.37	5.09	-5.9	
anet	311394	1	32	+9.91	3.15	+5.9	
anet	32560	1	129	+9.76	5.48	+5.9	
tfrrs	38667	None	15	-11.89	6.23	-5.9	
tfrrs	55099	None	38	-11.23	8.71	-5.9	
tfrrs	81739	None	70	-9.44	6.49	-5.9	
tfrrs	89125	None	27	-9.16	3.32	-5.9	
anet	111315	1	26	+10.58	4.26	+5.9	
tfrrs	27890	None	58	-8.85	3.45	-5.9	
anet	251961	1	65	+9.57	2.90	+5.9	
tfrrs	22801	None	483	-8.60	4.68	-5.9	
tfrrs	41730	None	46	-10.60	8.25	-5.9	
tfrrs	71184	None	237	-8.78	6.16	-5.9	
tfrrs	85479	None	26	-9.78	4.71	-5.9	
tfrrs	85667	None	26	-9.36	3.80	-5.9	
tfrrs	34795	None	41	-9.74	5.82	-5.9	
tfrrs	71914	None	43	-8.79	2.69	-5.9	
tfrrs	60087	None	33	-11.51	8.64	-5.9	
tfrrs	71363	None	145	-8.89	5.86	-5.9	
tfrrs	79244	None	72	-8.91	4.24	-5.9	
tfrrs	59110	None	18	-9.94	4.19	-5.9	
tfrrs	17462	None	36	-8.89	2.93	-5.9	
tfrrs	19905	None	25	-10.76	6.36	-5.9	
anet	405252	1	34	+9.99	3.54	+5.9	
tfrrs	71964	None	78	-9.85	8.43	-5.9	
tfrrs	46506	None	105	-8.81	4.42	-5.9	
tfrrs	55726	None	30	-9.35	4.08	-5.9	
anet	66143	1	83	+11.34	9.83	+5.9	
anet	119953	1	172	+9.45	3.63	+5.9	
tfrrs	80571	None	55	-9.57	6.27	-5.8	
tfrrs	31812	None	21	-9.68	4.08	-5.8	
tfrrs	46911	None	68	-9.05	4.91	-5.8	
anet	259967	1	73	+9.87	4.80	+5.8	
tfrrs	50437	None	40	-9.12	4.04	-5.8	
tfrrs	82066	None	41	-9.43	5.05	-5.8	
anet	563236	1	56	+9.87	4.23	+5.8	
tfrrs	81889	None	109	-8.93	5.55	-5.8	
anet	94991	1	104	+9.89	5.84	+5.8	
tfrrs	70980	None	124	-8.70	4.11	-5.8	
tfrrs	76388	None	20	-9.82	4.28	-5.8	
anet	449713	1	79	-9.22	6.20	-5.8	
tfrrs	78663	None	76	-9.02	5.14	-5.8	
tfrrs	61097	None	18	-9.50	3.51	-5.8	
tfrrs	33701	None	105	-9.20	7.08	-5.8	
tfrrs	9925	None	28	-8.78	2.31	-5.8	
tfrrs	8014	None	103	-9.31	7.55	-5.8	
anet	596295	1	54	-9.38	5.72	-5.8	
tfrrs	10496	None	103	-8.89	5.23	-5.8	
tfrrs	92793	None	15	-9.13	2.54	-5.8	
tfrrs	53666	None	19	-9.36	3.35	-5.8	
tfrrs	76764	None	94	-8.65	3.30	-5.8	
tfrrs	19152	None	37	-8.86	3.05	-5.8	
anet	263209	1	76	+9.84	4.93	+5.8	
tfrrs	76634	None	129	-8.91	6.11	-5.8	
tfrrs	41075	None	71	-8.77	3.78	-5.8	
tfrrs	16907	None	19	-9.79	4.17	-5.8	
anet	540778	1	42	+10.23	4.80	+5.8	
tfrrs	22543	None	122	-8.69	4.33	-5.8	
tfrrs	54346	None	46	-9.51	5.73	-5.8	
tfrrs	35446	None	29	-11.19	7.73	-5.8	
tfrrs	27001	None	70	-10.15	9.15	-5.8	
tfrrs	84225	None	75	-8.63	2.93	-5.8	
tfrrs	21907	None	32	-8.79	2.65	-5.8	
tfrrs	25991	None	87	-8.71	3.81	-5.8	
tfrrs	68115	None	115	-8.73	4.58	-5.8	
tfrrs	37379	None	60	-8.94	4.38	-5.8	
anet	74730	1	20	-12.59	8.23	-5.8	
tfrrs	19037	None	176	-8.57	3.78	-5.8	
tfrrs	14929	None	59	-9.66	7.02	-5.8	
anet	95997	1	173	+9.42	4.33	+5.8	
anet	268405	1	13	-10.20	4.02	-5.8	
anet	563261	1	51	+9.84	4.17	+5.8	
anet	507453	1	14	-9.88	3.75	-5.8	
anet	172665	1	37	-10.03	6.44	-5.8	
tfrrs	12532	None	28	-9.64	4.81	-5.8	
anet	119956	2	54	+9.99	4.83	+5.8	
tfrrs	50722	None	27	-9.19	3.70	-5.8	
tfrrs	50954	None	60	-8.76	3.58	-5.8	
tfrrs	42972	None	27	-9.24	3.84	-5.8	
tfrrs	36262	None	65	-8.73	3.53	-5.8	
tfrrs	39615	None	13	-9.88	3.62	-5.8	
tfrrs	80060	None	47	-8.79	3.32	-5.8	
anet	128609	2	12	-10.17	3.84	-5.8	
tfrrs	63292	None	18	-10.20	4.76	-5.8	
tfrrs	74824	None	19	+11.37	4.91	+5.8	
anet	647440	2	15	-10.91	5.26	-5.8	
tfrrs	76322	None	127	-8.75	5.19	-5.8	
tfrrs	29064	None	61	-9.04	4.97	-5.8	
tfrrs	52577	None	23	-9.30	3.69	-5.8	
tfrrs	34965	None	36	-10.14	6.64	-5.8	
tfrrs	45830	None	39	-8.84	3.28	-5.8	
tfrrs	4800	None	139	-8.83	6.14	-5.8	
tfrrs	68681	None	83	-9.03	5.80	-5.8	
tfrrs	81776	None	45	-9.24	4.99	-5.8	
tfrrs	66422	None	155	-8.56	3.82	-5.8	
tfrrs	67809	None	22	-9.76	4.52	-5.8	
tfrrs	66245	None	141	-8.56	3.72	-5.8	
anet	519537	2	15	-10.79	5.14	-5.8	
tfrrs	72541	None	20	-8.94	2.64	-5.8	
tfrrs	24125	None	130	-8.58	3.80	-5.8	
tfrrs	76755	None	16	-9.40	3.27	-5.8	
tfrrs	76742	None	68	-8.76	3.95	-5.8	
tfrrs	11367	None	17	-10.98	5.72	-5.8	
tfrrs	18643	None	56	-9.46	6.35	-5.8	
tfrrs	68684	None	48	-11.38	10.47	-5.8	
tfrrs	64733	None	63	-10.01	8.45	-5.8	
anet	196863	1	61	+9.68	4.10	+5.8	
tfrrs	9138	None	93	-8.91	5.57	-5.8	
tfrrs	78765	None	35	-9.80	5.84	-5.8	
tfrrs	84838	None	22	-10.52	5.84	-5.8	
tfrrs	86118	None	20	-9.40	3.69	-5.8	
tfrrs	73191	None	13	-10.69	4.68	-5.8	
anet	270331	1	93	+10.31	7.72	+5.8	
anet	203557	1	71	-9.10	5.77	-5.8	
tfrrs	91370	None	24	-9.25	3.71	-5.8	
tfrrs	59828	None	23	-9.43	4.03	-5.8	
tfrrs	56695	None	47	-9.31	5.41	-5.8	
tfrrs	90175	None	22	-9.49	4.07	-5.8	
tfrrs	14977	None	22	-9.22	3.51	-5.8	
tfrrs	31053	None	32	-9.18	4.12	-5.8	
tfrrs	83607	None	60	-9.51	6.79	-5.8	
anet	209106	1	72	+9.67	4.52	+5.8	
anet	282758	1	21	+10.50	4.02	+5.8	
anet	284683	1	59	+9.79	4.58	+5.8	
tfrrs	33028	None	99	-9.11	6.98	-5.8	
anet	105600	1	64	-10.15	9.01	-5.8	
tfrrs	68659	None	34	-9.10	4.07	-5.8	
tfrrs	39191	None	52	-11.12	10.42	-5.8	
tfrrs	49100	None	104	-8.62	4.15	-5.7	
tfrrs	18630	None	31	-9.13	3.99	-5.7	
tfrrs	17658	None	17	+11.67	5.09	+5.7	
anet	651711	1	64	+9.81	4.92	+5.7	
tfrrs	60182	None	120	-9.18	8.16	-5.7	
tfrrs	68511	None	46	-10.34	8.13	-5.7	
anet	125550	1	84	+9.73	5.29	+5.7	
tfrrs	43941	None	123	-8.66	4.90	-5.7	
tfrrs	63341	None	51	-9.19	5.35	-5.7	
tfrrs	50279	None	49	-9.76	6.93	-5.7	
tfrrs	89239	None	69	-8.95	5.22	-5.7	
tfrrs	31452	None	124	-8.66	4.90	-5.7	
tfrrs	5118	None	33	-12.30	10.30	-5.7	
tfrrs	52556	None	39	-10.59	8.01	-5.7	
tfrrs	54752	None	78	-8.52	2.91	-5.7	
tfrrs	49560	None	48	-9.53	6.25	-5.7	
tfrrs	50325	None	74	-8.95	5.44	-5.7	
tfrrs	88076	None	191	-8.60	5.50	-5.7	
tfrrs	50601	None	85	-9.28	7.31	-5.7	
anet	104708	2	20	-10.02	4.88	-5.7	
anet	420255	1	48	+10.00	4.90	+5.7	
tfrrs	47374	None	209	-8.45	3.71	-5.7	
tfrrs	79897	None	28	-9.01	3.52	-5.7	
tfrrs	21293	None	15	-10.73	5.16	-5.7	
tfrrs	15520	None	56	-9.81	7.62	-5.7	
anet	168024	1	37	+11.69	7.61	+5.7	
anet	129554	2	18	-11.56	6.75	-5.7	
tfrrs	5728	None	28	-11.08	7.66	-5.7	
tfrrs	54659	None	56	-9.02	5.08	-5.7	
anet	209099	1	72	+9.39	3.40	+5.7	
tfrrs	74220	None	13	-9.71	3.54	-5.7	
tfrrs	35127	None	62	-9.47	6.96	-5.7	
tfrrs	33203	None	41	-9.24	5.02	-5.7	
tfrrs	95562	None	45	-9.30	5.44	-5.7	
tfrrs	51480	None	37	-9.86	6.33	-5.7	
tfrrs	78998	None	151	-8.56	4.77	-5.7	
tfrrs	3598	None	15	-10.51	4.91	-5.7	
tfrrs	16455	None	102	-8.83	5.83	-5.7	
tfrrs	78620	None	45	-8.88	4.09	-5.7	
tfrrs	12120	None	28	-10.53	6.77	-5.7	
tfrrs	72211	None	46	-10.13	7.76	-5.7	
tfrrs	82394	None	56	-8.89	4.61	-5.7	
tfrrs	41084	None	50	-9.58	6.63	-5.7	
tfrrs	48484	None	21	-9.37	3.90	-5.7	
tfrrs	47373	None	178	-8.45	4.02	-5.7	
tfrrs	44690	None	21	-9.36	3.89	-5.7	
tfrrs	78589	None	39	-9.77	6.33	-5.7	
tfrrs	7777	None	25	-9.39	4.30	-5.7	
tfrrs	79361	None	26	-9.17	3.90	-5.7	
tfrrs	33543	None	42	-9.50	5.88	-5.7	
tfrrs	30941	None	75	-8.66	4.15	-5.7	
tfrrs	58994	None	92	-8.47	3.10	-5.7	
anet	469901	1	86	+9.87	6.25	+5.7	
tfrrs	71795	None	85	-8.83	5.42	-5.7	
tfrrs	38423	None	72	-9.08	6.14	-5.7	
tfrrs	63357	None	21	-9.07	3.31	-5.7	
tfrrs	24594	None	56	-8.94	4.88	-5.7	
tfrrs	71427	None	272	-8.54	6.53	-5.7	
anet	545364	7	28	-8.55	2.11	-5.7	
tfrrs	9299	None	57	-10.06	8.50	-5.7	
anet	81637	1	73	+9.88	5.81	+5.7	
tfrrs	55729	None	20	-10.98	6.40	-5.7	
tfrrs	56696	None	64	-9.18	6.21	-5.7	
tfrrs	20250	None	34	-8.71	3.05	-5.7	
tfrrs	35568	None	46	-9.01	4.70	-5.7	
tfrrs	16111	None	38	-8.73	3.31	-5.7	
tfrrs	52555	None	19	-11.52	6.96	-5.7	
tfrrs	58953	None	29	-8.84	3.26	-5.7	
tfrrs	31885	None	19	-11.04	6.33	-5.7	
tfrrs	10269	None	35	-8.88	3.72	-5.7	
tfrrs	56032	None	57	-8.89	4.80	-5.7	
tfrrs	64012	None	48	-9.61	6.68	-5.7	
anet	445690	1	21	+10.98	4.92	+5.7	
anet	352415	3	39	-9.33	5.31	-5.7	
tfrrs	95774	None	214	-8.44	4.69	-5.7	
tfrrs	23091	None	67	-8.64	3.99	-5.7	
tfrrs	80848	None	59	-8.67	3.89	-5.7	
tfrrs	44439	None	21	-9.63	4.46	-5.7	
anet	154578	1	17	-9.88	4.41	-5.7	
tfrrs	54021	None	52	-8.99	5.00	-5.7	
tfrrs	24040	None	39	-11.09	9.21	-5.7	
tfrrs	47542	None	42	-9.22	5.20	-5.7	
anet	277018	4	13	+11.28	4.20	+5.7	
tfrrs	67438	None	66	-8.65	4.06	-5.7	
anet	284804	3	14	-9.27	3.11	-5.7	
tfrrs	81926	None	65	-9.28	6.75	-5.7	
tfrrs	48791	None	134	-8.53	4.80	-5.7	
tfrrs	35482	None	22	-11.34	7.29	-5.7	
tfrrs	14131	None	66	-9.25	6.72	-5.7	
tfrrs	33944	None	32	-9.36	4.94	-5.7	
tfrrs	89687	None	27	-9.61	5.08	-5.7	
tfrrs	13265	None	56	-8.80	4.49	-5.7	
tfrrs	18227	None	256	-8.29	2.55	-5.7	
tfrrs	42426	None	223	-8.33	3.25	-5.7	
tfrrs	60702	None	13	-10.68	4.88	-5.7	
tfrrs	68690	None	101	-8.64	5.08	-5.7	
tfrrs	10031	None	79	-8.60	4.30	-5.7	
tfrrs	5548	None	29	-10.79	7.50	-5.7	
tfrrs	76574	None	98	-8.44	3.51	-5.7	
tfrrs	43192	None	28	-8.81	3.27	-5.7	
tfrrs	54141	None	141	-8.44	4.25	-5.7	
tfrrs	73507	None	22	-9.43	4.28	-5.7	
tfrrs	47065	None	54	-9.22	6.03	-5.7	
tfrrs	32517	None	17	-11.25	6.33	-5.7	
tfrrs	62147	None	68	-8.44	3.01	-5.7	
tfrrs	9297	None	15	-9.51	3.67	-5.7	
anet	73635	1	27	-9.20	4.24	-5.7	
anet	383080	1	69	+9.98	6.30	+5.7	
anet	371395	2	12	-13.23	7.27	-5.7	
tfrrs	34692	None	46	-9.56	6.57	-5.7	
tfrrs	90695	None	67	-8.85	5.27	-5.7	
tfrrs	65228	None	24	-9.98	5.52	-5.7	
tfrrs	33424	None	26	-9.94	5.67	-5.7	
tfrrs	86768	None	29	-9.31	4.67	-5.7	
tfrrs	78856	None	18	-10.53	5.59	-5.7	
tfrrs	48672	None	19	-10.84	6.17	-5.7	
tfrrs	42883	None	30	-9.23	4.56	-5.6	
tfrrs	77647	None	78	-8.63	4.56	-5.6	
anet	186929	1	12	-9.09	2.67	-5.6	
anet	409819	1	28	-10.77	7.39	-5.6	
tfrrs	27694	None	112	-8.43	3.90	-5.6	
tfrrs	12777	None	31	-8.97	3.97	-5.6	
tfrrs	35017	None	33	-9.15	4.61	-5.6	
tfrrs	47662	None	145	-8.37	3.83	-5.6	
tfrrs	59757	None	75	-9.14	6.91	-5.6	
anet	464195	1	29	-11.27	8.36	-5.6	
tfrrs	78734	None	107	-8.73	6.04	-5.6	
tfrrs	85190	None	14	-10.33	4.69	-5.6	
tfrrs	78861	None	21	-8.95	3.23	-5.6	
tfrrs	91328	None	29	-8.96	3.84	-5.6	
tfrrs	19103	None	57	-9.36	6.76	-5.6	
tfrrs	12418	None	43	-8.59	3.27	-5.6	
tfrrs	45910	None	34	-8.82	3.74	-5.6	
tfrrs	12012	None	45	-9.65	6.79	-5.6	
tfrrs	31321	None	98	-8.93	6.95	-5.6	
tfrrs	22251	None	87	-8.44	3.66	-5.6	
tfrrs	46413	None	41	-9.00	4.73	-5.6	
tfrrs	28168	None	14	-10.05	4.36	-5.6	
tfrrs	39342	None	61	-8.84	5.14	-5.6	
tfrrs	32017	None	77	-9.05	6.69	-5.6	
tfrrs	44225	None	40	-9.70	6.56	-5.6	
anet	130539	1	18	-9.15	3.44	-5.6	
tfrrs	33893	None	61	-9.00	5.79	-5.6	
tfrrs	86876	None	50	-9.20	5.90	-5.6	
tfrrs	84157	None	45	-9.37	6.10	-5.6	
tfrrs	24093	None	49	-9.23	5.93	-5.6	
anet	563241	1	42	+9.85	4.73	+5.6	
tfrrs	59720	None	18	+13.21	7.14	+5.6	
anet	362428	1	26	-8.99	3.78	-5.6	
tfrrs	77583	None	42	-8.65	3.60	-5.6	
anet	70732	1	34	+10.50	5.65	+5.6	
anet	403810	1	36	+12.46	9.05	+5.6	
tfrrs	54754	None	60	-8.31	2.20	-5.6	
tfrrs	50084	None	20	-10.48	5.90	-5.6	
tfrrs	72032	None	121	-8.41	4.29	-5.6	
tfrrs	58673	None	64	-9.31	7.13	-5.6	
tfrrs	19534	None	26	-8.68	2.95	-5.6	
tfrrs	52995	None	83	-8.51	4.24	-5.6	
anet	344209	1	34	+11.31	7.08	+5.6	
anet	76990	1	21	-10.33	5.83	-5.6	
tfrrs	81173	None	35	-8.79	3.84	-5.6	
tfrrs	84844	None	17	-9.29	3.65	-5.6	
tfrrs	56207	None	36	-8.91	4.28	-5.6	
tfrrs	35268	None	34	-9.87	6.50	-5.6	
tfrrs	60129	None	25	-12.60	9.79	-5.6	
tfrrs	68896	None	50	-10.58	9.61	-5.6	
anet	96469	1	72	+9.24	3.77	+5.6	
tfrrs	66480	None	94	-8.72	5.94	-5.6	
tfrrs	75651	None	51	-8.76	4.56	-5.6	
tfrrs	50301	None	39	-9.72	6.63	-5.6	
tfrrs	43359	None	55	-8.37	2.78	-5.6	
tfrrs	82609	None	68	-9.33	7.49	-5.6	
tfrrs	68023	None	18	-9.31	3.82	-5.6	
tfrrs	46957	None	32	-8.72	3.49	-5.6	
tfrrs	74240	None	36	-9.49	5.87	-5.6	
tfrrs	74599	None	74	-8.41	3.55	-5.6	
tfrrs	13780	None	72	-8.95	6.28	-5.6	
tfrrs	71863	None	85	-8.39	3.70	-5.6	
tfrrs	34340	None	58	-9.41	7.22	-5.6	
tfrrs	79231	None	78	-8.61	4.92	-5.6	
anet	645263	4	14	-8.91	2.72	-5.6	
tfrrs	76372	None	43	-9.47	6.39	-5.6	
tfrrs	74734	None	50	-9.01	5.47	-5.6	
tfrrs	76068	None	108	-8.69	6.31	-5.6	
anet	59535	1	14	+15.11	7.89	+5.6	
anet	438003	1	26	+9.47	3.00	+5.6	
tfrrs	56141	None	28	-8.82	3.61	-5.6	
anet	243444	1	15	-10.36	5.02	-5.6	
tfrrs	14476	None	40	-8.76	4.11	-5.6	
tfrrs	91003	None	73	-8.56	4.52	-5.6	
tfrrs	14972	None	21	-9.54	4.60	-5.6	
tfrrs	41025	None	67	-8.91	5.97	-5.6	
tfrrs	90766	None	57	-8.82	5.14	-5.6	
tfrrs	44702	None	54	-8.74	4.72	-5.6	
tfrrs	19242	None	35	-9.29	5.35	-5.6	
tfrrs	72219	None	38	-8.82	4.23	-5.6	
tfrrs	82717	None	96	-8.65	5.78	-5.6	
tfrrs	70331	None	41	-8.84	4.46	-5.6	
tfrrs	67845	None	67	-8.52	4.23	-5.6	
anet	142520	2	23	-9.89	5.48	-5.6	
tfrrs	43942	None	104	-8.42	4.55	-5.6	
anet	125556	1	119	+9.20	4.94	+5.6	
tfrrs	77502	None	135	-8.41	5.09	-5.6	
tfrrs	14554	None	64	-9.23	7.10	-5.6	
tfrrs	29347	None	23	-8.72	3.06	-5.6	
tfrrs	82333	None	109	-8.34	4.01	-5.6	
tfrrs	15966	None	18	-10.49	5.72	-5.6	
tfrrs	55019	None	22	-9.61	4.89	-5.6	
tfrrs	55259	None	15	-10.78	5.59	-5.6	
tfrrs	76887	None	66	-8.93	6.08	-5.6	
tfrrs	24747	None	50	-8.64	4.20	-5.6	
tfrrs	58208	None	24	-8.40	2.14	-5.6	
anet	330548	1	48	-9.02	5.52	-5.6	
tfrrs	6848	None	22	-9.62	4.90	-5.6	
anet	218973	1	20	+10.35	4.26	+5.6	
tfrrs	54613	None	51	-8.54	3.82	-5.6	
tfrrs	76319	None	91	-8.46	4.60	-5.6	
tfrrs	35085	None	47	-8.38	2.91	-5.6	
tfrrs	66189	None	293	-8.25	5.24	-5.6	
tfrrs	58682	None	68	-9.14	7.01	-5.6	
tfrrs	71579	None	81	-8.49	4.60	-5.6	
tfrrs	71040	None	43	-8.84	4.69	-5.6	
tfrrs	13943	None	33	-8.76	3.85	-5.6	
tfrrs	84099	None	33	-9.39	5.51	-5.6	
tfrrs	1867	None	14	-10.42	4.99	-5.6	
tfrrs	67873	None	113	-8.35	4.36	-5.6	
anet	566665	1	12	+12.43	5.32	+5.6	
tfrrs	90670	None	58	-9.07	6.30	-5.6	
tfrrs	66461	None	98	-8.61	5.88	-5.6	
tfrrs	53327	None	36	-8.44	2.90	-5.6	
tfrrs	40255	None	44	-9.75	7.31	-5.6	
tfrrs	31584	None	56	-8.50	3.94	-5.6	
tfrrs	74458	None	41	-9.37	6.14	-5.6	
tfrrs	90835	None	50	-8.87	5.22	-5.5	
tfrrs	55966	None	135	-8.38	5.12	-5.5	
tfrrs	17039	None	22	+15.03	9.93	+5.5	
anet	76588	1	37	+10.76	6.65	+5.5	
tfrrs	63319	None	152	-8.32	4.91	-5.5	
anet	315270	1	50	+9.59	4.80	+5.5	
tfrrs	16689	None	55	-8.89	5.58	-5.5	
tfrrs	4052	None	27	-9.09	4.39	-5.5	
tfrrs	48962	None	19	-8.86	3.22	-5.5	
tfrrs	65285	None	91	-8.47	4.89	-5.5	
tfrrs	44627	None	58	-8.85	5.56	-5.5	
tfrrs	89015	None	23	-10.81	7.05	-5.5	
tfrrs	31814	None	60	-8.50	4.14	-5.5	
tfrrs	90774	None	39	-8.69	4.06	-5.5	
tfrrs	78593	None	71	-9.16	7.40	-5.5	
tfrrs	66630	None	83	-8.46	4.66	-5.5	
tfrrs	92213	None	13	-9.35	3.46	-5.5	
tfrrs	94506	None	40	-9.59	6.68	-5.5	
tfrrs	81804	None	97	-8.42	4.83	-5.5	
anet	258100	1	72	+9.21	4.24	+5.5	
tfrrs	46013	None	114	-8.28	4.04	-5.5	
tfrrs	50179	None	31	-9.25	5.12	-5.5	
tfrrs	23431	None	34	-9.08	4.95	-5.5	
tfrrs	29079	None	58	-9.21	6.92	-5.5	
tfrrs	37380	None	45	-9.30	6.35	-5.5	
tfrrs	87375	None	116	-8.58	6.43	-5.5	
tfrrs	58375	None	93	-8.29	3.82	-5.5	
anet	349105	1	91	+9.00	3.57	+5.5	
anet	33322	1	20	-12.45	8.78	-5.5	
tfrrs	42231	None	66	-8.48	4.40	-5.5	
tfrrs	76000	None	148	-8.36	5.55	-5.5	
tfrrs	54401	None	29	-10.19	6.89	-5.5	
tfrrs	61927	None	48	-8.34	3.08	-5.5	
tfrrs	45090	None	36	-8.96	4.81	-5.5	
tfrrs	19004	None	14	-9.81	4.29	-5.5	
tfrrs	18961	None	99	-8.32	4.33	-5.5	
tfrrs	62487	None	141	-8.43	6.10	-5.5	
tfrrs	58438	None	84	-8.96	7.36	-5.5	
tfrrs	92017	None	24	-11.02	7.59	-5.5	
tfrrs	13816	None	74	-8.66	5.64	-5.5	
tfrrs	16980	None	95	-9.40	9.70	-5.5	
tfrrs	80541	None	31	-9.08	4.80	-5.5	
tfrrs	9547	None	29	-10.09	6.73	-5.5	
anet	309785	1	44	-10.23	8.62	-5.5	
tfrrs	58681	None	103	-8.45	5.39	-5.5	
tfrrs	80981	None	16	-8.89	3.09	-5.5	
tfrrs	67040	None	56	-9.24	6.98	-5.5	
tfrrs	38508	None	171	-8.34	5.96	-5.5	
anet	535084	2	22	-8.54	2.79	-5.5	
tfrrs	59256	None	27	-8.78	3.78	-5.5	
tfrrs	61910	None	33	-8.72	3.99	-5.5	
tfrrs	81730	None	144	-8.37	5.86	-5.5	
tfrrs	95956	None	20	-9.36	4.41	-5.5	
tfrrs	49526	None	70	-8.32	3.80	-5.5	
tfrrs	58888	None	22	-10.16	6.02	-5.5	
tfrrs	38509	None	110	-8.56	6.44	-5.5	
anet	405794	1	28	+9.65	3.94	+5.5	
tfrrs	13926	None	113	-8.78	7.81	-5.5	
tfrrs	60390	None	40	-9.30	6.11	-5.5	
tfrrs	12242	None	28	-9.37	5.28	-5.5	
tfrrs	45757	None	16	-10.74	5.90	-5.5	
anet	238818	1	44	+9.90	5.59	+5.5	
tfrrs	24325	None	36	-9.15	5.45	-5.5	
anet	317874	10	15	+9.21	2.09	+5.5	
tfrrs	86560	None	67	-9.05	7.05	-5.5	
tfrrs	93183	None	38	-8.72	4.36	-5.5	
tfrrs	70905	None	157	-8.30	5.57	-5.5	
tfrrs	68691	None	84	-8.31	4.16	-5.5	
tfrrs	56900	None	34	-8.87	4.57	-5.5	
tfrrs	13239	None	37	-9.05	5.26	-5.5	
tfrrs	40130	None	67	-8.50	4.82	-5.5	
anet	79792	1	38	+9.01	2.61	+5.5	
tfrrs	38349	None	34	-9.28	5.63	-5.5	
anet	222911	2	39	+9.35	3.84	+5.5	
anet	71772	1	95	+8.93	3.58	+5.5	
tfrrs	69098	None	20	-8.55	2.74	-5.5	
anet	430670	1	51	+10.03	6.39	+5.5	
tfrrs	68700	None	53	-10.69	10.65	-5.5	
tfrrs	9415	None	80	-8.49	5.21	-5.5	
tfrrs	16167	None	65	-8.29	3.58	-5.5	
tfrrs	81895	None	132	-8.34	5.56	-5.5	
tfrrs	91490	None	23	-8.82	3.65	-5.5	
tfrrs	78814	None	26	-9.47	5.31	-5.5	
tfrrs	22241	None	486	-8.05	4.05	-5.5	
tfrrs	45035	None	39	-8.66	4.26	-5.5	
tfrrs	6941	None	16	-10.82	6.02	-5.5	
tfrrs	75681	None	27	-9.75	5.97	-5.5	
tfrrs	51528	None	32	-8.95	4.66	-5.5	
tfrrs	14752	None	36	-8.80	4.54	-5.5	
tfrrs	33016	None	19	-11.00	6.82	-5.5	
tfrrs	62933	None	120	-8.19	4.01	-5.5	
tfrrs	13815	None	36	-9.14	5.46	-5.5	
tfrrs	71648	None	91	-8.93	7.84	-5.5	
anet	336130	1	58	+9.93	6.60	+5.5	
tfrrs	17059	None	110	-9.45	10.91	-5.5	
tfrrs	71877	None	48	-9.44	7.17	-5.5	
tfrrs	58374	None	79	-8.24	3.73	-5.5	
tfrrs	60644	None	31	-11.01	8.74	-5.5	
tfrrs	36494	None	59	-8.61	5.06	-5.5	
tfrrs	31523	None	121	-8.62	7.34	-5.5	
tfrrs	91761	None	35	-9.16	5.47	-5.5	
anet	243678	1	24	+11.29	6.33	+5.5	
anet	125558	1	55	+9.35	4.68	+5.5	
tfrrs	61073	None	79	-8.35	4.47	-5.5	
anet	73115	1	21	+10.27	4.53	+5.5	
tfrrs	89271	None	20	-9.01	3.84	-5.5	
tfrrs	14472	None	110	-8.58	6.79	-5.5	
tfrrs	59191	None	64	-9.51	8.52	-5.5	
anet	127367	1	48	-8.77	5.19	-5.5	
tfrrs	47874	None	38	-8.91	5.04	-5.5	
tfrrs	73923	None	66	-9.65	9.11	-5.5	
tfrrs	77097	None	92	-8.56	6.12	-5.5	
tfrrs	8277	None	20	-9.65	5.01	-5.5	
tfrrs	25687	None	14	-11.83	6.80	-5.5	
tfrrs	84720	None	22	-9.14	4.32	-5.5	
tfrrs	61178	None	55	-9.12	6.76	-5.5	
tfrrs	60029	None	39	-9.99	7.76	-5.5	
tfrrs	90169	None	18	-10.48	5.97	-5.5	
anet	260426	1	60	+9.12	4.00	+5.5	
anet	139301	1	18	-16.56	13.14	-5.5	
anet	96455	1	50	+9.62	5.35	+5.5	
tfrrs	37695	None	45	-8.76	5.04	-5.5	
anet	437964	1	18	+10.22	4.15	+5.5	
tfrrs	21559	None	86	-8.80	7.16	-5.5	
anet	397866	1	29	+12.88	9.16	+5.5	
tfrrs	55731	None	23	-9.25	4.66	-5.5	
tfrrs	67426	None	46	-9.62	7.57	-5.5	
tfrrs	86784	None	23	-8.98	4.11	-5.5	
tfrrs	46415	None	67	-8.46	4.84	-5.5	
tfrrs	30894	None	23	-8.96	4.07	-5.5	
anet	502711	2	15	-8.94	3.26	-5.5	
tfrrs	27628	None	73	-8.18	3.35	-5.5	
tfrrs	37050	None	101	-8.51	6.23	-5.5	
tfrrs	28998	None	22	-10.92	7.29	-5.5	
tfrrs	45872	None	27	-8.11	1.72	-5.5	
tfrrs	18896	None	14	-12.83	7.89	-5.5	
tfrrs	83752	None	29	-12.01	10.12	-5.5	
tfrrs	69756	None	33	-9.65	6.50	-5.5	
tfrrs	10504	None	27	-11.10	8.37	-5.5	
tfrrs	77381	None	21	-8.21	1.94	-5.5	
tfrrs	46501	None	31	-9.70	6.40	-5.5	
tfrrs	39594	None	28	-8.74	3.97	-5.4	
anet	183351	2	37	-9.55	6.66	-5.4	
tfrrs	43027	None	58	-9.13	7.07	-5.4	
anet	613486	1	68	+8.96	3.62	+5.4	
tfrrs	12451	None	74	-8.32	4.40	-5.4	
tfrrs	82269	None	300	-8.04	4.39	-5.4	
tfrrs	93635	None	231	-8.04	3.97	-5.4	
tfrrs	33782	None	35	-11.98	11.10	-5.4	
tfrrs	48907	None	158	-8.08	3.83	-5.4	
tfrrs	76430	None	55	-8.46	4.45	-5.4	
tfrrs	28995	None	66	-8.48	5.01	-5.4	
tfrrs	5869	None	44	-8.45	3.94	-5.4	
tfrrs	71391	None	160	-8.07	3.78	-5.4	
anet	652306	1	42	-8.65	4.59	-5.4	
tfrrs	81199	None	23	-8.68	3.48	-5.4	
tfrrs	31587	None	201	-8.30	7.18	-5.4	
tfrrs	57049	None	42	-9.09	5.95	-5.4	
tfrrs	84115	None	109	-8.20	4.46	-5.4	
anet	96463	1	76	+9.02	4.23	+5.4	
tfrrs	80888	None	22	-9.90	5.77	-5.4	
tfrrs	68676	None	104	-8.21	4.47	-5.4	
tfrrs	5284	None	234	-8.28	7.54	-5.4	
tfrrs	86874	None	51	-8.77	5.56	-5.4	
tfrrs	76674	None	95	-8.44	5.87	-5.4	
tfrrs	58747	None	31	-8.24	2.61	-5.4	
tfrrs	55522	None	53	-8.58	4.98	-5.4	
tfrrs	72459	None	51	-8.97	6.21	-5.4	
anet	338485	1	16	-11.52	7.00	-5.4	
tfrrs	17679	None	46	-8.55	4.51	-5.4	
tfrrs	78160	None	75	-8.28	4.34	-5.4	
tfrrs	41863	None	108	-8.16	4.24	-5.4	
tfrrs	15388	None	14	-11.45	6.48	-5.4	
tfrrs	51441	None	35	-10.32	8.15	-5.4	
tfrrs	36264	None	48	-8.26	3.40	-5.4	
anet	403810	2	36	+10.77	7.05	+5.4	
tfrrs	62948	None	100	-8.17	4.21	-5.4	
tfrrs	35571	None	14	-8.27	1.87	-5.4	
anet	282740	1	54	+10.72	8.54	+5.4	
tfrrs	63753	None	131	-8.30	5.98	-5.4	
tfrrs	50532	None	41	-8.58	4.41	-5.4	
anet	388686	1	24	-9.08	4.53	-5.4	
tfrrs	14187	None	23	-9.03	4.34	-5.4	
tfrrs	96229	None	21	-9.15	4.39	-5.4	
tfrrs	68695	None	96	-8.29	5.08	-5.4	
tfrrs	15784	None	207	-8.01	3.88	-5.4	
anet	84468	1	98	+10.93	12.12	+5.4	
tfrrs	49926	None	34	-8.35	3.25	-5.4	
anet	611233	1	41	+9.52	4.81	+5.4	
anet	340024	1	36	-9.24	5.98	-5.4	
anet	84845	1	89	+10.57	10.56	+5.4	
tfrrs	91846	None	65	-8.35	4.51	-5.4	
tfrrs	77572	None	109	-8.31	5.60	-5.4	
anet	197881	1	16	-10.73	6.08	-5.4	
tfrrs	61015	None	84	-8.33	5.03	-5.4	
tfrrs	60632	None	46	-8.21	3.16	-5.4	
anet	75726	1	86	+9.71	7.72	+5.4	
anet	247315	1	16	-11.29	6.77	-5.4	
tfrrs	83988	None	87	-8.35	5.29	-5.4	
tfrrs	84145	None	51	-8.63	5.16	-5.4	
tfrrs	91896	None	101	-8.21	4.71	-5.4	
tfrrs	33894	None	21	-8.75	3.61	-5.4	
tfrrs	54565	None	66	-8.22	3.92	-5.4	
anet	463392	16	32	+11.25	7.49	+5.4	
tfrrs	82648	None	40	-8.47	4.08	-5.4	
tfrrs	37545	None	54	-8.32	4.04	-5.4	
tfrrs	14527	None	78	-9.25	8.88	-5.4	
tfrrs	71530	None	201	-8.28	7.44	-5.4	
anet	84467	1	152	+10.07	11.93	+5.4	
tfrrs	21087	None	27	-9.20	5.15	-5.4	
anet	125361	1	51	+9.09	4.03	+5.4	
tfrrs	20335	None	78	-8.22	4.31	-5.4	
tfrrs	29053	None	60	-8.17	3.48	-5.4	
tfrrs	31762	None	20	-8.81	3.67	-5.4	
tfrrs	83656	None	40	-8.74	5.01	-5.4	
anet	251632	1	13	-12.66	7.57	-5.4	
tfrrs	15855	None	72	-8.97	7.63	-5.4	
tfrrs	48226	None	78	-8.22	4.35	-5.4	
tfrrs	87642	None	89	-8.17	4.35	-5.4	
tfrrs	47066	None	69	-8.07	3.18	-5.4	
tfrrs	15743	None	73	-8.54	5.92	-5.4	
tfrrs	66678	None	80	-8.03	3.05	-5.4	
anet	209179	2	31	+9.93	5.17	+5.4	
tfrrs	45197	None	22	-9.43	5.11	-5.4	
tfrrs	96134	None	99	-8.34	5.77	-5.4	
tfrrs	54855	None	90	-8.59	6.85	-5.4	
tfrrs	57517	None	155	-8.15	5.62	-5.4	
tfrrs	48206	None	59	-8.24	3.99	-5.4	
tfrrs	45071	None	249	-7.91	3.11	-5.4	
tfrrs	30904	None	64	-8.15	3.65	-5.4	
anet	69673	1	86	+9.01	4.95	+5.4	
tfrrs	47342	None	14	-12.50	7.72	-5.4	
tfrrs	9888	None	14	-8.94	3.33	-5.4	
tfrrs	31769	None	19	-9.31	4.56	-5.4	
tfrrs	46632	None	28	-9.22	5.34	-5.4	
tfrrs	81227	None	55	-8.27	3.99	-5.4	
tfrrs	82957	None	30	-8.67	4.21	-5.4	
anet	628852	1	21	-9.57	5.26	-5.4	
tfrrs	71248	None	63	-8.33	4.63	-5.4	
tfrrs	55626	None	41	-8.22	3.26	-5.4	
anet	413356	1	42	-8.77	5.29	-5.4	
tfrrs	75676	None	123	-8.28	6.11	-5.4	
tfrrs	30950	None	56	-8.28	4.11	-5.4	
tfrrs	27739	None	65	-8.33	4.69	-5.4	
tfrrs	64252	None	55	-8.32	4.28	-5.4	
tfrrs	8224	None	85	-9.28	9.58	-5.4	
tfrrs	22256	None	21	-8.89	4.01	-5.4	
tfrrs	50701	None	141	-8.01	4.06	-5.4	
anet	656595	1	201	+8.79	5.80	+5.4	
tfrrs	45102	None	39	-9.66	7.40	-5.4	
tfrrs	48310	None	18	-8.31	2.46	-5.4	
tfrrs	75034	None	29	-8.51	3.76	-5.4	
tfrrs	46935	None	133	-9.16	11.47	-5.4	
anet	154354	1	14	-8.65	2.87	-5.4	
tfrrs	50761	None	15	-9.08	3.72	-5.4	
tfrrs	67058	None	50	-8.48	4.81	-5.4	
tfrrs	44331	None	50	-8.66	5.46	-5.4	
tfrrs	5268	None	15	-8.65	2.98	-5.4	
tfrrs	75557	None	310	-7.93	4.63	-5.4	
tfrrs	54794	None	85	-8.24	4.96	-5.4	
tfrrs	69994	None	23	-8.31	2.81	-5.4	
anet	354820	1	27	-9.58	6.02	-5.4	
tfrrs	45088	None	13	-8.71	2.88	-5.4	
tfrrs	43578	None	66	-8.71	6.52	-5.4	
tfrrs	15959	None	39	-8.75	5.13	-5.4	
anet	229303	1	50	-8.45	4.73	-5.4	
tfrrs	95452	None	73	-8.13	3.94	-5.4	
tfrrs	37986	None	80	-8.47	6.10	-5.4	
tfrrs	14558	None	73	-8.50	5.97	-5.4	
tfrrs	82882	None	122	-8.03	4.23	-5.4	
anet	263837	1	40	+10.41	7.00	+5.4	
tfrrs	11835	None	107	-8.01	3.78	-5.4	
tfrrs	60358	None	14	-10.86	5.97	-5.4	
tfrrs	29052	None	43	-9.49	7.42	-5.4	
tfrrs	37239	None	222	-8.04	5.99	-5.4	
tfrrs	61314	None	69	-8.41	5.46	-5.3	
tfrrs	60008	None	21	-9.69	5.53	-5.3	
anet	226400	1	66	+9.26	5.63	+5.3	
anet	81422	1	83	+8.89	4.54	+5.3	
tfrrs	19104	None	33	-8.65	4.49	-5.3	
tfrrs	59726	None	31	-9.71	6.78	-5.3	
tfrrs	68892	None	33	-8.73	4.72	-5.3	
anet	96461	1	82	+8.88	4.53	+5.3	
tfrrs	66476	None	90	-8.49	6.65	-5.3	
tfrrs	73269	None	154	-8.07	5.40	-5.3	
tfrrs	18229	None	243	-7.86	3.09	-5.3	
tfrrs	8173	None	21	-8.97	4.27	-5.3	
tfrrs	13818	None	143	-8.44	8.08	-5.3	
tfrrs	41177	None	29	-9.23	5.60	-5.3	
tfrrs	89196	None	35	-9.63	7.03	-5.3	
tfrrs	3573	None	15	-9.02	3.69	-5.3	
anet	572214	1	52	-9.38	7.91	-5.3	
tfrrs	8413	None	44	-8.70	5.36	-5.3	
anet	311663	1	22	+10.37	5.17	+5.3	
anet	86083	1	41	-8.94	5.89	-5.3	
tfrrs	45055	None	27	-9.81	6.53	-5.3	
tfrrs	84314	None	20	-9.59	5.26	-5.3	
tfrrs	62382	None	61	-8.03	3.13	-5.3	
anet	563225	1	63	+9.11	5.00	+5.3	
anet	223951	1	93	+8.72	3.85	+5.3	
tfrrs	85967	None	59	-8.44	5.25	-5.3	
tfrrs	53562	None	71	-8.09	3.89	-5.3	
tfrrs	39618	None	69	-8.22	4.58	-5.3	
tfrrs	18610	None	70	-8.31	5.12	-5.3	
anet	612037	3	31	+10.29	6.03	+5.3	
anet	302190	1	73	+9.15	5.56	+5.3	
tfrrs	60121	None	40	-8.81	5.49	-5.3	
tfrrs	54432	None	105	-8.26	5.94	-5.3	
tfrrs	51237	None	73	-8.07	3.84	-5.3	
anet	65144	1	44	+9.84	6.20	+5.3	
tfrrs	87497	None	56	-8.83	6.59	-5.3	
tfrrs	46561	None	28	-8.48	3.75	-5.3	
tfrrs	61341	None	113	-8.02	4.38	-5.3	
anet	167598	1	18	+10.28	4.60	+5.3	
tfrrs	40710	None	76	-8.11	4.21	-5.3	
tfrrs	45754	None	47	-9.27	7.29	-5.3	
tfrrs	61916	None	56	-8.23	4.25	-5.3	
tfrrs	38187	None	28	-8.31	3.27	-5.3	
tfrrs	59820	None	40	-8.59	4.88	-5.3	
anet	202320	1	45	+9.12	4.33	+5.3	
tfrrs	79889	None	23	-8.68	3.90	-5.3	
tfrrs	95704	None	61	-8.14	4.01	-5.3	
anet	612714	1	77	+9.28	6.36	+5.3	
tfrrs	56416	None	32	-8.04	2.50	-5.3	
tfrrs	5315	None	150	-8.24	7.13	-5.3	
tfrrs	68329	None	20	-9.25	4.76	-5.3	
tfrrs	85331	None	26	-9.71	6.31	-5.3	
tfrrs	72623	None	43	-8.99	6.30	-5.3	
tfrrs	76912	None	24	-8.04	2.17	-5.3	
tfrrs	30902	None	49	-8.58	5.42	-5.3	
anet	437961	1	29	+11.03	7.10	+5.3	
tfrrs	44693	None	59	-8.12	3.92	-5.3	
tfrrs	44608	None	63	-8.33	5.09	-5.3	
anet	158783	5	14	-8.65	3.04	-5.3	
anet	495582	1	12	-11.12	5.89	-5.3	
tfrrs	32651	None	47	-9.06	6.78	-5.3	
tfrrs	60143	None	53	-8.14	3.82	-5.3	
tfrrs	16865	None	192	-7.92	4.82	-5.3	
tfrrs	61061	None	21	-11.41	8.21	-5.3	
tfrrs	37061	None	51	-8.52	5.34	-5.3	
tfrrs	28956	None	20	-8.63	3.59	-5.3	
tfrrs	84531	None	75	-8.29	5.39	-5.3	
anet	197487	1	21	+9.97	4.57	+5.3	
tfrrs	67605	None	30	-9.08	5.50	-5.3	
tfrrs	8415	None	35	-9.31	6.48	-5.3	
anet	269369	1	12	-8.26	2.10	-5.3	
tfrrs	5005	None	27	-9.45	5.98	-5.3	
tfrrs	6176	None	27	-9.45	5.98	-5.3	
tfrrs	37146	None	19	-9.40	4.94	-5.3	
tfrrs	71621	None	254	-7.91	5.54	-5.3	
tfrrs	25123	None	40	-8.49	4.66	-5.3	
anet	493926	1	42	-11.91	12.60	-5.3	
tfrrs	47770	None	12	-14.33	9.08	-5.3	
tfrrs	95315	None	84	-8.10	4.64	-5.3	
tfrrs	60556	None	125	-8.02	4.96	-5.3	
anet	259968	1	69	+9.20	5.87	+5.3	
anet	476828	1	15	+9.05	2.46	+5.3	
anet	225924	1	23	+9.91	4.72	+5.3	
tfrrs	90113	None	50	-8.26	4.33	-5.3	
anet	432869	1	25	-8.22	2.95	-5.3	
tfrrs	11884	None	16	-10.25	5.74	-5.3	
anet	53776	1	23	-8.75	4.16	-5.3	
tfrrs	67341	None	112	-8.12	5.58	-5.3	
tfrrs	84293	None	17	-12.59	8.84	-5.3	
tfrrs	73916	None	120	-8.15	5.97	-5.3	
anet	45646	1	13	-54.98	56.86	-5.3	
tfrrs	52760	None	174	-7.84	3.69	-5.3	
tfrrs	47349	None	114	-7.99	4.56	-5.3	
anet	218927	1	15	-9.17	4.06	-5.3	
tfrrs	56432	None	85	-7.99	3.99	-5.3	
anet	618924	3	18	-13.54	10.22	-5.3	
tfrrs	47202	None	315	-7.81	4.39	-5.3	
tfrrs	28544	None	32	-10.74	9.04	-5.3	
tfrrs	85154	None	37	-8.53	4.68	-5.3	
anet	345251	1	19	+14.31	9.26	+5.3	
tfrrs	96315	None	53	-8.47	5.39	-5.3	
tfrrs	77142	None	45	-8.73	5.82	-5.3	
tfrrs	12554	None	51	-8.32	4.72	-5.3	
anet	283001	1	66	+9.27	6.09	+5.3	
tfrrs	63754	None	14	-11.40	6.75	-5.3	
tfrrs	60582	None	47	-8.18	3.98	-5.3	
tfrrs	11901	None	55	-9.21	7.96	-5.3	
anet	174750	3	21	-9.89	6.07	-5.3	
tfrrs	95603	None	73	-7.98	3.78	-5.3	
tfrrs	71988	None	125	-8.19	6.57	-5.3	
anet	448091	1	50	+8.90	4.06	+5.3	
anet	405849	5	50	+9.01	4.48	+5.3	
tfrrs	49886	None	98	-8.20	5.88	-5.3	
tfrrs	73801	None	31	-10.21	7.98	-5.3	
tfrrs	40759	None	46	-8.30	4.46	-5.3	
tfrrs	85560	None	188	-7.90	5.17	-5.3	
anet	316128	2	12	+11.77	5.33	+5.3	
tfrrs	63725	None	278	-7.79	4.24	-5.3	
tfrrs	62353	None	99	-8.00	4.59	-5.3	
anet	167756	1	79	+8.83	4.84	+5.3	
tfrrs	66841	None	32	-8.73	4.96	-5.3	
tfrrs	35052	None	45	-9.44	7.84	-5.3	
tfrrs	54912	None	31	-8.69	4.78	-5.3	
tfrrs	13229	None	44	-8.84	6.15	-5.3	
tfrrs	14990	None	101	-8.02	4.85	-5.3	
tfrrs	55783	None	30	-8.75	4.87	-5.3	
tfrrs	76894	None	98	-8.26	6.35	-5.3	
tfrrs	26874	None	33	-8.72	5.04	-5.3	
tfrrs	10118	None	38	-9.19	6.61	-5.3	
tfrrs	12087	None	19	-9.46	5.13	-5.3	
tfrrs	74148	None	36	-9.24	6.57	-5.3	
tfrrs	10818	None	30	-8.54	4.34	-5.3	
tfrrs	39989	None	62	-8.22	4.90	-5.3	
anet	379446	1	81	+9.15	6.40	+5.3	
tfrrs	63815	None	21	-10.68	7.31	-5.3	
tfrrs	19981	None	14	-8.87	3.54	-5.3	
tfrrs	14380	None	31	-9.77	7.20	-5.3	
tfrrs	48950	None	59	-8.64	6.46	-5.3	
tfrrs	11016	None	17	-10.08	5.77	-5.3	
tfrrs	18911	None	37	-9.61	7.53	-5.3	
tfrrs	62929	None	16	-8.28	2.64	-5.3	
tfrrs	25855	None	99	-7.92	4.09	-5.3	
tfrrs	85480	None	39	-8.32	4.26	-5.3	
tfrrs	68359	None	38	-9.00	6.19	-5.3	
anet	256617	4	42	+10.14	7.04	+5.3	
tfrrs	76286	None	213	-7.83	4.90	-5.3	
tfrrs	43243	None	96	-8.06	5.18	-5.3	
tfrrs	89241	None	130	-7.85	4.05	-5.3	
tfrrs	87749	None	362	-7.84	6.64	-5.3	
tfrrs	84016	None	74	-8.11	4.84	-5.3	
anet	310221	1	43	+9.60	5.92	+5.3	
tfrrs	44487	None	115	-7.88	4.14	-5.2	
tfrrs	59817	None	26	-9.33	5.81	-5.2	
tfrrs	28468	None	12	-11.29	6.20	-5.2	
tfrrs	76318	None	70	-8.09	4.62	-5.2	
tfrrs	94469	None	191	-8.06	7.33	-5.2	
anet	563264	1	58	+8.85	4.41	+5.2	
tfrrs	17188	None	24	+11.72	7.56	+5.2	
anet	76587	1	66	+9.20	6.07	+5.2	
tfrrs	64973	None	94	-8.42	7.25	-5.2	
tfrrs	49877	None	37	-8.36	4.38	-5.2	
tfrrs	43815	None	41	-9.13	6.83	-5.2	
tfrrs	78607	None	57	-8.93	7.44	-5.2	
tfrrs	85741	None	25	-9.29	5.65	-5.2	
tfrrs	55402	None	91	-8.23	6.19	-5.2	
tfrrs	86146	None	16	-9.52	4.87	-5.2	
anet	229164	1	129	+8.70	5.72	+5.2	
tfrrs	54857	None	50	-8.16	4.28	-5.2	
anet	460727	2	30	+8.93	3.47	+5.2	
tfrrs	33454	None	28	-10.84	8.79	-5.2	
tfrrs	30174	None	30	-10.74	8.93	-5.2	
tfrrs	21329	None	44	-8.30	4.57	-5.2	
tfrrs	62255	None	18	-9.33	4.88	-5.2	
tfrrs	19885	None	16	-8.81	3.77	-5.2	
anet	563267	1	69	+8.55	3.39	+5.2	
tfrrs	46559	None	34	-8.47	4.55	-5.2	
tfrrs	85490	None	117	-7.91	4.69	-5.2	
tfrrs	32732	None	54	-9.11	7.83	-5.2	
anet	159062	4	12	-9.10	3.67	-5.2	
anet	209095	1	74	+8.70	4.37	+5.2	
tfrrs	80998	None	36	-8.82	5.67	-5.2	
anet	83810	1	140	+9.14	8.70	+5.2	
tfrrs	2698	None	29	-8.17	3.33	-5.2	
tfrrs	66180	None	82	-7.83	3.34	-5.2	
tfrrs	76821	None	89	-8.10	5.47	-5.2	
tfrrs	57990	None	15	-12.40	8.25	-5.2	
tfrrs	9327	None	22	-8.51	3.78	-5.2	
tfrrs	68711	None	104	-8.08	5.79	-5.2	
tfrrs	35159	None	20	-9.47	5.40	-5.2	
anet	71751	1	35	+8.94	3.83	+5.2	
tfrrs	40038	None	18	-8.12	2.53	-5.2	
tfrrs	72008	None	95	-8.13	5.87	-5.2	
tfrrs	6386	None	25	-9.88	6.76	-5.2	
tfrrs	94735	None	59	-8.95	7.73	-5.2	
tfrrs	72094	None	33	-8.67	5.09	-5.2	
tfrrs	79869	None	108	-7.85	4.16	-5.2	
tfrrs	73743	None	321	-7.76	5.52	-5.2	
tfrrs	73726	None	78	-8.31	6.28	-5.2	
tfrrs	88356	None	34	-8.67	5.17	-5.2	
tfrrs	71904	None	157	-7.87	5.34	-5.2	
tfrrs	30721	None	35	-10.77	9.78	-5.2	
anet	474505	1	85	+8.58	4.20	+5.2	
anet	75721	1	12	-11.79	6.79	-5.2	
tfrrs	63245	None	29	-8.70	4.87	-5.2	
tfrrs	67932	None	16	-10.13	5.79	-5.2	
tfrrs	14994	None	29	-8.49	4.36	-5.2	
tfrrs	68643	None	23	-9.09	5.14	-5.2	
anet	404716	1	16	-12.74	8.97	-5.2	
tfrrs	54430	None	104	-8.09	6.06	-5.2	
tfrrs	43814	None	33	-9.41	6.88	-5.2	
anet	561611	1	64	+8.65	4.05	+5.2	
anet	439690	2	18	-16.12	13.46	-5.2	
tfrrs	77009	None	31	-8.94	5.64	-5.2	
tfrrs	85106	None	42	-8.01	3.52	-5.2	
tfrrs	40909	None	29	-8.10	3.24	-5.2	
tfrrs	51971	None	215	-7.95	7.37	-5.2	
anet	585475	2	18	-9.27	4.86	-5.2	
tfrrs	42349	None	215	-7.76	5.03	-5.2	
anet	278413	1	59	+8.52	3.25	+5.2	
anet	72954	1	60	+9.05	5.56	+5.2	
tfrrs	15303	None	50	-8.54	5.95	-5.2	
tfrrs	30083	None	25	-9.12	5.45	-5.2	
tfrrs	86154	None	25	-9.41	6.01	-5.2	
tfrrs	8794	None	15	-9.62	4.96	-5.2	
tfrrs	21192	None	14	-8.86	3.69	-5.2	
tfrrs	66232	None	12	-8.59	3.01	-5.2	
anet	159062	3	16	-11.01	6.95	-5.2	
tfrrs	61315	None	45	-7.94	3.38	-5.2	
tfrrs	77383	None	35	-7.96	3.07	-5.2	
tfrrs	11596	None	19	-8.93	4.43	-5.2	
tfrrs	41268	None	157	-7.67	3.05	-5.2	
anet	608178	1	136	+8.65	6.02	+5.2	
tfrrs	22637	None	60	-8.12	4.84	-5.2	
anet	308338	1	12	+10.81	4.60	+5.2	
tfrrs	87260	None	71	-8.36	6.36	-5.2	
tfrrs	43975	None	102	-7.97	5.33	-5.2	
tfrrs	73374	None	41	-8.10	3.91	-5.2	
anet	474360	1	19	-25.22	24.69	-5.2	
tfrrs	67422	None	64	-8.98	8.32	-5.2	
anet	71769	1	69	+8.92	5.55	+5.2	
tfrrs	88167	None	59	-9.50	9.52	-5.2	
tfrrs	72058	None	87	-7.86	4.20	-5.2	
anet	226087	1	53	+9.51	6.68	+5.2	
tfrrs	13370	None	48	-8.29	5.03	-5.2	
tfrrs	40578	None	37	-9.00	6.38	-5.2	
tfrrs	51178	None	40	-8.54	5.39	-5.2	
anet	252092	1	50	+8.74	4.10	+5.2	
anet	522714	1	57	+9.01	5.39	+5.2	
tfrrs	77594	None	51	-8.23	4.95	-5.2	
tfrrs	28991	None	36	-10.25	9.01	-5.2	
anet	448705	1	26	+10.97	7.04	+5.2	
tfrrs	71766	None	82	-7.97	4.82	-5.2	
tfrrs	60044	None	80	-8.10	5.54	-5.2	
tfrrs	93777	None	46	-8.47	5.57	-5.2	
tfrrs	76751	None	12	-8.73	3.26	-5.2	
tfrrs	66860	None	45	-8.41	5.31	-5.2	
anet	123399	1	92	+9.61	9.20	+5.2	
tfrrs	74007	None	37	-8.48	5.04	-5.2	
tfrrs	92119	None	33	-8.26	4.13	-5.2	
tfrrs	42929	None	25	-9.60	6.43	-5.2	
tfrrs	61270	None	85	-7.99	5.16	-5.2	
tfrrs	76791	None	95	-9.57	12.43	-5.2	
anet	166191	10	61	+8.42	2.98	+5.2	
tfrrs	91269	None	22	-9.29	5.50	-5.2	
tfrrs	9443	None	27	-9.75	6.97	-5.2	
tfrrs	71183	None	328	-7.72	6.22	-5.2	
tfrrs	10313	None	56	-9.84	10.26	-5.2	
tfrrs	45801	None	58	-8.12	4.88	-5.2	
anet	197709	3	12	-14.21	9.27	-5.2	
tfrrs	1050	None	28	-13.80	13.57	-5.2	
tfrrs	66205	None	22	-9.68	6.18	-5.2	
anet	626840	1	18	-8.74	4.05	-5.2	
tfrrs	7724	None	40	-9.59	8.14	-5.2	
tfrrs	61107	None	25	-8.37	3.91	-5.2	
tfrrs	32550	None	74	-7.96	4.68	-5.2	
tfrrs	44267	None	25	-8.28	3.68	-5.2	
tfrrs	16051	None	29	-9.08	5.90	-5.2	
anet	319534	3	31	-9.19	6.34	-5.2	
tfrrs	71692	None	64	-9.21	9.18	-5.2	
tfrrs	56656	None	51	-7.90	3.61	-5.2	
anet	383333	1	81	+8.45	3.75	+5.2	
anet	372831	4	31	+9.03	4.14	+5.2	
tfrrs	73924	None	95	-8.30	7.31	-5.2	
anet	209178	1	74	+8.81	5.51	+5.2	
tfrrs	54168	None	51	-7.92	3.75	-5.2	
tfrrs	78728	None	60	-8.34	5.99	-5.2	
tfrrs	19668	None	28	-11.64	10.33	-5.2	
tfrrs	48609	None	133	-7.62	2.87	-5.2	
tfrrs	70679	None	266	-7.77	6.79	-5.2	
tfrrs	83240	None	54	-7.95	4.05	-5.2	
anet	436069	1	27	-9.16	5.90	-5.2	
tfrrs	49561	None	64	-8.03	4.85	-5.1	
anet	613159	1	106	+8.44	4.44	+5.1	
anet	428558	1	75	+8.61	4.67	+5.1	
tfrrs	87163	None	21	-8.80	4.55	-5.1	
tfrrs	66092	None	83	-8.17	6.27	-5.1	
tfrrs	8961	None	90	-8.79	9.36	-5.1	
tfrrs	7742	None	20	-12.61	10.02	-5.1	
tfrrs	77623	None	39	-9.05	6.84	-5.1	
tfrrs	61883	None	63	-8.19	5.55	-5.1	
anet	129911	1	85	+8.80	5.95	+5.1	
tfrrs	32381	None	21	-8.90	4.74	-5.1	
anet	105118	1	22	-11.02	8.31	-5.1	
anet	125577	2	48	+9.67	6.94	+5.1	
tfrrs	9376	None	53	-7.90	3.80	-5.1	
tfrrs	41955	None	62	-8.56	6.98	-5.1	
tfrrs	41956	None	62	-8.56	6.98	-5.1	
tfrrs	75101	None	31	-8.48	4.75	-5.1	
anet	349269	1	26	+11.46	7.84	+5.1	
anet	377843	1	81	+9.30	7.79	+5.1	
tfrrs	80988	None	114	-7.78	4.66	-5.1	
tfrrs	63621	None	112	-7.88	5.45	-5.1	
tfrrs	42090	None	44	-8.07	4.22	-5.1	
tfrrs	90034	None	43	-8.75	6.40	-5.1	
tfrrs	46063	None	14	-10.34	5.83	-5.1	
tfrrs	80535	None	36	-7.97	3.48	-5.1	
tfrrs	32641	None	146	-7.79	5.40	-5.1	
tfrrs	76659	None	60	-7.86	3.86	-5.1	
tfrrs	79656	None	86	-7.67	3.11	-5.1	
tfrrs	52651	None	29	-8.09	3.53	-5.1	
tfrrs	50914	None	25	-10.91	8.70	-5.1	
tfrrs	55004	None	41	-8.44	5.36	-5.1	
tfrrs	64815	None	19	-9.36	5.32	-5.1	
tfrrs	24910	None	45	-8.35	5.33	-5.1	
tfrrs	71631	None	107	-8.59	9.41	-5.1	
tfrrs	79080	None	29	-8.04	3.38	-5.1	
tfrrs	59668	None	119	-7.91	5.93	-5.1	
tfrrs	44736	None	42	-7.91	3.51	-5.1	
tfrrs	83467	None	39	-8.39	5.11	-5.1	
tfrrs	81652	None	90	-8.12	6.38	-5.1	
tfrrs	5325	None	32	-10.11	8.42	-5.1	
tfrrs	74474	None	42	-8.34	5.13	-5.1	
tfrrs	41285	None	20	-8.41	3.70	-5.1	
tfrrs	65553	None	25	-8.36	4.01	-5.1	
anet	278788	2	25	-9.19	5.81	-5.1	
tfrrs	8319	None	69	-8.50	7.24	-5.1	
tfrrs	93778	None	16	-8.29	3.09	-5.1	
tfrrs	34007	None	25	-8.86	5.17	-5.1	
tfrrs	34736	None	28	-8.52	4.68	-5.1	
tfrrs	10255	None	103	-8.04	6.45	-5.1	
anet	143338	3	14	-8.81	3.78	-5.1	
tfrrs	76168	None	80	-7.90	4.87	-5.1	
tfrrs	33995	None	42	-8.16	4.54	-5.1	
tfrrs	56856	None	33	-9.69	7.74	-5.1	
tfrrs	50445	None	81	-8.00	5.51	-5.1	
anet	218009	1	13	-9.28	4.33	-5.1	
anet	438012	1	21	+9.19	3.85	+5.1	
tfrrs	76541	None	48	-10.11	10.36	-5.1	
tfrrs	32828	None	26	-8.22	3.78	-5.1	
tfrrs	35774	None	89	-7.66	3.34	-5.1	
tfrrs	84653	None	17	-7.77	1.88	-5.1	
tfrrs	31635	None	186	-7.74	5.87	-5.1	
tfrrs	91047	None	62	-8.00	4.83	-5.1	
anet	544460	1	20	+10.67	5.97	+5.1	
tfrrs	80968	None	65	-8.03	5.12	-5.1	
anet	463419	2	25	-8.06	3.27	-5.1	
tfrrs	68706	None	82	-7.78	4.26	-5.1	
anet	512769	2	15	+11.43	5.99	+5.1	
tfrrs	83146	None	69	-8.25	6.35	-5.1	
anet	405795	1	18	+12.02	7.22	+5.1	
tfrrs	84665	None	16	-10.01	5.86	-5.1	
tfrrs	32318	None	32	-9.59	7.46	-5.1	
anet	392709	1	14	+9.78	3.98	+5.1	
tfrrs	9539	None	51	-7.74	3.16	-5.1	
tfrrs	13408	None	18	-9.10	4.84	-5.1	
tfrrs	82577	None	58	-8.05	4.98	-5.1	
tfrrs	6412	None	15	-8.48	3.40	-5.1	
tfrrs	9450	None	133	-7.68	4.46	-5.1	
anet	124199	1	34	-7.97	3.55	-5.1	
tfrrs	51822	None	70	-8.11	5.77	-5.1	
anet	448990	2	26	-9.00	5.63	-5.1	
anet	246312	1	66	-9.12	9.36	-5.1	
anet	34358	2	15	-8.87	4.07	-5.1	
tfrrs	44574	None	57	-7.75	3.47	-5.1	
anet	203933	1	99	+8.94	7.43	+5.1	
tfrrs	18595	None	25	-8.46	4.36	-5.1	
tfrrs	61885	None	70	-7.62	2.85	-5.1	
tfrrs	71963	None	29	-8.82	5.56	-5.1	
anet	78388	1	177	+8.81	9.21	+5.1	
anet	226007	1	24	-7.97	3.00	-5.1	
anet	284156	3	38	-8.72	6.11	-5.1	
anet	384025	1	107	+8.83	7.23	+5.1	
tfrrs	63663	None	186	-7.73	6.10	-5.1	
anet	341205	2	30	-8.17	4.02	-5.1	
anet	251961	2	34	+10.03	6.73	+5.1	
anet	168020	1	28	+9.44	5.04	+5.1	
anet	138176	1	104	+9.35	9.38	+5.1	
anet	408315	1	13	+9.80	3.90	+5.1	
tfrrs	79805	None	19	-9.08	4.98	-5.1	
tfrrs	76377	None	72	-8.46	7.51	-5.1	
tfrrs	55118	None	58	-7.86	4.24	-5.1	
tfrrs	41848	None	321	-7.60	5.98	-5.1	
anet	167530	1	69	+8.75	5.58	+5.1	
tfrrs	85563	None	111	-7.89	6.08	-5.1	
tfrrs	75130	None	149	-7.60	4.13	-5.1	
tfrrs	77436	None	82	-8.02	5.96	-5.1	
tfrrs	78515	None	52	-7.99	4.63	-5.1	
tfrrs	10555	None	59	-8.29	6.17	-5.1	
anet	604143	1	84	+8.70	5.94	+5.1	
anet	352415	5	37	-7.92	3.63	-5.1	
tfrrs	91064	None	94	-7.91	5.75	-5.1	
tfrrs	91553	None	35	-8.63	5.71	-5.1	
tfrrs	16094	None	17	-8.52	3.76	-5.1	
anet	513228	3	17	+10.15	4.95	+5.1	
tfrrs	50228	None	29	-8.84	5.68	-5.1	
tfrrs	73276	None	85	-8.57	8.64	-5.1	
tfrrs	69450	None	42	-8.13	4.68	-5.1	
tfrrs	58718	None	30	-8.54	5.07	-5.1	
tfrrs	3024	None	41	-8.44	5.63	-5.1	
tfrrs	53340	None	62	-8.08	5.48	-5.1	
tfrrs	73661	None	60	-8.05	5.28	-5.1	
tfrrs	25323	None	27	-8.58	4.91	-5.1	
tfrrs	58680	None	92	-8.13	6.94	-5.1	
tfrrs	60674	None	38	-8.92	6.72	-5.1	
tfrrs	77388	None	95	-7.55	2.86	-5.1	
anet	648867	1	70	+8.47	4.40	+5.1	
tfrrs	10711	None	17	-11.10	7.58	-5.1	
tfrrs	80172	None	49	-7.71	3.17	-5.1	
anet	459269	1	36	-8.99	6.71	-5.1	
tfrrs	29975	None	38	-8.03	4.15	-5.1	
anet	417610	2	33	+10.97	8.30	+5.1	
tfrrs	57385	None	160	-7.58	4.23	-5.1	
tfrrs	21281	None	54	-9.72	10.21	-5.1	
tfrrs	82575	None	47	-7.99	4.46	-5.1	
anet	336167	1	45	-9.51	8.83	-5.1	
anet	563223	1	56	+8.49	4.06	+5.1	
anet	590347	1	14	-8.85	3.98	-5.1	
tfrrs	47915	None	25	-8.69	4.99	-5.1	
tfrrs	12980	None	67	-8.04	5.56	-5.1	
tfrrs	40516	None	30	-8.45	4.88	-5.1	
tfrrs	71503	None	65	-8.06	5.63	-5.1	
tfrrs	81946	None	108	-7.80	5.56	-5.1	
tfrrs	80725	None	40	-9.20	7.63	-5.1	
tfrrs	75138	None	39	-8.31	5.17	-5.1	
anet	125554	3	85	+8.68	6.04	+5.1	
tfrrs	88664	None	81	-7.79	4.71	-5.1	
anet	164967	1	97	+8.85	7.26	+5.1	
tfrrs	57926	None	123	-7.73	5.32	-5.1	
anet	353421	1	14	-8.07	2.64	-5.1	
tfrrs	9342	None	105	-7.75	5.16	-5.1	
tfrrs	68018	None	63	-8.04	5.45	-5.1	
anet	409292	1	20	-8.90	4.89	-5.1	
tfrrs	15546	None	65	-8.42	7.12	-5.1	
anet	459442	1	15	-9.13	4.58	-5.1	
anet	260427	1	56	+8.54	4.39	+5.1	
tfrrs	33588	None	34	-10.50	9.68	-5.1	
anet	431653	1	33	-8.62	5.62	-5.1	
tfrrs	85642	None	44	-7.76	3.43	-5.1	
anet	202256	1	60	+9.14	6.73	+5.1	
tfrrs	78227	None	66	-8.05	5.69	-5.1	
tfrrs	48548	None	46	-7.64	2.88	-5.1	
tfrrs	53324	None	84	-7.55	3.10	-5.1	
anet	615346	1	70	+8.98	6.74	+5.1	
tfrrs	15180	None	33	-9.42	7.46	-5.1	
tfrrs	13395	None	45	-8.14	5.05	-5.1	
anet	102633	1	70	+8.39	4.24	+5.1	
tfrrs	33076	None	60	-8.17	5.98	-5.1	
tfrrs	4385	None	21	-12.71	10.70	-5.1	
tfrrs	75639	None	142	-7.63	5.04	-5.1	
tfrrs	28881	None	40	-8.25	5.14	-5.1	
tfrrs	36502	None	19	-10.53	7.31	-5.1	
tfrrs	71695	None	88	-8.59	9.10	-5.0	
tfrrs	66238	None	130	-7.48	2.97	-5.0	
tfrrs	90833	None	20	-8.72	4.60	-5.0	
tfrrs	86266	None	20	-8.42	4.01	-5.0	
tfrrs	48929	None	391	-7.43	3.38	-5.0	
anet	258101	1	73	+9.00	6.98	+5.0	
anet	241024	1	40	+8.62	4.06	+5.0	
tfrrs	31841	None	181	-7.62	5.60	-5.0	
tfrrs	13356	None	107	-8.21	8.24	-5.0	
anet	410299	1	30	-9.17	6.61	-5.0	
tfrrs	57393	None	44	-8.25	5.41	-5.0	
anet	84432	1	143	+8.70	8.17	+5.0	
tfrrs	75858	None	116	-8.12	8.06	-5.0	
tfrrs	47632	None	15	-9.59	5.29	-5.0	
anet	499910	2	22	+8.76	3.36	+5.0	
tfrrs	54348	None	74	-7.99	5.83	-5.0	
tfrrs	71508	None	86	-7.66	4.27	-5.0	
anet	374085	1	13	-11.20	6.83	-5.0	
tfrrs	9022	None	14	-10.69	6.48	-5.0	
tfrrs	49976	None	64	-7.64	3.56	-5.0	
tfrrs	7767	None	69	-7.74	4.33	-5.0	
tfrrs	95451	None	70	-7.77	4.54	-5.0	
tfrrs	37065	None	109	-8.02	7.32	-5.0	
tfrrs	35950	None	18	-10.60	7.24	-5.0	
tfrrs	27468	None	135	-7.47	3.18	-5.0	
tfrrs	35949	None	57	-7.92	4.86	-5.0	
anet	119952	1	184	+8.17	4.97	+5.0	
tfrrs	13497	None	75	-7.86	5.24	-5.0	
anet	475470	1	52	+8.78	5.25	+5.0	
tfrrs	53362	None	47	-8.11	5.16	-5.0	
tfrrs	85477	None	85	-7.72	4.72	-5.0	
tfrrs	81974	None	175	-7.56	5.03	-5.0	
tfrrs	4824	None	68	-8.52	7.84	-5.0	
anet	209097	1	82	+8.44	5.05	+5.0	
tfrrs	88406	None	32	-8.55	5.45	-5.0	
tfrrs	76567	None	12	-8.08	2.56	-5.0	
tfrrs	50751	None	161	-7.56	4.85	-5.0	
tfrrs	50237	None	175	-7.46	3.58	-5.0	
anet	216809	1	18	-12.00	9.09	-5.0	
anet	542775	1	70	+8.65	5.62	+5.0	
anet	166191	9	67	+8.20	3.31	+5.0	
tfrrs	14007	None	167	-8.07	9.49	-5.0	
tfrrs	77407	None	132	-7.57	4.55	-5.0	
anet	113231	1	28	+8.48	3.12	+5.0	
tfrrs	16103	None	14	-8.67	3.82	-5.0	
tfrrs	10020	None	57	-8.61	7.52	-5.0	
tfrrs	846	None	26	-10.63	8.80	-5.0	
tfrrs	17584	None	58	-8.00	5.33	-5.0	
tfrrs	79045	None	38	-8.06	4.54	-5.0	
tfrrs	73679	None	52	-8.67	7.39	-5.0	
tfrrs	78639	None	49	-8.13	5.39	-5.0	
tfrrs	57013	None	110	-7.62	4.67	-5.0	
anet	287692	1	76	+9.28	8.25	+5.0	
tfrrs	8050	None	32	-9.30	7.21	-5.0	
anet	480840	1	16	-8.65	4.08	-5.0	
tfrrs	40714	None	51	-7.66	3.45	-5.0	
tfrrs	92938	None	99	-7.65	4.73	-5.0	
anet	405702	1	69	+9.40	8.27	+5.0	
tfrrs	77938	None	85	-7.55	3.60	-5.0	
tfrrs	84624	None	53	-7.81	4.31	-5.0	
tfrrs	89545	None	121	-7.58	4.66	-5.0	
tfrrs	50719	None	18	-9.23	5.32	-5.0	
tfrrs	67399	None	42	-8.04	4.74	-5.0	
tfrrs	13734	None	35	-8.68	6.12	-5.0	
tfrrs	52696	None	67	-8.26	6.91	-5.0	
tfrrs	5767	None	28	+15.53	13.61	+5.0	
tfrrs	74457	None	27	-9.15	6.36	-5.0	
tfrrs	43195	None	52	-8.76	7.73	-5.0	
tfrrs	44747	None	22	-8.46	4.42	-5.0	
tfrrs	71778	None	71	-7.98	5.94	-5.0	
anet	164139	2	39	+9.36	6.17	+5.0	
tfrrs	63884	None	23	-7.81	2.88	-5.0	
tfrrs	54293	None	46	-8.98	7.89	-5.0	
tfrrs	47985	None	35	-7.99	4.19	-5.0	
tfrrs	81143	None	48	-8.63	7.07	-5.0	
tfrrs	14508	None	33	-8.19	4.69	-5.0	
tfrrs	14931	None	38	-8.10	4.76	-5.0	
anet	478958	1	16	-10.19	6.37	-5.0	
tfrrs	58366	None	27	-8.80	5.66	-5.0	
tfrrs	10722	None	29	-7.78	3.16	-5.0	
tfrrs	38049	None	87	-7.68	4.81	-5.0	
anet	594327	1	24	+10.78	7.06	+5.0	
tfrrs	89348	None	50	-8.71	7.46	-5.0	
tfrrs	93633	None	145	-7.69	6.30	-5.0	
tfrrs	93634	None	145	-7.69	6.30	-5.0	
anet	469865	1	98	+8.83	7.72	+5.0	
tfrrs	65239	None	46	-8.16	5.46	-5.0	
tfrrs	48232	None	70	-7.51	3.15	-5.0	
anet	439318	1	22	+10.38	6.22	+5.0	
tfrrs	54152	None	47	-7.92	4.64	-5.0	
tfrrs	38884	None	36	-7.92	4.06	-5.0	
tfrrs	29345	None	32	-7.83	3.53	-5.0	
tfrrs	67398	None	31	-8.69	5.85	-5.0	
tfrrs	11585	None	22	-8.82	5.17	-5.0	
tfrrs	18839	None	13	-9.82	5.32	-5.0	
tfrrs	77616	None	13	-9.17	4.47	-5.0	
tfrrs	43637	None	80	-8.06	6.75	-5.0	
anet	32237	1	40	+9.37	6.32	+5.0	
tfrrs	76550	None	146	-7.39	2.78	-5.0	
tfrrs	61962	None	18	-10.22	6.83	-5.0	
tfrrs	58005	None	110	-7.90	6.97	-5.0	
tfrrs	56119	None	55	-9.11	9.04	-5.0	
anet	84468	2	71	+10.32	11.04	+5.0	
tfrrs	79005	None	109	-7.86	6.72	-5.0	
anet	292940	1	110	+8.55	6.86	+5.0	
anet	292992	1	110	+8.55	6.86	+5.0	
tfrrs	85531	None	30	-9.27	7.02	-5.0	
tfrrs	92180	None	16	-14.66	11.72	-5.0	
anet	99098	2	30	+9.86	6.41	+5.0	
tfrrs	59470	None	42	-7.75	3.74	-5.0	
tfrrs	34173	None	26	-9.34	6.67	-5.0	
anet	52524	1	24	-10.42	8.23	-5.0	
tfrrs	38302	None	103	-7.61	4.87	-5.0	
tfrrs	45906	None	42	-8.09	5.04	-5.0	
tfrrs	33039	None	33	-7.83	3.64	-5.0	
tfrrs	60498	None	21	-9.04	5.48	-5.0	
anet	222911	1	63	+8.26	3.94	+5.0	
tfrrs	71476	None	148	-7.67	6.38	-5.0	
anet	546264	2	16	-8.01	2.95	-5.0	
tfrrs	56007	None	59	-7.61	3.71	-5.0	
tfrrs	54843	None	95	-7.76	5.76	-5.0	
anet	47133	1	12	+10.82	5.07	+5.0	
anet	104311	2	13	-7.41	1.05	-5.0	
tfrrs	60804	None	37	-9.77	8.93	-5.0	
anet	495264	1	71	+9.17	7.86	+5.0	
tfrrs	67033	None	71	-8.47	8.12	-5.0	
tfrrs	10053	None	27	-9.02	6.20	-5.0	
tfrrs	35507	None	43	-7.80	4.06	-5.0	
tfrrs	36487	None	27	-8.64	5.42	-5.0	
anet	235086	1	20	-8.27	3.92	-5.0	
anet	559752	5	14	-8.24	3.22	-5.0	
tfrrs	18442	None	15	-10.20	6.25	-5.0	
anet	280445	2	14	+8.70	2.77	+5.0	
tfrrs	77604	None	97	-7.82	6.23	-5.0	
tfrrs	54669	None	64	-7.69	4.40	-5.0	
tfrrs	7635	None	59	-8.14	6.24	-5.0	
anet	157690	1	12	+16.02	9.35	+5.0	
tfrrs	74653	None	43	-8.87	7.46	-5.0	
tfrrs	76422	None	34	-8.57	5.91	-5.0	
anet	422157	2	19	+10.84	6.43	+5.0	
tfrrs	33853	None	41	-8.20	5.41	-5.0	
anet	309982	3	64	+8.35	4.51	+5.0	
tfrrs	79149	None	32	-10.97	10.54	-5.0	
anet	613211	1	93	+8.20	4.51	+5.0	
tfrrs	48199	None	36	-8.98	7.10	-5.0	
tfrrs	41325	None	31	-7.99	4.10	-5.0	
tfrrs	52855	None	29	-9.86	8.10	-5.0	
tfrrs	12962	None	32	-9.27	7.32	-5.0	
anet	476961	1	17	+8.54	2.77	+5.0	
anet	261794	4	12	-8.26	3.05	-5.0	
tfrrs	63543	None	106	-7.96	7.46	-5.0	
tfrrs	68014	None	43	-8.60	6.78	-5.0	
tfrrs	60120	None	62	-7.67	4.32	-5.0	
anet	240773	1	16	-7.89	2.76	-5.0	
tfrrs	57481	None	407	-7.31	3.54	-5.0	
anet	427004	1	43	-8.30	5.90	-5.0	
tfrrs	30676	None	53	-7.72	4.24	-5.0	
tfrrs	41866	None	276	-7.35	4.17	-5.0	
tfrrs	30067	None	27	-9.84	7.82	-5.0	
tfrrs	12251	None	15	-9.69	5.62	-5.0	
tfrrs	67751	None	24	-9.10	6.06	-5.0	
tfrrs	75983	None	75	-7.85	5.78	-5.0	
anet	216705	1	12	-9.03	4.20	-5.0	
tfrrs	30584	None	29	-9.13	6.74	-5.0	
anet	68604	1	125	+8.20	5.44	+5.0	
tfrrs	13435	None	13	+8.57	2.51	+5.0	
tfrrs	58106	None	136	-7.48	4.66	-5.0	
tfrrs	85888	None	54	-7.70	4.22	-5.0	
tfrrs	44216	None	83	-7.82	5.92	-5.0	
tfrrs	13156	None	51	-7.85	4.78	-5.0	
tfrrs	71815	None	18	-10.63	7.49	-5.0	
tfrrs	57190	None	110	-7.80	6.69	-5.0	
tfrrs	49667	None	66	-7.49	3.38	-5.0	
tfrrs	59515	None	31	-9.33	7.37	-5.0	
anet	619087	1	37	-8.03	4.71	-5.0	
tfrrs	14166	None	18	-8.90	4.93	-5.0	
anet	647952	1	13	-8.78	4.02	-5.0	
tfrrs	76242	None	15	-7.98	2.89	-5.0	
anet	190939	1	31	+10.06	6.99	+5.0	
anet	383021	1	70	+8.25	4.40	+5.0	
anet	96456	1	42	+9.86	7.74	+5.0	
tfrrs	73415	None	123	-7.55	5.16	-5.0	
tfrrs	84664	None	147	-7.48	4.91	-5.0	
tfrrs	79078	None	56	-7.97	5.57	-5.0	
anet	84433	1	108	+8.92	8.91	+5.0	
tfrrs	77115	None	99	-7.76	6.15	-5.0	
anet	430931	1	12	-8.88	4.01	-5.0	
tfrrs	15549	None	12	-11.64	7.22	-5.0	
tfrrs	42700	None	32	-7.88	3.94	-5.0	
tfrrs	8593	None	20	-9.09	5.55	-5.0	
tfrrs	34867	None	13	-8.66	3.86	-5.0	
tfrrs	60325	None	30	-7.79	3.50	-5.0	
tfrrs	8830	None	57	-8.52	7.64	-4.9	
tfrrs	12498	None	15	-10.82	7.11	-4.9	
tfrrs	60504	None	109	-7.82	6.97	-4.9	
tfrrs	24794	None	22	-12.51	11.02	-4.9	
tfrrs	73895	None	21	-8.13	3.83	-4.9	
anet	445689	1	44	+9.01	5.97	+4.9	
tfrrs	76613	None	119	-7.62	5.86	-4.9	
tfrrs	76152	None	193	-7.45	5.62	-4.9	
anet	482272	3	92	-7.73	5.89	-4.9	
tfrrs	26379	None	15	-8.58	4.04	-4.9	
tfrrs	72387	None	24	-7.75	3.07	-4.9	
tfrrs	10311	None	63	-8.96	9.53	-4.9	
tfrrs	80861	None	20	-8.48	4.48	-4.9	
anet	209098	1	78	+8.20	4.52	+4.9	
tfrrs	37238	None	169	-7.64	7.28	-4.9	
tfrrs	90509	None	39	-8.38	6.00	-4.9	
tfrrs	15745	None	23	-9.17	6.14	-4.9	
tfrrs	32543	None	42	-9.32	8.67	-4.9	
tfrrs	29714	None	104	-7.42	3.86	-4.9	
anet	434891	1	67	+9.07	7.64	+4.9	
anet	574923	1	76	-7.90	6.31	-4.9	
tfrrs	26688	None	62	-7.47	3.38	-4.9	
tfrrs	90319	None	41	-8.27	5.84	-4.9	
tfrrs	77095	None	53	-7.74	4.57	-4.9	
anet	327738	1	25	-12.43	11.67	-4.9	
anet	499785	1	40	-7.98	4.88	-4.9	
anet	146305	1	26	-9.06	6.34	-4.9	
tfrrs	59522	None	84	-7.68	5.43	-4.9	
tfrrs	60058	None	21	-7.92	3.38	-4.9	
anet	500672	2	21	-10.10	7.38	-4.9	
tfrrs	85575	None	106	-7.67	6.04	-4.9	
anet	284156	1	20	-10.00	7.07	-4.9	
tfrrs	13789	None	21	-8.04	3.67	-4.9	
tfrrs	57352	None	17	-8.08	3.40	-4.9	
tfrrs	71887	None	44	-7.78	4.34	-4.9	
anet	670104	1	156	+8.19	6.49	+4.9	
tfrrs	73486	None	60	-8.16	6.70	-4.9	
tfrrs	51635	None	55	-8.74	8.31	-4.9	
tfrrs	13613	None	115	-7.34	3.32	-4.9	
anet	225653	1	84	+8.00	3.54	+4.9	
tfrrs	38107	None	28	-10.34	8.98	-4.9	
tfrrs	92047	None	26	-9.25	6.73	-4.9	
tfrrs	25656	None	36	-8.37	5.78	-4.9	
tfrrs	60040	None	25	-8.25	4.56	-4.9	
tfrrs	12106	None	85	-9.04	11.46	-4.9	
anet	295022	1	68	+8.87	7.11	+4.9	
anet	561901	1	91	+8.29	5.59	+4.9	
tfrrs	50304	None	46	-7.44	2.82	-4.9	
tfrrs	86053	None	69	-7.71	5.19	-4.9	
tfrrs	25811	None	17	-10.03	6.58	-4.9	
tfrrs	72257	None	84	-7.65	5.39	-4.9	
anet	296185	1	26	-8.06	4.18	-4.9	
tfrrs	44031	None	56	-7.82	5.17	-4.9	
tfrrs	77203	None	185	-7.66	8.07	-4.9	
tfrrs	72006	None	91	-7.79	6.44	-4.9	
anet	117613	3	12	-8.63	3.76	-4.9	
tfrrs	42326	None	87	-7.54	4.76	-4.9	
tfrrs	45120	None	12	-9.24	4.58	-4.9	
tfrrs	60802	None	150	-7.39	4.74	-4.9	
tfrrs	56125	None	15	-8.86	4.57	-4.9	
tfrrs	45508	None	105	-7.74	6.62	-4.9	
tfrrs	16450	None	98	-7.37	3.64	-4.9	
tfrrs	82552	None	117	-7.42	4.46	-4.9	
tfrrs	35888	None	23	-8.04	3.91	-4.9	
anet	220913	1	13	+8.61	2.73	+4.9	
tfrrs	46560	None	27	-9.27	6.95	-4.9	
tfrrs	80575	None	70	-7.78	5.63	-4.9	
tfrrs	63669	None	13	-11.55	7.53	-4.9	
tfrrs	85580	None	111	-7.59	5.81	-4.9	
tfrrs	1051	None	13	-11.72	7.70	-4.9	
tfrrs	58007	None	85	-7.79	6.28	-4.9	
tfrrs	83819	None	21	-8.71	5.14	-4.9	
anet	284486	1	25	-9.69	7.45	-4.9	
tfrrs	68515	None	15	+13.71	8.67	+4.9	
tfrrs	90530	None	42	-8.49	6.67	-4.9	
tfrrs	76028	None	71	-8.39	8.30	-4.9	
anet	196787	1	14	+8.67	2.96	+4.9	
anet	427463	1	68	+7.98	3.24	+4.9	
tfrrs	37906	None	23	-7.83	3.40	-4.9	
tfrrs	50280	None	47	-9.22	9.07	-4.9	
tfrrs	60142	None	139	-7.55	6.33	-4.9	
anet	125363	1	61	+8.82	6.71	+4.9	
anet	438013	1	44	+8.62	5.12	+4.9	
tfrrs	57940	None	133	-7.32	3.79	-4.9	
tfrrs	80304	None	40	-8.66	7.01	-4.9	
tfrrs	18979	None	28	-8.80	6.17	-4.9	
tfrrs	54678	None	44	-7.61	3.86	-4.9	
tfrrs	90969	None	96	-7.80	6.85	-4.9	
tfrrs	9744	None	94	-7.87	7.15	-4.9	
tfrrs	78535	None	71	-7.90	6.35	-4.9	
tfrrs	54599	None	46	-7.92	5.19	-4.9	
tfrrs	74507	None	126	-7.51	5.72	-4.9	
anet	298024	1	14	-7.91	2.85	-4.9	
anet	646415	1	41	-8.01	5.22	-4.9	
tfrrs	59882	None	31	-9.06	7.07	-4.9	
tfrrs	7137	None	45	-11.19	13.33	-4.9	
tfrrs	29924	None	38	-7.58	3.49	-4.9	
anet	623649	1	24	-9.00	6.11	-4.9	
anet	259966	1	79	+8.23	5.14	+4.9	
tfrrs	89502	None	49	-7.47	3.37	-4.9	
tfrrs	7965	None	53	-8.52	7.67	-4.9	
anet	405849	4	47	+11.71	12.10	+4.9	
tfrrs	82353	None	225	-7.28	4.40	-4.9	
tfrrs	89766	None	90	-7.59	5.44	-4.9	
anet	532566	1	40	-8.12	5.52	-4.9	
tfrrs	20421	None	47	-8.98	8.50	-4.9	
anet	37282	1	14	-7.73	2.50	-4.9	
tfrrs	72009	None	77	-7.99	7.11	-4.9	
tfrrs	55417	None	30	-8.97	6.79	-4.9	
tfrrs	39258	None	38	-8.46	6.35	-4.9	
tfrrs	12404	None	55	-7.52	3.91	-4.9	
tfrrs	70933	None	345	-7.25	5.01	-4.9	
tfrrs	51774	None	30	-7.62	3.29	-4.9	
tfrrs	86936	None	13	-9.75	5.49	-4.9	
tfrrs	27535	None	35	-8.11	5.16	-4.9	
tfrrs	77525	None	43	-8.00	5.37	-4.9	
tfrrs	67885	None	40	-8.02	5.24	-4.9	
anet	559983	3	45	+9.49	7.53	+4.9	
tfrrs	36258	None	83	-7.79	6.42	-4.9	
anet	563251	1	61	+8.56	5.94	+4.9	
tfrrs	54090	None	42	-7.90	4.99	-4.9	
tfrrs	72053	None	128	-7.34	4.30	-4.9	
tfrrs	65289	None	43	-7.90	5.05	-4.9	
tfrrs	80865	None	27	-8.25	4.90	-4.9	
anet	210397	2	29	-9.40	7.56	-4.9	
tfrrs	68804	None	50	-7.49	3.62	-4.9	
tfrrs	46007	None	41	-7.80	4.56	-4.9	
anet	158604	2	12	-8.00	2.85	-4.9	
tfrrs	54573	None	52	-7.75	4.93	-4.9	
tfrrs	86259	None	21	-11.32	9.34	-4.9	
tfrrs	39509	None	29	-9.18	7.13	-4.9	
tfrrs	35375	None	137	-7.35	4.70	-4.9	
tfrrs	81458	None	47	-8.06	5.86	-4.9	
anet	441272	1	17	-9.95	6.59	-4.9	
anet	118024	1	89	+8.55	7.16	+4.9	
tfrrs	12378	None	51	-8.07	6.14	-4.9	
anet	404308	1	34	+8.36	3.92	+4.9	
tfrrs	34397	None	89	-7.78	6.66	-4.9	
tfrrs	76829	None	121	-7.48	5.67	-4.9	
tfrrs	73995	None	37	-7.91	4.74	-4.9	
tfrrs	68713	None	70	-7.71	5.60	-4.9	
tfrrs	63736	None	137	-7.26	3.57	-4.9	
anet	84189	1	86	+8.51	6.92	+4.9	
anet	403787	1	83	+8.38	6.19	+4.9	
tfrrs	86119	None	111	-7.36	4.38	-4.9	
anet	470346	2	32	+10.24	7.75	+4.9	
tfrrs	44634	None	35	-7.51	3.21	-4.9	
tfrrs	80708	None	82	-7.39	4.01	-4.9	
tfrrs	80866	None	36	-8.20	5.58	-4.9	
tfrrs	85881	None	78	-7.70	5.91	-4.9	
tfrrs	38684	None	30	-10.96	10.59	-4.9	
tfrrs	9164	None	51	-8.25	6.80	-4.9	
tfrrs	9329	None	31	-8.30	5.43	-4.9	
tfrrs	72817	None	29	-7.89	4.19	-4.9	
tfrrs	75720	None	238	-7.28	5.25	-4.9	
tfrrs	80477	None	99	-7.31	3.71	-4.9	
tfrrs	34429	None	55	-8.44	7.71	-4.9	
tfrrs	44197	None	68	-7.64	5.20	-4.9	
tfrrs	27537	None	35	-8.00	4.95	-4.9	
tfrrs	50286	None	27	-8.71	5.99	-4.9	
tfrrs	39739	None	78	-7.84	6.66	-4.9	
tfrrs	71818	None	121	-7.70	7.42	-4.9	
tfrrs	60349	None	36	-8.17	5.53	-4.9	
tfrrs	32581	None	119	-7.26	3.64	-4.9	
anet	335608	1	35	-8.88	7.25	-4.9	
tfrrs	59158	None	43	-8.05	5.69	-4.9	
anet	410297	1	19	-8.71	5.05	-4.9	
tfrrs	2167	None	26	-11.71	11.08	-4.9	
tfrrs	66868	None	46	-8.92	8.44	-4.8	
tfrrs	34493	None	109	-7.31	4.14	-4.8	
anet	302895	8	13	+10.51	5.28	+4.8	
tfrrs	6252	None	55	-7.87	5.76	-4.8	
tfrrs	63428	None	148	-7.61	7.64	-4.8	
tfrrs	59343	None	47	-9.07	8.93	-4.8	
anet	213910	1	24	-8.44	5.14	-4.8	
tfrrs	5872	None	70	-8.80	10.04	-4.8	
anet	474500	1	23	+8.94	4.54	+4.8	
tfrrs	78976	None	158	-7.38	5.74	-4.8	
anet	379070	1	73	+8.59	6.84	+4.8	
tfrrs	39960	None	56	-7.47	4.01	-4.8	
tfrrs	72427	None	47	-9.67	10.43	-4.8	
tfrrs	81171	None	52	-7.38	3.34	-4.8	
anet	132494	1	12	+7.93	1.53	+4.8	
tfrrs	90081	None	17	-9.45	5.95	-4.8	
tfrrs	60385	None	58	-7.49	4.20	-4.8	
anet	204737	1	126	+8.24	7.09	+4.8	
tfrrs	48975	None	32	-7.87	4.44	-4.8	
anet	282888	1	59	+8.05	4.02	+4.8	
tfrrs	76891	None	56	-8.91	9.31	-4.8	
tfrrs	41213	None	30	-8.16	5.08	-4.8	
tfrrs	90936	None	85	-8.37	9.47	-4.8	
tfrrs	78527	None	27	-8.68	6.02	-4.8	
tfrrs	28816	None	32	-9.75	8.78	-4.8	
tfrrs	33698	None	28	-7.67	3.58	-4.8	
tfrrs	61384	None	12	-7.96	2.88	-4.8	
tfrrs	28008	None	27	-7.97	4.36	-4.8	
tfrrs	35020	None	50	-7.62	4.58	-4.8	
anet	350043	1	81	+8.43	6.61	+4.8	
tfrrs	67651	None	50	-7.59	4.44	-4.8	
tfrrs	72129	None	85	-8.09	8.32	-4.8	
tfrrs	82491	None	44	-7.73	4.73	-4.8	
tfrrs	71649	None	107	-7.64	6.84	-4.8	
tfrrs	59988	None	42	-8.09	5.86	-4.8	
tfrrs	74893	None	28	-8.04	4.65	-4.8	
tfrrs	93359	None	126	-7.24	3.93	-4.8	
anet	166191	8	23	+7.98	2.34	+4.8	
anet	315730	1	76	+8.32	5.98	+4.8	
anet	317339	7	14	+12.71	7.69	+4.8	
anet	309051	2	25	+9.23	5.34	+4.8	
tfrrs	80209	None	17	-10.44	7.39	-4.8	
tfrrs	47658	None	131	-7.57	7.14	-4.8	
tfrrs	63325	None	47	-8.42	7.25	-4.8	
tfrrs	67309	None	49	-7.61	4.55	-4.8	
tfrrs	58108	None	31	-8.12	5.15	-4.8	
tfrrs	43933	None	51	-8.78	8.62	-4.8	
tfrrs	72890	None	18	-7.26	1.59	-4.8	
tfrrs	29799	None	70	-7.48	4.70	-4.8	
tfrrs	63077	None	149	-7.27	4.71	-4.8	
tfrrs	54736	None	15	-8.75	4.62	-4.8	
tfrrs	6480	None	38	-8.51	6.76	-4.8	
tfrrs	67623	None	47	-8.11	6.30	-4.8	
tfrrs	48517	None	172	-7.22	4.44	-4.8	
tfrrs	56844	None	24	-9.03	6.39	-4.8	
tfrrs	71694	None	55	-7.66	5.05	-4.8	
anet	344904	1	12	+8.57	2.81	+4.8	
anet	207063	1	124	+7.95	5.35	+4.8	
tfrrs	65187	None	97	-7.54	5.98	-4.8	
anet	177052	1	128	+8.30	7.79	+4.8	
tfrrs	17934	None	67	-7.62	5.39	-4.8	
tfrrs	32654	None	13	-9.50	5.33	-4.8	
anet	446112	1	42	-8.20	6.26	-4.8	
anet	489621	1	16	-8.67	4.67	-4.8	
tfrrs	58735	None	21	-7.90	3.77	-4.8	
tfrrs	82744	None	132	-7.54	7.02	-4.8	
anet	84896	1	37	+8.50	4.79	+4.8	
tfrrs	39489	None	18	-8.50	4.67	-4.8	
tfrrs	78070	None	49	-8.51	7.72	-4.8	
tfrrs	41532	None	76	-7.40	4.48	-4.8	
anet	638964	1	61	+8.54	6.30	+4.8	
tfrrs	80829	None	34	-7.99	5.07	-4.8	
anet	348558	1	43	+8.54	5.28	+4.8	
tfrrs	26679	None	12	-8.45	3.74	-4.8	
anet	645089	4	29	+8.88	5.12	+4.8	
anet	375274	1	14	-10.52	6.84	-4.8	
tfrrs	90541	None	52	-7.46	4.08	-4.8	
tfrrs	7291	None	23	-8.72	5.74	-4.8	
anet	557279	2	58	+8.63	6.47	+4.8	
tfrrs	45756	None	34	-7.83	4.60	-4.8	
anet	405849	6	16	+12.49	8.07	+4.8	
tfrrs	32372	None	51	-8.28	7.22	-4.8	
tfrrs	57565	None	149	-7.35	5.94	-4.8	
anet	341299	1	33	-8.65	6.71	-4.8	
tfrrs	10831	None	16	-9.82	6.40	-4.8	
tfrrs	85570	None	115	-7.36	5.31	-4.8	
tfrrs	56422	None	80	-7.32	4.13	-4.8	
tfrrs	58107	None	96	-7.39	5.11	-4.8	
tfrrs	78438	None	131	-7.48	6.69	-4.8	
tfrrs	11847	None	77	-8.33	9.09	-4.8	
tfrrs	82806	None	97	-7.76	7.46	-4.8	
anet	337521	2	14	+10.83	5.93	+4.8	
tfrrs	62178	None	37	-7.78	4.69	-4.8	
anet	589784	2	24	+8.84	4.62	+4.8	
tfrrs	63641	None	67	-8.07	7.52	-4.8	
tfrrs	67321	None	45	-9.05	8.91	-4.8	
tfrrs	55033	None	42	-8.88	8.19	-4.8	
tfrrs	27039	None	46	-9.19	9.36	-4.8	
anet	166191	6	72	+7.69	2.40	+4.8	
tfrrs	15958	None	50	-8.66	8.32	-4.8	
tfrrs	60281	None	59	-7.87	6.29	-4.8	
tfrrs	10723	None	30	-7.50	3.31	-4.8	
tfrrs	33578	None	41	-7.35	3.18	-4.8	
tfrrs	72605	None	79	-7.77	6.86	-4.8	
tfrrs	63468	None	129	-7.16	3.69	-4.8	
tfrrs	63469	None	129	-7.16	3.69	-4.8	
anet	157709	1	14	-9.01	4.94	-4.8	
anet	459697	1	29	-9.24	7.57	-4.8	
anet	283872	1	27	+8.64	4.53	+4.8	
anet	269735	1	16	-13.31	10.79	-4.8	
tfrrs	76265	None	130	-7.68	8.26	-4.8	
tfrrs	94032	None	37	-8.16	5.90	-4.8	
anet	592422	1	27	+8.64	4.54	+4.8	
tfrrs	27557	None	23	-9.03	6.38	-4.8	
tfrrs	14307	None	58	-8.95	9.89	-4.8	
anet	644041	1	139	+8.02	6.69	+4.8	
tfrrs	80563	None	26	-7.52	3.23	-4.8	
tfrrs	86362	None	47	-7.88	5.74	-4.8	
tfrrs	81105	None	55	-7.66	5.34	-4.8	
tfrrs	36974	None	127	-7.74	8.58	-4.8	
tfrrs	56347	None	52	-7.88	6.04	-4.8	
tfrrs	3072	None	45	-9.32	9.65	-4.8	
tfrrs	68680	None	106	-7.20	3.96	-4.8	
anet	614644	1	52	-7.32	3.53	-4.8	
anet	298284	2	63	+9.42	9.29	+4.8	
tfrrs	33913	None	219	-7.20	5.73	-4.8	
tfrrs	32875	None	107	-7.61	7.17	-4.8	
tfrrs	75982	None	72	-7.74	6.50	-4.8	
anet	150760	2	18	-8.61	4.97	-4.8	
tfrrs	5283	None	22	+10.49	7.06	+4.8	
anet	257653	1	117	+8.38	8.24	+4.8	
tfrrs	72379	None	22	-7.67	3.41	-4.8	
tfrrs	32951	None	32	-8.07	5.29	-4.8	
tfrrs	18237	None	27	-8.03	4.77	-4.8	
tfrrs	35144	None	39	-7.91	5.35	-4.8	
anet	119955	1	161	+8.38	9.69	+4.8	
anet	347357	2	44	+8.88	6.47	+4.8	
tfrrs	56962	None	42	-7.64	4.61	-4.8	
tfrrs	82041	None	131	-7.11	3.32	-4.8	
tfrrs	69481	None	65	-7.87	6.75	-4.8	
tfrrs	59636	None	76	-7.57	5.87	-4.8	
tfrrs	13227	None	30	-7.46	3.28	-4.8	
anet	542562	1	25	+8.79	4.72	+4.8	
anet	443402	3	24	-7.76	3.82	-4.8	
tfrrs	85068	None	127	-7.19	4.35	-4.8	
anet	648020	1	29	-8.05	5.01	-4.8	
tfrrs	17016	None	92	-7.96	8.51	-4.8	
tfrrs	87796	None	102	-7.41	5.76	-4.8	
tfrrs	62584	None	42	-8.08	6.13	-4.8	
tfrrs	14168	None	39	-8.80	7.82	-4.8	
tfrrs	53844	None	31	-7.85	4.65	-4.8	
tfrrs	61420	None	120	-7.41	6.24	-4.8	
anet	188224	4	13	+8.57	3.09	+4.8	
anet	129909	1	12	+9.10	3.68	+4.8	
tfrrs	64563	None	44	-8.64	7.89	-4.8	
tfrrs	70922	None	109	-7.24	4.61	-4.8	
anet	543210	2	30	+8.35	4.16	+4.8	
tfrrs	56041	None	29	-9.80	8.72	-4.8	
anet	520771	3	32	+8.64	5.02	+4.8	
anet	215183	1	68	+9.03	8.60	+4.8	
tfrrs	23788	None	285	-7.04	3.41	-4.8	
anet	167980	1	42	+9.13	7.00	+4.8	
anet	435600	1	66	+8.90	8.07	+4.8	
tfrrs	27149	None	79	-7.38	4.92	-4.8	
tfrrs	55277	None	20	-9.70	7.09	-4.8	
tfrrs	32729	None	56	-7.92	6.55	-4.8	
tfrrs	42805	None	141	-7.09	3.41	-4.8	
tfrrs	51476	None	160	-7.05	3.00	-4.8	
anet	370527	3	22	+8.23	3.31	+4.8	
tfrrs	11417	None	45	-7.81	5.48	-4.8	
tfrrs	58679	None	82	-7.39	5.14	-4.8	
tfrrs	44083	None	59	-7.61	5.47	-4.8	
tfrrs	16772	None	12	+8.84	3.38	+4.8	
anet	97278	3	14	-9.40	5.56	-4.8	
tfrrs	52827	None	57	-7.91	6.61	-4.8	
tfrrs	34960	None	70	-7.38	4.72	-4.8	
anet	328557	1	70	+8.31	6.27	+4.8	
tfrrs	46464	None	67	-7.30	4.10	-4.8	
tfrrs	66485	None	121	-7.19	4.51	-4.8	
anet	91626	6	31	-8.37	6.04	-4.8	
anet	372339	1	21	-7.55	3.10	-4.8	
tfrrs	85583	None	115	-7.32	5.58	-4.8	
anet	644870	1	28	-8.77	6.62	-4.8	
tfrrs	31615	None	119	-7.78	8.81	-4.8	
tfrrs	88009	None	74	-7.87	7.36	-4.8	
tfrrs	40902	None	15	-9.14	5.39	-4.8	
anet	563296	1	48	+7.87	3.49	+4.8	
tfrrs	47091	None	15	-9.94	6.49	-4.8	
anet	459201	1	19	-11.50	9.50	-4.8	
tfrrs	43463	None	27	-8.02	4.83	-4.8	
tfrrs	10205	None	71	-7.64	6.18	-4.8	
anet	378181	1	101	+8.56	8.72	+4.8	
tfrrs	52897	None	77	-7.88	7.57	-4.8	
tfrrs	32929	None	73	-7.32	4.47	-4.8	
tfrrs	81198	None	39	-7.48	4.00	-4.7	
tfrrs	83974	None	44	-8.17	6.67	-4.7	
tfrrs	58136	None	195	-7.02	3.03	-4.7	
tfrrs	74880	None	23	-9.10	6.63	-4.7	
tfrrs	58006	None	73	-7.80	7.05	-4.7	
anet	452256	1	24	-7.11	1.66	-4.7	
tfrrs	78752	None	28	-8.26	5.53	-4.7	
tfrrs	39057	None	31	-8.59	6.60	-4.7	
tfrrs	37882	None	40	-7.17	2.59	-4.7	
tfrrs	90703	None	12	-8.18	3.50	-4.7	
tfrrs	64709	None	61	-7.98	7.19	-4.7	
tfrrs	49702	None	140	-7.16	4.65	-4.7	
anet	380605	1	53	+9.29	8.37	+4.7	
tfrrs	49112	None	13	-8.68	4.42	-4.7	
tfrrs	6703	None	75	-7.48	5.61	-4.7	
tfrrs	81948	None	153	-7.09	4.05	-4.7	
tfrrs	5396	None	93	-7.90	8.51	-4.7	
anet	133543	1	13	-9.01	4.88	-4.7	
tfrrs	91058	None	13	-9.37	5.36	-4.7	
anet	583864	1	14	+10.65	5.90	+4.7	
tfrrs	84706	None	63	-8.00	7.38	-4.7	
tfrrs	27145	None	19	-9.09	6.04	-4.7	
tfrrs	82430	None	101	-7.46	6.37	-4.7	
tfrrs	29238	None	18	-9.98	7.21	-4.7	
anet	563252	1	52	+7.75	3.16	+4.7	
tfrrs	78577	None	37	-8.37	6.68	-4.7	
tfrrs	76468	None	36	-7.96	5.50	-4.7	
tfrrs	43193	None	17	-7.82	3.47	-4.7	
anet	73255	1	32	-8.51	6.57	-4.7	
anet	334623	1	59	+8.51	6.57	+4.7	
tfrrs	45143	None	35	-8.77	7.47	-4.7	
tfrrs	14541	None	16	-7.26	1.99	-4.7	
tfrrs	27534	None	16	-7.55	2.78	-4.7	
tfrrs	69841	None	74	-7.25	4.23	-4.7	
tfrrs	5055	None	28	-8.00	4.95	-4.7	
tfrrs	56269	None	55	-7.47	4.82	-4.7	
anet	653112	1	74	+8.22	6.23	+4.7	
tfrrs	28693	None	43	-7.15	2.62	-4.7	
tfrrs	11794	None	117	-7.29	5.65	-4.7	
tfrrs	30082	None	39	-7.62	4.60	-4.7	
tfrrs	76835	None	154	-7.22	5.77	-4.7	
anet	639330	1	35	+8.88	5.97	+4.7	
tfrrs	19974	None	39	-7.16	2.60	-4.7	
tfrrs	54211	None	41	-9.01	8.71	-4.7	
anet	423733	1	19	-7.44	2.75	-4.7	
anet	235680	2	12	-14.31	10.52	-4.7	
anet	586329	2	13	+8.30	2.76	+4.7	
anet	598053	1	18	-7.39	2.53	-4.7	
tfrrs	62152	None	49	-7.79	5.84	-4.7	
anet	165591	1	20	-13.00	11.86	-4.7	
tfrrs	7307	None	95	-8.20	10.06	-4.7	
tfrrs	71424	None	148	-7.09	4.26	-4.7	
anet	84469	1	36	+10.45	9.17	+4.7	
tfrrs	90640	None	32	-7.68	4.38	-4.7	
anet	163058	1	17	+9.68	5.33	+4.7	
anet	270980	1	15	-9.15	5.48	-4.7	
tfrrs	84163	None	131	-7.23	5.55	-4.7	
tfrrs	71509	None	120	-7.42	6.82	-4.7	
tfrrs	89394	None	90	-7.64	7.19	-4.7	
tfrrs	20256	None	34	+10.59	9.15	+4.7	
tfrrs	47326	None	15	-7.86	3.38	-4.7	
tfrrs	44962	None	36	-8.04	5.77	-4.7	
tfrrs	76889	None	192	-7.19	6.29	-4.7	
anet	367620	1	31	+8.82	5.54	+4.7	
tfrrs	13429	None	45	-8.67	8.27	-4.7	
tfrrs	55601	None	202	-7.11	5.37	-4.7	
tfrrs	84962	None	157	-7.17	5.43	-4.7	
anet	555712	1	39	-7.58	4.54	-4.7	
tfrrs	73992	None	73	-7.55	6.05	-4.7	
tfrrs	3025	None	36	-8.08	5.90	-4.7	
tfrrs	64126	None	124	-7.28	5.98	-4.7	
tfrrs	83072	None	22	-7.93	4.30	-4.7	
tfrrs	33024	None	22	-12.14	11.27	-4.7	
tfrrs	63267	None	109	-7.44	6.79	-4.7	
anet	141954	1	12	-7.98	3.26	-4.7	
tfrrs	7090	None	37	-7.39	3.76	-4.7	
tfrrs	31995	None	108	-7.02	2.95	-4.7	
tfrrs	71295	None	14	-9.02	5.15	-4.7	
tfrrs	83860	None	72	-7.88	7.61	-4.7	
tfrrs	14184	None	29	-8.27	5.78	-4.7	
tfrrs	81078	None	40	-7.58	4.67	-4.7	
anet	340022	1	48	-7.64	5.33	-4.7	
anet	138609	3	38	+8.13	4.33	+4.7	
tfrrs	57561	None	312	-7.02	5.28	-4.7	
anet	243359	1	12	-10.63	6.70	-4.7	
tfrrs	55410	None	78	-7.16	3.91	-4.7	
tfrrs	72797	None	54	-8.34	8.15	-4.7	
tfrrs	76924	None	46	-7.67	5.35	-4.7	
anet	645040	1	21	+9.34	5.48	+4.7	
tfrrs	76300	None	113	-7.55	7.68	-4.7	
anet	151590	2	80	+8.95	9.44	+4.7	
anet	132274	1	24	-7.65	3.81	-4.7	
tfrrs	57455	None	77	-7.79	7.51	-4.7	
tfrrs	64516	None	24	-9.76	8.08	-4.7	
anet	197675	1	100	+7.99	6.34	+4.7	
anet	639171	1	27	-8.21	5.49	-4.7	
anet	280666	1	22	+9.08	5.19	+4.7	
tfrrs	60163	None	22	-9.52	7.34	-4.7	
anet	261794	1	22	-11.57	10.50	-4.7	
tfrrs	66681	None	43	-7.07	2.46	-4.7	
tfrrs	42881	None	68	-7.32	4.80	-4.7	
tfrrs	17396	None	61	-8.25	8.39	-4.7	
tfrrs	19163	None	145	-7.01	3.59	-4.7	
tfrrs	52913	None	27	-7.86	4.66	-4.7	
tfrrs	88480	None	37	-8.06	6.03	-4.7	
anet	511509	1	111	+8.05	7.04	+4.7	
tfrrs	19698	None	19	-9.29	6.47	-4.7	
anet	160170	1	48	-7.70	5.66	-4.7	
anet	115776	1	20	-7.35	2.72	-4.7	
tfrrs	83739	None	42	-7.31	3.76	-4.7	
anet	504460	1	19	-8.62	5.38	-4.7	
tfrrs	80543	None	101	-7.29	5.71	-4.7	
tfrrs	40259	None	17	-7.33	2.44	-4.7	
tfrrs	80456	None	49	-7.14	3.15	-4.7	
tfrrs	73479	None	27	-7.35	3.15	-4.7	
tfrrs	10315	None	63	-8.51	9.45	-4.7	
tfrrs	18988	None	38	-7.56	4.55	-4.7	
tfrrs	21698	None	35	-10.41	11.08	-4.7	
anet	125552	1	77	+8.00	5.70	+4.7	
tfrrs	14821	None	44	-7.07	2.52	-4.7	
tfrrs	54331	None	85	-7.21	4.68	-4.7	
anet	261794	3	31	-8.09	5.63	-4.7	
tfrrs	81153	None	109	-7.08	4.08	-4.7	
anet	125555	3	51	+8.89	7.46	+4.7	
tfrrs	31475	None	68	-7.10	3.39	-4.7	
anet	100635	1	24	-9.29	7.30	-4.7	
tfrrs	58921	None	41	-9.40	9.80	-4.7	
tfrrs	57442	None	327	-7.02	6.11	-4.7	
anet	134637	1	22	+9.38	5.72	+4.7	
tfrrs	34682	None	34	-8.33	6.52	-4.7	
tfrrs	85112	None	29	-9.40	8.25	-4.7	
tfrrs	51827	None	22	-8.36	5.32	-4.7	
anet	652877	1	39	+8.08	4.36	+4.7	
anet	520334	2	17	+13.23	9.42	+4.7	
tfrrs	59717	None	21	+10.30	6.94	+4.7	
tfrrs	55474	None	51	-7.18	3.54	-4.7	
anet	614764	1	53	+7.98	4.70	+4.7	
anet	615402	1	53	+7.98	4.70	+4.7	
tfrrs	47946	None	71	-7.10	3.61	-4.7	
tfrrs	3385	None	19	-8.51	5.22	-4.7	
tfrrs	83932	None	61	-7.86	7.13	-4.7	
tfrrs	73996	None	42	-7.95	6.18	-4.7	
anet	257212	1	119	+7.80	5.97	+4.7	
tfrrs	28531	None	18	-10.12	7.58	-4.7	
tfrrs	21624	None	21	-9.00	6.39	-4.7	
tfrrs	49894	None	61	-7.38	5.05	-4.7	
anet	546101	1	52	-7.32	4.36	-4.7	
tfrrs	93410	None	39	-7.49	4.46	-4.7	
tfrrs	10760	None	35	-8.45	6.96	-4.7	
tfrrs	79970	None	68	-7.39	5.41	-4.7	
anet	419607	1	20	-8.89	6.06	-4.7	
tfrrs	80916	None	39	-7.57	4.77	-4.7	
anet	131605	3	14	+8.56	3.47	+4.7	
anet	246741	1	18	+9.10	4.82	+4.7	
tfrrs	23135	None	64	-7.16	3.92	-4.7	
tfrrs	49289	None	55	-7.12	3.39	-4.7	
tfrrs	91981	None	52	-7.50	5.24	-4.7	
tfrrs	81182	None	72	-7.56	6.44	-4.7	
tfrrs	73789	None	143	-7.10	5.23	-4.7	
tfrrs	78707	None	45	-7.36	4.30	-4.7	
anet	134368	1	12	-8.95	4.78	-4.7	
tfrrs	61223	None	67	-7.88	7.61	-4.7	
tfrrs	13400	None	24	-8.18	5.23	-4.7	
tfrrs	79960	None	31	-7.49	4.00	-4.7	
tfrrs	73117	None	47	-7.19	3.53	-4.7	
tfrrs	89270	None	86	-7.68	7.66	-4.7	
tfrrs	83062	None	84	-7.41	6.18	-4.7	
tfrrs	72469	None	33	-7.81	5.15	-4.7	
tfrrs	42702	None	46	-7.86	6.25	-4.7	
tfrrs	31840	None	106	-7.55	7.77	-4.7	
tfrrs	59406	None	158	-7.24	7.02	-4.7	
anet	141522	3	24	+8.41	4.27	+4.7	
tfrrs	12466	None	64	-7.33	5.01	-4.7	
anet	177071	1	94	+8.73	9.71	+4.7	
anet	645083	1	118	+7.71	5.43	+4.7	
anet	125577	1	60	+8.00	5.22	+4.7	
anet	478862	1	35	+8.08	4.24	+4.7	
tfrrs	77721	None	30	-7.82	4.95	-4.7	
tfrrs	91550	None	18	+13.60	10.13	+4.7	
anet	302058	1	15	-10.53	7.48	-4.7	
tfrrs	30739	None	45	-7.53	5.03	-4.7	
anet	165311	3	15	-10.22	7.10	-4.7	
tfrrs	46487	None	168	-7.05	5.26	-4.7	
tfrrs	59015	None	87	-7.70	7.90	-4.7	
tfrrs	82607	None	24	-7.70	4.14	-4.7	
tfrrs	61279	None	51	-7.05	2.96	-4.7	
tfrrs	32709	None	25	-9.67	8.23	-4.7	
tfrrs	53748	None	30	-7.54	4.16	-4.7	
tfrrs	45032	None	59	-7.25	4.43	-4.7	
anet	66913	1	21	-7.63	3.71	-4.7	
tfrrs	63781	None	68	-7.51	6.13	-4.7	
anet	269560	1	36	-7.68	5.04	-4.7	
tfrrs	31633	None	137	-7.16	6.06	-4.7	
anet	64713	1	37	+10.25	9.24	+4.7	
anet	608173	1	88	+8.20	7.38	+4.7	
tfrrs	82774	None	73	-7.81	7.76	-4.7	
tfrrs	75198	None	18	+9.31	5.19	+4.7	
anet	515124	3	31	+8.46	5.03	+4.7	
tfrrs	54838	None	29	-10.84	11.00	-4.7	
tfrrs	2460	None	57	-7.99	7.53	-4.7	
tfrrs	60114	None	25	-9.20	7.42	-4.7	
tfrrs	43704	None	65	-7.06	3.50	-4.7	
tfrrs	71836	None	88	-7.88	8.83	-4.6	
anet	328208	1	26	-7.62	4.13	-4.6	
anet	412997	1	25	+9.34	6.17	+4.6	
tfrrs	72539	None	49	-7.16	3.62	-4.6	
tfrrs	82531	None	66	-7.13	4.02	-4.6	
tfrrs	45033	None	42	-7.95	6.35	-4.6	
anet	451836	2	20	+10.55	7.21	+4.6	
anet	361401	1	25	-7.83	4.63	-4.6	
tfrrs	68694	None	101	-7.13	5.01	-4.6	
tfrrs	58179	None	132	-7.12	5.70	-4.6	
anet	437992	1	38	+9.04	6.98	+4.6	
tfrrs	71162	None	132	-6.94	3.55	-4.6	
tfrrs	7863	None	43	-8.85	8.93	-4.6	
anet	88407	2	17	-7.96	4.08	-4.6	
tfrrs	90042	None	39	-7.25	3.72	-4.6	
tfrrs	53747	None	33	-7.31	3.66	-4.6	
anet	524538	2	12	-8.83	4.69	-4.6	
anet	326243	1	70	+8.09	6.23	+4.6	
anet	340340	1	12	-9.18	5.15	-4.6	
anet	618671	1	97	+8.08	7.29	+4.6	
tfrrs	74082	None	89	-7.16	5.06	-4.6	
tfrrs	4483	None	28	-8.18	5.77	-4.6	
anet	469873	1	43	+7.86	4.10	+4.6	
tfrrs	73271	None	68	-7.67	7.02	-4.6	
tfrrs	10312	None	59	-8.97	10.84	-4.6	
anet	653110	1	74	+7.76	4.88	+4.6	
tfrrs	78081	None	61	-7.82	7.24	-4.6	
tfrrs	90493	None	18	-9.19	6.35	-4.6	
anet	320321	1	55	-7.09	3.57	-4.6	
anet	209181	1	64	+8.24	6.58	+4.6	
tfrrs	11550	None	30	-8.66	7.07	-4.6	
anet	377707	1	88	+7.78	5.47	+4.6	
tfrrs	60251	None	23	-8.29	5.49	-4.6	
tfrrs	47325	None	19	-8.84	5.95	-4.6	
anet	52773	3	22	-7.54	3.69	-4.6	
anet	36349	1	13	-8.29	4.12	-4.6	
tfrrs	13155	None	77	-6.94	3.05	-4.6	
tfrrs	88937	None	248	-6.94	5.41	-4.6	
tfrrs	57945	None	102	-7.09	4.97	-4.6	
tfrrs	47302	None	94	-7.13	5.09	-4.6	
tfrrs	79237	None	62	-7.40	5.54	-4.6	
anet	98032	1	25	-8.08	5.26	-4.6	
anet	511132	2	63	+8.27	6.66	+4.6	
tfrrs	38218	None	55	-7.00	3.00	-4.6	
anet	556103	1	70	+7.81	5.10	+4.6	
anet	102631	1	92	+7.84	5.98	+4.6	
tfrrs	71913	None	139	-7.19	6.74	-4.6	
anet	142526	3	14	-11.38	8.36	-4.6	
anet	438158	4	12	+8.44	3.17	+4.6	
tfrrs	39963	None	61	-7.72	6.93	-4.6	
anet	142455	1	55	+9.56	9.83	+4.6	
tfrrs	91452	None	13	-9.00	5.16	-4.6	
tfrrs	14877	None	25	-8.15	5.46	-4.6	
anet	343776	1	14	-8.18	4.13	-4.6	
tfrrs	15532	None	27	-7.89	5.05	-4.6	
tfrrs	3714	None	12	-9.93	6.11	-4.6	
tfrrs	35110	None	26	-8.14	5.53	-4.6	
tfrrs	78053	None	363	-6.87	5.14	-4.6	
tfrrs	16690	None	20	-8.09	4.77	-4.6	
anet	312498	1	25	+8.16	4.00	+4.6	
tfrrs	60756	None	30	-7.27	3.47	-4.6	
tfrrs	83149	None	71	-7.23	5.09	-4.6	
tfrrs	27977	None	253	-6.84	3.57	-4.6	
anet	125546	1	64	+7.89	5.32	+4.6	
anet	377824	1	98	+7.83	6.23	+4.6	
tfrrs	74008	None	50	-8.23	7.97	-4.6	
tfrrs	59891	None	86	-7.03	4.23	-4.6	
tfrrs	59759	None	55	-7.68	6.46	-4.6	
tfrrs	12790	None	15	-8.38	4.62	-4.6	
tfrrs	92105	None	46	-6.89	2.04	-4.6	
tfrrs	54463	None	118	-7.21	6.50	-4.6	
tfrrs	77688	None	22	-11.48	10.67	-4.6	
tfrrs	70631	None	106	-7.21	6.15	-4.6	
anet	283917	1	75	+7.70	4.79	+4.6	
tfrrs	40033	None	34	-7.26	3.68	-4.6	
tfrrs	61913	None	36	-7.35	4.16	-4.6	
tfrrs	75682	None	70	-7.47	6.38	-4.6	
anet	662115	1	42	+8.08	4.96	+4.6	
tfrrs	17480	None	195	-7.13	7.57	-4.6	
tfrrs	44839	None	24	-7.21	2.95	-4.6	
tfrrs	72359	None	94	-7.33	6.57	-4.6	
tfrrs	88932	None	112	-7.23	6.52	-4.6	
tfrrs	16151	None	72	-8.63	11.01	-4.6	
anet	513919	1	49	+8.85	7.64	+4.6	
anet	301049	2	33	+8.35	5.11	+4.6	
tfrrs	60079	None	45	-7.61	5.65	-4.6	
anet	205323	1	65	-7.38	5.76	-4.6	
tfrrs	79554	None	46	-7.72	6.11	-4.6	
anet	345556	1	28	+8.07	4.04	+4.6	
tfrrs	22421	None	13	-7.42	2.65	-4.6	
tfrrs	41957	None	48	-7.41	5.06	-4.6	
tfrrs	90682	None	84	-7.16	5.24	-4.6	
tfrrs	7656	None	33	-7.20	3.43	-4.6	
tfrrs	40208	None	44	-7.89	6.54	-4.6	
tfrrs	33866	None	125	-6.97	4.59	-4.6	
tfrrs	76658	None	138	-6.93	4.41	-4.6	
anet	463392	15	36	+7.93	4.20	+4.6	
anet	668644	1	24	+8.88	5.42	+4.6	
tfrrs	5182	None	21	-10.44	8.93	-4.6	
anet	615404	1	48	+8.04	5.26	+4.6	
anet	216367	3	14	-8.24	4.29	-4.6	
anet	559983	2	45	+8.24	5.72	+4.6	
tfrrs	15605	None	25	-7.87	4.89	-4.6	
anet	599088	1	87	+8.03	7.03	+4.6	
tfrrs	76332	None	44	-7.69	5.93	-4.6	
anet	72733	1	44	-7.13	3.68	-4.6	
tfrrs	71853	None	220	-6.95	5.99	-4.6	
tfrrs	84670	None	70	-7.28	5.54	-4.6	
anet	348804	5	19	+7.62	2.26	+4.6	
tfrrs	7258	None	32	-9.19	8.60	-4.6	
anet	71260	1	26	-7.28	3.38	-4.6	
tfrrs	11053	None	17	-9.33	6.48	-4.6	
tfrrs	67721	None	22	-9.80	8.14	-4.6	
anet	119933	1	206	+7.37	4.41	+4.6	
anet	303045	2	22	+8.61	4.73	+4.6	
tfrrs	84033	None	21	-9.85	8.05	-4.6	
tfrrs	13935	None	160	-7.12	7.04	-4.6	
tfrrs	79079	None	88	-6.98	4.12	-4.6	
tfrrs	79984	None	53	-7.21	4.53	-4.6	
anet	120963	2	40	-7.48	4.96	-4.6	
tfrrs	54560	None	58	-7.14	4.31	-4.6	
tfrrs	71542	None	44	-7.87	6.54	-4.6	
tfrrs	71771	None	58	-7.86	7.50	-4.6	
tfrrs	76631	None	163	-6.95	5.25	-4.6	
tfrrs	64178	None	114	-7.01	5.05	-4.6	
anet	167758	1	70	+7.46	3.44	+4.6	
tfrrs	78078	None	124	-6.99	5.04	-4.6	
tfrrs	21238	None	36	-7.84	5.86	-4.6	
tfrrs	17984	None	191	-7.07	7.26	-4.6	
tfrrs	58750	None	57	-7.16	4.47	-4.6	
tfrrs	72813	None	35	-7.47	4.64	-4.6	
tfrrs	60990	None	46	-7.45	5.25	-4.6	
tfrrs	78294	None	133	-6.95	4.81	-4.6	
tfrrs	87545	None	121	-6.97	4.79	-4.6	
tfrrs	95807	None	41	-8.54	8.21	-4.6	
anet	427258	8	21	+8.06	3.58	+4.6	
tfrrs	80156	None	28	-7.34	3.77	-4.6	
tfrrs	82814	None	180	-6.90	4.96	-4.6	
tfrrs	82917	None	93	-7.55	8.02	-4.6	
tfrrs	2711	None	22	-8.80	6.49	-4.6	
tfrrs	73468	None	19	-8.25	5.08	-4.6	
tfrrs	90331	None	50	-7.31	4.92	-4.6	
anet	637476	1	74	-6.99	3.98	-4.6	
tfrrs	77778	None	19	-7.39	3.25	-4.6	
tfrrs	44003	None	71	-7.27	5.68	-4.6	
tfrrs	91494	None	88	-6.94	3.96	-4.6	
tfrrs	83882	None	114	-7.15	6.33	-4.6	
anet	598429	1	47	-7.37	5.05	-4.6	
anet	476506	1	15	+7.92	2.77	+4.6	
tfrrs	73490	None	31	-7.50	4.50	-4.6	
anet	119937	1	68	+8.08	6.57	+4.6	
tfrrs	75679	None	58	-8.48	9.63	-4.6	
anet	277604	1	18	-8.55	5.49	-4.6	
tfrrs	87832	None	83	-7.25	6.04	-4.6	
tfrrs	95442	None	29	-7.38	4.00	-4.6	
tfrrs	49043	None	78	-7.09	4.86	-4.6	
anet	569199	1	23	-7.99	5.07	-4.6	
tfrrs	33517	None	39	-7.01	3.08	-4.6	
tfrrs	32942	None	18	-9.41	6.86	-4.6	
tfrrs	63724	None	82	-7.31	6.39	-4.6	
tfrrs	33871	None	60	-8.03	8.34	-4.6	
anet	168023	1	63	+7.80	5.23	+4.6	
tfrrs	52980	None	49	-7.61	6.12	-4.6	
anet	339648	1	51	+8.50	7.03	+4.6	
tfrrs	52607	None	130	-6.94	4.94	-4.6	
tfrrs	78836	None	26	-8.05	5.54	-4.6	
anet	122155	1	14	-9.94	6.75	-4.6	
anet	229300	1	57	-7.51	6.20	-4.6	
tfrrs	67013	None	42	-9.08	9.71	-4.6	
tfrrs	67017	None	42	-9.08	9.71	-4.6	
tfrrs	12395	None	38	-7.61	5.40	-4.6	
tfrrs	72550	None	34	-7.59	5.05	-4.6	
tfrrs	40214	None	49	-7.32	5.00	-4.6	
tfrrs	69943	None	27	-8.27	6.14	-4.6	
tfrrs	82250	None	116	-7.26	7.30	-4.6	
tfrrs	77885	None	56	-7.22	4.88	-4.6	
tfrrs	11191	None	138	-6.96	5.36	-4.6	
tfrrs	68570	None	12	-8.38	4.26	-4.6	
anet	220712	7	25	-9.31	7.92	-4.6	
anet	50213	1	16	-11.74	9.57	-4.6	
tfrrs	46306	None	19	-7.21	2.83	-4.6	
tfrrs	45459	None	17	-7.65	3.72	-4.6	
tfrrs	81978	None	87	-7.16	5.73	-4.6	
tfrrs	66256	None	21	-8.00	4.90	-4.6	
tfrrs	90147	None	47	-7.40	5.24	-4.6	
anet	143671	1	31	-7.64	4.98	-4.6	
tfrrs	45374	None	94	-6.91	4.04	-4.6	
tfrrs	59898	None	40	-7.26	4.31	-4.6	
tfrrs	76681	None	75	-7.54	7.30	-4.6	
tfrrs	29472	None	22	-9.33	7.49	-4.6	
anet	375250	7	17	+10.99	7.41	+4.6	
anet	120849	2	86	+7.81	6.23	+4.6	
anet	340943	1	32	-7.64	5.09	-4.6	
anet	40938	2	21	-8.26	5.43	-4.6	
anet	210027	1	33	-7.26	3.94	-4.6	
tfrrs	60997	None	31	-8.53	7.22	-4.6	
anet	152712	1	26	-8.53	6.62	-4.6	
anet	132630	1	12	-7.52	2.90	-4.6	
anet	342683	1	51	+7.83	4.94	+4.6	
anet	96482	1	70	+7.63	4.81	+4.6	
tfrrs	92848	None	78	-7.46	7.14	-4.6	
anet	130696	1	26	-7.58	4.44	-4.6	
anet	315377	3	25	-8.06	5.51	-4.6	
tfrrs	73017	None	30	-8.49	7.03	-4.6	
anet	404014	1	12	-9.53	5.79	-4.6	
tfrrs	7563	None	38	-7.10	3.58	-4.6	
anet	339518	20	24	+8.21	4.30	+4.6	
anet	475471	1	38	+7.80	4.16	+4.6	
tfrrs	10553	None	58	-7.49	6.30	-4.5	
anet	272216	1	29	-8.95	7.89	-4.5	
tfrrs	66504	None	17	-8.93	6.00	-4.5	
tfrrs	63135	None	119	-7.21	7.20	-4.5	
anet	613198	1	78	+7.86	6.28	+4.5	
tfrrs	39895	None	26	-7.78	4.98	-4.5	
anet	442153	5	14	-9.72	6.52	-4.5	
anet	649976	1	36	+8.08	4.92	+4.5	
anet	474265	1	12	+7.56	1.85	+4.5	
anet	303488	2	13	-8.03	3.94	-4.5	
tfrrs	28451	None	42	-7.35	4.87	-4.5	
tfrrs	68447	None	28	-7.84	5.34	-4.5	
tfrrs	58832	None	59	-7.11	4.61	-4.5	
anet	349249	1	50	+8.78	7.87	+4.5	
tfrrs	95096	None	59	-7.38	5.91	-4.5	
tfrrs	53857	None	32	-7.89	5.83	-4.5	
anet	574513	1	73	-6.94	3.95	-4.5	
tfrrs	60057	None	60	-7.14	4.84	-4.5	
anet	669843	1	135	-6.89	4.94	-4.5	
tfrrs	65292	None	29	-10.14	10.17	-4.5	
tfrrs	77029	None	252	-6.84	5.79	-4.5	
anet	200054	1	22	-7.82	4.68	-4.5	
anet	551228	1	195	+7.42	6.19	+4.5	
tfrrs	54846	None	49	-7.35	5.31	-4.5	
anet	343947	2	41	+9.55	8.85	+4.5	
tfrrs	23489	None	83	-7.02	4.91	-4.5	
tfrrs	7669	None	28	-9.41	8.67	-4.5	
tfrrs	72552	None	53	-7.10	4.36	-4.5	
tfrrs	59658	None	57	-7.50	6.37	-4.5	
tfrrs	35279	None	43	-8.17	7.61	-4.5	
anet	505707	2	48	-7.89	7.19	-4.5	
tfrrs	87155	None	170	-6.89	5.58	-4.5	
anet	435742	4	20	+8.63	4.75	+4.5	
tfrrs	52716	None	71	-7.11	5.13	-4.5	
tfrrs	15854	None	112	-7.60	9.51	-4.5	
tfrrs	37240	None	152	-7.38	9.62	-4.5	
tfrrs	51895	None	41	-7.02	3.49	-4.5	
anet	141170	1	65	+7.66	4.95	+4.5	
tfrrs	43377	None	36	-7.16	3.86	-4.5	
anet	214345	1	29	-7.04	3.00	-4.5	
tfrrs	76735	None	16	-8.21	4.73	-4.5	
anet	216808	1	32	+8.53	5.80	+4.5	
anet	437999	1	23	+8.95	5.68	+4.5	
tfrrs	72412	None	35	-7.59	5.30	-4.5	
tfrrs	87773	None	197	-6.77	4.23	-4.5	
anet	148124	1	33	+8.87	6.63	+4.5	
tfrrs	7120	None	26	-6.97	2.58	-4.5	
tfrrs	79532	None	31	-7.49	4.71	-4.5	
tfrrs	31785	None	73	-7.03	4.77	-4.5	
tfrrs	59115	None	130	-7.02	6.25	-4.5	
tfrrs	9303	None	31	-8.31	6.83	-4.5	
tfrrs	12799	None	104	-7.33	7.68	-4.5	
tfrrs	79217	None	49	-7.22	4.84	-4.5	
tfrrs	49954	None	33	-8.94	8.47	-4.5	
tfrrs	90809	None	159	-6.84	4.96	-4.5	
tfrrs	12811	None	31	-7.14	3.54	-4.5	
anet	465835	1	15	-7.01	2.10	-4.5	
tfrrs	90581	None	12	-9.37	5.65	-4.5	
tfrrs	89147	None	51	-7.68	6.74	-4.5	
tfrrs	82233	None	172	-7.00	7.07	-4.5	
tfrrs	66213	None	118	-6.78	3.61	-4.5	
anet	209180	1	67	+8.01	6.62	+4.5	
tfrrs	56518	None	12	-8.44	4.45	-4.5	
tfrrs	70345	None	39	-8.55	8.29	-4.5	
tfrrs	84816	None	17	-8.91	6.05	-4.5	
anet	508714	1	18	-7.55	3.75	-4.5	
anet	517058	1	38	+8.38	6.00	+4.5	
anet	292938	1	33	+9.37	7.68	+4.5	
tfrrs	35221	None	48	-8.28	8.46	-4.5	
anet	497193	1	53	+7.81	5.19	+4.5	
tfrrs	80846	None	42	-9.40	10.69	-4.5	
anet	512888	1	50	+7.72	4.69	+4.5	
tfrrs	46079	None	14	-7.02	2.09	-4.5	
tfrrs	66873	None	42	-7.72	6.29	-4.5	
anet	472353	1	13	-6.95	1.83	-4.5	
tfrrs	54395	None	13	-8.11	4.13	-4.5	
anet	147500	1	66	+7.64	5.02	+4.5	
tfrrs	83794	None	160	-7.05	7.39	-4.5	
anet	168007	1	23	+8.34	4.59	+4.5	
anet	222874	2	15	-6.95	1.97	-4.5	
tfrrs	32601	None	72	-7.12	5.39	-4.5	
tfrrs	9052	None	26	-9.34	8.31	-4.5	
tfrrs	42902	None	177	-6.70	3.23	-4.5	
tfrrs	53443	None	116	-6.78	3.71	-4.5	
tfrrs	3168	None	36	-8.54	7.99	-4.5	
anet	241015	1	63	+7.81	5.69	+4.5	
anet	206138	1	43	+7.89	4.98	+4.5	
anet	561666	1	36	+7.83	4.36	+4.5	
tfrrs	88985	None	32	-8.09	6.48	-4.5	
tfrrs	57571	None	304	-6.81	6.65	-4.5	
tfrrs	49143	None	54	-7.05	4.34	-4.5	
anet	368377	1	33	+8.99	6.97	+4.5	
anet	123398	1	121	+7.88	8.31	+4.5	
anet	298142	1	47	-7.20	4.76	-4.5	
tfrrs	41172	None	41	-7.41	5.22	-4.5	
tfrrs	83564	None	31	-8.33	6.94	-4.5	
tfrrs	66685	None	153	-6.89	5.73	-4.5	
tfrrs	48224	None	111	-6.86	4.61	-4.5	
tfrrs	77488	None	107	-6.85	4.41	-4.5	
tfrrs	92569	None	83	-7.57	8.21	-4.5	
anet	527152	1	16	-7.47	3.41	-4.5	
tfrrs	82383	None	50	-7.27	5.24	-4.5	
anet	515386	2	15	+8.14	3.43	+4.5	
anet	214134	1	112	+7.56	6.15	+4.5	
tfrrs	76830	None	91	-7.09	5.94	-4.5	
tfrrs	84907	None	41	-7.24	4.63	-4.5	
anet	553747	1	30	+8.44	5.55	+4.5	
anet	418836	1	16	-14.02	12.57	-4.5	
anet	546597	1	88	-6.79	3.57	-4.5	
anet	650703	1	146	+7.34	5.20	+4.5	
tfrrs	8643	None	16	-10.02	7.51	-4.5	
tfrrs	85010	None	13	-8.54	4.83	-4.5	
tfrrs	40415	None	126	-6.82	4.65	-4.5	
tfrrs	55959	None	20	-9.33	7.32	-4.5	
tfrrs	82127	None	25	-7.68	4.82	-4.5	
tfrrs	35672	None	25	-7.29	3.80	-4.5	
tfrrs	32289	None	59	-7.44	6.46	-4.5	
tfrrs	62446	None	88	-6.73	2.96	-4.5	
tfrrs	46029	None	70	-7.52	7.40	-4.5	
tfrrs	1937	None	15	-9.08	6.00	-4.5	
tfrrs	55325	None	73	-6.91	4.24	-4.5	
tfrrs	13297	None	25	-7.48	4.34	-4.5	
anet	179665	1	14	-7.40	3.08	-4.5	
tfrrs	95398	None	42	-8.07	7.44	-4.5	
tfrrs	62116	None	54	-6.87	3.42	-4.5	
tfrrs	91703	None	28	-7.27	3.96	-4.5	
anet	295586	4	16	-7.98	4.43	-4.5	
tfrrs	86131	None	64	-7.20	5.64	-4.5	
tfrrs	52243	None	78	-7.66	8.46	-4.5	
tfrrs	59842	None	13	-8.82	5.23	-4.5	
anet	546386	2	84	+7.94	7.32	+4.5	
tfrrs	65277	None	34	-7.16	3.98	-4.5	
anet	113334	1	61	+8.33	7.62	+4.5	
anet	294653	1	69	+8.17	7.55	+4.5	
anet	561949	2	14	+9.21	4.87	+4.5	
anet	427354	1	31	-9.00	8.47	-4.5	
anet	424196	1	22	+7.83	3.51	+4.5	
tfrrs	42610	None	30	-7.80	5.65	-4.5	
tfrrs	73991	None	26	-9.25	8.24	-4.5	
anet	422170	1	25	-7.45	4.28	-4.5	
tfrrs	36892	None	202	-6.82	6.12	-4.5	
tfrrs	85932	None	38	-6.93	3.24	-4.5	
tfrrs	91641	None	54	-7.24	5.42	-4.5	
tfrrs	77331	None	15	-11.89	9.66	-4.5	
anet	552887	1	30	+7.44	2.84	+4.5	
tfrrs	55257	None	79	-6.99	5.08	-4.5	
tfrrs	54483	None	67	-7.60	7.66	-4.5	
tfrrs	92080	None	30	-7.31	4.26	-4.5	
anet	513228	2	20	+9.25	5.90	+4.5	
tfrrs	26157	None	73	-7.08	5.45	-4.5	
anet	70232	1	12	+8.49	3.62	+4.5	
anet	442941	1	62	-7.26	5.93	-4.5	
tfrrs	79467	None	45	-6.94	3.59	-4.5	
anet	332592	1	13	-9.28	5.88	-4.5	
anet	297336	1	13	-11.79	8.90	-4.5	
tfrrs	61062	None	129	-6.89	5.61	-4.5	
tfrrs	17902	None	36	-7.65	5.77	-4.5	
tfrrs	32678	None	75	-7.22	6.35	-4.5	
tfrrs	86939	None	83	-6.87	4.35	-4.5	
anet	244345	1	20	+10.58	7.75	+4.5	
anet	424661	1	18	-8.63	5.89	-4.5	
anet	601338	1	29	-7.48	4.72	-4.5	
anet	379063	1	41	+9.15	8.25	+4.5	
anet	284007	2	19	-7.09	2.82	-4.5	
anet	257039	2	24	-7.24	3.65	-4.5	
tfrrs	85968	None	70	-6.82	3.64	-4.5	
tfrrs	71212	None	97	-7.19	7.01	-4.5	
tfrrs	49887	None	130	-6.80	4.82	-4.5	
anet	284025	1	106	+7.23	3.73	+4.5	
tfrrs	91493	None	42	-7.25	4.89	-4.5	
tfrrs	21750	None	19	-8.00	4.93	-4.5	
tfrrs	31641	None	19	-7.76	4.44	-4.5	
anet	585030	1	17	-10.22	8.09	-4.5	
anet	309198	1	12	-13.51	10.42	-4.5	
tfrrs	82870	None	25	-9.66	8.85	-4.5	
anet	225551	1	82	-7.11	6.05	-4.5	
anet	299184	1	26	-7.38	4.21	-4.5	
tfrrs	17420	None	24	-6.95	2.70	-4.5	
anet	640381	6	28	-7.49	4.68	-4.5	
anet	563227	1	71	+7.44	4.52	+4.5	
tfrrs	60209	None	30	-6.95	3.03	-4.5	
tfrrs	27656	None	39	-7.55	5.74	-4.5	
anet	216372	5	12	-7.33	2.78	-4.5	
tfrrs	68490	None	42	-8.07	7.53	-4.5	
tfrrs	63585	None	93	-7.04	5.98	-4.5	
anet	544342	1	65	+7.77	5.92	+4.5	
tfrrs	21086	None	86	-6.81	4.04	-4.5	
tfrrs	91991	None	48	-7.15	4.80	-4.5	
anet	202920	2	12	-9.35	5.75	-4.5	
tfrrs	19876	None	23	-8.27	5.99	-4.5	
anet	131490	2	19	-9.44	7.38	-4.5	
tfrrs	83254	None	123	-6.75	4.26	-4.5	
tfrrs	4222	None	20	+10.75	8.00	+4.5	
tfrrs	5113	None	30	-7.68	5.39	-4.5	
tfrrs	60965	None	76	-7.36	7.16	-4.5	
tfrrs	80960	None	61	-6.96	4.42	-4.5	
tfrrs	8285	None	98	-7.63	9.54	-4.5	
tfrrs	19117	None	25	-8.11	5.92	-4.5	
tfrrs	84541	None	16	-8.76	5.78	-4.5	
tfrrs	39571	None	46	-7.00	4.07	-4.5	
tfrrs	84260	None	225	-6.76	5.87	-4.5	
tfrrs	32117	None	78	-6.70	2.91	-4.5	
anet	192875	1	12	-7.62	3.32	-4.5	
anet	553863	1	56	+7.59	4.79	+4.5	
anet	429608	1	15	-8.43	5.10	-4.5	
tfrrs	34872	None	24	+11.86	10.27	+4.5	
tfrrs	82869	None	39	-9.07	9.78	-4.5	
tfrrs	88145	None	101	-7.00	6.06	-4.5	
tfrrs	15392	None	21	-8.80	6.71	-4.5	
tfrrs	90599	None	18	-8.72	6.08	-4.5	
tfrrs	52836	None	17	-9.73	7.43	-4.5	
tfrrs	39318	None	64	-7.97	8.99	-4.5	
tfrrs	73018	None	44	-8.90	9.97	-4.5	
tfrrs	71486	None	19	-7.02	2.71	-4.5	
tfrrs	10941	None	51	-7.18	5.16	-4.5	
tfrrs	87351	None	92	-7.65	9.39	-4.5	
anet	244786	1	64	+7.79	6.00	+4.5	
anet	166191	4	32	+7.32	2.60	+4.5	
anet	209101	1	88	+7.28	4.05	+4.5	
anet	411238	1	15	-7.66	3.81	-4.5	
tfrrs	62250	None	70	-6.86	4.15	-4.5	
anet	661058	1	99	+7.67	6.88	+4.5	
tfrrs	80510	None	33	-7.43	4.99	-4.5	
tfrrs	93456	None	23	-7.99	5.45	-4.5	
anet	371782	1	24	+8.23	4.69	+4.5	
tfrrs	72078	None	19	-10.36	8.82	-4.5	
anet	131675	2	19	-7.86	4.72	-4.5	
anet	664003	1	75	+7.44	4.82	+4.5	
tfrrs	69064	None	28	-7.62	5.13	-4.5	
anet	544480	1	40	+8.27	6.20	+4.5	
anet	435356	1	121	-6.76	4.58	-4.5	
tfrrs	9973	None	48	-7.07	4.60	-4.5	
tfrrs	71365	None	17	-8.36	5.35	-4.5	
tfrrs	79199	None	46	-6.88	3.53	-4.5	
tfrrs	30594	None	56	-7.21	5.59	-4.5	
tfrrs	75440	None	226	-6.75	6.17	-4.5	
tfrrs	78863	None	29	-7.36	4.50	-4.5	
tfrrs	34820	None	51	-7.16	5.16	-4.5	
anet	94227	1	40	-7.69	6.36	-4.5	
tfrrs	11486	None	84	-7.27	7.22	-4.5	
tfrrs	86269	None	49	-7.25	5.44	-4.5	
tfrrs	55490	None	29	-6.89	2.90	-4.5	
tfrrs	27050	None	55	-8.17	9.05	-4.5	
tfrrs	55482	None	24	-6.79	2.21	-4.5	
anet	384492	1	15	-11.72	9.56	-4.5	
anet	541115	2	15	+8.36	3.94	+4.5	
tfrrs	58584	None	32	-7.98	6.45	-4.5	
tfrrs	68107	None	67	-6.88	4.37	-4.5	
tfrrs	53847	None	290	-6.64	4.85	-4.5	
tfrrs	20354	None	13	-8.29	4.60	-4.5	
anet	611247	1	47	+7.51	4.17	+4.5	
tfrrs	31954	None	97	-6.97	5.90	-4.4	
anet	563245	1	60	+7.35	3.92	+4.4	
tfrrs	47849	None	64	-6.93	4.60	-4.4	
anet	492036	2	19	-7.45	3.89	-4.4	
tfrrs	74171	None	140	-6.77	5.24	-4.4	
tfrrs	29797	None	102	-6.66	3.15	-4.4	
tfrrs	83720	None	88	-6.84	4.72	-4.4	
anet	265858	3	19	-6.99	2.67	-4.4	
tfrrs	91716	None	88	-6.88	5.03	-4.4	
anet	147502	1	64	+7.45	4.62	+4.4	
tfrrs	39330	None	37	-7.85	6.63	-4.4	
tfrrs	71865	None	85	-7.28	7.39	-4.4	
anet	317831	1	48	-6.77	3.04	-4.4	
anet	508786	1	14	-7.24	2.91	-4.4	
tfrrs	8130	None	63	-7.30	6.44	-4.4	
anet	639437	1	28	+8.74	6.20	+4.4	
tfrrs	61676	None	31	-8.32	7.20	-4.4	
anet	204661	1	62	+8.59	8.82	+4.4	
tfrrs	80404	None	49	-6.91	3.96	-4.4	
anet	416246	1	33	-8.84	8.62	-4.4	
anet	188223	4	17	+8.20	3.97	+4.4	
anet	495546	1	42	+8.39	6.75	+4.4	
anet	610853	1	158	+7.10	3.57	+4.4	
tfrrs	94000	None	52	-7.73	7.47	-4.4	
tfrrs	87420	None	196	-6.73	5.71	-4.4	
tfrrs	76176	None	108	-7.01	6.64	-4.4	
tfrrs	75790	None	137	-6.97	7.13	-4.4	
tfrrs	75848	None	71	-7.32	6.98	-4.4	
tfrrs	81154	None	40	-7.17	4.69	-4.4	
anet	614845	1	35	+7.63	4.08	+4.4	
tfrrs	68678	None	67	-7.37	7.03	-4.4	
tfrrs	27148	None	19	-10.00	8.35	-4.4	
tfrrs	53623	None	59	-6.91	4.35	-4.4	
tfrrs	5755	None	82	-7.64	9.03	-4.4	
anet	312083	1	13	+9.37	5.03	+4.4	
tfrrs	34152	None	46	-8.04	7.99	-4.4	
tfrrs	73865	None	21	-7.92	5.16	-4.4	
tfrrs	31842	None	174	-6.85	6.94	-4.4	
tfrrs	51170	None	47	-6.92	3.99	-4.4	
tfrrs	62398	None	26	-8.58	7.15	-4.4	
tfrrs	54471	None	150	-6.71	4.92	-4.4	
tfrrs	43924	None	62	-7.91	8.86	-4.4	
tfrrs	25030	None	47	-6.99	4.35	-4.4	
tfrrs	75783	None	128	-6.95	6.84	-4.4	
tfrrs	39321	None	36	-8.70	8.70	-4.4	
tfrrs	72007	None	92	-6.72	3.88	-4.4	
anet	253081	2	15	+9.53	5.61	+4.4	
anet	265324	1	45	-7.25	5.35	-4.4	
tfrrs	59456	None	87	-6.73	3.94	-4.4	
tfrrs	69108	None	21	-8.08	5.49	-4.4	
anet	250470	1	30	+10.28	9.22	+4.4	
tfrrs	51233	None	87	-6.90	5.31	-4.4	
tfrrs	39085	None	57	-7.20	5.80	-4.4	
anet	653152	1	38	+7.99	5.41	+4.4	
anet	334301	1	77	+7.95	7.54	+4.4	
anet	52771	3	12	-8.13	4.23	-4.4	
anet	613181	1	74	+7.37	4.64	+4.4	
tfrrs	89880	None	106	-7.12	7.44	-4.4	
tfrrs	19233	None	32	-7.88	6.29	-4.4	
tfrrs	79090	None	57	-7.47	6.94	-4.4	
tfrrs	37456	None	15	-8.02	4.55	-4.4	
tfrrs	65450	None	30	-7.30	4.54	-4.4	
tfrrs	78228	None	26	-7.40	4.48	-4.4	
anet	155074	1	62	+7.84	6.36	+4.4	
tfrrs	24345	None	53	-6.66	2.58	-4.4	
anet	177748	1	124	+7.69	8.20	+4.4	
tfrrs	61133	None	137	-7.04	7.85	-4.4	
tfrrs	53681	None	41	-7.78	6.86	-4.4	
tfrrs	74192	None	17	-9.35	7.00	-4.4	
tfrrs	64089	None	65	-8.10	9.77	-4.4	
tfrrs	56379	None	48	-7.31	5.81	-4.4	
tfrrs	54748	None	22	-9.24	7.79	-4.4	
tfrrs	7842	None	47	-7.55	6.59	-4.4	
tfrrs	34006	None	85	-7.01	6.05	-4.4	
anet	180833	1	145	+7.11	4.02	+4.4	
tfrrs	77123	None	69	-6.95	5.08	-4.4	
tfrrs	59928	None	88	-6.76	4.33	-4.4	
tfrrs	36081	None	60	-6.93	4.65	-4.4	
tfrrs	73541	None	13	-8.72	5.28	-4.4	
anet	592355	1	28	-8.64	7.61	-4.4	
tfrrs	82488	None	99	-6.78	4.80	-4.4	
tfrrs	59945	None	78	-6.97	5.60	-4.4	
tfrrs	78775	None	82	-7.22	7.18	-4.4	
tfrrs	10554	None	49	-7.26	5.68	-4.4	
anet	409497	6	16	-7.55	3.87	-4.4	
anet	531934	1	15	-7.91	4.41	-4.4	
tfrrs	11953	None	75	-7.60	8.58	-4.4	
tfrrs	21348	None	33	+8.40	6.12	+4.4	
tfrrs	4116	None	58	-7.69	7.89	-4.4	
tfrrs	72326	None	71	-6.68	3.27	-4.4	
anet	644317	1	80	+7.57	6.07	+4.4	
tfrrs	41187	None	65	-7.01	5.33	-4.4	
tfrrs	12791	None	18	-8.87	6.48	-4.4	
tfrrs	84358	None	28	-7.24	4.25	-4.4	
anet	497289	1	98	+7.22	4.41	+4.4	
anet	75079	1	16	-6.87	2.25	-4.4	
anet	100880	1	21	-11.21	10.71	-4.4	
anet	125554	1	61	+7.56	5.27	+4.4	
anet	639444	1	63	+7.28	3.96	+4.4	
anet	316509	1	90	+7.44	5.77	+4.4	
anet	423344	3	27	+9.23	7.11	+4.4	
anet	494686	3	18	-7.48	3.97	-4.4	
anet	384907	1	26	-8.95	7.96	-4.4	
tfrrs	78351	None	23	-9.03	7.64	-4.4	
anet	421747	1	22	-9.79	8.74	-4.4	
tfrrs	90916	None	19	-7.28	3.63	-4.4	
tfrrs	40910	None	32	-6.84	3.08	-4.4	
tfrrs	88919	None	43	-8.15	8.18	-4.4	
anet	261794	2	26	-9.69	9.33	-4.4	
tfrrs	71494	None	44	-8.23	8.49	-4.4	
tfrrs	50672	None	17	-8.30	5.40	-4.4	
tfrrs	10832	None	38	-7.57	6.08	-4.4	
tfrrs	91254	None	34	-7.57	5.73	-4.4	
anet	422828	2	46	-6.87	3.90	-4.4	
tfrrs	58580	None	47	-6.88	3.97	-4.4	
tfrrs	6653	None	53	-7.60	7.30	-4.4	
tfrrs	45454	None	15	-8.75	5.78	-4.4	
tfrrs	89682	None	174	-6.66	5.25	-4.4	
anet	350091	1	40	+7.69	4.79	+4.4	
anet	275743	1	12	-8.38	4.67	-4.4	
anet	221790	1	38	+8.99	7.97	+4.4	
tfrrs	71970	None	88	-7.23	7.64	-4.4	
tfrrs	78788	None	94	-7.20	7.69	-4.4	
tfrrs	72105	None	54	-7.15	5.65	-4.4	
anet	643655	1	120	+7.28	5.64	+4.4	
tfrrs	85177	None	66	-7.44	7.51	-4.4	
anet	581966	1	76	-7.00	5.87	-4.4	
tfrrs	80524	None	55	-7.02	5.09	-4.4	
tfrrs	19485	None	31	-8.53	7.84	-4.4	
tfrrs	68708	None	98	-6.78	5.05	-4.4	
tfrrs	72713	None	200	-6.78	7.22	-4.4	
tfrrs	32548	None	45	-6.91	4.12	-4.4	
tfrrs	82342	None	68	-6.92	5.12	-4.4	
anet	99605	1	29	-8.26	7.02	-4.4	
anet	661486	1	131	+7.59	8.17	+4.4	
anet	467851	1	27	-7.17	4.06	-4.4	
tfrrs	50679	None	33	-7.74	6.18	-4.4	
tfrrs	76668	None	82	-7.02	6.30	-4.4	
anet	528648	1	38	-7.18	4.86	-4.4	
tfrrs	50610	None	21	-10.41	9.58	-4.4	
tfrrs	6105	None	23	-8.31	6.35	-4.4	
anet	546670	1	43	+7.85	5.56	+4.4	
tfrrs	16984	None	41	-11.89	16.48	-4.4	
tfrrs	78547	None	31	-8.34	7.45	-4.4	
anet	77136	1	24	-7.60	4.97	-4.4	
tfrrs	47659	None	98	-7.39	9.01	-4.4	
anet	553844	1	46	+7.81	5.63	+4.4	
tfrrs	34430	None	38	-7.47	5.85	-4.4	
tfrrs	76914	None	12	-7.51	3.36	-4.4	
tfrrs	15239	None	128	-6.65	4.64	-4.4	
anet	340698	1	23	+9.05	6.36	+4.4	
anet	449810	1	16	-8.00	4.81	-4.4	
tfrrs	52060	None	13	-6.96	2.38	-4.4	
tfrrs	44026	None	84	-6.91	5.77	-4.4	
tfrrs	63839	None	86	-7.11	7.06	-4.4	
tfrrs	66706	None	41	-7.05	4.60	-4.4	
anet	218373	1	30	-7.18	4.39	-4.4	
anet	381799	1	201	+7.19	6.66	+4.4	
anet	614001	1	88	+7.79	7.75	+4.4	
anet	491294	1	15	+7.59	2.81	+4.4	
anet	651632	1	72	+7.39	5.19	+4.4	
anet	281120	1	42	+8.25	6.69	+4.4	
tfrrs	5466	None	18	-8.82	6.51	-4.4	
tfrrs	57558	None	117	-6.68	4.83	-4.4	
tfrrs	53178	None	37	-7.61	6.24	-4.4	
anet	517305	1	61	+7.65	5.93	+4.4	
anet	503600	2	24	+10.69	9.02	+4.4	
tfrrs	52606	None	65	-7.02	5.70	-4.4	
anet	336562	1	16	-8.06	4.93	-4.4	
anet	551465	1	12	-8.68	5.14	-4.4	
tfrrs	41692	None	14	-7.37	3.40	-4.4	
tfrrs	70821	None	85	-7.10	7.00	-4.4	
anet	249001	1	89	+7.15	4.14	+4.4	
tfrrs	44227	None	31	-8.02	6.76	-4.4	
tfrrs	78531	None	68	-6.93	5.34	-4.4	
tfrrs	28511	None	85	-6.79	4.99	-4.4	
anet	164350	1	14	+9.04	4.97	+4.4	
anet	130231	1	20	+8.21	4.55	+4.4	
anet	374077	4	41	+7.75	5.21	+4.4	
tfrrs	60468	None	72	-7.37	7.73	-4.4	
anet	606692	8	12	+9.05	4.62	+4.4	
tfrrs	71251	None	199	-6.61	5.42	-4.4	
anet	652744	1	112	+7.33	6.12	+4.4	
anet	52025	2	12	-8.24	4.53	-4.4	
anet	300404	1	21	-8.68	6.80	-4.4	
anet	64827	1	165	+7.38	7.86	+4.4	
tfrrs	34995	None	84	-6.68	4.16	-4.4	
tfrrs	84831	None	20	-6.96	3.01	-4.4	
tfrrs	62613	None	89	-6.69	4.34	-4.4	
tfrrs	39493	None	58	-6.92	4.91	-4.4	
tfrrs	86421	None	35	-7.22	4.90	-4.4	
tfrrs	90985	None	142	-6.73	5.94	-4.4	
tfrrs	2289	None	20	-7.23	3.75	-4.4	
anet	89452	1	36	-6.90	3.79	-4.4	
tfrrs	81622	None	163	-6.60	4.76	-4.4	
anet	65241	1	32	-7.42	5.30	-4.4	
tfrrs	5970	None	13	-8.25	4.75	-4.4	
tfrrs	50807	None	48	-6.95	4.63	-4.4	
tfrrs	7098	None	58	-6.76	4.02	-4.4	
tfrrs	35038	None	88	-7.80	10.54	-4.4	
anet	517405	1	19	-7.43	4.14	-4.4	
anet	146842	1	17	+11.37	8.40	+4.4	
tfrrs	96044	None	129	-6.67	5.20	-4.4	
tfrrs	42596	None	57	-8.28	10.03	-4.4	
tfrrs	47217	None	277	-6.48	3.49	-4.4	
tfrrs	55409	None	43	-6.70	3.18	-4.4	
tfrrs	24458	None	67	-6.93	5.40	-4.4	
anet	636218	1	13	+7.63	2.74	+4.4	
anet	78796	1	52	-6.75	3.79	-4.4	
anet	167760	1	73	+7.21	4.31	+4.4	
anet	449328	6	14	-10.45	7.95	-4.4	
tfrrs	20969	None	20	-8.12	5.67	-4.4	
anet	226404	1	62	+7.70	6.29	+4.4	
anet	541630	1	34	-6.83	3.44	-4.4	
anet	90411	1	229	-6.96	10.32	-4.4	
tfrrs	73538	None	31	-8.57	8.08	-4.4	
anet	564291	4	22	+7.75	3.87	+4.4	
tfrrs	73250	None	193	-6.60	5.43	-4.4	
tfrrs	44715	None	80	-6.94	5.99	-4.4	
tfrrs	59815	None	27	-7.06	3.89	-4.4	
tfrrs	59550	None	49	-7.22	5.88	-4.4	
anet	425427	1	20	-7.18	3.65	-4.4	
anet	541115	1	100	+7.16	4.73	+4.4	
tfrrs	85269	None	42	-7.61	6.75	-4.4	
tfrrs	56135	None	50	-7.17	5.77	-4.4	
anet	111317	1	18	+8.73	5.22	+4.4	
tfrrs	10484	None	28	-8.09	6.66	-4.4	
tfrrs	49201	None	76	-6.66	4.02	-4.4	
anet	253082	2	18	+7.62	3.25	+4.4	
tfrrs	17545	None	57	-7.90	8.90	-4.4	
tfrrs	89313	None	126	-6.61	4.59	-4.4	
tfrrs	50797	None	40	-7.19	5.25	-4.4	
anet	221655	1	16	-11.06	9.33	-4.4	
tfrrs	45400	None	35	-7.52	5.93	-4.4	
tfrrs	67232	None	71	-7.10	6.54	-4.4	
tfrrs	77566	None	30	-7.88	6.40	-4.4	
tfrrs	67564	None	25	-6.91	3.31	-4.4	
anet	101879	1	12	-7.51	3.46	-4.4	
tfrrs	28691	None	39	-6.81	3.69	-4.4	
tfrrs	41117	None	58	-6.89	4.92	-4.4	
tfrrs	36360	None	110	-6.63	4.61	-4.4	
tfrrs	50460	None	36	-7.96	7.25	-4.4	
tfrrs	33429	None	46	-6.60	2.77	-4.4	
tfrrs	30725	None	47	-7.30	6.12	-4.4	
anet	366103	1	46	+7.88	6.08	+4.4	
tfrrs	50417	None	37	-7.32	5.49	-4.4	
tfrrs	59877	None	21	-8.54	6.63	-4.4	
tfrrs	54066	None	57	-7.06	5.72	-4.4	
tfrrs	54567	None	63	-7.03	5.85	-4.4	
tfrrs	82879	None	104	-6.74	5.45	-4.4	
anet	541880	1	74	+7.77	7.29	+4.4	
tfrrs	7772	None	17	-7.91	4.89	-4.4	
anet	613154	1	73	+7.18	4.30	+4.4	
tfrrs	48105	None	123	-6.53	3.68	-4.4	
tfrrs	35887	None	13	-8.40	5.02	-4.4	
tfrrs	23410	None	18	-9.99	8.40	-4.3	
anet	381683	1	29	+8.35	5.90	+4.3	
anet	495225	1	32	+8.75	7.07	+4.3	
tfrrs	24841	None	20	-8.33	6.11	-4.3	
anet	214131	1	111	+7.29	6.17	+4.3	
anet	417334	1	15	-9.47	6.96	-4.3	
anet	585194	2	12	-6.92	2.33	-4.3	
anet	551927	3	95	-6.87	6.24	-4.3	
tfrrs	26732	None	247	-6.59	6.39	-4.3	
tfrrs	21488	None	57	-6.77	4.25	-4.3	
anet	548498	1	26	-7.42	4.90	-4.3	
anet	130839	1	16	-7.13	3.22	-4.3	
tfrrs	17465	None	38	-6.90	4.09	-4.3	
anet	430910	1	28	+8.43	5.99	+4.3	
anet	388624	1	12	-8.59	5.10	-4.3	
tfrrs	53350	None	61	-6.85	4.91	-4.3	
anet	163276	1	18	-8.73	6.47	-4.3	
tfrrs	80161	None	24	-8.28	6.60	-4.3	
tfrrs	59487	None	43	-7.28	5.84	-4.3	
anet	64629	2	71	+7.26	4.76	+4.3	
tfrrs	77845	None	41	-7.27	5.67	-4.3	
tfrrs	49099	None	27	-8.95	8.36	-4.3	
anet	361973	1	43	-7.46	6.45	-4.3	
tfrrs	81940	None	104	-6.64	4.71	-4.3	
tfrrs	31839	None	87	-7.18	7.78	-4.3	
anet	350761	2	15	-6.92	2.62	-4.3	
tfrrs	6965	None	14	-8.11	4.78	-4.3	
tfrrs	94611	None	13	-16.54	14.69	-4.3	
tfrrs	78781	None	96	-7.08	7.64	-4.3	
anet	466445	4	25	+7.13	2.39	+4.3	
tfrrs	9796	None	45	-7.30	6.08	-4.3	
tfrrs	33349	None	80	-6.93	6.15	-4.3	
anet	118836	2	21	-7.59	4.82	-4.3	
tfrrs	35765	None	46	-6.76	3.83	-4.3	
tfrrs	6940	None	34	-6.97	4.16	-4.3	
anet	425597	2	12	-7.03	2.61	-4.3	
tfrrs	90540	None	47	-7.35	6.40	-4.3	
tfrrs	73296	None	55	-6.90	4.99	-4.3	
anet	221294	2	57	+7.36	4.84	+4.3	
anet	348559	1	49	+7.60	5.40	+4.3	
anet	203914	2	61	+7.90	7.15	+4.3	
anet	374997	1	16	+13.45	10.43	+4.3	
tfrrs	58397	None	60	-7.15	6.38	-4.3	
tfrrs	51782	None	33	-7.08	4.51	-4.3	
anet	202818	1	187	+7.08	6.06	+4.3	
tfrrs	4096	None	30	-7.62	5.86	-4.3	
tfrrs	60038	None	53	-7.12	5.88	-4.3	
tfrrs	68398	None	26	-7.35	4.78	-4.3	
tfrrs	34853	None	56	-7.38	7.10	-4.3	
tfrrs	47875	None	22	-7.91	5.63	-4.3	
tfrrs	79097	None	125	-6.70	5.90	-4.3	
anet	461809	7	24	-7.54	5.05	-4.3	
tfrrs	58843	None	49	-7.28	6.29	-4.3	
anet	200505	1	45	+8.76	8.48	+4.3	
anet	594223	1	28	+7.75	4.52	+4.3	
anet	48026	1	13	+8.36	4.02	+4.3	
tfrrs	71617	None	88	-6.80	5.69	-4.3	
tfrrs	32728	None	60	-7.60	8.22	-4.3	
anet	222079	1	28	-9.04	8.76	-4.3	
tfrrs	25564	None	65	-7.57	8.46	-4.3	
anet	72574	1	12	-7.37	3.30	-4.3	
anet	120850	2	88	+7.46	6.63	+4.3	
tfrrs	44836	None	37	-7.05	4.69	-4.3	
tfrrs	74348	None	91	-6.93	6.69	-4.3	
anet	125103	1	154	+19.87	50.89	+4.3	
tfrrs	29923	None	96	-6.86	6.40	-4.3	
anet	648437	4	155	+7.09	5.83	+4.3	
tfrrs	68951	None	13	-10.84	8.23	-4.3	
anet	496862	2	18	-10.62	9.37	-4.3	
tfrrs	67996	None	24	-7.40	4.74	-4.3	
tfrrs	39852	None	116	-6.47	3.27	-4.3	
tfrrs	11858	None	37	-11.13	14.47	-4.3	
anet	272695	1	42	-6.70	3.49	-4.3	
anet	374085	2	36	-7.92	7.26	-4.3	
anet	513241	3	40	+7.78	5.52	+4.3	
tfrrs	89689	None	42	-7.08	5.14	-4.3	
anet	560348	3	28	+7.29	3.25	+4.3	
anet	241050	1	42	-6.88	4.36	-4.3	
tfrrs	55922	None	111	-6.55	4.24	-4.3	
anet	375349	1	15	+7.69	3.23	+4.3	
anet	151229	1	20	-7.39	4.33	-4.3	
tfrrs	67960	None	34	-7.28	5.32	-4.3	
tfrrs	19778	None	64	-7.05	6.26	-4.3	
tfrrs	39725	None	31	-9.03	9.24	-4.3	
anet	429223	4	19	+8.72	5.50	+4.3	
tfrrs	51820	None	79	-6.55	3.64	-4.3	
anet	560800	1	32	+8.64	6.97	+4.3	
tfrrs	10129	None	16	-8.26	5.44	-4.3	
tfrrs	61557	None	18	-8.28	5.80	-4.3	
anet	194074	1	20	+8.86	5.87	+4.3	
anet	607865	1	18	+8.47	4.95	+4.3	
tfrrs	72936	None	42	-7.74	7.36	-4.3	
anet	323920	1	103	+7.95	9.74	+4.3	
tfrrs	59889	None	33	-7.50	5.88	-4.3	
tfrrs	56477	None	90	-6.56	3.99	-4.3	
tfrrs	43409	None	90	-6.41	2.22	-4.3	
tfrrs	94734	None	146	-6.54	4.88	-4.3	
tfrrs	12574	None	20	-7.75	5.11	-4.3	
tfrrs	80090	None	53	-6.73	4.18	-4.3	
tfrrs	51449	None	24	-6.69	2.64	-4.3	
anet	46276	1	19	-8.78	6.83	-4.3	
anet	422944	1	20	-7.64	4.89	-4.3	
tfrrs	18769	None	53	-7.55	7.63	-4.3	
anet	296456	1	98	+7.60	7.84	+4.3	
anet	296185	2	64	-6.72	4.52	-4.3	
anet	247570	1	25	+7.27	3.05	+4.3	
tfrrs	54240	None	27	-7.64	5.70	-4.3	
anet	31078	1	15	-7.94	4.76	-4.3	
tfrrs	23402	None	83	-6.61	4.37	-4.3	
tfrrs	39246	None	27	-7.14	4.36	-4.3	
tfrrs	88192	None	63	-6.92	5.63	-4.3	
tfrrs	33888	None	31	-7.21	4.91	-4.3	
tfrrs	78822	None	37	-7.51	6.28	-4.3	
tfrrs	84312	None	25	-8.16	6.62	-4.3	
tfrrs	86427	None	25	-7.91	6.10	-4.3	
anet	439879	3	17	+8.15	4.32	+4.3	
tfrrs	80447	None	68	-6.81	5.26	-4.3	
tfrrs	85601	None	73	-7.09	6.94	-4.3	
tfrrs	10847	None	14	-6.98	2.82	-4.3	
anet	252970	1	105	+6.95	3.76	+4.3	
tfrrs	20726	None	27	-6.91	3.68	-4.3	
tfrrs	64481	None	147	-6.43	3.38	-4.3	
tfrrs	85382	None	25	-7.60	5.41	-4.3	
tfrrs	85026	None	229	-6.51	5.82	-4.3	
anet	130045	1	17	-8.17	5.50	-4.3	
tfrrs	54422	None	46	-7.46	6.89	-4.3	
tfrrs	80853	None	155	-6.59	5.82	-4.3	
anet	656607	1	215	+7.01	6.24	+4.3	
anet	437959	1	23	+8.57	5.83	+4.3	
anet	36596	1	12	-11.53	8.76	-4.3	
anet	261249	2	54	+8.33	8.27	+4.3	
tfrrs	60431	None	69	-6.95	6.10	-4.3	
tfrrs	47974	None	53	-7.76	8.44	-4.3	
anet	89221	2	60	-7.15	6.61	-4.3	
tfrrs	71916	None	107	-6.83	6.79	-4.3	
anet	280099	2	55	+9.19	10.65	+4.3	
anet	99878	1	20	-9.67	8.50	-4.3	
tfrrs	49981	None	31	-6.73	3.30	-4.3	
anet	47203	2	25	-9.56	9.33	-4.3	
tfrrs	70739	None	12	-8.83	5.54	-4.3	
tfrrs	74150	None	33	-7.86	6.91	-4.3	
tfrrs	90877	None	61	-6.58	3.61	-4.3	
tfrrs	90781	None	20	-7.77	5.22	-4.3	
tfrrs	39576	None	80	-6.81	5.81	-4.3	
tfrrs	11487	None	151	-6.61	6.10	-4.3	
tfrrs	89219	None	86	-6.78	5.83	-4.3	
tfrrs	75749	None	139	-6.61	5.83	-4.3	
tfrrs	41853	None	139	-6.54	5.02	-4.3	
anet	491909	1	25	-7.28	4.65	-4.3	
tfrrs	45050	None	16	-7.55	4.27	-4.3	
anet	348560	1	44	+7.65	5.56	+4.3	
tfrrs	85666	None	66	-7.07	6.62	-4.3	
tfrrs	90363	None	41	-7.26	5.91	-4.3	
anet	502711	1	45	-7.37	6.57	-4.3	
tfrrs	8398	None	16	-10.25	8.43	-4.3	
anet	337051	1	18	-7.28	3.95	-4.3	
tfrrs	82803	None	316	-6.44	5.59	-4.3	
tfrrs	85050	None	40	-7.13	5.37	-4.3	
tfrrs	62215	None	78	-6.61	4.41	-4.3	
tfrrs	80858	None	38	-7.04	4.92	-4.3	
tfrrs	54474	None	65	-6.85	5.51	-4.3	
tfrrs	60629	None	104	-6.68	5.72	-4.3	
tfrrs	90745	None	40	-6.78	4.00	-4.3	
tfrrs	47142	None	46	-6.96	5.11	-4.3	
tfrrs	23334	None	113	-6.59	5.14	-4.3	
anet	152824	1	30	-7.23	4.96	-4.3	
tfrrs	24617	None	31	-8.34	7.86	-4.3	
anet	104212	1	19	-8.63	6.66	-4.3	
anet	381188	1	16	-7.31	3.80	-4.3	
anet	58653	1	22	+8.24	5.16	+4.3	
anet	476097	2	19	+9.41	6.62	+4.3	
tfrrs	33434	None	37	-7.71	6.98	-4.3	
anet	504346	1	20	-8.53	6.65	-4.3	
tfrrs	32725	None	87	-6.56	4.24	-4.3	
anet	509075	1	114	+7.16	6.01	+4.3	
tfrrs	44719	None	33	-7.75	6.69	-4.3	
tfrrs	66114	None	54	-7.63	8.16	-4.3	
tfrrs	12739	None	46	-6.80	4.41	-4.3	
tfrrs	86365	None	26	-6.81	3.36	-4.3	
tfrrs	59610	None	30	-7.58	5.95	-4.3	
anet	296299	1	100	+7.53	7.81	+4.3	
anet	218384	1	53	-6.77	4.60	-4.3	
tfrrs	84454	None	110	-6.84	7.16	-4.3	
tfrrs	79259	None	74	-6.71	5.06	-4.3	
anet	498836	1	22	-7.09	3.91	-4.3	
anet	278414	1	27	+7.89	4.98	+4.3	
tfrrs	20681	None	24	-7.71	5.62	-4.3	
anet	298794	1	13	-9.25	6.36	-4.3	
tfrrs	40546	None	67	-6.61	4.22	-4.3	
tfrrs	40740	None	14	-12.22	10.37	-4.3	
tfrrs	90143	None	101	-6.62	5.26	-4.3	
anet	276265	2	12	+8.18	3.75	+4.3	
anet	40678	1	77	+7.54	6.95	+4.3	
tfrrs	88968	None	27	-8.80	8.31	-4.3	
tfrrs	11670	None	33	-7.76	6.74	-4.3	
tfrrs	49004	None	31	-7.93	6.96	-4.3	
anet	35829	1	24	-7.72	5.66	-4.3	
tfrrs	66492	None	20	-9.00	7.50	-4.3	
anet	125575	1	37	+8.42	7.17	+4.3	
anet	481354	2	57	-7.21	6.84	-4.3	
anet	243650	1	34	-6.56	2.76	-4.3	
anet	475079	1	72	+7.27	5.49	+4.3	
tfrrs	60172	None	37	-7.60	6.73	-4.3	
tfrrs	40722	None	40	-6.41	1.96	-4.3	
anet	69966	1	60	-6.52	3.37	-4.3	
tfrrs	13000	None	26	-7.26	4.77	-4.3	
tfrrs	92810	None	216	-6.42	4.81	-4.3	
tfrrs	67674	None	35	-7.36	5.83	-4.3	
tfrrs	85895	None	31	-7.16	4.91	-4.3	
anet	568144	2	31	+7.54	4.44	+4.3	
tfrrs	69072	None	120	-6.62	5.83	-4.3	
anet	630262	1	100	-6.60	5.16	-4.3	
tfrrs	39510	None	83	-6.80	6.10	-4.3	
tfrrs	76900	None	119	-6.52	4.86	-4.3	
anet	473760	1	20	+7.45	3.36	+4.3	
anet	511566	1	18	-8.60	6.48	-4.3	
anet	69610	2	17	-7.11	3.54	-4.3	
anet	331760	1	20	-6.77	2.89	-4.3	
tfrrs	29551	None	37	-7.84	7.41	-4.3	
tfrrs	72901	None	19	-8.14	5.87	-4.3	
anet	586540	1	59	+7.50	6.01	+4.3	
anet	519177	2	47	-7.71	7.93	-4.3	
tfrrs	10228	None	25	-7.43	5.14	-4.3	
anet	119052	1	14	-7.91	4.67	-4.3	
tfrrs	44478	None	46	-6.94	5.18	-4.3	
anet	167986	1	33	+9.29	8.56	+4.3	
tfrrs	79051	None	23	-8.01	6.19	-4.3	
tfrrs	55341	None	53	-6.65	4.07	-4.3	
tfrrs	60426	None	23	-9.69	9.27	-4.3	
anet	378089	1	24	+7.04	2.44	+4.3	
anet	166191	3	82	+6.85	3.00	+4.3	
anet	637479	1	13	-7.02	2.92	-4.3	
anet	575810	1	49	+7.12	3.93	+4.3	
tfrrs	81147	None	36	-6.42	2.06	-4.3	
tfrrs	81459	None	24	-8.28	6.89	-4.3	
anet	293247	1	39	-7.07	5.25	-4.3	
tfrrs	57548	None	247	-6.52	7.02	-4.3	
tfrrs	79887	None	13	-9.43	6.64	-4.3	
tfrrs	80489	None	13	-9.43	6.64	-4.3	
anet	510394	3	21	+8.88	6.21	+4.3	
tfrrs	41806	None	36	-7.80	7.22	-4.3	
anet	378190	1	106	+7.10	5.61	+4.3	
anet	209326	1	35	+8.01	6.05	+4.3	
tfrrs	88095	None	112	-6.63	5.84	-4.3	
anet	142655	1	20	-8.18	6.11	-4.3	
tfrrs	35602	None	81	-6.66	5.14	-4.3	
tfrrs	70632	None	131	-6.84	8.03	-4.3	
anet	260428	1	32	+9.46	8.77	+4.3	
anet	152738	1	77	+7.05	4.52	+4.3	
tfrrs	34438	None	65	-6.86	5.77	-4.3	
tfrrs	54500	None	68	-7.02	6.73	-4.3	
tfrrs	80749	None	88	-6.53	4.40	-4.3	
tfrrs	78705	None	15	-7.98	4.97	-4.3	
tfrrs	32881	None	18	-7.16	3.79	-4.3	
tfrrs	26706	None	90	-6.57	4.80	-4.3	
tfrrs	89358	None	44	-6.83	4.63	-4.3	
tfrrs	81176	None	36	-6.69	3.60	-4.3	
tfrrs	36257	None	39	-8.28	8.81	-4.3	
tfrrs	44125	None	50	-7.67	8.14	-4.3	
tfrrs	88084	None	19	-8.09	5.81	-4.3	
tfrrs	51226	None	111	-6.52	4.85	-4.3	
tfrrs	49512	None	24	-6.97	3.87	-4.3	
tfrrs	68791	None	44	-6.88	4.88	-4.3	
anet	316109	1	86	+7.15	5.48	+4.3	
anet	319559	1	18	-7.32	4.16	-4.3	
anet	44186	1	19	+7.16	2.61	+4.3	
tfrrs	30531	None	46	-7.62	7.64	-4.3	
tfrrs	91914	None	48	-7.49	7.41	-4.3	
anet	136464	1	12	+7.65	3.01	+4.3	
anet	649580	1	12	-7.09	2.97	-4.3	
tfrrs	50221	None	14	-7.50	4.02	-4.3	
anet	189677	1	51	-7.02	5.87	-4.3	
anet	379039	1	247	+6.84	5.28	+4.3	
tfrrs	96055	None	77	-6.77	5.83	-4.3	
tfrrs	80925	None	14	-7.59	4.17	-4.3	
anet	243719	1	34	+8.25	6.58	+4.3	
tfrrs	82328	None	34	-7.14	5.20	-4.3	
anet	316111	1	95	+7.04	5.09	+4.3	
tfrrs	84140	None	35	-7.48	6.29	-4.3	
tfrrs	73399	None	48	-6.77	4.60	-4.3	
tfrrs	78561	None	84	-6.54	4.50	-4.3	
anet	29248	1	12	-7.05	2.92	-4.3	
tfrrs	58927	None	45	-7.10	5.85	-4.3	
anet	124068	1	15	-7.74	4.60	-4.3	
tfrrs	33433	None	33	-7.95	7.34	-4.3	
anet	209093	1	67	+7.49	6.52	+4.3	
anet	418614	1	29	-6.54	2.65	-4.3	
anet	222853	1	12	+8.54	4.31	+4.3	
anet	264352	1	29	+8.19	5.99	+4.3	
anet	138385	1	31	-6.96	4.40	-4.3	
tfrrs	65123	None	13	-8.14	4.91	-4.3	
tfrrs	77101	None	50	-7.15	6.36	-4.3	
anet	593423	4	12	-7.07	2.96	-4.3	
anet	377481	2	37	-7.62	6.90	-4.3	
anet	141217	1	22	+7.97	4.79	+4.3	
anet	142448	1	58	+8.92	10.53	+4.3	
tfrrs	10441	None	31	-8.63	8.68	-4.3	
tfrrs	63281	None	148	-6.71	7.73	-4.2	
tfrrs	32374	None	67	-8.64	12.79	-4.2	
tfrrs	29749	None	66	-7.46	8.62	-4.2	
tfrrs	56223	None	88	-6.63	5.35	-4.2	
anet	613166	1	74	+7.53	7.09	+4.2	
tfrrs	92203	None	13	-6.65	2.12	-4.2	
tfrrs	3113	None	40	-7.62	7.21	-4.2	
tfrrs	18103	None	89	-6.87	6.98	-4.2	
anet	557848	2	16	+9.79	6.68	+4.2	
tfrrs	84065	None	15	-8.18	5.35	-4.2	
tfrrs	72458	None	31	-7.43	5.85	-4.2	
tfrrs	50315	None	163	-6.50	5.95	-4.2	
tfrrs	85428	None	18	-8.27	6.03	-4.2	
tfrrs	88594	None	83	-6.54	4.58	-4.2	
tfrrs	79681	None	51	-7.09	6.25	-4.2	
tfrrs	56468	None	52	-6.73	4.68	-4.2	
anet	428659	1	46	-6.62	3.88	-4.2	
tfrrs	72506	None	150	-6.57	6.53	-4.2	
tfrrs	53991	None	29	-7.20	5.04	-4.2	
tfrrs	53811	None	60	-6.86	5.73	-4.2	
tfrrs	85313	None	45	-7.30	6.61	-4.2	
anet	255239	1	32	-6.86	4.19	-4.2	
tfrrs	90959	None	92	-6.62	5.46	-4.2	
tfrrs	75964	None	71	-6.94	6.65	-4.2	
tfrrs	24997	None	13	-8.98	6.12	-4.2	
anet	141171	1	43	+7.65	5.83	+4.2	
anet	120850	1	74	+7.10	4.99	+4.2	
tfrrs	26694	None	68	-6.72	5.35	-4.2	
tfrrs	85573	None	84	-6.65	5.47	-4.2	
anet	508381	1	13	-6.89	2.74	-4.2	
tfrrs	25200	None	67	-7.77	9.93	-4.2	
anet	451836	3	13	+14.50	10.65	+4.2	
tfrrs	67548	None	36	-8.09	8.12	-4.2	
tfrrs	7317	None	32	-7.84	7.04	-4.2	
anet	115294	1	42	+7.54	5.43	+4.2	
tfrrs	58437	None	101	-6.49	4.69	-4.2	
anet	197675	2	97	+7.20	6.40	+4.2	
tfrrs	60383	None	60	-6.98	6.33	-4.2	
anet	476831	4	20	+7.10	2.62	+4.2	
anet	281499	1	66	+7.72	7.50	+4.2	
tfrrs	71817	None	61	-7.22	7.41	-4.2	
anet	541625	1	28	-8.26	7.53	-4.2	
anet	464192	2	15	-7.77	4.71	-4.2	
anet	506671	3	21	-8.47	6.92	-4.2	
tfrrs	30891	None	84	-6.62	5.37	-4.2	
anet	98713	1	55	-6.77	5.14	-4.2	
anet	499813	2	13	-7.02	3.04	-4.2	
anet	557031	1	13	-49.77	61.36	-4.2	
tfrrs	75488	None	45	-6.79	4.73	-4.2	
tfrrs	49449	None	39	-7.93	8.03	-4.2	
tfrrs	82280	None	16	-9.15	7.07	-4.2	
tfrrs	90511	None	44	-6.73	4.42	-4.2	
tfrrs	39590	None	57	-6.53	3.85	-4.2	
tfrrs	78155	None	46	-7.77	8.27	-4.2	
anet	137739	1	23	+8.29	5.60	+4.2	
anet	637397	1	24	-7.70	5.81	-4.2	
anet	434992	2	25	+10.34	9.24	+4.2	
tfrrs	2906	None	33	-7.57	6.49	-4.2	
anet	338851	2	26	+7.49	4.18	+4.2	
anet	109134	1	210	+7.14	8.95	+4.2	
anet	74965	1	20	+8.67	5.86	+4.2	
tfrrs	82097	None	98	-6.66	6.08	-4.2	
tfrrs	76921	None	20	-12.06	12.37	-4.2	
tfrrs	90499	None	117	-6.53	5.53	-4.2	
anet	420846	1	21	-6.44	1.96	-4.2	
tfrrs	54909	None	19	-6.83	3.21	-4.2	
tfrrs	82716	None	158	-6.36	4.28	-4.2	
anet	205743	3	14	+9.50	5.96	+4.2	
tfrrs	38891	None	18	-7.24	4.12	-4.2	
anet	313293	1	35	+8.44	7.25	+4.2	
anet	650006	1	39	+7.01	3.32	+4.2	
anet	225928	1	50	+8.00	7.43	+4.2	
anet	298374	1	58	-6.70	4.95	-4.2	
tfrrs	26083	None	44	-7.28	6.57	-4.2	
anet	652732	1	39	+7.75	5.91	+4.2	
tfrrs	90586	None	21	-9.84	9.25	-4.2	
anet	614852	1	41	+7.80	6.20	+4.2	
tfrrs	58105	None	124	-6.38	4.18	-4.2	
tfrrs	62212	None	29	-6.75	3.68	-4.2	
tfrrs	57466	None	36	-7.23	5.81	-4.2	
tfrrs	40329	None	18	-7.39	4.45	-4.2	
anet	584621	1	31	-7.87	7.05	-4.2	
anet	403782	1	57	+8.47	9.38	+4.2	
anet	653552	1	29	-8.92	9.10	-4.2	
tfrrs	42848	None	70	-6.52	4.27	-4.2	
tfrrs	81973	None	101	-6.63	6.07	-4.2	
anet	588574	3	16	+7.61	3.55	+4.2	
tfrrs	3908	None	16	+12.07	9.38	+4.2	
anet	482223	3	15	-8.63	6.13	-4.2	
tfrrs	69264	None	20	-7.85	5.65	-4.2	
anet	612357	1	13	+7.40	2.82	+4.2	
tfrrs	57493	None	19	-8.99	7.49	-4.2	
tfrrs	28753	None	22	-7.77	5.76	-4.2	
tfrrs	3172	None	25	-8.05	6.75	-4.2	
anet	225915	1	13	+9.97	6.30	+4.2	
anet	125364	1	73	+6.83	3.38	+4.2	
anet	422159	5	22	+10.57	9.03	+4.2	
anet	317416	2	12	-6.56	1.92	-4.2	
tfrrs	60077	None	14	-7.55	4.22	-4.2	
tfrrs	53532	None	43	-6.96	5.40	-4.2	
anet	90336	1	18	+8.31	5.03	+4.2	
tfrrs	53496	None	45	-6.76	4.73	-4.2	
anet	214868	1	37	-7.45	6.60	-4.2	
tfrrs	48633	None	40	-7.12	5.82	-4.2	
anet	561735	1	48	+7.46	5.67	+4.2	
tfrrs	6759	None	22	-7.85	5.95	-4.2	
anet	470850	1	27	-7.41	5.54	-4.2	
tfrrs	62203	None	116	-6.37	4.08	-4.2	
anet	196049	1	36	+7.21	4.11	+4.2	
tfrrs	33444	None	33	-7.73	7.00	-4.2	
tfrrs	36030	None	32	-6.98	4.76	-4.2	
tfrrs	30458	None	29	-7.22	5.24	-4.2	
tfrrs	82064	None	23	-7.92	6.24	-4.2	
tfrrs	60784	None	22	-7.49	5.19	-4.2	
anet	282670	1	131	+7.39	8.99	+4.2	
tfrrs	86572	None	18	-8.64	6.76	-4.2	
tfrrs	93768	None	167	-6.55	7.23	-4.2	
anet	549147	1	27	-7.03	4.53	-4.2	
tfrrs	39219	None	118	-6.61	6.55	-4.2	
anet	492096	2	14	+7.01	2.08	+4.2	
anet	265327	2	56	-6.55	4.19	-4.2	
tfrrs	58428	None	138	-6.43	5.32	-4.2	
anet	58178	2	16	-6.96	3.35	-4.2	
anet	229779	1	13	-10.12	7.70	-4.2	
tfrrs	84724	None	27	-7.93	6.80	-4.2	
anet	247962	1	29	+7.25	3.85	+4.2	
tfrrs	18437	None	57	-7.28	7.63	-4.2	
tfrrs	59360	None	81	-6.84	6.90	-4.2	
anet	497496	1	23	-7.19	4.62	-4.2	
tfrrs	33430	None	48	-7.30	7.06	-4.2	
tfrrs	50563	None	25	-7.13	4.65	-4.2	
tfrrs	30825	None	31	-6.65	3.56	-4.2	
tfrrs	16428	None	244	-6.32	5.28	-4.2	
tfrrs	78447	None	49	-6.83	5.32	-4.2	
tfrrs	58560	None	70	-6.85	6.47	-4.2	
anet	316492	1	97	+7.00	5.49	+4.2	
tfrrs	75529	None	177	-6.36	5.20	-4.2	
anet	315833	1	12	+8.30	4.14	+4.2	
tfrrs	79012	None	109	-6.80	7.77	-4.2	
anet	612037	2	34	+7.66	5.40	+4.2	
anet	215776	1	15	-9.09	6.86	-4.2	
tfrrs	83319	None	21	-7.40	4.90	-4.2	
anet	81619	1	38	+8.58	8.01	+4.2	
tfrrs	75787	None	99	-7.08	9.04	-4.2	
anet	463675	1	14	-6.86	2.92	-4.2	
tfrrs	79387	None	47	-6.81	5.17	-4.2	
anet	320675	5	24	+7.14	3.20	+4.2	
tfrrs	89755	None	47	-7.21	6.70	-4.2	
anet	519682	1	17	+7.70	3.90	+4.2	
tfrrs	27144	None	74	-7.05	7.68	-4.2	
anet	414152	1	24	-6.83	3.75	-4.2	
tfrrs	82385	None	65	-7.12	7.55	-4.2	
tfrrs	9953	None	85	-6.71	6.35	-4.2	
anet	407010	1	37	+8.05	6.70	+4.2	
anet	179859	1	47	+6.98	3.81	+4.2	
tfrrs	67748	None	32	-7.50	6.35	-4.2	
anet	59055	1	41	-7.36	6.78	-4.2	
tfrrs	37881	None	43	-6.38	2.76	-4.2	
tfrrs	55914	None	56	-6.72	5.21	-4.2	
anet	151590	3	57	+8.81	10.49	+4.2	
tfrrs	90222	None	71	-7.04	7.52	-4.2	
anet	563278	1	44	+7.17	4.52	+4.2	
anet	563283	1	39	+7.25	4.52	+4.2	
tfrrs	19766	None	33	-8.76	9.49	-4.2	
tfrrs	44198	None	44	-6.38	2.82	-4.2	
anet	464725	1	22	-7.81	5.95	-4.2	
tfrrs	45531	None	48	-7.34	7.29	-4.2	
anet	280708	6	52	-6.84	5.62	-4.2	
tfrrs	16911	None	39	-6.58	3.77	-4.2	
anet	325295	1	120	+7.14	7.26	+4.2	
tfrrs	54549	None	15	-7.59	4.53	-4.2	
anet	526230	1	45	-6.67	4.48	-4.2	
anet	165660	1	27	+9.17	7.86	+4.2	
tfrrs	59426	None	38	-7.09	5.68	-4.2	
tfrrs	3656	None	29	-7.03	4.81	-4.2	
anet	499499	1	23	+6.79	1.94	+4.2	
anet	112184	2	12	-6.47	1.78	-4.2	
tfrrs	4825	None	52	-8.28	10.58	-4.2	
anet	250314	1	27	+8.06	5.78	+4.2	
anet	84433	2	72	+7.83	8.62	+4.2	
anet	596844	1	30	-7.71	6.73	-4.2	
anet	405791	1	30	+7.02	3.25	+4.2	
tfrrs	35541	None	37	-7.07	5.58	-4.2	
tfrrs	32545	None	76	-6.84	6.85	-4.2	
anet	646371	1	93	-7.07	8.84	-4.2	
anet	65163	1	42	-7.36	6.90	-4.2	
anet	185751	1	41	-7.93	8.48	-4.2	
anet	438417	1	13	-9.36	6.79	-4.2	
anet	297085	1	27	+12.43	12.85	+4.2	
tfrrs	66595	None	22	-6.70	3.27	-4.2	
tfrrs	62551	None	96	-6.38	4.37	-4.2	
tfrrs	90638	None	174	-6.38	5.78	-4.2	
anet	659448	1	34	+7.22	4.23	+4.2	
tfrrs	34133	None	25	-9.14	9.03	-4.2	
tfrrs	39041	None	41	-9.60	12.64	-4.2	
tfrrs	59624	None	64	-7.13	7.62	-4.2	
tfrrs	28450	None	29	-7.14	5.16	-4.2	
tfrrs	45318	None	25	-7.92	6.62	-4.2	
anet	650002	3	16	+12.12	9.58	+4.2	
anet	509629	3	23	+8.26	5.75	+4.2	
tfrrs	35654	None	25	-8.14	7.09	-4.2	
tfrrs	29239	None	80	-7.26	9.16	-4.2	
anet	236838	1	27	-7.28	5.36	-4.2	
anet	553482	3	111	-6.35	4.39	-4.2	
tfrrs	84473	None	72	-6.65	5.67	-4.2	
anet	292939	1	90	+7.78	9.50	+4.2	
tfrrs	53180	None	35	-7.02	5.29	-4.2	
anet	86131	9	36	-6.44	3.03	-4.2	
tfrrs	82883	None	46	-6.83	5.35	-4.2	
tfrrs	33931	None	86	-6.84	7.37	-4.2	
tfrrs	8475	None	80	-7.56	10.44	-4.2	
tfrrs	45183	None	48	-6.62	4.50	-4.2	
tfrrs	26175	None	25	-9.03	8.85	-4.2	
anet	96005	1	43	+7.10	4.31	+4.2	
anet	78879	14	19	+7.92	4.64	+4.2	
anet	428550	1	43	+7.85	6.80	+4.2	
tfrrs	68677	None	83	-6.68	6.30	-4.2	
anet	548092	1	21	-9.44	8.80	-4.2	
anet	153471	2	17	-6.90	3.43	-4.2	
anet	68948	2	145	+6.75	4.76	+4.2	
tfrrs	86050	None	144	-6.33	4.81	-4.2	
tfrrs	55795	None	23	-7.48	5.44	-4.2	
anet	244130	1	42	-7.02	5.84	-4.2	
tfrrs	75835	None	120	-6.59	6.94	-4.2	
anet	497022	1	121	+7.02	6.71	+4.2	
tfrrs	25946	None	60	-6.58	4.84	-4.2	
anet	551547	1	20	+9.86	7.84	+4.2	
tfrrs	47438	None	122	-6.25	3.47	-4.2	
anet	415221	1	12	-7.05	3.18	-4.2	
anet	497229	1	67	+7.16	5.74	+4.2	
anet	429409	1	26	-8.43	7.88	-4.2	
tfrrs	8112	None	105	-6.96	8.92	-4.2	
tfrrs	85484	None	37	-6.78	4.66	-4.2	
tfrrs	12563	None	31	-7.58	6.58	-4.2	
anet	324384	3	13	+6.91	1.93	+4.2	
tfrrs	40895	None	76	-6.56	5.33	-4.2	
anet	75181	3	16	-8.41	6.14	-4.2	
tfrrs	9428	None	53	-7.29	7.61	-4.2	
anet	20422	1	16	+6.67	1.26	+4.2	
anet	253287	1	64	+7.12	5.43	+4.2	
anet	569756	1	146	-6.35	5.27	-4.2	
tfrrs	85754	None	66	-6.62	5.37	-4.2	
tfrrs	26710	None	59	-6.48	4.25	-4.2	
tfrrs	56698	None	75	-6.56	5.37	-4.2	
anet	164885	2	22	+8.81	6.62	+4.2	
tfrrs	83150	None	125	-6.33	4.71	-4.2	
tfrrs	2518	None	23	-9.52	9.40	-4.2	
tfrrs	60304	None	43	-6.62	4.36	-4.2	
tfrrs	59810	None	16	-7.87	5.28	-4.2	
tfrrs	61128	None	68	-6.65	5.67	-4.2	
tfrrs	82274	None	73	-6.55	5.28	-4.2	
anet	314518	3	13	+7.43	3.07	+4.2	
tfrrs	45631	None	93	-6.40	4.75	-4.2	
tfrrs	10220	None	17	-8.41	6.35	-4.2	
anet	113232	1	34	+8.16	6.86	+4.2	
tfrrs	13223	None	51	-9.54	14.04	-4.2	
tfrrs	4750	None	85	+7.02	5.74	+4.2	
tfrrs	8854	None	46	-6.99	6.08	-4.2	
anet	367210	1	104	-7.08	9.67	-4.2	
anet	436137	3	55	+8.26	9.01	+4.2	
anet	355334	1	28	-6.53	3.17	-4.2	
anet	45840	1	34	-8.05	8.16	-4.2	
anet	652864	1	31	+7.07	3.67	+4.2	
anet	411083	1	32	-6.54	3.47	-4.2	
tfrrs	29639	None	28	-6.83	4.26	-4.2	
tfrrs	71062	None	48	-7.38	7.60	-4.2	
tfrrs	86467	None	25	-7.07	4.72	-4.2	
anet	128220	1	15	-6.68	2.76	-4.2	
anet	645057	1	112	+6.80	4.93	+4.2	
tfrrs	60220	None	89	-6.58	6.08	-4.2	
anet	156998	1	29	+8.41	6.86	+4.2	
anet	617257	1	12	+13.14	9.29	+4.2	
anet	286176	2	43	-7.17	6.55	-4.2	
tfrrs	62355	None	47	-6.67	4.85	-4.2	
tfrrs	79644	None	16	-6.79	3.14	-4.2	
tfrrs	91843	None	22	-7.00	4.25	-4.2	
tfrrs	96056	None	76	-7.04	8.12	-4.2	
tfrrs	51705	None	51	-7.49	8.26	-4.2	
tfrrs	73032	None	57	-6.83	6.15	-4.2	
anet	113233	1	47	+7.02	4.33	+4.1	
tfrrs	71522	None	91	-6.58	6.20	-4.1	
tfrrs	83393	None	40	-6.26	2.27	-4.1	
tfrrs	7383	None	15	-8.81	6.60	-4.1	
tfrrs	45384	None	35	-6.68	4.28	-4.1	
anet	240086	1	18	-7.66	5.25	-4.1	
tfrrs	15900	None	46	-6.74	5.14	-4.1	
anet	186008	1	13	+7.45	3.16	+4.1	
tfrrs	46023	None	16	+12.07	9.63	+4.1	
tfrrs	36758	None	279	-6.35	7.78	-4.1	
anet	544354	1	25	-8.02	6.96	-4.1	
anet	73362	1	52	+7.23	5.49	+4.1	
tfrrs	74395	None	50	-6.89	6.04	-4.1	
tfrrs	48271	None	62	-6.88	6.67	-4.1	
anet	506275	1	17	-8.07	5.84	-4.1	
anet	155919	1	51	+7.19	5.32	+4.1	
anet	379397	1	36	-6.67	4.30	-4.1	
tfrrs	68450	None	27	-6.89	4.44	-4.1	
tfrrs	22689	None	107	-6.53	6.40	-4.1	
tfrrs	54415	None	113	-6.52	6.55	-4.1	
tfrrs	16552	None	22	-7.36	5.16	-4.1	
anet	592847	1	103	+6.97	6.22	+4.1	
tfrrs	57692	None	242	-6.27	6.13	-4.1	
anet	598558	1	39	+7.35	5.19	+4.1	
anet	332204	2	13	-7.68	4.51	-4.1	
tfrrs	63437	None	100	-6.73	7.61	-4.1	
anet	167621	1	72	+6.70	3.39	+4.1	
anet	155704	1	114	+6.75	4.75	+4.1	
anet	91433	1	75	+7.65	8.47	+4.1	
tfrrs	71556	None	89	-6.57	6.17	-4.1	
tfrrs	10826	None	101	-7.17	10.15	-4.1	
anet	339581	1	14	-7.00	3.46	-4.1	
tfrrs	79669	None	56	-6.46	4.29	-4.1	
tfrrs	33933	None	23	-10.42	11.02	-4.1	
anet	453495	1	161	+6.77	5.95	+4.1	
tfrrs	40099	None	57	-6.53	4.77	-4.1	
tfrrs	78894	None	268	-6.17	4.37	-4.1	
anet	180921	1	19	-7.15	4.37	-4.1	
anet	269241	4	13	+11.03	7.67	+4.1	
anet	331106	1	25	-7.45	5.75	-4.1	
tfrrs	28456	None	70	-6.51	5.16	-4.1	
anet	405313	3	48	+8.06	8.01	+4.1	
anet	122042	1	25	+7.34	4.16	+4.1	
anet	223056	1	48	+7.36	5.85	+4.1	
anet	167627	1	53	+7.02	4.74	+4.1	
tfrrs	35769	None	25	-6.76	3.93	-4.1	
anet	307383	4	36	+7.18	4.50	+4.1	
tfrrs	20741	None	115	-6.68	7.90	-4.1	
anet	164393	1	15	+7.37	3.31	+4.1	
anet	379176	2	20	-7.19	4.60	-4.1	
tfrrs	16429	None	56	-6.49	4.54	-4.1	
tfrrs	55261	None	63	-6.77	6.30	-4.1	
anet	332353	1	37	-6.80	4.96	-4.1	
tfrrs	58419	None	145	-6.47	7.13	-4.1	
anet	511884	1	32	+7.96	6.34	+4.1	
tfrrs	71814	None	77	-6.87	7.55	-4.1	
tfrrs	76292	None	15	-7.05	3.72	-4.1	
tfrrs	11928	None	37	-7.26	6.48	-4.1	
tfrrs	12544	None	29	-8.42	8.48	-4.1	
tfrrs	52892	None	54	-7.14	7.38	-4.1	
anet	162440	3	27	+7.26	4.16	+4.1	
anet	469711	1	180	+6.83	7.14	+4.1	
tfrrs	52993	None	132	-6.18	3.51	-4.1	
anet	501664	1	20	+9.41	7.35	+4.1	
anet	275805	1	27	-6.68	3.89	-4.1	
tfrrs	58670	None	199	-6.28	6.04	-4.1	
anet	597411	1	26	-7.54	6.12	-4.1	
tfrrs	91430	None	33	-7.10	5.66	-4.1	
anet	598567	1	22	+8.18	5.69	+4.1	
anet	553592	5	21	+7.02	3.04	+4.1	
tfrrs	56823	None	88	-6.32	4.41	-4.1	
tfrrs	78394	None	21	-10.31	10.40	-4.1	
anet	218544	2	14	+10.51	7.43	+4.1	
anet	484364	2	48	-7.10	6.86	-4.1	
tfrrs	68738	None	62	-6.68	5.86	-4.1	
tfrrs	41000	None	36	-7.37	6.75	-4.1	
tfrrs	44945	None	23	-8.71	8.10	-4.1	
tfrrs	82359	None	79	-7.43	10.24	-4.1	
anet	65144	2	23	+8.13	5.73	+4.1	
anet	639963	1	53	-6.23	2.77	-4.1	
tfrrs	72128	None	65	-6.69	6.09	-4.1	
tfrrs	56980	None	77	-6.39	4.75	-4.1	
anet	150760	1	36	-6.89	5.27	-4.1	
anet	420304	1	56	-6.90	6.63	-4.1	
anet	458827	2	65	+7.50	7.46	+4.1	
tfrrs	55192	None	39	-6.52	4.02	-4.1	
tfrrs	55992	None	33	-8.01	8.11	-4.1	
tfrrs	71688	None	263	-6.23	6.21	-4.1	
anet	283068	1	42	+7.91	7.18	+4.1	
tfrrs	10534	None	93	-6.72	7.53	-4.1	
tfrrs	43865	None	81	-7.04	8.64	-4.1	
anet	200041	3	17	+9.90	7.44	+4.1	
anet	615355	1	53	+6.83	3.97	+4.1	
anet	510754	1	84	+7.03	6.20	+4.1	
anet	647709	1	49	-7.59	8.62	-4.1	
tfrrs	28373	None	70	-6.27	3.56	-4.1	
tfrrs	85432	None	13	-6.62	2.58	-4.1	
tfrrs	79166	None	34	-7.74	7.58	-4.1	
anet	154124	1	90	+7.38	8.27	+4.1	
tfrrs	62936	None	22	-7.27	5.06	-4.1	
tfrrs	43515	None	38	-7.15	6.30	-4.1	
tfrrs	16726	None	107	-6.85	8.87	-4.1	
anet	494745	1	21	-6.74	3.65	-4.1	
anet	558835	1	74	+7.47	7.88	+4.1	
tfrrs	76477	None	72	-7.34	9.48	-4.1	
anet	136516	1	22	-6.93	4.23	-4.1	
anet	127159	4	37	-6.68	4.59	-4.1	
anet	540816	1	26	+7.48	4.69	+4.1	
tfrrs	9298	None	95	-6.49	6.15	-4.1	
tfrrs	60235	None	80	-6.64	6.55	-4.1	
tfrrs	90812	None	32	-6.54	3.75	-4.1	
tfrrs	73846	None	38	-8.11	9.00	-4.1	
tfrrs	20468	None	67	-6.53	5.39	-4.1	
anet	469660	1	15	-8.04	5.54	-4.1	
anet	243907	1	47	+8.12	8.23	+4.1	
anet	219721	3	24	-10.24	11.05	-4.1	
tfrrs	1774	None	31	-8.16	8.25	-4.1	
tfrrs	7628	None	23	-9.36	9.32	-4.1	
anet	159188	7	17	+7.31	3.47	+4.1	
tfrrs	79308	None	81	-6.46	5.48	-4.1	
anet	301343	1	16	-6.55	2.69	-4.1	
anet	13262	1	17	-6.85	3.57	-4.1	
tfrrs	84678	None	31	-6.73	4.41	-4.1	
tfrrs	19904	None	19	-8.29	6.69	-4.1	
anet	411727	2	54	-6.95	6.78	-4.1	
anet	316639	1	24	+8.30	6.23	+4.1	
tfrrs	29306	None	81	-6.72	7.12	-4.1	
anet	115730	12	18	-7.56	5.20	-4.1	
tfrrs	76453	None	26	-8.07	7.38	-4.1	
anet	196365	1	16	+9.07	6.18	+4.1	
anet	458438	1	20	-7.38	5.11	-4.1	
tfrrs	20235	None	15	-9.06	7.11	-4.1	
anet	470425	6	21	-7.57	5.64	-4.1	
tfrrs	58057	None	13	-7.93	5.01	-4.1	
tfrrs	11335	None	65	-6.89	7.21	-4.1	
tfrrs	62488	None	73	-6.27	3.87	-4.1	
anet	234996	1	22	+9.22	7.51	+4.1	
tfrrs	92219	None	25	-8.13	7.38	-4.1	
anet	453543	1	16	-20.84	23.10	-4.1	
tfrrs	76719	None	14	-6.91	3.37	-4.1	
tfrrs	79052	None	32	-7.19	5.96	-4.1	
tfrrs	49421	None	46	-6.74	5.47	-4.1	
tfrrs	35028	None	25	-8.67	8.46	-4.1	
tfrrs	95561	None	54	-6.60	5.30	-4.1	
anet	337160	8	14	+8.92	5.62	+4.1	
tfrrs	15871	None	18	+7.69	4.36	+4.1	
anet	437998	1	16	+10.09	7.51	+4.1	
anet	50555	1	52	+7.75	7.61	+4.1	
anet	516880	7	21	+8.07	5.45	+4.1	
tfrrs	71691	None	83	-7.23	9.80	-4.1	
tfrrs	29402	None	15	-8.37	6.11	-4.1	
tfrrs	90945	None	75	-6.46	5.41	-4.1	
anet	500165	1	40	+7.76	6.73	+4.1	
anet	495058	1	20	-6.55	3.08	-4.1	
anet	118836	1	19	-6.78	3.65	-4.1	
tfrrs	67402	None	25	-7.79	6.69	-4.1	
tfrrs	69449	None	34	-6.85	5.11	-4.1	
anet	661772	1	131	+6.79	6.24	+4.1	
anet	412525	1	12	+6.85	2.04	+4.1	
tfrrs	89501	None	105	-6.19	3.87	-4.1	
tfrrs	34594	None	23	-7.57	5.95	-4.1	
anet	650120	1	49	-6.53	4.75	-4.1	
anet	470425	5	13	-8.13	5.34	-4.1	
tfrrs	45548	None	21	-7.43	5.40	-4.1	
anet	427031	1	12	-13.55	11.72	-4.1	
tfrrs	55610	None	86	-6.50	6.10	-4.1	
anet	206104	12	22	-6.38	2.66	-4.1	
tfrrs	95501	None	21	-7.33	5.17	-4.1	
tfrrs	76670	None	87	-6.59	6.71	-4.1	
tfrrs	43028	None	67	-6.80	6.99	-4.1	
tfrrs	18536	None	36	-6.69	4.71	-4.1	
tfrrs	87258	None	162	-6.31	6.50	-4.1	
tfrrs	7231	None	28	-9.08	9.82	-4.1	
anet	251567	1	38	+7.94	7.06	+4.1	
tfrrs	43327	None	46	-7.05	6.73	-4.1	
anet	520771	1	24	-7.87	6.75	-4.1	
tfrrs	61891	None	28	-6.71	4.24	-4.1	
tfrrs	86586	None	45	-6.93	6.24	-4.1	
anet	553649	8	22	+7.93	5.36	+4.1	
anet	372826	2	31	+9.35	9.23	+4.1	
tfrrs	31669	None	33	-6.74	4.71	-4.1	
anet	188806	1	68	-7.37	9.53	-4.1	
anet	137850	1	67	+7.47	7.73	+4.1	
tfrrs	15429	None	38	-7.28	6.84	-4.1	
anet	308248	1	34	-6.26	2.77	-4.1	
tfrrs	43932	None	51	-7.04	7.07	-4.1	
anet	339687	1	52	-6.50	4.79	-4.1	
anet	85082	1	116	+7.20	8.73	+4.1	
tfrrs	89193	None	54	-6.74	6.06	-4.1	
anet	216353	2	52	-6.53	4.96	-4.1	
anet	206404	1	18	+8.58	5.92	+4.1	
anet	331828	2	16	-8.06	5.86	-4.1	
tfrrs	40862	None	39	-7.77	8.35	-4.1	
anet	214116	1	36	+6.78	3.33	+4.1	
tfrrs	60108	None	81	-6.70	7.23	-4.1	
anet	275113	1	14	-6.84	3.32	-4.1	
anet	565027	1	40	-6.85	5.63	-4.1	
tfrrs	44621	None	51	-7.95	10.15	-4.1	
anet	93704	1	17	-7.14	4.32	-4.1	
tfrrs	68571	None	37	-6.46	3.92	-4.1	
anet	614439	3	41	+7.48	6.11	+4.1	
tfrrs	39356	None	14	+8.21	4.72	+4.1	
tfrrs	71309	None	72	-7.04	8.46	-4.1	
anet	645588	1	19	+7.94	5.05	+4.1	
anet	503250	1	27	-7.38	6.07	-4.1	
tfrrs	49005	None	24	-7.31	5.56	-4.1	
tfrrs	16740	None	34	-9.18	11.10	-4.1	
tfrrs	82824	None	22	-8.33	7.41	-4.1	
tfrrs	30719	None	17	-6.94	3.90	-4.1	
anet	103287	1	17	-10.71	10.10	-4.1	
tfrrs	82762	None	56	-6.71	6.11	-4.1	
anet	225846	1	23	-7.17	5.12	-4.1	
anet	167529	1	145	+6.52	4.03	+4.1	
anet	407799	1	13	-7.49	4.40	-4.1	
tfrrs	92283	None	101	-6.32	5.46	-4.1	
anet	322126	1	23	+7.47	4.58	+4.1	
anet	360093	1	30	+7.15	4.35	+4.1	
tfrrs	13771	None	13	-7.38	4.22	-4.1	
anet	639021	1	43	+7.61	6.70	+4.1	
tfrrs	95370	None	35	-6.80	5.15	-4.1	
anet	436755	1	31	-6.84	4.98	-4.1	
anet	20165	1	15	-7.77	5.22	-4.1	
tfrrs	20552	None	45	-7.01	6.64	-4.1	
tfrrs	94905	None	41	-7.61	8.19	-4.1	
anet	301069	2	16	-8.16	6.05	-4.1	
anet	587593	4	19	+8.51	6.03	+4.1	
tfrrs	44518	None	66	-6.27	4.04	-4.1	
tfrrs	67827	None	35	-6.73	4.92	-4.1	
tfrrs	69902	None	14	-6.77	3.22	-4.1	
anet	268636	2	13	-8.76	6.32	-4.1	
anet	402860	1	15	-11.40	10.43	-4.1	
anet	595972	2	19	+7.11	3.40	+4.1	
anet	550053	2	23	+7.27	4.14	+4.1	
anet	72861	2	30	-6.69	4.45	-4.1	
anet	652879	1	81	+6.80	5.30	+4.1	
tfrrs	73886	None	104	-6.46	6.70	-4.1	
tfrrs	71236	None	36	-6.94	5.75	-4.1	
tfrrs	35305	None	45	-6.37	3.96	-4.1	
tfrrs	60222	None	157	-6.40	7.69	-4.1	
tfrrs	69779	None	14	-8.11	5.61	-4.1	
tfrrs	94768	None	89	-6.31	5.17	-4.1	
tfrrs	44517	None	62	-6.39	4.82	-4.1	
anet	379431	2	115	-6.27	5.47	-4.1	
anet	152148	1	52	-6.50	4.99	-4.1	
anet	652598	1	75	+6.82	5.30	+4.1	
tfrrs	88020	None	76	-6.53	6.23	-4.1	
anet	414270	2	21	+8.38	6.15	+4.1	
anet	9160	1	24	-7.64	6.36	-4.1	
anet	390428	4	65	+6.96	5.62	+4.1	
anet	386796	2	80	+6.62	4.08	+4.1	
tfrrs	73874	None	70	-7.51	10.40	-4.1	
tfrrs	75729	None	102	-6.55	7.36	-4.1	
anet	367678	3	12	-6.96	3.37	-4.1	
tfrrs	88031	None	34	-7.20	6.40	-4.1	
tfrrs	27543	None	26	-7.77	6.93	-4.1	
anet	559841	1	19	-6.38	2.66	-4.1	
tfrrs	80512	None	44	-6.17	2.75	-4.1	
tfrrs	44704	None	15	-9.59	8.02	-4.1	
tfrrs	62106	None	84	-6.23	4.39	-4.1	
tfrrs	58578	None	216	-6.14	5.69	-4.1	
tfrrs	78640	None	74	-6.49	5.92	-4.1	
tfrrs	76976	None	53	-6.74	6.21	-4.1	
tfrrs	44685	None	71	-6.80	7.47	-4.1	
tfrrs	44741	None	19	-7.16	4.70	-4.1	
tfrrs	68172	None	36	-6.58	4.52	-4.1	
anet	509557	1	32	-7.74	7.63	-4.1	
anet	352415	7	21	-6.81	4.09	-4.1	
anet	256617	2	17	+10.10	7.91	+4.1	
anet	202817	1	70	+7.62	8.70	+4.1	
tfrrs	12179	None	21	-10.16	10.43	-4.0	
anet	22897	1	16	-6.93	3.84	-4.0	
anet	550529	1	40	-6.35	3.74	-4.0	
anet	20532	1	29	-6.24	2.68	-4.0	
anet	53413	1	26	-6.96	4.98	-4.0	
anet	78328	3	14	-6.43	2.44	-4.0	
anet	563249	1	52	+6.77	4.23	+4.0	
tfrrs	85319	None	53	-6.57	5.44	-4.0	
tfrrs	40724	None	22	-7.30	5.39	-4.0	
tfrrs	92573	None	37	-8.11	9.17	-4.0	
tfrrs	80049	None	83	-6.68	7.45	-4.0	
anet	503581	1	15	-8.26	6.08	-4.0	
anet	441849	2	25	-6.59	3.81	-4.0	
tfrrs	47729	None	27	-6.66	4.19	-4.0	
tfrrs	83037	None	37	-7.14	6.53	-4.0	
anet	85063	1	54	-7.07	7.63	-4.0	
anet	174487	1	27	-6.24	2.62	-4.0	
anet	81651	1	218	+6.74	8.36	+4.0	
tfrrs	76636	None	162	-6.28	6.90	-4.0	
tfrrs	87667	None	231	-6.09	5.25	-4.0	
tfrrs	17241	None	62	-6.54	5.80	-4.0	
anet	372491	1	13	-9.06	6.78	-4.0	
anet	131720	1	18	-6.32	2.42	-4.0	
anet	268318	8	41	+6.55	2.67	+4.0	
tfrrs	82226	None	71	-6.48	5.88	-4.0	
tfrrs	73585	None	47	-7.85	9.61	-4.0	
tfrrs	26457	None	32	-6.59	4.35	-4.0	
anet	95001	1	48	-6.32	3.98	-4.0	
anet	560709	1	107	+7.08	8.09	+4.0	
anet	287051	1	12	+8.06	4.26	+4.0	
tfrrs	16335	None	58	-6.37	4.71	-4.0	
anet	482844	3	39	+7.06	4.82	+4.0	
anet	613156	1	75	+6.66	4.45	+4.0	
tfrrs	88079	None	74	-6.43	5.67	-4.0	
anet	340251	1	12	-10.51	8.34	-4.0	
anet	525281	1	136	+6.42	3.14	+4.0	
anet	362779	1	70	+6.61	3.91	+4.0	
anet	566713	1	25	+7.33	4.57	+4.0	
tfrrs	90828	None	127	-6.18	5.09	-4.0	
anet	558768	1	44	+7.64	7.01	+4.0	
tfrrs	31770	None	17	-8.29	6.55	-4.0	
tfrrs	84707	None	71	-6.60	6.58	-4.0	
tfrrs	96111	None	90	-6.27	5.10	-4.0	
anet	293593	1	44	-6.20	3.19	-4.0	
tfrrs	40979	None	40	-7.26	7.21	-4.0	
tfrrs	79543	None	47	-6.74	5.96	-4.0	
anet	604656	1	23	+7.75	5.31	+4.0	
anet	90609	1	12	-6.37	2.14	-4.0	
anet	127164	1	31	-7.42	6.79	-4.0	
anet	590659	1	41	+6.85	4.20	+4.0	
tfrrs	78599	None	27	-6.93	5.06	-4.0	
anet	391055	2	42	-7.10	6.88	-4.0	
tfrrs	71996	None	122	-6.30	6.32	-4.0	
tfrrs	80840	None	57	-6.44	5.09	-4.0	
tfrrs	86152	None	49	-6.26	3.73	-4.0	
tfrrs	86016	None	23	-7.94	6.95	-4.0	
tfrrs	83900	None	97	-6.11	3.84	-4.0	
anet	416138	1	19	-7.54	5.55	-4.0	
anet	561670	1	80	+6.87	5.97	+4.0	
tfrrs	1391	None	25	-8.68	8.73	-4.0	
tfrrs	51650	None	39	-7.39	7.53	-4.0	
tfrrs	62373	None	39	-6.33	3.72	-4.0	
tfrrs	90039	None	85	-6.14	3.91	-4.0	
tfrrs	76902	None	90	-6.42	6.35	-4.0	
tfrrs	27228	None	204	-6.17	6.50	-4.0	
tfrrs	34592	None	17	-6.89	3.95	-4.0	
tfrrs	61751	None	42	-6.64	5.28	-4.0	
anet	419882	1	12	-10.92	8.87	-4.0	
anet	434067	2	27	+10.72	11.02	+4.0	
anet	519476	1	31	-6.67	4.64	-4.0	
anet	308364	1	26	+9.03	8.12	+4.0	
anet	216367	5	22	-7.19	5.21	-4.0	
anet	650336	1	77	+6.68	4.79	+4.0	
anet	34994	1	15	-6.71	3.32	-4.0	
anet	430192	1	22	-7.22	5.30	-4.0	
tfrrs	7384	None	23	-9.11	9.17	-4.0	
anet	494460	1	113	+6.68	5.79	+4.0	
anet	588322	1	27	-9.35	10.41	-4.0	
anet	429458	2	33	-6.69	4.87	-4.0	
anet	544976	1	34	-7.55	7.48	-4.0	
tfrrs	57567	None	92	-6.08	3.40	-4.0	
tfrrs	80473	None	66	-6.35	5.02	-4.0	
tfrrs	54767	None	30	-6.86	5.16	-4.0	
tfrrs	67989	None	32	-7.34	6.71	-4.0	
anet	423675	1	13	-7.69	4.86	-4.0	
tfrrs	62547	None	32	-7.04	5.87	-4.0	
anet	604180	1	107	+6.67	5.63	+4.0	
tfrrs	50140	None	122	-6.05	3.55	-4.0	
tfrrs	82329	None	86	-6.32	5.52	-4.0	
tfrrs	75791	None	53	-7.13	7.93	-4.0	
anet	259068	1	44	+6.75	4.01	+4.0	
anet	71210	2	32	+7.09	4.56	+4.0	
anet	332204	1	125	-6.36	7.07	-4.0	
tfrrs	38980	None	155	-6.09	4.78	-4.0	
anet	427734	1	21	-7.39	5.57	-4.0	
tfrrs	51451	None	45	+7.53	6.89	+4.0	
tfrrs	44820	None	13	-9.08	6.88	-4.0	
anet	392529	6	13	+7.15	3.05	+4.0	
anet	487468	1	90	-6.13	4.06	-4.0	
anet	166191	1	72	+6.48	3.23	+4.0	
anet	124199	3	14	-8.07	5.67	-4.0	
anet	72393	1	105	+6.74	6.14	+4.0	
tfrrs	47860	None	16	-7.29	4.69	-4.0	
tfrrs	61760	None	35	-6.80	5.45	-4.0	
tfrrs	59190	None	98	-6.83	9.27	-4.0	
anet	81648	9	38	-6.15	2.84	-4.0	
anet	196058	1	58	+6.99	5.78	+4.0	
anet	541338	1	13	-7.92	5.24	-4.0	
anet	432801	1	25	-14.84	19.45	-4.0	
tfrrs	83439	None	54	-7.06	7.80	-4.0	
tfrrs	75387	None	263	-6.07	6.00	-4.0	
anet	34684	3	49	+7.23	6.23	+4.0	
tfrrs	84108	None	49	-6.93	6.94	-4.0	
anet	639108	1	25	+7.05	3.97	+4.0	
tfrrs	79291	None	67	-6.42	5.62	-4.0	
tfrrs	89087	None	14	-10.41	8.97	-4.0	
tfrrs	62428	None	43	-6.71	5.72	-4.0	
anet	152760	1	12	-6.46	2.46	-4.0	
anet	131678	3	13	-6.98	3.67	-4.0	
tfrrs	61456	None	52	-6.31	4.37	-4.0	
anet	644042	1	62	+7.23	7.03	+4.0	
anet	270173	1	56	-6.24	4.10	-4.0	
anet	447769	2	15	-7.33	4.63	-4.0	
tfrrs	64128	None	86	-6.44	6.52	-4.0	
tfrrs	60147	None	80	-6.26	5.04	-4.0	
anet	433935	1	17	-7.91	5.99	-4.0	
tfrrs	43680	None	44	-6.49	4.89	-4.0	
anet	400609	1	119	+6.61	5.65	+4.0	
anet	573773	1	23	-7.76	6.68	-4.0	
tfrrs	74364	None	51	-6.35	4.56	-4.0	
anet	548597	1	68	+6.83	5.53	+4.0	
anet	151551	1	152	+6.55	5.76	+4.0	
tfrrs	38292	None	105	-6.09	4.09	-4.0	
tfrrs	66752	None	53	-6.46	5.23	-4.0	
anet	216826	1	23	+7.99	5.89	+4.0	
anet	662725	7	12	+8.82	5.32	+4.0	
tfrrs	57340	None	20	-8.59	7.74	-4.0	
anet	385035	3	15	+8.65	5.72	+4.0	
anet	651933	1	171	+6.61	6.74	+4.0	
anet	128960	1	18	-10.63	10.52	-4.0	
tfrrs	46392	None	24	-7.18	5.53	-4.0	
tfrrs	58988	None	135	-6.17	5.70	-4.0	
anet	310152	1	90	+7.12	7.99	+4.0	
tfrrs	38705	None	36	-7.29	7.09	-4.0	
anet	294462	13	54	+6.72	4.46	+4.0	
tfrrs	12342	None	40	-6.86	6.10	-4.0	
tfrrs	83905	None	140	-6.02	3.91	-4.0	
anet	660676	1	72	+6.97	6.46	+4.0	
tfrrs	15978	None	15	-7.61	5.16	-4.0	
anet	563226	1	51	+7.03	5.68	+4.0	
anet	112014	1	22	-7.69	6.41	-4.0	
