# source	meet_id	div_id	n	c_pct	iqr_pct	z	fan	fan_ratio	already
anet	199300	798809	13	+114.69	8.54	+21.6	FAN	1.83	
tfrrs	7938	0	87	-44.33	3.76	-21.0	-	0.81	
tfrrs	21909	0	23	-44.98	4.39	-20.7	-	0.94	
tfrrs	10064	0	52	-41.87	5.11	-19.1	-	1.09	OVERRIDE
tfrrs	8905	1	13	-41.40	2.36	-18.9	-	0.50	
tfrrs	8564	0	19	-40.42	2.96	-18.3	-	0.64	
tfrrs	8564	2	35	-39.85	2.88	-18.2	-	0.62	
tfrrs	10597	1	13	-39.68	2.11	-17.9	-	0.45	
tfrrs	8378	1	29	-40.91	6.50	-17.6	-	1.39	
tfrrs	26359	1	81	+61.46	7.34	+16.7	-	1.57	
anet	57377	245655	16	-36.96	1.95	-16.5	-	0.42	
tfrrs	5584	1	29	+60.69	4.88	+16.4	-	1.05	
tfrrs	26359	0	67	+59.55	6.06	+16.4	-	1.30	
anet	255603	1016469	45	+58.47	5.27	+16.1	-	1.13	
anet	97735	389486	36	+57.78	5.21	+15.8	-	1.12	
anet	214451	870392	14	+65.10	6.48	+15.6	-	1.39	
tfrrs	26359	3	40	+58.10	6.62	+15.6	-	1.42	
anet	186025	756041	12	+61.41	5.20	+15.4	-	1.11	
tfrrs	12545	0	26	+55.59	4.68	+15.3	-	1.00	
tfrrs	9064	1	14	-41.14	8.42	-15.2	FAN	1.80	
anet	233695	933689	28	+61.49	8.87	+15.1	FAN	1.90	
tfrrs	26359	2	28	+60.52	8.54	+15.0	FAN	1.83	
anet	235271	940956	20	-35.09	3.90	-15.0	-	0.83	
tfrrs	26323	2	19	+58.49	6.38	+14.9	-	1.37	
anet	41563	178604	15	-37.88	6.62	-14.9	-	1.42	
tfrrs	8664	1	70	-33.50	3.48	-14.6	-	0.75	OVERRIDE
anet	103004	407110	13	+52.45	3.79	+14.4	-	0.81	
anet	97735	389487	29	+51.94	5.85	+14.2	-	1.25	
anet	193001	807098	373	-52.06	90.92	-14.1	FAN	19.48	
tfrrs	26415	0	17	+53.97	5.85	+14.1	-	1.25	
tfrrs	26074	0	23	+53.76	6.82	+14.0	-	1.46	
anet	208358	835014	12	-34.36	4.92	-13.7	-	1.05	
anet	260890	1035858	21	+49.53	5.21	+13.6	-	1.12	
anet	247121	989911	25	+49.59	5.94	+13.5	-	1.27	
anet	247633	982613	58	+58.03	16.01	+13.5	FAN	3.43	
anet	246955	979697	34	+47.77	5.42	+13.5	-	1.16	
anet	197513	791357	13	+80.95	13.28	+13.4	FAN	2.85	
tfrrs	26074	1	33	+52.10	9.29	+13.3	FAN	1.99	
tfrrs	25409	3	65	+47.12	8.78	+13.1	FAN	1.88	
anet	197513	791358	15	+81.09	14.87	+13.1	FAN	3.19	OVERRIDE
tfrrs	26933	0	36	+47.26	7.13	+13.0	-	1.53	
anet	217913	871664	31	+45.17	5.15	+12.9	-	1.10	
tfrrs	9756	3	24	+47.30	6.25	+12.9	-	1.34	
anet	164853	680324	25	-32.33	6.84	-12.8	-	1.47	
tfrrs	26933	1	42	+44.86	5.97	+12.8	-	1.28	
anet	260890	1035860	13	+48.35	5.46	+12.7	-	1.17	
anet	78732	311476	17	+48.72	6.51	+12.7	-	1.40	
tfrrs	14170	1	18	-37.48	11.34	-12.6	FAN	2.43	
tfrrs	26200	1	36	+46.49	8.67	+12.4	FAN	1.86	
tfrrs	25409	2	63	+43.84	8.94	+12.3	FAN	1.92	
tfrrs	7589	1	57	+40.50	2.76	+12.2	-	0.59	
anet	142026	594540	27	+44.21	6.48	+12.2	-	1.39	
anet	76944	307108	20	+45.36	6.39	+12.2	-	1.37	
tfrrs	25409	1	42	+48.75	11.95	+12.2	FAN	2.56	
tfrrs	6916	1	18	-28.92	2.15	-12.2	-	0.46	OVERRIDE
anet	59678	255507	30	+41.43	4.41	+12.1	-	0.95	
tfrrs	26200	0	28	+43.22	6.18	+12.1	-	1.32	
anet	62885	273791	19	+47.29	7.80	+12.0	-	1.67	OVERRIDE
tfrrs	26415	1	19	+50.13	9.22	+11.9	FAN	1.97	
anet	92506	365295	17	-33.88	9.41	-11.8	FAN	2.02	
anet	206107	826410	12	+58.99	10.38	+11.8	FAN	2.22	
anet	51347	218773	43	-30.89	11.21	-11.6	FAN	2.40	OVERRIDE
anet	62278	267353	25	-30.96	8.66	-11.6	FAN	1.85	
anet	259217	1029163	45	+40.44	7.79	+11.4	-	1.67	
anet	156998	654333	19	+39.65	4.48	+11.4	-	0.96	
anet	193224	796892	15	+38.62	3.20	+11.4	-	0.69	
anet	194614	789024	41	+44.85	11.77	+11.4	FAN	2.52	
anet	87658	348045	13	+48.41	8.10	+11.4	-	1.74	OVERRIDE
anet	258411	1026600	56	+37.58	4.51	+11.3	-	0.97	
anet	258411	1026599	73	+38.24	6.83	+11.3	-	1.46	
tfrrs	9263	1	57	+36.98	4.47	+11.2	-	0.96	
anet	219086	876940	115	+36.39	3.78	+11.2	-	0.81	
anet	154814	645446	111	+37.81	10.08	+11.0	FAN	2.16	OVERRIDE
tfrrs	9640	3	54	+36.82	5.20	+11.0	-	1.11	
anet	116667	467336	15	-42.47	17.31	-11.0	FAN	3.71	
tfrrs	5337	1	25	-26.76	4.06	-10.9	-	0.87	OVERRIDE
tfrrs	7312	1	44	+35.47	2.99	+10.9	-	0.64	
anet	92506	365294	28	-32.71	13.68	-10.8	FAN	2.93	
anet	41184	176798	22	+39.59	7.13	+10.7	-	1.53	
tfrrs	5321	1	26	+35.77	4.07	+10.7	-	0.87	
tfrrs	15980	1	25	+35.46	3.94	+10.6	-	0.84	
anet	86848	344147	21	+38.01	6.20	+10.6	-	1.33	
anet	220601	882786	60	+35.14	5.63	+10.6	-	1.21	
anet	201141	807890	22	+37.18	5.72	+10.6	-	1.23	
tfrrs	5260	1	25	-25.55	3.05	-10.5	-	0.65	OVERRIDE
anet	271357	1080926	21	+34.92	3.76	+10.4	-	0.81	
anet	208394	835124	29	+39.22	9.02	+10.4	FAN	1.93	
tfrrs	8383	0	26	-27.03	6.79	-10.4	-	1.45	OVERRIDE
anet	85708	337474	22	+36.44	5.72	+10.4	-	1.22	
anet	243310	988305	18	+36.42	5.15	+10.4	-	1.10	
anet	85708	337476	17	+37.24	5.79	+10.3	-	1.24	
anet	92506	395634	20	-28.48	8.15	-10.3	-	1.74	
anet	32841	142494	21	+35.14	4.68	+10.3	-	1.00	
anet	246671	978424	21	-30.81	11.16	-10.3	FAN	2.39	
anet	220325	881868	42	+33.59	3.93	+10.3	-	0.84	
anet	106672	446458	30	-26.28	6.36	-10.3	-	1.36	
anet	203617	816331	47	+33.93	5.18	+10.2	-	1.11	
anet	250515	996803	26	+34.89	5.24	+10.2	-	1.12	
anet	206673	828418	41	+32.87	2.44	+10.2	-	0.52	
tfrrs	6055	1	56	-25.08	5.09	-10.2	-	1.09	OVERRIDE
anet	271943	1084499	20	+34.04	3.83	+10.2	-	0.82	
anet	206323	827104	24	+33.74	3.99	+10.1	-	0.85	
anet	92508	395664	23	-31.13	12.47	-10.1	FAN	2.67	
anet	10481	51504	30	-31.38	14.66	-10.1	FAN	3.14	
anet	270993	1079360	19	-26.34	5.90	-10.1	-	1.26	
anet	157060	654512	15	+35.18	4.87	+10.0	-	1.04	
anet	127533	517369	14	+46.19	10.33	+10.0	FAN	2.21	
anet	100743	396233	12	+35.49	4.69	+10.0	-	1.00	
anet	120781	492779	16	+35.91	5.78	+10.0	-	1.24	
tfrrs	9691	2	21	+32.26	2.64	+9.9	-	0.57	
anet	54536	232361	14	+33.93	4.04	+9.9	-	0.87	
anet	250011	994097	30	+32.35	3.49	+9.9	-	0.75	
anet	124651	508593	37	+34.77	8.08	+9.8	-	1.73	OVERRIDE
anet	92508	395670	32	-29.30	13.18	-9.8	FAN	2.82	
anet	156998	654335	18	+35.55	6.56	+9.7	-	1.41	
anet	249940	993725	51	-28.47	15.61	-9.7	FAN	3.34	
anet	101744	400920	19	+34.99	6.36	+9.7	-	1.36	
anet	135439	555162	16	+34.95	5.81	+9.7	-	1.24	
anet	154814	645447	75	+34.22	11.55	+9.7	FAN	2.47	
anet	76803	305505	29	+32.94	5.71	+9.7	-	1.22	
anet	196059	796883	14	+54.01	14.00	+9.7	FAN	3.00	
anet	110241	436454	23	+38.26	10.03	+9.6	FAN	2.15	OVERRIDE
anet	168268	696272	46	+31.21	4.93	+9.5	-	1.06	
anet	174682	716985	12	-35.26	13.39	-9.5	FAN	2.87	
anet	214067	853965	92	+30.73	5.79	+9.5	-	1.24	
anet	234252	936667	36	+33.54	8.41	+9.5	FAN	1.80	
anet	236734	946744	16	+34.65	6.46	+9.4	-	1.38	
anet	247121	989912	13	+53.05	13.72	+9.4	FAN	2.94	OVERRIDE
anet	243310	988304	12	+37.20	7.05	+9.4	-	1.51	
anet	35440	304735	91	+29.87	4.52	+9.3	-	0.97	
anet	200841	806113	21	+38.65	10.49	+9.3	FAN	2.25	
tfrrs	15249	1	31	-23.29	3.91	-9.3	-	0.84	OVERRIDE
anet	149010	621665	12	+33.29	5.07	+9.3	-	1.09	
anet	97642	389106	67	+30.79	7.19	+9.3	-	1.54	
anet	185574	754596	18	+33.69	6.54	+9.3	-	1.40	
anet	235938	943753	82	+30.16	6.33	+9.3	-	1.36	
anet	107022	435012	16	+39.24	9.62	+9.3	FAN	2.06	
anet	117799	509865	17	+35.84	7.95	+9.3	-	1.70	
anet	79584	329626	22	-35.49	19.18	-9.3	FAN	4.11	
anet	146305	623113	65	+30.16	6.08	+9.2	-	1.30	
anet	127353	516524	45	-27.52	15.27	-9.2	FAN	3.27	OVERRIDE
tfrrs	13575	0	129	-23.91	13.01	-9.2	FAN	2.79	
anet	97416	388176	53	+32.18	9.66	+9.2	FAN	2.07	
anet	127991	519620	66	+29.85	5.63	+9.2	-	1.21	
anet	243310	988311	38	+31.55	7.47	+9.2	-	1.60	
anet	153854	640872	21	+31.30	5.29	+9.2	-	1.13	OVERRIDE
anet	48570	207175	54	-26.85	15.72	-9.2	FAN	3.37	
anet	76646	304759	34	+32.17	8.13	+9.1	-	1.74	
anet	26663	219610	29	+30.25	5.01	+9.1	-	1.07	
anet	270255	1079573	25	+31.43	6.42	+9.1	-	1.37	OVERRIDE
anet	97153	387082	29	+30.33	5.46	+9.1	-	1.17	
tfrrs	11543	2	38	+31.59	8.19	+9.1	-	1.76	
anet	54536	232360	49	+33.19	11.57	+9.0	FAN	2.48	
tfrrs	4707	1	55	-22.78	5.93	-9.0	-	1.27	OVERRIDE
anet	46448	198461	26	+31.28	6.76	+9.0	-	1.45	
anet	72762	296344	94	-22.61	7.79	-9.0	-	1.67	
anet	19921	88782	27	+29.70	5.16	+8.9	-	1.11	
anet	234252	936668	13	+33.46	6.48	+8.9	-	1.39	
tfrrs	5431	4	39	+28.46	3.47	+8.9	-	0.74	OVERRIDE
anet	206323	827103	14	+31.08	5.16	+8.9	-	1.10	
tfrrs	5431	5	17	+27.95	1.46	+8.9	-	0.31	
anet	100835	396682	12	+30.34	4.34	+8.8	-	0.93	
anet	142026	594542	14	+33.17	6.83	+8.8	-	1.46	
tfrrs	24565	1	16	+29.27	3.99	+8.8	-	0.85	
anet	250011	994101	15	+29.64	4.27	+8.8	-	0.91	
tfrrs	5431	6	18	+27.90	2.03	+8.8	-	0.44	
tfrrs	12843	1	15	+31.53	5.98	+8.8	-	1.28	
tfrrs	6327	0	161	+50.04	50.26	+8.8	FAN	10.77	
anet	135661	572893	17	-25.14	8.00	-8.8	-	1.71	
anet	250011	994100	12	+28.43	2.73	+8.7	-	0.59	
anet	87320	346496	15	+29.14	4.01	+8.7	-	0.86	
anet	233869	934482	13	+31.52	5.74	+8.7	-	1.23	
anet	110241	436455	17	+37.17	10.34	+8.7	FAN	2.22	OVERRIDE
anet	78764	311605	12	+29.43	3.97	+8.7	-	0.85	
anet	250472	996653	15	+28.40	3.27	+8.7	-	0.70	
anet	260254	1033611	17	+28.24	3.27	+8.7	-	0.70	
tfrrs	9308	1	31	+28.51	4.93	+8.7	-	1.06	OVERRIDE
anet	121214	487180	51	+28.53	6.75	+8.7	-	1.45	
anet	244749	974464	13	+31.50	5.94	+8.7	-	1.27	
anet	92508	395672	20	-25.17	9.10	-8.6	FAN	1.95	
anet	246596	987004	28	+28.79	5.51	+8.6	-	1.18	
anet	185574	754597	15	+29.04	4.32	+8.6	-	0.93	
anet	272120	1084660	106	+27.26	4.90	+8.6	-	1.05	
anet	154848	645600	34	+34.20	12.62	+8.6	FAN	2.70	
anet	140767	586858	26	+31.21	8.51	+8.6	FAN	1.82	
anet	75397	302493	36	+27.72	4.75	+8.6	-	1.02	
anet	255698	1016832	18	+31.50	7.32	+8.6	-	1.57	
anet	124207	499447	51	+31.08	11.80	+8.5	FAN	2.53	
anet	80583	319210	16	-27.94	11.37	-8.5	FAN	2.44	
anet	24704	115844	13	+41.89	11.65	+8.5	FAN	2.50	
tfrrs	16076	1	29	+26.97	2.74	+8.5	-	0.59	
anet	143215	629133	42	+30.30	9.97	+8.5	FAN	2.14	
anet	61457	263442	44	+29.12	8.48	+8.5	FAN	1.82	
tfrrs	11177	1	33	+27.16	3.83	+8.5	-	0.82	
anet	58648	251030	32	+29.89	8.27	+8.5	-	1.77	
anet	125030	503410	14	+31.86	6.98	+8.5	-	1.49	
anet	250011	994096	16	+27.86	3.85	+8.5	-	0.82	
anet	271357	1080908	14	+32.98	7.72	+8.5	-	1.65	
anet	90147	355793	12	+30.35	5.50	+8.4	-	1.18	
anet	113176	449466	31	+28.40	6.36	+8.4	-	1.36	
anet	234038	935366	18	+28.26	4.73	+8.4	-	1.01	
tfrrs	23699	1	63	-21.15	4.89	-8.4	-	1.05	OVERRIDE
anet	234038	935365	23	+31.55	8.87	+8.4	FAN	1.90	
anet	45071	192835	17	+26.89	2.78	+8.4	-	0.60	
anet	237448	1001577	20	+28.87	5.88	+8.4	-	1.26	
anet	250011	994098	15	+27.58	3.83	+8.4	-	0.82	
anet	78764	311604	13	+30.12	5.82	+8.4	-	1.25	
anet	182341	744453	49	-21.61	6.90	-8.4	-	1.48	
anet	34678	301399	109	+26.38	5.26	+8.4	-	1.13	
anet	141947	594059	26	+28.21	6.10	+8.3	-	1.31	OVERRIDE
anet	148162	623441	42	+28.61	8.43	+8.3	FAN	1.81	
anet	140767	586859	17	+28.72	5.48	+8.3	-	1.17	
anet	241659	964262	27	+29.44	7.77	+8.3	-	1.67	
anet	124651	508597	16	+29.25	5.85	+8.3	-	1.25	
anet	100835	396681	17	+37.65	11.75	+8.3	FAN	2.52	
anet	175276	721415	23	+46.88	18.99	+8.3	FAN	4.07	
anet	237514	949530	28	+31.37	10.13	+8.3	FAN	2.17	
anet	250207	995070	54	+28.07	8.95	+8.3	FAN	1.92	OVERRIDE
anet	250207	995071	56	+27.78	8.69	+8.3	FAN	1.86	OVERRIDE
anet	231342	929241	15	-24.24	7.95	-8.2	-	1.70	
anet	247066	980281	18	+29.70	6.90	+8.2	-	1.48	
anet	95994	382378	83	+25.90	4.14	+8.2	-	0.89	
anet	154848	645601	34	+33.13	13.09	+8.2	FAN	2.80	
anet	259217	1029162	19	+35.13	11.14	+8.2	FAN	2.39	
anet	95614	379722	16	+27.87	4.90	+8.2	-	1.05	OVERRIDE
anet	60364	258544	18	+29.47	6.91	+8.2	-	1.48	OVERRIDE
anet	79220	313513	40	-22.26	9.15	-8.2	FAN	1.96	
anet	197575	791535	24	+26.73	4.56	+8.2	-	0.98	
anet	152297	632047	82	-22.15	12.97	-8.2	FAN	2.78	
anet	92508	395666	14	-29.25	12.86	-8.2	FAN	2.75	
anet	120729	485093	21	+27.74	5.82	+8.1	-	1.25	
anet	35433	302759	22	+26.71	4.57	+8.1	-	0.98	
anet	241937	974582	43	+27.08	7.53	+8.1	-	1.61	
anet	268322	1066670	52	+25.77	4.98	+8.1	-	1.07	
anet	213784	852878	23	-23.08	8.75	-8.1	FAN	1.87	
anet	73937	299229	17	+28.19	6.00	+8.1	-	1.28	
anet	150144	622998	33	+27.34	7.18	+8.1	-	1.54	
anet	15478	75460	14	+27.12	4.47	+8.1	-	0.96	
anet	15478	75459	18	+26.44	4.27	+8.0	-	0.92	
anet	22401	98814	35	+25.49	3.83	+8.0	-	0.82	
anet	239511	956667	68	-21.28	9.92	-8.0	FAN	2.13	
anet	161939	678217	17	+29.32	7.25	+8.0	-	1.55	
anet	27649	120400	15	-31.93	16.28	-8.0	FAN	3.49	
anet	148162	623443	31	+27.62	7.73	+8.0	-	1.66	
anet	36945	165839	14	+28.46	5.94	+8.0	-	1.27	
anet	35774	154828	16	+25.81	3.47	+8.0	-	0.74	
anet	250472	996659	19	+29.81	8.24	+8.0	-	1.76	
anet	32395	140546	31	+26.48	6.23	+7.9	-	1.33	
anet	46426	232860	39	+26.94	7.83	+7.9	-	1.68	
anet	126565	515855	16	+28.50	6.53	+7.9	-	1.40	
anet	136646	576525	14	+24.98	2.05	+7.9	-	0.44	
anet	268322	1066674	25	+25.73	4.45	+7.9	-	0.95	
anet	60364	258542	13	+30.32	7.24	+7.9	-	1.55	
anet	8111	37987	53	-27.02	22.24	-7.9	FAN	4.76	
anet	218417	873662	23	+24.88	2.60	+7.9	-	0.56	
anet	81696	323863	17	+25.35	3.29	+7.9	-	0.71	
anet	51683	220068	13	+28.53	6.05	+7.9	-	1.30	
anet	260254	1033612	32	+25.64	5.17	+7.9	-	1.11	
anet	226868	905470	40	+25.30	4.95	+7.9	-	1.06	
anet	32395	140545	56	+26.47	8.99	+7.9	FAN	1.93	
anet	232678	928873	39	+24.73	3.43	+7.9	-	0.73	
anet	250679	997616	34	-20.63	6.36	-7.8	-	1.36	
anet	243750	971054	48	+25.07	5.26	+7.8	-	1.13	
anet	2211	10407	12	+24.54	1.71	+7.8	-	0.37	
anet	47437	202472	21	+26.19	5.43	+7.8	-	1.16	
anet	70580	292398	35	-22.03	10.01	-7.8	FAN	2.14	
anet	259692	1031173	102	+25.19	8.76	+7.8	FAN	1.88	
anet	146710	624224	16	-42.48	27.85	-7.8	FAN	5.97	
anet	47437	202473	20	+26.00	5.14	+7.8	-	1.10	
anet	207559	832298	47	+25.14	6.02	+7.8	-	1.29	
anet	243972	983732	30	+25.02	4.60	+7.8	-	0.99	
anet	259399	1029966	52	+24.50	4.40	+7.8	-	0.94	
anet	226868	905474	15	+25.85	4.41	+7.8	-	0.94	
tfrrs	16076	0	32	+24.58	3.87	+7.7	-	0.83	
anet	90858	358346	67	+24.16	3.76	+7.7	-	0.81	
anet	125522	505917	12	+25.00	3.05	+7.7	-	0.65	
anet	217924	871713	35	+25.19	5.79	+7.7	-	1.24	
anet	231084	921991	34	-20.63	7.16	-7.7	-	1.53	
tfrrs	13624	1	14	-31.43	16.11	-7.7	FAN	3.45	
anet	208187	872434	40	+24.63	4.96	+7.7	-	1.06	
anet	76806	305517	13	+26.28	4.83	+7.7	-	1.03	
anet	61390	264687	12	+30.08	7.54	+7.7	-	1.62	
tfrrs	14668	1	56	-23.14	16.41	-7.6	FAN	3.51	
anet	75627	303624	84	+23.99	5.45	+7.6	-	1.17	
anet	177827	728515	19	+27.97	7.81	+7.6	-	1.67	
anet	270547	1077392	43	+26.43	9.53	+7.6	FAN	2.04	OVERRIDE
anet	223131	892648	57	+24.64	6.99	+7.6	-	1.50	
tfrrs	24911	0	20	-27.34	15.08	-7.6	FAN	3.23	
anet	200841	806114	15	+32.69	10.29	+7.6	FAN	2.20	
anet	270547	1077394	17	+31.25	9.99	+7.6	FAN	2.14	
anet	201141	807899	12	+32.56	9.16	+7.6	FAN	1.96	
anet	45452	201448	23	+27.77	8.54	+7.6	FAN	1.83	
anet	70510	291991	21	+24.62	4.46	+7.6	-	0.96	
anet	46809	199923	16	+26.33	5.91	+7.6	-	1.27	
anet	206345	827174	20	-19.95	4.88	-7.6	-	1.05	OVERRIDE
anet	217924	871714	14	+27.92	6.90	+7.6	-	1.48	
anet	234783	938985	18	+25.04	4.79	+7.6	-	1.03	
anet	19987	305555	103	+23.52	4.96	+7.5	-	1.06	
anet	261165	1036900	15	+23.98	3.01	+7.5	-	0.64	
anet	234932	939632	139	-19.36	9.35	-7.5	FAN	2.00	
anet	177178	725148	15	-23.67	9.48	-7.5	FAN	2.03	
anet	33119	143743	15	+28.25	7.54	+7.5	-	1.62	
anet	239277	955785	50	+23.41	3.55	+7.5	-	0.76	
anet	198254	794313	61	-20.02	9.21	-7.5	FAN	1.97	
anet	141474	591421	33	+26.27	8.73	+7.5	FAN	1.87	
anet	206228	826787	27	+26.03	7.68	+7.5	-	1.65	
tfrrs	4024	0	40	-21.22	10.75	-7.5	FAN	2.30	
anet	176011	729359	39	-20.33	8.47	-7.5	FAN	1.81	
anet	198746	796443	15	+26.70	6.44	+7.5	-	1.38	
anet	44972	192464	47	+23.03	2.33	+7.5	-	0.50	
anet	227226	906643	16	+23.08	1.71	+7.4	-	0.37	
anet	83900	329667	12	+25.09	4.46	+7.4	-	0.96	
anet	250011	994099	12	+30.77	8.60	+7.4	FAN	1.84	
anet	46426	232861	27	+30.00	12.23	+7.4	FAN	2.62	
anet	227226	906642	13	+24.54	4.09	+7.4	-	0.88	
anet	272120	1084661	29	+27.45	10.14	+7.4	FAN	2.17	
anet	5262	38053	19	+26.07	6.86	+7.4	-	1.47	
tfrrs	4289	0	49	+22.96	3.25	+7.4	-	0.70	
anet	218376	873520	99	+22.88	4.16	+7.4	-	0.89	
anet	223534	893830	25	+27.18	9.24	+7.4	FAN	1.98	
anet	147075	614737	14	+23.60	3.16	+7.4	-	0.68	
anet	45094	192885	87	+22.69	2.69	+7.4	-	0.58	
anet	150144	623000	29	+25.49	7.86	+7.4	-	1.68	
anet	105689	428676	13	+23.51	2.96	+7.4	-	0.63	
anet	45094	192887	42	+22.84	2.91	+7.4	-	0.62	
anet	180198	736763	30	+24.83	7.04	+7.4	-	1.51	
anet	136454	560987	21	+25.07	6.24	+7.4	-	1.34	
anet	222970	892045	25	+24.18	5.48	+7.3	-	1.17	
anet	130201	556964	80	-21.06	15.89	-7.3	FAN	3.40	
anet	47672	203484	26	+23.84	5.09	+7.3	-	1.09	
tfrrs	13624	2	36	+23.21	4.43	+7.3	-	0.95	
tfrrs	24565	0	21	+23.26	3.59	+7.3	-	0.77	
anet	184641	751703	12	+25.16	4.97	+7.3	-	1.07	
anet	15397	112555	166	+22.42	3.30	+7.3	-	0.71	
anet	127721	518256	18	+31.13	11.29	+7.3	FAN	2.42	
anet	226483	904086	48	+23.51	6.56	+7.3	-	1.41	
anet	130013	528847	78	+22.73	5.13	+7.3	-	1.10	
anet	96420	384137	25	-21.13	9.32	-7.3	FAN	2.00	
anet	61700	264550	15	+25.58	6.15	+7.3	-	1.32	
anet	46401	198235	36	+23.53	5.92	+7.3	-	1.27	
anet	117799	509864	35	+37.97	21.91	+7.3	FAN	4.69	
anet	196607	788618	25	+24.12	6.02	+7.2	-	1.29	
anet	17362	77612	13	+26.04	6.19	+7.2	-	1.33	
anet	243750	971052	51	+22.69	4.58	+7.2	-	0.98	
anet	114029	465061	48	-18.61	5.20	-7.2	-	1.11	
anet	233421	932419	47	+23.16	6.11	+7.2	-	1.31	
anet	232109	926316	31	-18.80	5.05	-7.2	-	1.08	
anet	27354	119184	23	+23.22	4.58	+7.2	-	0.98	
anet	94570	374267	32	+23.76	6.49	+7.2	-	1.39	
anet	123734	513691	43	-20.73	11.72	-7.2	FAN	2.51	
anet	270255	1079574	13	+29.03	8.55	+7.2	FAN	1.83	
anet	24841	108974	16	+31.10	10.93	+7.2	FAN	2.34	
tfrrs	8318	0	66	-19.92	12.02	-7.2	FAN	2.58	
anet	268322	1066675	30	+24.03	6.97	+7.2	-	1.49	
anet	240453	960623	15	+24.33	5.31	+7.1	-	1.14	
anet	92283	399293	43	-19.73	9.45	-7.1	FAN	2.02	
anet	68327	289118	12	+23.82	4.23	+7.1	-	0.91	
anet	141341	593322	13	+32.84	11.02	+7.1	FAN	2.36	
anet	259399	1029968	63	+22.02	3.48	+7.1	-	0.75	
anet	97642	389107	50	+22.22	4.17	+7.1	-	0.89	
anet	201568	810028	26	+25.79	9.01	+7.1	FAN	1.93	OVERRIDE
anet	228564	911433	26	+22.49	3.83	+7.1	-	0.82	
tfrrs	19944	1	12	-21.74	7.63	-7.1	-	1.63	
anet	204371	819879	13	+26.35	6.94	+7.1	-	1.49	
anet	160107	664834	68	-18.58	7.78	-7.1	-	1.67	
anet	269411	1071948	19	+22.65	3.85	+7.1	-	0.83	
tfrrs	9389	2	19	+26.59	8.65	+7.1	FAN	1.85	
anet	256749	1020603	28	-18.98	6.25	-7.1	-	1.34	
anet	195182	784871	18	-26.80	15.57	-7.1	FAN	3.33	
anet	166363	686959	25	+22.17	3.50	+7.1	-	0.75	
anet	126529	511765	14	+27.90	8.51	+7.0	FAN	1.82	
anet	217687	870479	31	+22.54	4.97	+7.0	-	1.06	OVERRIDE
anet	87965	349488	20	+23.32	5.35	+7.0	-	1.15	
anet	259399	1029965	45	+21.83	3.73	+7.0	-	0.80	
anet	270547	1077393	22	+24.51	7.30	+7.0	-	1.56	OVERRIDE
anet	26663	219611	17	+27.64	9.30	+7.0	FAN	1.99	
anet	33116	143724	20	-47.64	41.96	-7.0	FAN	8.99	
anet	159147	661145	27	+23.21	6.19	+7.0	-	1.33	
anet	196735	797815	48	+23.17	8.25	+7.0	-	1.77	OVERRIDE
anet	25145	110190	65	+21.60	3.82	+7.0	-	0.82	
anet	211388	844822	38	+22.13	5.03	+7.0	-	1.08	OVERRIDE
anet	193287	779219	31	-17.90	3.72	-7.0	-	0.80	
anet	247816	989816	25	-21.21	10.78	-7.0	FAN	2.31	
anet	30055	130643	16	+23.97	5.88	+7.0	-	1.26	
anet	57808	273702	13	-21.19	7.82	-6.9	-	1.68	
anet	248532	1007544	12	+28.08	8.33	+6.9	-	1.78	
anet	211388	844820	22	+21.92	3.81	+6.9	-	0.82	
anet	140686	586355	25	+23.02	6.19	+6.9	-	1.33	
anet	213391	878724	66	+21.70	5.77	+6.9	-	1.24	
anet	140904	589872	12	+24.21	5.49	+6.9	-	1.18	OVERRIDE
anet	178848	731333	31	-18.88	7.41	-6.9	-	1.59	
anet	102777	405949	45	+22.08	6.20	+6.9	-	1.33	
tfrrs	27124	0	14	+29.54	10.16	+6.9	FAN	2.18	
tfrrs	26087	0	175	-17.53	6.47	-6.9	-	1.39	
anet	185880	755742	23	+21.64	3.53	+6.9	-	0.76	
anet	195806	786322	22	+24.65	8.16	+6.9	-	1.75	
anet	113709	451843	14	+37.41	14.82	+6.9	FAN	3.17	
anet	232694	928940	44	+21.50	4.61	+6.9	-	0.99	
anet	207559	852422	28	+23.00	6.91	+6.9	-	1.48	
anet	144212	605535	41	+22.03	6.18	+6.8	-	1.32	
anet	115455	461047	61	+21.15	4.03	+6.8	-	0.86	
anet	161692	689587	64	+22.85	10.16	+6.8	FAN	2.18	OVERRIDE
anet	144212	605540	48	+21.68	5.73	+6.8	-	1.23	
anet	180543	738225	21	-27.32	18.38	-6.8	FAN	3.94	
anet	64191	276873	67	+22.03	8.12	+6.8	-	1.74	
anet	225257	907171	31	+21.74	4.84	+6.8	-	1.04	
tfrrs	14365	0	57	-18.44	9.20	-6.8	FAN	1.97	
anet	229095	913433	126	+21.48	8.68	+6.8	FAN	1.86	OVERRIDE
anet	92283	399292	49	-19.07	10.62	-6.8	FAN	2.28	
tfrrs	25930	1	41	-17.27	2.44	-6.8	-	0.52	
anet	140904	589870	26	+21.54	4.28	+6.8	-	0.92	
tfrrs	18653	0	120	-17.25	4.43	-6.8	-	0.95	
anet	149488	621569	30	-18.40	6.75	-6.8	-	1.45	
anet	111531	443150	24	+23.02	6.86	+6.8	-	1.47	
anet	169773	701739	82	+20.80	4.10	+6.8	-	0.88	
anet	83103	326488	29	+22.17	6.17	+6.8	-	1.32	
anet	178870	731414	58	+21.90	7.96	+6.8	-	1.71	
anet	152531	633223	12	+26.12	7.58	+6.7	-	1.62	
anet	90657	357789	40	+20.71	2.82	+6.7	-	0.60	
anet	64191	276872	41	+22.32	7.84	+6.7	-	1.68	
tfrrs	6109	0	35	+20.63	2.28	+6.7	-	0.49	
anet	14858	66874	17	-17.64	3.71	-6.7	-	0.80	
anet	95994	382379	59	+21.38	6.85	+6.7	-	1.47	
anet	136931	564049	13	+22.56	4.81	+6.7	-	1.03	
anet	226483	904087	52	+21.96	8.20	+6.7	-	1.76	OVERRIDE
anet	63692	274541	14	+21.96	4.26	+6.7	-	0.91	
anet	177279	726271	16	+30.13	11.93	+6.7	FAN	2.56	
tfrrs	4678	0	29	+21.75	5.77	+6.7	-	1.24	
tfrrs	20004	1	49	-18.63	10.17	-6.7	FAN	2.18	
anet	51899	221012	66	+21.28	7.28	+6.7	-	1.56	
anet	179432	733770	22	+23.30	7.40	+6.7	-	1.58	
anet	201752	811228	30	+22.12	6.70	+6.7	-	1.44	OVERRIDE
anet	52608	223978	17	-18.99	6.73	-6.7	-	1.44	
anet	14124	64025	12	-20.24	7.26	-6.7	-	1.56	
anet	265749	1062510	41	-19.92	12.72	-6.7	FAN	2.73	
tfrrs	11987	3	80	-17.37	7.19	-6.7	-	1.54	
tfrrs	13575	5	153	-17.17	7.97	-6.7	-	1.71	
anet	185676	754905	37	+21.78	6.93	+6.7	-	1.48	
tfrrs	8954	0	79	+20.32	3.37	+6.6	-	0.72	
anet	257916	1025139	23	+20.84	3.59	+6.6	-	0.77	
tfrrs	15725	0	45	-16.99	3.46	-6.6	-	0.74	
anet	235048	940270	28	+22.61	7.58	+6.6	-	1.62	
anet	12585	57514	25	+20.39	2.35	+6.6	-	0.50	OVERRIDE
anet	239277	955786	44	+20.90	5.28	+6.6	-	1.13	
anet	153316	637569	20	+21.21	4.22	+6.6	-	0.90	
anet	55419	236470	25	-19.08	8.54	-6.6	FAN	1.83	
anet	231342	929238	13	-25.08	12.99	-6.6	FAN	2.78	
anet	51899	237859	75	+20.52	5.32	+6.6	-	1.14	
anet	36674	158454	22	+21.35	4.87	+6.6	-	1.04	
anet	248821	996039	23	+27.35	12.27	+6.6	FAN	2.63	
tfrrs	9389	5	34	-21.47	14.91	-6.6	FAN	3.19	
anet	196735	797814	38	+20.79	4.96	+6.6	-	1.06	
anet	27064	117857	16	+32.94	14.17	+6.6	FAN	3.03	
anet	51899	237860	33	+21.61	6.67	+6.6	-	1.43	
anet	209158	849693	82	+20.17	3.68	+6.6	-	0.79	
anet	200624	805100	21	-19.50	8.75	-6.6	FAN	1.87	
anet	40426	173496	32	-17.70	6.49	-6.6	-	1.39	
anet	96695	385262	15	+21.49	4.42	+6.6	-	0.95	
anet	191976	775274	16	+26.53	9.76	+6.6	FAN	2.09	
anet	266686	1059186	29	+20.95	5.08	+6.6	-	1.09	
tfrrs	19358	2	160	-17.47	13.26	-6.5	FAN	2.84	
anet	233991	935164	66	+21.07	8.28	+6.5	-	1.77	
anet	51318	218641	12	+22.25	4.97	+6.5	-	1.07	
anet	236656	946419	24	-17.75	5.95	-6.5	-	1.28	
anet	136646	576524	27	+21.36	5.93	+6.5	-	1.27	
anet	26855	116912	56	+20.05	3.43	+6.5	-	0.73	
anet	113551	451155	22	-21.92	12.94	-6.5	FAN	2.77	
anet	138287	571695	19	-21.43	11.37	-6.5	FAN	2.44	
anet	30052	130625	12	+24.87	7.32	+6.5	-	1.57	
anet	243713	970985	25	+22.96	8.27	+6.5	-	1.77	
tfrrs	9745	2	15	-19.72	7.96	-6.5	-	1.70	
tfrrs	26381	0	38	-21.33	15.96	-6.5	FAN	3.42	
anet	109424	433026	28	+21.05	5.59	+6.5	-	1.20	
anet	46401	198236	23	+20.92	4.82	+6.5	-	1.03	
anet	139632	579793	20	+22.62	7.05	+6.5	-	1.51	
anet	233991	935165	53	+22.55	11.36	+6.5	FAN	2.43	
anet	114655	478478	38	+21.47	7.54	+6.5	-	1.61	
anet	211388	844821	40	+22.48	9.77	+6.5	FAN	2.09	OVERRIDE
anet	139330	578055	65	+20.49	6.68	+6.5	-	1.43	
anet	126375	510830	79	+20.10	5.42	+6.5	-	1.16	
anet	200624	805101	38	-17.52	7.10	-6.5	-	1.52	
anet	235048	940265	25	+21.35	6.01	+6.5	-	1.29	
tfrrs	19361	1	160	-17.13	11.84	-6.5	FAN	2.54	
tfrrs	19358	1	61	-17.17	7.52	-6.5	-	1.61	
anet	133921	546624	29	+20.53	4.69	+6.5	-	1.01	
anet	106645	436150	30	-20.43	12.80	-6.5	FAN	2.74	
anet	47156	201331	24	-17.42	5.47	-6.5	-	1.17	
anet	81238	321922	88	+20.11	6.17	+6.5	-	1.32	
anet	100797	396537	44	+21.04	7.31	+6.5	-	1.57	
anet	121319	487611	35	-17.49	6.96	-6.5	-	1.49	
anet	178870	731415	37	+19.97	3.73	+6.5	-	0.80	
anet	191492	773683	80	-16.78	6.59	-6.5	-	1.41	
anet	108733	429940	40	-17.13	6.22	-6.5	-	1.33	
anet	105178	414052	13	+19.73	1.62	+6.4	-	0.35	
tfrrs	25565	0	33	-18.11	8.62	-6.4	FAN	1.85	
anet	259838	1031732	27	+22.39	8.25	+6.4	-	1.77	
anet	151966	630425	44	-19.82	14.39	-6.4	FAN	3.08	
anet	30052	130623	29	+22.17	8.23	+6.4	-	1.76	
anet	15652	70187	14	-17.31	4.21	-6.4	-	0.90	
anet	41258	177260	22	+20.80	5.06	+6.4	-	1.08	OVERRIDE
anet	265034	1052238	18	+22.46	6.91	+6.4	-	1.48	
anet	72878	296955	22	+22.95	8.28	+6.4	-	1.77	
anet	84016	330203	12	+26.04	8.57	+6.4	FAN	1.84	
anet	57808	273703	14	-19.51	7.81	-6.4	-	1.67	
anet	211388	844819	18	+21.73	6.05	+6.4	-	1.30	
anet	70510	291989	16	+23.57	7.73	+6.4	-	1.66	
anet	213682	852597	15	+24.39	8.24	+6.4	-	1.77	
anet	239276	955783	16	+21.77	5.77	+6.4	-	1.24	
anet	199237	798369	54	-18.54	12.71	-6.4	FAN	2.72	
anet	164668	679563	29	+20.76	5.94	+6.4	-	1.27	
anet	240652	961260	113	-18.33	17.52	-6.4	FAN	3.75	
anet	236373	945198	17	+20.01	3.13	+6.4	-	0.67	
anet	243999	971858	57	-17.54	9.83	-6.4	FAN	2.11	OVERRIDE
tfrrs	16262	1	39	-16.61	4.58	-6.4	-	0.98	
anet	121374	487836	37	+21.42	8.30	+6.4	-	1.78	
anet	262590	1042030	15	+21.33	5.17	+6.4	-	1.11	
anet	47788	203941	43	+19.82	4.52	+6.4	-	0.97	
anet	83518	337625	66	+19.77	5.49	+6.4	-	1.18	
anet	227649	908147	121	-16.66	8.88	-6.4	FAN	1.90	
anet	231084	921993	24	-16.34	2.56	-6.4	-	0.55	
anet	56845	243210	26	+19.88	3.83	+6.4	-	0.82	
anet	159948	664284	68	+19.76	5.71	+6.4	-	1.22	
anet	93583	370027	16	+26.67	10.62	+6.4	FAN	2.28	
anet	60609	259698	13	+19.95	2.89	+6.4	-	0.62	
anet	191492	773685	111	-16.25	4.52	-6.4	-	0.97	
anet	208870	862022	37	+22.07	9.70	+6.3	FAN	2.08	OVERRIDE
anet	36674	158456	15	+19.90	3.12	+6.3	-	0.67	
anet	265316	1053299	43	+20.42	6.90	+6.3	-	1.48	
anet	115269	460102	75	-16.35	5.22	-6.3	-	1.12	
anet	149491	621572	19	-17.32	5.50	-6.3	-	1.18	
anet	268322	1066672	62	+20.80	9.55	+6.3	FAN	2.05	
anet	222227	889202	65	-16.55	6.39	-6.3	-	1.37	
anet	176241	721565	66	+20.74	9.70	+6.3	FAN	2.08	
anet	72839	296764	56	-17.39	9.81	-6.3	FAN	2.10	
anet	51187	218108	32	+22.04	9.17	+6.3	FAN	1.96	
anet	15982	78889	12	+20.77	4.21	+6.3	-	0.90	
anet	38575	165906	49	-21.00	18.78	-6.3	FAN	4.02	
anet	214318	857685	15	+19.58	2.65	+6.3	-	0.57	
tfrrs	15941	1	46	-16.18	3.34	-6.3	-	0.72	
tfrrs	8276	2	71	-16.23	4.60	-6.3	-	0.98	
tfrrs	12952	1	31	-20.30	13.71	-6.3	FAN	2.94	
anet	225391	900352	47	+20.32	7.30	+6.3	-	1.56	OVERRIDE
anet	136659	578104	14	+23.51	7.58	+6.3	-	1.62	
anet	226880	918050	21	+20.21	4.68	+6.3	-	1.00	
tfrrs	12806	0	18	+22.00	6.93	+6.3	-	1.48	
anet	231080	921972	76	-16.40	6.39	-6.3	-	1.37	
anet	139659	580025	20	+19.30	2.32	+6.3	-	0.50	
tfrrs	8276	5	81	-16.28	5.67	-6.3	-	1.21	
anet	144964	613581	119	+19.30	5.74	+6.3	-	1.23	
anet	121041	504549	13	+30.34	12.23	+6.3	FAN	2.62	
anet	197511	792081	12	+21.98	5.67	+6.3	-	1.22	
tfrrs	8276	3	62	-16.25	4.87	-6.3	-	1.04	
anet	26672	116245	32	+19.47	3.82	+6.3	-	0.82	
anet	156436	652108	147	-16.13	6.31	-6.3	-	1.35	
anet	201752	811227	60	+20.18	8.14	+6.3	-	1.74	OVERRIDE
anet	148545	646639	20	+20.57	5.43	+6.3	-	1.16	
anet	259235	1029220	100	+19.11	4.73	+6.3	-	1.01	
anet	217747	870817	53	+20.03	7.40	+6.2	-	1.59	
anet	233421	932418	53	+21.90	12.08	+6.2	FAN	2.59	
anet	153044	636035	31	+20.10	5.87	+6.2	-	1.26	
anet	204371	819878	23	+19.72	4.25	+6.2	-	0.91	
anet	134499	550054	32	-16.71	5.90	-6.2	-	1.26	
anet	179427	733744	17	-21.88	12.47	-6.2	FAN	2.67	
anet	70581	292413	35	-20.76	15.84	-6.2	FAN	3.39	
anet	149753	621607	46	-16.38	5.68	-6.2	-	1.22	
tfrrs	11851	1	17	-16.90	4.83	-6.2	-	1.03	
anet	145872	611275	12	+22.20	6.12	+6.2	-	1.31	
anet	148800	619004	84	+19.58	7.73	+6.2	-	1.66	
tfrrs	10053	3	33	-16.11	3.53	-6.2	-	0.76	
anet	175504	719491	22	-16.25	3.51	-6.2	-	0.75	
anet	46119	196979	14	+24.14	8.42	+6.2	FAN	1.80	
anet	156435	652105	169	-15.94	5.76	-6.2	-	1.23	
tfrrs	20166	1	54	-16.39	6.38	-6.2	-	1.37	
anet	186311	756858	12	+20.78	4.68	+6.2	-	1.00	
anet	237455	949387	42	+19.56	5.59	+6.2	-	1.20	
anet	52110	221851	17	+23.00	8.23	+6.2	-	1.76	
anet	110550	437738	90	-15.90	4.06	-6.2	-	0.87	
anet	139632	579794	12	+20.60	4.51	+6.2	-	0.97	
anet	94570	374266	36	+22.57	11.36	+6.2	FAN	2.43	
anet	138970	575708	21	+19.86	4.68	+6.2	-	1.00	
tfrrs	22286	1	37	-17.26	8.51	-6.2	FAN	1.82	
anet	228015	909424	50	-17.83	11.73	-6.2	FAN	2.51	
anet	111740	442778	23	+19.20	3.30	+6.2	-	0.71	
anet	51899	221014	42	+20.15	7.46	+6.2	-	1.60	
anet	198004	794046	58	-16.22	5.99	-6.2	-	1.28	
anet	241106	962610	146	-16.01	7.23	-6.2	-	1.55	
anet	133992	595171	22	+20.51	6.03	+6.2	-	1.29	
anet	197887	809007	13	+19.20	2.51	+6.2	-	0.54	
anet	176241	721564	53	+20.57	9.54	+6.2	FAN	2.04	
tfrrs	10053	1	66	-15.87	3.72	-6.2	-	0.80	
anet	96538	384591	13	-16.46	3.52	-6.2	-	0.75	
anet	183498	748237	25	-16.27	4.22	-6.2	-	0.90	
anet	270218	1075987	15	-18.04	6.83	-6.2	-	1.46	
tfrrs	25930	11	24	-16.56	5.12	-6.2	-	1.10	
anet	194295	782272	107	-17.48	15.83	-6.2	FAN	3.39	
anet	55710	237985	145	-15.75	3.93	-6.2	-	0.84	
anet	146401	612860	111	+19.20	7.81	+6.2	-	1.67	
anet	164668	679564	28	+19.39	4.47	+6.2	-	0.96	
anet	209158	849696	36	+19.38	5.09	+6.2	-	1.09	
anet	23834	104541	23	-16.22	4.03	-6.2	-	0.86	
anet	182298	744293	13	+21.31	5.72	+6.2	-	1.23	
tfrrs	19392	1	72	-17.16	11.88	-6.2	FAN	2.54	
tfrrs	12952	0	38	-19.67	14.75	-6.2	FAN	3.16	
anet	132484	591282	80	+18.69	3.44	+6.2	-	0.74	
anet	96703	385297	80	-15.93	5.44	-6.2	-	1.16	
tfrrs	11494	1	14	+19.81	4.02	+6.1	-	0.86	
anet	190888	797062	149	-16.36	11.88	-6.1	FAN	2.55	
anet	14858	66876	13	-17.40	5.53	-6.1	-	1.18	
anet	151275	627152	54	-19.00	15.96	-6.1	FAN	3.42	
tfrrs	21950	1	40	-16.08	4.85	-6.1	-	1.04	
tfrrs	22057	1	40	-16.08	4.85	-6.1	-	1.04	
anet	226880	918052	13	+21.54	6.04	+6.1	-	1.29	
anet	118224	492693	45	+19.46	6.27	+6.1	-	1.34	
tfrrs	12359	2	221	-15.70	5.53	-6.1	-	1.18	
anet	57463	278875	28	-16.24	4.76	-6.1	-	1.02	
anet	32703	141888	13	+21.23	5.74	+6.1	-	1.23	
tfrrs	19944	4	137	-15.84	6.72	-6.1	-	1.44	
anet	139340	578114	80	-15.81	4.83	-6.1	-	1.04	
anet	65217	281612	105	+18.65	4.36	+6.1	-	0.93	
anet	213289	850698	13	+20.08	4.36	+6.1	-	0.93	
anet	63692	274540	18	+22.53	8.29	+6.1	-	1.78	
anet	222154	888959	17	+24.96	10.40	+6.1	FAN	2.23	
anet	259399	1029967	71	+19.07	6.25	+6.1	-	1.34	OVERRIDE
tfrrs	12359	4	60	-15.70	3.16	-6.1	-	0.68	
tfrrs	25930	0	153	-15.73	5.71	-6.1	-	1.22	
anet	213289	850696	20	+21.65	7.71	+6.1	-	1.65	
anet	210959	863943	17	+18.65	1.86	+6.1	-	0.40	
anet	256836	1020818	33	+21.10	8.99	+6.1	FAN	1.93	
anet	65217	281609	137	+18.51	3.47	+6.1	-	0.74	
tfrrs	26020	0	36	-16.14	5.19	-6.1	-	1.11	
tfrrs	11903	0	39	-16.72	7.65	-6.1	-	1.64	
tfrrs	24536	3	38	-15.91	4.18	-6.1	-	0.90	
anet	205726	825018	32	-16.34	5.75	-6.1	-	1.23	
anet	137941	569703	45	-18.07	12.42	-6.1	FAN	2.66	
anet	223844	894915	49	-16.42	7.50	-6.1	-	1.61	
anet	95281	383948	96	-15.82	6.07	-6.1	-	1.30	
anet	261515	1038162	44	+19.53	6.80	+6.1	-	1.46	
anet	262746	1042468	29	-16.23	5.13	-6.1	-	1.10	
anet	75587	303424	60	+19.54	7.99	+6.1	-	1.71	
tfrrs	3724	7	98	-15.68	4.70	-6.1	-	1.01	
anet	90877	358411	41	+21.37	10.73	+6.1	FAN	2.30	
tfrrs	14668	7	68	-15.71	4.26	-6.1	-	0.91	
anet	107285	432664	51	-18.62	14.86	-6.1	FAN	3.18	
anet	241128	962699	72	+18.80	5.48	+6.1	-	1.17	
anet	158474	673738	37	+25.61	16.38	+6.1	FAN	3.51	OVERRIDE
anet	132484	591284	54	+18.73	4.40	+6.1	-	0.94	
anet	13545	61593	28	+18.66	2.97	+6.1	-	0.64	
anet	264841	1051048	19	+19.45	4.43	+6.1	-	0.95	
anet	132329	539546	84	+18.52	4.07	+6.1	-	0.87	
anet	193908	781091	24	-16.44	5.47	-6.1	-	1.17	
anet	228564	911431	20	+21.48	7.70	+6.1	-	1.65	
anet	227917	911379	20	-16.45	5.01	-6.1	-	1.07	
anet	175415	720513	18	+19.05	3.54	+6.1	-	0.76	
anet	15707	72559	36	-17.31	9.39	-6.1	FAN	2.01	
anet	95263	378167	16	-22.14	13.04	-6.1	FAN	2.79	
tfrrs	10053	4	44	-15.63	3.26	-6.1	-	0.70	
anet	209108	837508	35	-16.31	6.26	-6.1	-	1.34	
anet	51685	220078	17	+23.98	9.75	+6.1	FAN	2.09	
anet	92506	395636	26	-23.86	19.26	-6.1	FAN	4.13	
tfrrs	9342	4	39	-15.60	2.92	-6.1	-	0.63	
anet	60448	262533	71	-16.17	8.23	-6.1	-	1.76	
tfrrs	12952	12	49	-15.83	5.19	-6.1	-	1.11	
anet	214748	864530	38	-18.41	12.59	-6.1	FAN	2.70	
tfrrs	13855	4	18	-18.87	9.39	-6.1	FAN	2.01	
anet	129800	527900	30	+21.10	9.02	+6.1	FAN	1.93	
anet	144964	613580	132	+18.79	8.45	+6.0	FAN	1.81	
anet	222648	890789	36	+20.26	8.27	+6.0	-	1.77	
anet	106511	420495	22	-16.36	5.25	-6.0	-	1.12	
tfrrs	4666	4	15	-19.36	9.26	-6.0	FAN	1.98	
tfrrs	21877	3	80	-15.65	5.22	-6.0	-	1.12	
anet	168088	695332	26	+20.59	7.65	+6.0	-	1.64	
anet	241106	962611	117	-15.74	7.40	-6.0	-	1.59	
tfrrs	11903	3	61	-16.04	7.26	-6.0	-	1.56	
anet	64058	296568	96	-15.84	7.62	-6.0	-	1.63	
anet	241614	964131	59	-16.23	8.10	-6.0	-	1.74	
anet	96703	385295	124	-15.63	6.59	-6.0	-	1.41	
anet	111781	442991	21	-16.22	4.87	-6.0	-	1.04	
tfrrs	12952	3	149	-15.51	5.69	-6.0	-	1.22	
anet	5028	24182	16	-17.13	6.21	-6.0	-	1.33	
tfrrs	20013	1	42	-16.72	8.80	-6.0	FAN	1.89	
tfrrs	6550	4	26	-15.89	4.39	-6.0	-	0.94	
anet	56845	243205	87	+18.64	6.64	+6.0	-	1.42	
anet	40046	171763	40	-16.27	7.04	-6.0	-	1.51	
anet	212551	848348	14	-19.01	8.62	-6.0	FAN	1.85	
anet	251238	1000515	113	+18.65	7.72	+6.0	-	1.65	
tfrrs	21763	0	46	-18.16	13.50	-6.0	FAN	2.89	
anet	208672	862284	177	-15.95	12.14	-6.0	FAN	2.60	
tfrrs	25871	1	37	-16.45	7.44	-6.0	-	1.59	
tfrrs	13575	3	152	-15.52	6.54	-6.0	-	1.40	
anet	191976	775275	20	+20.31	6.47	+6.0	-	1.39	
tfrrs	19358	0	104	-15.68	7.13	-6.0	-	1.53	
anet	118775	476741	82	-15.67	6.36	-6.0	-	1.36	
anet	240451	960613	32	+19.46	6.45	+6.0	-	1.38	
anet	167886	694532	43	-15.52	3.62	-6.0	-	0.77	
tfrrs	26020	1	24	-15.95	4.53	-6.0	-	0.97	
tfrrs	12359	5	57	-15.45	3.55	-6.0	-	0.76	
anet	265655	1054869	80	+18.25	4.18	+6.0	-	0.90	
anet	48417	206484	88	-15.62	6.53	-6.0	-	1.40	
anet	146017	611656	117	+18.72	8.90	+6.0	FAN	1.91	
anet	209403	863995	69	-15.63	5.92	-6.0	-	1.27	
anet	199424	799414	107	-15.70	7.98	-6.0	-	1.71	
tfrrs	9342	6	36	-15.53	3.72	-6.0	-	0.80	
tfrrs	22017	2	28	-16.98	8.10	-6.0	-	1.74	
anet	56854	249217	21	-15.65	3.41	-6.0	-	0.73	
tfrrs	14145	0	70	-15.39	4.00	-6.0	-	0.86	
anet	265747	1062515	18	+20.15	6.11	+6.0	-	1.31	
tfrrs	24162	2	69	-15.89	7.76	-6.0	-	1.66	
tfrrs	13799	5	262	-15.94	15.87	-6.0	FAN	3.40	
anet	110550	437739	115	-15.28	3.59	-6.0	-	0.77	
anet	191976	775273	14	+18.63	3.04	+6.0	-	0.65	
tfrrs	14035	0	134	-15.30	4.41	-6.0	-	0.94	
tfrrs	11851	3	57	-15.35	3.41	-6.0	-	0.73	
anet	120679	484871	38	-15.88	5.84	-6.0	-	1.25	
anet	40703	174593	12	-19.38	8.60	-6.0	FAN	1.84	
anet	107285	432663	46	-15.96	6.80	-6.0	-	1.46	
anet	58431	250144	88	-15.45	5.42	-6.0	-	1.16	
anet	208672	862285	181	-15.53	8.94	-6.0	FAN	1.91	
anet	23091	121920	21	+22.38	9.59	+6.0	FAN	2.06	
anet	55406	236394	40	+18.76	5.65	+6.0	-	1.21	
tfrrs	19569	3	215	-15.55	10.20	-6.0	FAN	2.19	
anet	118224	474248	30	+18.82	5.09	+6.0	-	1.09	
anet	48088	205152	17	-16.15	4.67	-6.0	-	1.00	
tfrrs	23949	6	58	-15.32	3.42	-6.0	-	0.73	
anet	231084	921987	13	-17.09	5.83	-5.9	-	1.25	
tfrrs	6551	0	32	-15.73	4.86	-5.9	-	1.04	
anet	55419	236471	35	-16.38	7.54	-5.9	-	1.62	
anet	271436	1081194	18	+21.19	7.62	+5.9	-	1.63	
anet	259838	1031730	25	+18.88	4.91	+5.9	-	1.05	
anet	22566	125105	47	+18.75	6.30	+5.9	-	1.35	
tfrrs	25581	1	68	-16.93	12.81	-5.9	FAN	2.74	
tfrrs	19828	3	121	-15.46	7.13	-5.9	-	1.53	
tfrrs	19361	0	135	-15.38	6.54	-5.9	-	1.40	
tfrrs	9342	2	51	-15.26	2.90	-5.9	-	0.62	
anet	149599	632915	23	-19.34	11.97	-5.9	FAN	2.56	
anet	147016	614587	23	+21.10	8.53	+5.9	FAN	1.83	
tfrrs	3724	3	70	-15.73	7.42	-5.9	-	1.59	
anet	208870	862021	26	+19.72	6.85	+5.9	-	1.47	
tfrrs	24080	0	50	-16.08	7.97	-5.9	-	1.71	
anet	196637	811046	29	+18.69	4.92	+5.9	-	1.05	
anet	108875	430571	88	-16.47	12.65	-5.9	FAN	2.71	
anet	12110	55394	23	-19.31	11.98	-5.9	FAN	2.57	
anet	95281	383940	72	-15.34	4.78	-5.9	-	1.02	
anet	162150	692756	44	+19.33	8.00	+5.9	-	1.71	
anet	161646	668985	16	-17.95	8.03	-5.9	-	1.72	
tfrrs	4020	2	59	-15.27	3.86	-5.9	-	0.83	
anet	14885	66983	13	-15.59	2.94	-5.9	-	0.63	
anet	124205	499441	36	-16.08	6.87	-5.9	-	1.47	
anet	200636	826748	21	+26.96	14.38	+5.9	FAN	3.08	
tfrrs	11987	0	63	-16.67	11.60	-5.9	FAN	2.49	
anet	136106	559050	45	+18.25	4.60	+5.9	-	0.98	
tfrrs	6551	4	42	-15.24	3.03	-5.9	-	0.65	
anet	124350	500116	30	+23.14	12.75	+5.9	FAN	2.73	OVERRIDE
anet	229623	926884	13	+18.54	3.11	+5.9	-	0.67	
anet	242734	967517	85	+18.57	8.12	+5.9	-	1.74	
tfrrs	9342	3	42	-15.21	2.85	-5.9	-	0.61	
anet	16759	74771	24	+19.18	5.71	+5.9	-	1.22	
anet	86626	343908	79	-15.71	8.15	-5.9	-	1.75	
anet	248330	986015	51	+18.17	4.59	+5.9	-	0.98	
tfrrs	19398	0	172	-15.38	8.45	-5.9	FAN	1.81	
anet	45144	193012	27	+18.53	4.51	+5.9	-	0.97	
anet	96703	385302	80	-15.36	5.70	-5.9	-	1.22	
tfrrs	14668	8	98	-15.19	4.20	-5.9	-	0.90	
anet	79616	330025	44	-15.21	3.08	-5.9	-	0.66	
tfrrs	11208	0	100	-15.17	4.02	-5.9	-	0.86	
tfrrs	21614	1	98	-15.43	6.97	-5.9	-	1.49	
anet	38203	164460	70	+17.87	3.29	+5.9	-	0.70	
anet	123319	495766	53	-16.44	9.97	-5.9	FAN	2.14	
tfrrs	13159	8	43	-15.15	2.58	-5.9	-	0.55	
tfrrs	13159	9	43	-15.15	2.58	-5.9	-	0.55	
anet	177751	743368	44	+19.00	7.34	+5.9	-	1.57	
anet	44460	191011	30	+18.40	4.47	+5.9	-	0.96	
anet	115865	463057	114	-15.27	6.07	-5.9	-	1.30	
anet	240358	960233	59	-15.41	5.42	-5.9	-	1.16	
anet	16759	74770	22	+19.79	6.65	+5.9	-	1.43	
anet	264841	1051047	55	+18.24	5.36	+5.9	-	1.15	
anet	55406	236393	33	+18.07	3.54	+5.9	-	0.76	
anet	58431	250142	164	-15.19	6.09	-5.9	-	1.30	
anet	183898	749433	19	+25.29	12.33	+5.9	FAN	2.64	
anet	262590	1042031	15	+20.90	6.87	+5.9	-	1.47	
tfrrs	23949	8	12	-15.18	1.66	-5.9	-	0.36	
anet	29075	126562	64	+17.89	3.76	+5.9	-	0.80	
anet	21340	94758	20	-20.55	13.19	-5.9	FAN	2.83	
anet	84503	332347	144	-15.16	5.39	-5.9	-	1.15	
tfrrs	22077	1	15	-17.59	7.37	-5.9	-	1.58	
anet	197887	809013	38	+17.91	3.07	+5.9	-	0.66	
anet	254490	1026113	13	+19.23	4.41	+5.9	-	0.94	
anet	201319	809858	19	+21.13	8.04	+5.9	-	1.72	
anet	29988	130353	18	-16.55	6.13	-5.9	-	1.31	
anet	115265	460086	55	-15.29	4.64	-5.9	-	0.99	
anet	20840	92930	127	+19.43	14.67	+5.9	FAN	3.14	
tfrrs	4085	0	53	-15.76	7.29	-5.9	-	1.56	
anet	37362	161168	23	+19.57	6.52	+5.9	-	1.40	OVERRIDE
anet	111717	442683	37	-15.52	5.10	-5.9	-	1.09	
anet	209403	838557	48	-15.45	5.40	-5.9	-	1.16	
anet	100797	396538	52	+18.94	8.08	+5.9	-	1.73	
anet	135025	552830	132	-16.68	17.47	-5.9	FAN	3.74	
anet	244005	994886	21	+21.43	8.90	+5.9	FAN	1.91	
anet	74976	300413	52	+18.05	4.68	+5.9	-	1.00	
anet	218544	874253	18	+18.50	3.91	+5.9	-	0.84	
tfrrs	3724	5	75	-15.48	7.14	-5.9	-	1.53	
tfrrs	19717	1	16	-15.37	2.93	-5.9	-	0.63	
anet	204371	819877	30	+18.58	5.32	+5.9	-	1.14	
anet	237514	949531	18	+26.93	13.52	+5.9	FAN	2.90	
anet	156437	652109	125	-15.28	7.40	-5.9	-	1.59	
anet	44253	190373	47	-16.26	9.10	-5.9	FAN	1.95	
anet	40751	174882	95	+18.28	7.97	+5.9	-	1.71	OVERRIDE
anet	241128	962700	90	+17.89	5.33	+5.9	-	1.14	
anet	60511	259225	20	-16.29	6.05	-5.9	-	1.30	
tfrrs	21747	3	51	-15.26	4.73	-5.8	-	1.01	
anet	234151	936019	30	+20.18	8.75	+5.8	FAN	1.88	
tfrrs	9342	7	48	-15.04	2.81	-5.8	-	0.60	
anet	105765	416907	42	-17.29	11.78	-5.8	FAN	2.52	
tfrrs	9342	5	44	-15.22	4.16	-5.8	-	0.89	
anet	223865	895020	61	+18.04	5.39	+5.8	-	1.15	
anet	156436	652107	153	-15.19	7.43	-5.8	-	1.59	
anet	229876	924096	49	+18.68	7.28	+5.8	-	1.56	OVERRIDE
anet	132899	555881	52	+18.20	5.78	+5.8	-	1.24	
anet	264844	1051075	23	-16.08	6.02	-5.8	-	1.29	
anet	52912	225229	44	-16.00	8.01	-5.8	-	1.72	
tfrrs	6551	3	70	-15.05	3.70	-5.8	-	0.79	
anet	57169	244738	41	+19.90	9.75	+5.8	FAN	2.09	
anet	159753	697997	52	+17.76	3.55	+5.8	-	0.76	
anet	231870	924997	12	+19.24	4.47	+5.8	-	0.96	OVERRIDE
anet	268872	1069322	13	-15.75	3.84	-5.8	-	0.82	
anet	151275	627150	41	-16.39	9.13	-5.8	FAN	1.96	
anet	100962	397371	48	-15.80	7.65	-5.8	-	1.64	
anet	178837	731284	48	-15.76	7.48	-5.8	-	1.60	
anet	270096	1076889	17	+17.79	2.22	+5.8	-	0.48	
anet	22345	98620	25	-15.21	3.31	-5.8	-	0.71	
anet	23834	104543	15	-15.90	4.51	-5.8	-	0.97	
tfrrs	4086	0	41	-16.14	8.33	-5.8	-	1.78	
tfrrs	6550	6	30	-14.97	2.01	-5.8	-	0.43	
anet	243667	970820	64	+17.84	4.71	+5.8	-	1.01	
anet	153801	640372	16	-17.38	7.51	-5.8	-	1.61	
tfrrs	10053	2	55	-15.16	4.56	-5.8	-	0.98	
tfrrs	5278	0	16	-16.62	6.20	-5.8	-	1.33	
tfrrs	5278	2	49	-15.40	5.87	-5.8	-	1.26	
tfrrs	16292	15	81	-15.14	5.43	-5.8	-	1.16	
anet	198403	794872	26	-16.55	7.75	-5.8	-	1.66	
tfrrs	19397	1	75	-15.57	8.36	-5.8	-	1.79	
anet	163831	676110	65	-17.08	14.17	-5.8	FAN	3.04	
anet	150886	625793	33	+18.34	5.25	+5.8	-	1.13	
anet	13938	63181	14	-21.32	12.19	-5.8	FAN	2.61	
anet	217752	870876	37	+19.16	7.82	+5.8	-	1.68	
anet	251291	1013372	18	-16.29	5.92	-5.8	-	1.27	
anet	265655	1054870	60	+17.83	4.77	+5.8	-	1.02	
anet	200382	805928	17	-17.76	8.43	-5.8	FAN	1.80	
anet	102777	405951	21	+20.57	8.06	+5.8	-	1.73	
tfrrs	7532	0	37	-15.90	7.25	-5.8	-	1.55	
anet	20690	99795	140	-15.08	6.68	-5.8	-	1.43	
anet	149425	620571	61	-18.24	17.43	-5.8	FAN	3.73	
tfrrs	19911	1	57	-15.03	3.82	-5.8	-	0.82	
anet	111531	443151	19	+19.32	5.91	+5.8	-	1.27	
tfrrs	14011	1	42	-15.02	3.23	-5.8	-	0.69	
anet	116349	465710	37	-15.05	3.29	-5.8	-	0.70	
anet	256749	1020602	34	-17.49	11.33	-5.8	FAN	2.43	
anet	149491	621573	15	-17.99	8.30	-5.8	-	1.78	
anet	140558	585565	20	+19.31	6.07	+5.8	-	1.30	
anet	158995	661041	26	+18.39	4.96	+5.8	-	1.06	
anet	86922	344505	109	-15.16	7.05	-5.8	-	1.51	
anet	20832	120666	19	+19.31	5.93	+5.8	-	1.27	
anet	218716	875109	20	+22.28	10.00	+5.8	FAN	2.14	
anet	227649	908148	116	-15.26	8.31	-5.8	-	1.78	
anet	270550	1077440	49	-15.16	4.78	-5.8	-	1.02	
anet	233255	931620	58	+18.12	6.39	+5.8	-	1.37	
tfrrs	3724	6	56	-15.53	7.32	-5.8	-	1.57	
anet	105765	416908	12	-15.32	2.87	-5.8	-	0.61	
anet	50790	216410	16	+19.58	5.85	+5.8	-	1.25	
anet	242734	967518	80	+17.94	6.56	+5.8	-	1.41	
anet	149753	621606	57	-15.43	6.91	-5.8	-	1.48	
tfrrs	15863	1	16	+18.65	4.44	+5.8	-	0.95	
anet	96552	384650	36	-16.40	8.89	-5.8	FAN	1.90	
anet	164978	681078	64	+19.36	11.13	+5.8	FAN	2.39	
anet	134499	550052	36	-15.22	4.53	-5.8	-	0.97	
tfrrs	8319	0	80	-15.93	11.11	-5.8	FAN	2.38	
anet	18997	84797	145	-15.00	6.49	-5.8	-	1.39	
tfrrs	20004	0	45	-15.97	8.49	-5.8	FAN	1.82	
anet	81025	321056	17	+17.98	3.23	+5.8	-	0.69	
anet	196882	789392	18	-17.71	8.73	-5.8	FAN	1.87	
tfrrs	12952	9	84	-14.94	4.43	-5.8	-	0.95	
anet	264082	1047594	13	+19.87	5.70	+5.8	-	1.22	
anet	40329	173074	24	+18.01	3.97	+5.8	-	0.85	
anet	266663	1059089	17	-20.40	12.39	-5.8	FAN	2.65	
tfrrs	14668	3	122	-14.85	3.87	-5.8	-	0.83	
tfrrs	19493	1	64	-15.83	9.65	-5.8	FAN	2.07	
anet	265747	1062514	35	+17.89	4.43	+5.8	-	0.95	
anet	167886	694533	40	-15.77	7.39	-5.8	-	1.58	
anet	163881	676275	17	+20.29	7.10	+5.8	-	1.52	
tfrrs	13502	0	32	-16.11	7.69	-5.8	-	1.65	
anet	226600	905927	31	+18.39	5.70	+5.8	-	1.22	
anet	191808	818792	85	+17.95	7.26	+5.8	-	1.56	
anet	179941	735634	21	+18.48	4.88	+5.8	-	1.05	
anet	177005	724632	29	+18.94	6.78	+5.8	-	1.45	
anet	135646	556609	75	-15.30	7.46	-5.8	-	1.60	
tfrrs	20389	1	44	-15.20	5.18	-5.8	-	1.11	
anet	83035	326172	68	-15.05	5.29	-5.8	-	1.13	
anet	46809	199924	12	+23.50	8.86	+5.8	FAN	1.90	
anet	151335	627535	15	+20.50	6.93	+5.8	-	1.49	
tfrrs	23461	3	125	-14.84	4.27	-5.8	-	0.91	
tfrrs	8148	1	51	-15.87	8.85	-5.8	FAN	1.89	
anet	48066	205052	27	-17.88	11.13	-5.8	FAN	2.38	
tfrrs	19361	3	100	-15.26	8.37	-5.8	-	1.79	
anet	40329	173073	25	+19.12	6.69	+5.8	-	1.43	
tfrrs	13550	1	53	-15.53	7.56	-5.8	-	1.62	
anet	214740	856687	19	-20.12	12.80	-5.8	FAN	2.74	
anet	108383	428416	152	-15.09	8.71	-5.8	FAN	1.87	
tfrrs	19435	2	33	-15.17	4.45	-5.8	-	0.95	
tfrrs	19928	0	32	-15.23	4.70	-5.8	-	1.01	
anet	259235	1029219	134	+17.58	6.57	+5.8	-	1.41	
anet	212878	850534	70	-15.54	8.81	-5.8	FAN	1.89	
anet	269411	1071947	17	+19.99	6.80	+5.8	-	1.46	
anet	145111	609140	21	+23.40	11.68	+5.8	FAN	2.50	
tfrrs	13260	3	23	-14.89	2.41	-5.8	-	0.52	
tfrrs	13575	4	176	-14.84	5.72	-5.8	-	1.23	
anet	260008	1032369	50	+17.91	5.71	+5.8	-	1.22	
tfrrs	6065	3	71	-15.02	5.56	-5.8	-	1.19	
anet	222227	889200	66	-14.88	4.03	-5.8	-	0.86	
anet	43192	186181	27	-15.14	4.02	-5.7	-	0.86	
anet	191956	812428	16	+19.95	6.57	+5.7	-	1.41	
tfrrs	9342	1	30	-15.34	5.10	-5.7	-	1.09	
anet	223112	924349	49	-15.65	7.96	-5.7	-	1.71	
anet	148710	627030	53	+19.84	11.72	+5.7	FAN	2.51	
anet	114767	457513	18	+20.31	7.45	+5.7	-	1.60	OVERRIDE
tfrrs	27070	0	26	-23.70	20.71	-5.7	FAN	4.44	
anet	161646	668984	19	-18.60	10.60	-5.7	FAN	2.27	
anet	111740	442777	24	+18.36	5.17	+5.7	-	1.11	
anet	127360	518057	17	-16.47	6.50	-5.7	-	1.39	
anet	38575	165907	42	-16.89	11.45	-5.7	FAN	2.45	
anet	36964	159621	17	+19.11	5.63	+5.7	-	1.21	
anet	36164	156413	29	-14.93	3.15	-5.7	-	0.68	
tfrrs	12952	5	53	-14.95	4.38	-5.7	-	0.94	
anet	203885	818550	30	-15.99	7.33	-5.7	-	1.57	
anet	2211	10408	14	+21.86	8.20	+5.7	-	1.76	
anet	233451	932597	44	+17.55	3.93	+5.7	-	0.84	
anet	199237	798366	63	-16.38	12.24	-5.7	FAN	2.62	
tfrrs	20200	1	35	-15.57	6.51	-5.7	-	1.40	
anet	217619	870166	49	+17.56	4.24	+5.7	-	0.91	
anet	32646	141627	26	-15.96	6.78	-5.7	-	1.45	
tfrrs	9177	4	73	-14.79	3.66	-5.7	-	0.78	
anet	149716	621455	46	-16.11	9.55	-5.7	FAN	2.05	
anet	264841	1051051	23	+18.66	5.76	+5.7	-	1.23	
anet	109431	433400	43	+22.93	16.13	+5.7	FAN	3.45	
tfrrs	6551	2	34	-15.09	4.45	-5.7	-	0.95	
tfrrs	14146	2	43	-15.68	7.74	-5.7	-	1.66	
tfrrs	12952	16	110	-15.19	8.84	-5.7	FAN	1.89	
tfrrs	19928	1	42	-14.76	2.49	-5.7	-	0.53	
anet	188982	765211	15	-16.67	6.52	-5.7	-	1.40	
anet	3998	19501	14	+20.00	6.29	+5.7	-	1.35	
anet	55911	460350	12	+17.66	2.40	+5.7	-	0.51	
anet	51187	218107	40	+20.49	11.58	+5.7	FAN	2.48	
anet	1266	6099	33	+17.56	3.58	+5.7	-	0.77	
anet	193908	781089	22	-15.90	6.14	-5.7	-	1.32	
tfrrs	8969	1	66	-15.08	6.20	-5.7	-	1.33	
anet	240451	960615	27	+18.26	5.40	+5.7	-	1.16	
tfrrs	25930	3	45	-15.20	5.85	-5.7	-	1.25	
tfrrs	14668	5	111	-14.74	4.04	-5.7	-	0.86	
anet	11120	51181	58	-14.72	2.70	-5.7	-	0.58	
tfrrs	11776	1	80	-15.15	7.46	-5.7	-	1.60	
anet	100470	394735	71	-15.67	10.02	-5.7	FAN	2.15	
tfrrs	12359	7	74	-14.88	5.04	-5.7	-	1.08	
tfrrs	12359	3	205	-14.71	5.06	-5.7	-	1.08	
anet	267953	1065005	82	+18.15	8.99	+5.7	FAN	1.93	
anet	209497	838934	102	-15.34	9.92	-5.7	FAN	2.13	
anet	230227	918240	22	+21.73	10.24	+5.7	FAN	2.19	
anet	158995	661039	33	+19.57	8.96	+5.7	FAN	1.92	
tfrrs	23949	3	25	-14.97	3.45	-5.7	-	0.74	
anet	159769	694756	12	-15.61	4.01	-5.7	-	0.86	
anet	159032	660861	61	+18.48	9.00	+5.7	FAN	1.93	OVERRIDE
tfrrs	24162	3	104	-14.77	4.75	-5.7	-	1.02	
anet	181142	740408	26	+17.62	3.61	+5.7	-	0.77	
anet	251238	1000516	88	+17.60	6.56	+5.7	-	1.40	
tfrrs	19397	0	107	-15.19	9.27	-5.7	FAN	1.99	
tfrrs	21891	0	26	-15.32	5.06	-5.7	-	1.08	
anet	26565	115892	25	-14.83	2.87	-5.7	-	0.62	
anet	195167	804706	65	+17.75	6.54	+5.7	-	1.40	
tfrrs	17773	1	50	-15.90	9.53	-5.7	FAN	2.04	
anet	197887	809006	32	+17.95	5.24	+5.7	-	1.12	
anet	83035	326174	48	-14.95	4.94	-5.7	-	1.06	
anet	235606	942506	122	+17.66	8.47	+5.7	FAN	1.82	
tfrrs	19731	0	43	-15.06	5.33	-5.7	-	1.14	
tfrrs	20012	0	116	-15.20	9.97	-5.7	FAN	2.13	
anet	60253	258022	54	-15.13	6.46	-5.7	-	1.38	
tfrrs	19928	3	51	-14.93	5.09	-5.7	-	1.09	
anet	45541	194683	158	-14.69	5.55	-5.7	-	1.19	
anet	159948	664285	46	+18.74	8.81	+5.7	FAN	1.89	
anet	140686	586353	31	+22.32	13.15	+5.7	FAN	2.82	
tfrrs	26101	1	85	-15.04	7.49	-5.7	-	1.60	
anet	197887	809012	31	+17.34	3.12	+5.7	-	0.67	
tfrrs	12952	10	79	-14.94	6.46	-5.7	-	1.38	
anet	123665	497390	24	-14.89	3.37	-5.7	-	0.72	
tfrrs	6065	0	37	-16.57	10.32	-5.7	FAN	2.21	
anet	133579	545135	33	+18.27	6.38	+5.7	-	1.37	
anet	160543	665940	20	-15.99	6.34	-5.7	-	1.36	
anet	26832	116839	17	+18.55	5.08	+5.7	-	1.09	
tfrrs	24691	1	47	-15.17	6.37	-5.7	-	1.36	
anet	175079	718046	24	-16.42	7.99	-5.7	-	1.71	
anet	112191	458879	17	-16.90	7.61	-5.7	-	1.63	
anet	148241	622584	45	+17.53	4.86	+5.7	-	1.04	
anet	236688	986399	17	+17.51	2.96	+5.7	-	0.63	
anet	204881	821800	12	+18.80	4.65	+5.7	-	1.00	
tfrrs	10400	2	164	-14.61	4.78	-5.7	-	1.02	
anet	176340	721899	56	+17.53	5.49	+5.7	-	1.18	
anet	117741	472152	43	-14.80	4.09	-5.7	-	0.88	
anet	150468	624181	19	+17.64	3.53	+5.7	-	0.76	
anet	177751	743367	37	+17.90	5.81	+5.7	-	1.24	
anet	229876	924097	26	+17.73	4.39	+5.7	-	0.94	
anet	90877	358412	53	+18.71	9.57	+5.7	FAN	2.05	
tfrrs	14929	0	49	-14.71	3.71	-5.7	-	0.79	
anet	132329	539545	50	+17.10	2.69	+5.7	-	0.58	
tfrrs	24169	0	41	-15.21	6.30	-5.7	-	1.35	
anet	146278	652183	24	+19.52	7.89	+5.7	-	1.69	
anet	196059	787032	71	+17.46	5.94	+5.7	-	1.27	
anet	105892	426111	35	+18.21	6.59	+5.7	-	1.41	
anet	232109	926317	66	-14.99	6.71	-5.7	-	1.44	
anet	5256	25275	57	-14.88	5.49	-5.7	-	1.18	
anet	226228	911915	15	-16.59	6.70	-5.7	-	1.43	
anet	130691	553477	26	-16.18	7.87	-5.7	-	1.69	
anet	129217	525217	29	+18.95	7.64	+5.7	-	1.64	
tfrrs	7532	1	66	-14.77	5.11	-5.7	-	1.09	
anet	180401	737701	18	+20.48	8.12	+5.7	-	1.74	
anet	172966	712517	79	+16.98	2.34	+5.7	-	0.50	
anet	91643	361482	207	-14.59	5.89	-5.7	-	1.26	
anet	158426	659222	19	+20.15	7.92	+5.7	-	1.70	
anet	37384	161251	14	-16.99	7.15	-5.7	-	1.53	
anet	135715	556967	48	-14.70	3.94	-5.7	-	0.84	
anet	17230	76901	15	-15.83	5.34	-5.7	-	1.14	
tfrrs	9177	2	48	-14.86	5.04	-5.7	-	1.08	
anet	18997	84799	87	-14.76	5.95	-5.7	-	1.28	
tfrrs	13641	4	44	-15.50	7.91	-5.6	-	1.69	
tfrrs	13856	2	26	-15.00	4.39	-5.6	-	0.94	
anet	248330	986014	60	+17.27	4.74	+5.6	-	1.02	
tfrrs	12952	14	68	-14.93	6.68	-5.6	-	1.43	
tfrrs	22639	1	46	-15.44	7.92	-5.6	-	1.70	
tfrrs	7532	3	73	-14.89	6.60	-5.6	-	1.41	
anet	146278	652182	19	+20.68	8.65	+5.6	FAN	1.85	
anet	83252	330419	35	-28.92	33.94	-5.6	FAN	7.27	
anet	221112	885001	124	+17.42	8.11	+5.6	-	1.74	
anet	237653	949964	23	+17.42	3.50	+5.6	-	0.75	
anet	107000	422495	46	+17.15	3.54	+5.6	-	0.76	
anet	20690	125371	146	-14.81	8.59	-5.6	FAN	1.84	
anet	201319	810190	14	+18.34	4.53	+5.6	-	0.97	
tfrrs	14050	3	97	-14.74	6.34	-5.6	-	1.36	
anet	136354	584292	60	-15.05	7.10	-5.6	-	1.52	
tfrrs	20410	1	98	-14.91	7.94	-5.6	-	1.70	
anet	164978	681077	73	+18.49	10.86	+5.6	FAN	2.33	
tfrrs	24001	0	93	-15.39	11.10	-5.6	FAN	2.38	
anet	222648	890790	23	+20.05	8.68	+5.6	FAN	1.86	
tfrrs	16292	3	48	-14.72	4.42	-5.6	-	0.95	
anet	240453	960621	19	+20.01	7.84	+5.6	-	1.68	
anet	236688	986393	22	+18.04	5.08	+5.6	-	1.09	
anet	144964	613579	118	+17.25	6.84	+5.6	-	1.47	
tfrrs	25976	1	30	-15.14	5.40	-5.6	-	1.16	
anet	212826	848984	14	-20.25	11.63	-5.6	FAN	2.49	
tfrrs	10400	5	55	-14.61	3.82	-5.6	-	0.82	
anet	84856	333788	16	+21.23	8.57	+5.6	FAN	1.84	
anet	272365	1085817	39	-14.53	2.46	-5.6	-	0.53	
anet	109424	433028	35	+19.38	9.49	+5.6	FAN	2.03	
tfrrs	16292	4	112	-14.50	3.82	-5.6	-	0.82	
anet	139659	580026	20	+18.17	5.14	+5.6	-	1.10	
anet	116992	468788	71	-15.05	7.84	-5.6	-	1.68	OVERRIDE
anet	74959	300341	16	-15.13	3.99	-5.6	-	0.85	
anet	209531	839079	65	-14.68	5.00	-5.6	-	1.07	
anet	28172	122574	36	-15.34	6.80	-5.6	-	1.46	
anet	225373	900280	87	+17.49	7.61	+5.6	-	1.63	
anet	147573	631933	71	-15.60	10.88	-5.6	FAN	2.33	
anet	243907	971633	139	-15.08	11.41	-5.6	FAN	2.44	
anet	156432	652100	95	-14.85	7.69	-5.6	-	1.65	
anet	33764	146671	16	+17.94	4.24	+5.6	-	0.91	
anet	240310	962422	21	-15.61	5.97	-5.6	-	1.28	
anet	183258	747387	12	+27.49	12.28	+5.6	FAN	2.63	
anet	179411	733676	14	+22.07	8.89	+5.6	FAN	1.90	
anet	132222	569245	17	+19.45	6.78	+5.6	-	1.45	
anet	147607	616107	20	+17.77	4.40	+5.6	-	0.94	
tfrrs	24162	1	141	-14.55	5.69	-5.6	-	1.22	
anet	92441	364998	24	-14.99	4.47	-5.6	-	0.96	
anet	140501	585205	43	+16.99	2.93	+5.6	-	0.63	
anet	44484	191069	62	-14.47	2.91	-5.6	-	0.62	
tfrrs	13159	5	19	-15.36	5.06	-5.6	-	1.08	
tfrrs	13159	6	19	-15.36	5.06	-5.6	-	1.08	
anet	63860	275415	12	+17.28	2.42	+5.6	-	0.52	
tfrrs	23429	5	69	-14.73	5.78	-5.6	-	1.24	
tfrrs	16292	14	53	-14.49	2.98	-5.6	-	0.64	
anet	105074	413567	33	-14.74	4.08	-5.6	-	0.87	
anet	225391	900351	49	+18.06	7.88	+5.6	-	1.69	
anet	120822	524617	25	+31.55	21.48	+5.6	FAN	4.60	
anet	119742	483756	20	-16.25	7.32	-5.6	-	1.57	
anet	261515	1038158	39	+18.65	8.57	+5.6	FAN	1.84	
anet	75032	300694	14	-14.83	2.96	-5.6	-	0.63	
anet	172966	712520	57	+17.17	4.77	+5.6	-	1.02	
anet	178913	742877	61	-15.02	7.41	-5.6	-	1.59	
tfrrs	13181	2	48	-15.10	6.98	-5.6	-	1.49	
anet	105284	414674	51	-14.89	6.08	-5.6	-	1.30	
anet	91688	361667	89	-14.70	6.48	-5.6	-	1.39	
anet	38203	164459	52	+16.79	1.52	+5.6	-	0.33	
anet	149425	620572	48	-16.55	12.33	-5.6	FAN	2.64	
anet	208394	835123	28	+17.46	4.44	+5.6	-	0.95	
anet	84503	332348	92	-14.59	5.57	-5.6	-	1.19	
anet	137675	568127	41	-15.85	9.32	-5.6	FAN	2.00	
anet	110797	438794	43	-15.46	8.14	-5.6	-	1.74	
anet	220593	882744	17	+20.99	8.72	+5.6	FAN	1.87	
tfrrs	24092	0	49	-15.46	8.73	-5.6	FAN	1.87	
anet	13938	63182	16	-23.09	16.18	-5.6	FAN	3.47	
tfrrs	12952	2	110	-14.47	4.73	-5.6	-	1.01	
tfrrs	10647	4	53	-14.73	5.43	-5.6	-	1.16	
anet	122234	515113	13	-15.23	4.04	-5.6	-	0.86	
anet	140724	586587	32	+17.74	5.70	+5.6	-	1.22	
tfrrs	20013	0	61	-15.06	7.90	-5.6	-	1.69	
tfrrs	19520	2	145	-14.65	8.11	-5.6	-	1.74	
anet	6233	29765	30	-15.03	5.44	-5.6	-	1.17	
anet	201141	807900	16	+28.95	15.42	+5.6	FAN	3.30	
anet	144493	637000	19	+17.06	2.62	+5.6	-	0.56	
anet	212760	848856	14	+17.10	2.38	+5.6	-	0.51	
tfrrs	24120	1	42	-16.79	12.34	-5.6	FAN	2.64	
anet	178751	730908	54	-15.57	9.76	-5.6	FAN	2.09	
anet	111666	442865	62	-14.86	6.85	-5.6	-	1.47	
tfrrs	13443	5	30	-15.40	6.75	-5.6	-	1.45	
anet	116154	464539	115	+17.04	6.40	+5.6	-	1.37	
tfrrs	4666	5	57	-14.95	7.08	-5.6	-	1.52	
anet	231429	923337	13	+18.58	4.99	+5.6	-	1.07	
anet	225373	900279	108	+17.09	6.67	+5.6	-	1.43	
tfrrs	19367	0	191	-14.71	10.44	-5.6	FAN	2.24	
anet	254490	1026114	19	+20.01	8.12	+5.6	-	1.74	
anet	243667	970822	57	+17.10	4.95	+5.6	-	1.06	
tfrrs	14668	9	91	-14.36	3.22	-5.6	-	0.69	
tfrrs	25565	2	111	-14.53	6.14	-5.6	-	1.32	
tfrrs	9342	0	17	-15.00	4.09	-5.6	-	0.88	
anet	11120	51179	82	-14.42	3.97	-5.6	-	0.85	
anet	130224	529776	160	-14.68	9.28	-5.6	FAN	1.99	
anet	3487	16908	13	-14.43	1.66	-5.6	-	0.36	
tfrrs	12952	13	59	-14.39	3.05	-5.6	-	0.65	
anet	26400	115736	31	-14.85	4.91	-5.6	-	1.05	
tfrrs	12952	7	72	-14.41	3.71	-5.6	-	0.79	
tfrrs	23381	2	34	-14.87	5.28	-5.6	-	1.13	
anet	236350	945063	34	+19.70	10.37	+5.6	FAN	2.22	
anet	136106	559051	39	+17.01	3.77	+5.6	-	0.81	
tfrrs	12806	1	19	+18.41	5.83	+5.6	-	1.25	
anet	3627	214222	28	-15.84	7.88	-5.6	-	1.69	
tfrrs	14929	3	17	-14.70	3.18	-5.6	-	0.68	
tfrrs	23780	3	39	-15.85	9.37	-5.6	FAN	2.01	
anet	104780	412110	12	+17.52	3.26	+5.6	-	0.70	
anet	151178	626710	23	-16.13	7.85	-5.6	-	1.68	
anet	115264	460082	61	-14.40	3.51	-5.6	-	0.75	
anet	63771	274960	16	-17.67	9.13	-5.6	FAN	1.95	
anet	206570	827946	37	+17.65	6.18	+5.6	-	1.32	
anet	206115	826435	35	+19.08	9.41	+5.6	FAN	2.01	
tfrrs	23929	0	131	-14.35	4.42	-5.6	-	0.95	
tfrrs	19731	3	44	-14.75	5.49	-5.6	-	1.18	
anet	38203	164458	42	+16.98	3.96	+5.6	-	0.85	
tfrrs	19931	1	103	-14.34	3.81	-5.6	-	0.82	
anet	91643	361484	114	-14.40	5.09	-5.6	-	1.09	
tfrrs	13641	2	60	-14.61	5.59	-5.6	-	1.20	
tfrrs	22639	0	58	-14.79	6.69	-5.6	-	1.43	
anet	242648	967203	54	-15.07	7.90	-5.6	-	1.69	
anet	163334	674033	31	-14.55	3.70	-5.6	-	0.79	
anet	212878	850533	82	-14.51	5.70	-5.6	-	1.22	
tfrrs	14929	1	27	-14.41	2.68	-5.6	-	0.57	
anet	134851	555180	28	-15.98	8.39	-5.6	-	1.80	
tfrrs	6551	5	36	-14.60	4.37	-5.5	-	0.94	
anet	35404	153400	123	-14.39	5.56	-5.5	-	1.19	
anet	4407	21311	19	+18.83	6.65	+5.5	-	1.42	
anet	190888	797063	134	-14.86	10.95	-5.5	FAN	2.35	
tfrrs	24162	0	111	-14.52	6.84	-5.5	-	1.47	
anet	227917	911378	36	-14.92	5.93	-5.5	-	1.27	
tfrrs	13159	0	30	-15.08	6.03	-5.5	-	1.29	
tfrrs	13159	1	30	-15.08	6.03	-5.5	-	1.29	
anet	196871	810292	63	-14.78	7.04	-5.5	-	1.51	
tfrrs	4666	2	55	-14.45	4.37	-5.5	-	0.94	
anet	270689	1078482	18	-14.64	3.31	-5.5	-	0.71	
anet	144743	618609	25	-17.21	10.64	-5.5	FAN	2.28	
anet	138970	575707	46	+17.81	7.69	+5.5	-	1.65	
anet	132329	539543	53	+16.63	2.28	+5.5	-	0.49	
tfrrs	24813	0	38	-15.63	8.79	-5.5	FAN	1.88	
anet	180055	736052	23	-16.46	8.76	-5.5	FAN	1.88	
anet	52274	222544	16	+19.98	7.65	+5.5	-	1.64	
tfrrs	18700	0	76	-14.37	4.54	-5.5	-	0.97	
anet	79539	332809	25	+20.43	10.21	+5.5	FAN	2.19	
anet	152360	632391	31	+18.86	8.67	+5.5	FAN	1.86	
tfrrs	10647	1	76	-14.47	5.66	-5.5	-	1.21	
tfrrs	14668	6	69	-14.22	2.50	-5.5	-	0.54	
anet	229876	924092	40	+17.26	5.54	+5.5	-	1.19	
anet	267953	1065007	46	+18.73	10.30	+5.5	FAN	2.21	
anet	112975	457291	51	-16.56	13.43	-5.5	FAN	2.88	
anet	154612	644523	31	+18.49	7.98	+5.5	-	1.71	
tfrrs	13641	0	32	+18.09	7.25	+5.5	-	1.55	OVERRIDE
anet	105284	414673	48	-14.53	5.00	-5.5	-	1.07	
tfrrs	4086	3	106	-14.28	4.46	-5.5	-	0.95	
anet	266686	1059185	20	+18.48	6.43	+5.5	-	1.38	
anet	62695	269471	28	-16.15	9.01	-5.5	FAN	1.93	
anet	229876	924095	25	+18.20	6.66	+5.5	-	1.43	
tfrrs	13260	0	39	-14.72	5.59	-5.5	-	1.20	
anet	240257	959770	71	+16.91	5.62	+5.5	-	1.20	
tfrrs	24240	0	35	-14.65	4.94	-5.5	-	1.06	
anet	214423	855380	46	+18.14	8.87	+5.5	FAN	1.90	
anet	12311	56301	24	+18.12	6.38	+5.5	-	1.37	
anet	45541	194685	102	-14.22	3.56	-5.5	-	0.76	
anet	236734	946747	18	+18.84	6.66	+5.5	-	1.43	
anet	148241	622585	31	+16.72	2.89	+5.5	-	0.62	
anet	197667	791917	16	+20.18	7.98	+5.5	-	1.71	
tfrrs	24120	0	49	-15.09	8.10	-5.5	-	1.74	
anet	132329	539544	129	+16.61	4.65	+5.5	-	1.00	
anet	226598	904528	12	-14.48	2.43	-5.5	-	0.52	
anet	31042	134773	14	-16.31	6.70	-5.5	-	1.44	
anet	220399	882099	97	-14.22	3.73	-5.5	-	0.80	
anet	153684	639597	55	+17.53	7.83	+5.5	-	1.68	
anet	148800	619002	84	+17.35	8.80	+5.5	FAN	1.88	
anet	139103	577834	40	-15.01	7.05	-5.5	-	1.51	
anet	109428	435401	68	-14.32	4.41	-5.5	-	0.94	
tfrrs	12359	6	73	-14.26	3.91	-5.5	-	0.84	
anet	35404	153399	119	-14.22	4.43	-5.5	-	0.95	
anet	268176	1066079	41	+17.80	7.58	+5.5	-	1.62	
anet	88214	350639	190	-14.37	8.28	-5.5	-	1.77	
anet	55518	236941	12	-14.93	3.72	-5.5	-	0.80	
anet	25373	111108	18	-14.72	3.91	-5.5	-	0.84	
anet	38203	164457	50	+16.50	2.12	+5.5	-	0.45	
anet	49278	237790	17	-14.83	4.15	-5.5	-	0.89	
anet	126010	508753	34	+18.70	8.97	+5.5	FAN	1.92	
tfrrs	4086	4	96	-14.21	3.90	-5.5	-	0.84	
anet	85111	334971	15	-16.38	7.11	-5.5	-	1.52	
anet	108383	428417	154	-14.31	6.81	-5.5	-	1.46	
anet	163334	674035	21	-14.70	4.21	-5.5	-	0.90	
anet	272839	1087907	17	-15.60	6.04	-5.5	-	1.29	
anet	212078	862480	44	+17.72	7.70	+5.5	-	1.65	
anet	192262	776165	33	-15.07	6.71	-5.5	-	1.44	
tfrrs	26416	1	28	-14.80	5.24	-5.5	-	1.12	
tfrrs	19828	1	176	-14.31	7.32	-5.5	-	1.57	
anet	88218	350673	49	-14.85	7.23	-5.5	-	1.55	
anet	110986	439495	32	-14.47	4.13	-5.5	-	0.88	
anet	163331	674021	31	+17.40	5.65	+5.5	-	1.21	
tfrrs	19538	1	47	-18.18	17.49	-5.5	FAN	3.75	
anet	198004	794045	55	-14.87	7.79	-5.5	-	1.67	
anet	118224	492694	30	+17.48	5.79	+5.5	-	1.24	
anet	107000	422493	61	+16.46	2.25	+5.5	-	0.48	
tfrrs	14668	13	66	-14.71	7.58	-5.5	-	1.62	
anet	129307	525650	129	+16.88	8.10	+5.5	-	1.73	
anet	199644	800427	24	+17.95	6.23	+5.5	-	1.33	
anet	118344	505328	17	+21.80	10.10	+5.5	FAN	2.16	
tfrrs	27216	2	86	-14.13	2.67	-5.5	-	0.57	
anet	260008	1069126	45	+17.39	6.82	+5.5	-	1.46	
anet	78170	309021	19	+18.50	6.47	+5.5	-	1.39	
tfrrs	15611	2	149	-14.11	3.07	-5.5	-	0.66	
tfrrs	23897	1	59	-14.52	6.07	-5.5	-	1.30	
anet	237795	950541	24	+18.53	7.33	+5.5	-	1.57	
anet	49067	209314	37	-14.83	6.25	-5.5	-	1.34	
anet	239304	955974	41	-15.06	7.57	-5.5	-	1.62	
anet	179941	735636	15	+18.18	5.30	+5.5	-	1.13	
anet	112975	457292	64	-16.55	15.39	-5.5	FAN	3.30	
anet	152636	633842	47	-14.93	7.56	-5.5	-	1.62	
anet	227917	911376	71	-14.44	6.11	-5.5	-	1.31	
anet	148276	617874	39	-15.19	7.88	-5.5	-	1.69	
anet	39620	170103	25	-14.89	5.38	-5.5	-	1.15	
anet	149502	639619	46	+20.41	14.21	+5.5	FAN	3.04	
anet	85260	362741	52	-14.11	2.24	-5.5	-	0.48	
anet	36926	159477	12	+17.44	3.68	+5.5	-	0.79	
anet	197983	793340	28	-15.86	8.59	-5.5	FAN	1.84	
anet	51905	221048	20	+18.83	7.23	+5.5	-	1.55	
anet	165193	681888	88	-14.35	6.13	-5.5	-	1.31	
anet	225224	922760	51	-14.81	7.41	-5.5	-	1.59	
anet	215067	858087	30	-15.13	6.82	-5.5	-	1.46	
anet	270236	1076131	14	+17.45	4.02	+5.5	-	0.86	
anet	192111	783079	63	+16.86	5.86	+5.5	-	1.26	
tfrrs	4086	2	59	-14.72	7.53	-5.5	-	1.61	
anet	161205	667706	31	-15.82	8.96	-5.5	FAN	1.92	
anet	240358	960234	90	-14.43	7.06	-5.5	-	1.51	
anet	22382	98745	31	-14.66	5.23	-5.5	-	1.12	
tfrrs	14929	2	36	-14.33	3.87	-5.5	-	0.83	
anet	170604	704306	30	+21.67	13.36	+5.5	FAN	2.86	
tfrrs	22340	5	23	-14.46	3.70	-5.5	-	0.79	
anet	209531	839078	80	-14.45	6.87	-5.5	-	1.47	
anet	43755	188335	14	-15.26	4.95	-5.5	-	1.06	
anet	130300	530190	26	-18.63	13.95	-5.5	FAN	2.99	
tfrrs	21673	1	58	-14.34	5.06	-5.5	-	1.08	
tfrrs	11903	1	33	-14.47	4.54	-5.5	-	0.97	
tfrrs	13856	3	16	-15.54	5.92	-5.5	-	1.27	
anet	259264	1029371	17	-15.10	5.13	-5.5	-	1.10	
tfrrs	18505	3	94	-14.19	4.95	-5.5	-	1.06	
anet	15763	71711	51	-15.29	9.70	-5.5	FAN	2.08	
tfrrs	18328	0	33	+18.28	8.29	+5.5	-	1.78	
anet	10243	47460	16	-14.33	2.71	-5.5	-	0.58	
anet	119729	507107	30	+16.47	2.48	+5.5	-	0.53	
tfrrs	23484	2	391	-14.16	9.62	-5.5	FAN	2.06	
tfrrs	12952	4	52	-14.35	5.09	-5.5	-	1.09	
tfrrs	19569	2	271	-14.16	8.06	-5.5	-	1.73	
tfrrs	14668	12	70	-14.12	3.67	-5.5	-	0.79	
anet	267928	1064905	56	+17.05	6.72	+5.5	-	1.44	
tfrrs	4084	1	22	-15.04	5.73	-5.5	-	1.23	
anet	96130	382929	23	-14.92	5.48	-5.5	-	1.17	
anet	236350	945061	47	+18.43	10.33	+5.5	FAN	2.21	
anet	194231	782009	19	+17.74	5.39	+5.5	-	1.15	
anet	51777	220491	15	-14.95	4.53	-5.4	-	0.97	
anet	132222	569244	12	+17.21	3.44	+5.4	-	0.74	
anet	236973	947493	25	-18.90	14.27	-5.4	FAN	3.06	
anet	44062	189669	74	-14.04	2.72	-5.4	-	0.58	
anet	130928	533255	33	-14.74	5.94	-5.4	-	1.27	
tfrrs	6550	0	18	-14.41	3.34	-5.4	-	0.72	
anet	49400	210635	177	+16.74	9.65	+5.4	FAN	2.07	
anet	209063	857477	33	-14.53	5.17	-5.4	-	1.11	
anet	193346	779484	31	-16.43	10.74	-5.4	FAN	2.30	
anet	121486	505240	28	+21.61	13.01	+5.4	FAN	2.79	
tfrrs	13530	9	52	-14.30	5.04	-5.4	-	1.08	
anet	13842	63593	17	+18.58	6.52	+5.4	-	1.40	
tfrrs	16292	8	73	-14.01	2.66	-5.4	-	0.57	
anet	111666	442428	52	-14.20	4.34	-5.4	-	0.93	
anet	219144	877315	26	+17.97	6.94	+5.4	-	1.49	
anet	13842	63594	20	+19.33	8.20	+5.4	-	1.76	
anet	183932	749526	17	+18.16	5.92	+5.4	-	1.27	
anet	164030	676760	21	-17.03	10.01	-5.4	FAN	2.14	
tfrrs	13530	1	42	-15.27	8.97	-5.4	FAN	1.92	
anet	148213	617675	40	+17.24	6.59	+5.4	-	1.41	
tfrrs	23381	0	62	-14.50	7.05	-5.4	-	1.51	
anet	132499	540294	55	-15.01	9.20	-5.4	FAN	1.97	
tfrrs	11851	2	180	-14.08	6.33	-5.4	-	1.36	
anet	180173	736654	40	-14.39	5.13	-5.4	-	1.10	
anet	184057	752271	20	-14.78	4.94	-5.4	-	1.06	
anet	110223	436360	18	+18.00	5.87	+5.4	-	1.26	
anet	235719	942891	106	+16.93	9.16	+5.4	FAN	1.96	
anet	235752	942983	106	+16.93	9.16	+5.4	FAN	1.96	
anet	244205	973052	61	-14.26	5.43	-5.4	-	1.16	
anet	156429	652087	62	-14.62	7.84	-5.4	-	1.68	
anet	205154	822598	76	-14.77	9.58	-5.4	FAN	2.05	
anet	58415	250072	35	+16.92	5.27	+5.4	-	1.13	
anet	148492	618399	29	+19.35	10.00	+5.4	FAN	2.14	
tfrrs	24451	1	37	-14.14	3.53	-5.4	-	0.76	
tfrrs	19401	1	62	-14.11	4.23	-5.4	-	0.91	
anet	151494	628341	59	+16.60	5.30	+5.4	-	1.14	
anet	162379	670907	51	-14.64	7.33	-5.4	-	1.57	
anet	221435	886175	19	+18.06	6.19	+5.4	-	1.33	
anet	48353	206251	47	-14.17	4.23	-5.4	-	0.91	
tfrrs	20200	0	44	-14.87	7.80	-5.4	-	1.67	
anet	110875	439105	15	-15.69	6.29	-5.4	-	1.35	
anet	172587	711496	42	-17.06	14.34	-5.4	FAN	3.07	
anet	176792	747983	12	-19.27	10.45	-5.4	FAN	2.24	
tfrrs	19408	2	125	-14.31	8.53	-5.4	FAN	1.83	
tfrrs	21853	0	80	-14.20	5.90	-5.4	-	1.26	
anet	19921	88783	41	+16.62	4.55	+5.4	-	0.98	
tfrrs	12952	11	44	-14.17	4.20	-5.4	-	0.90	
tfrrs	23519	6	88	-14.57	9.17	-5.4	FAN	1.96	
anet	135680	556791	87	+17.47	11.03	+5.4	FAN	2.36	
anet	20832	120668	16	+20.44	8.74	+5.4	FAN	1.87	
anet	209403	863996	26	-16.06	9.18	-5.4	FAN	1.97	
anet	247459	981903	16	+16.82	3.42	+5.4	-	0.73	
tfrrs	10077	0	15	+17.49	4.63	+5.4	-	0.99	
anet	147280	615413	21	-15.62	7.31	-5.4	-	1.57	
anet	241498	985724	16	-14.32	3.16	-5.4	-	0.68	
tfrrs	22212	1	18	-14.53	4.05	-5.4	-	0.87	
anet	174685	716995	41	-14.31	5.04	-5.4	-	1.08	
anet	36964	159620	19	+18.22	6.53	+5.4	-	1.40	
anet	174240	715834	21	-14.61	4.68	-5.4	-	1.00	
anet	223865	895021	49	+16.54	4.75	+5.4	-	1.02	
anet	52009	221442	54	-15.01	9.42	-5.4	FAN	2.02	
anet	236902	961764	22	-17.53	11.29	-5.4	FAN	2.42	
anet	96960	394336	24	-14.28	3.78	-5.4	-	0.81	
tfrrs	15611	1	147	-13.92	3.78	-5.4	-	0.81	
tfrrs	12952	6	52	-14.02	3.47	-5.4	-	0.74	
anet	268336	1070644	14	-14.29	2.91	-5.4	-	0.62	
anet	226231	911416	93	+16.98	9.31	+5.4	FAN	1.99	
anet	50155	213716	101	-14.31	8.05	-5.4	-	1.73	
anet	116299	465416	22	-15.05	6.15	-5.4	-	1.32	
anet	53935	229591	108	-13.92	3.37	-5.4	-	0.72	
tfrrs	21554	1	32	-15.22	7.98	-5.4	-	1.71	
tfrrs	25409	0	81	-14.63	9.50	-5.4	FAN	2.03	OVERRIDE
anet	236734	946743	12	+21.23	8.36	+5.4	-	1.79	
anet	237653	949963	38	+16.33	3.27	+5.4	-	0.70	
anet	14487	76662	13	+16.28	1.72	+5.4	-	0.37	
anet	102016	402127	13	+17.93	5.06	+5.4	-	1.08	
tfrrs	23949	0	97	-14.05	5.42	-5.4	-	1.16	
tfrrs	22982	1	44	-13.92	2.40	-5.4	-	0.51	
anet	244986	975415	64	-14.16	5.43	-5.4	-	1.16	
anet	96695	385264	15	+16.82	3.44	+5.4	-	0.74	
anet	136647	562199	31	+19.42	10.66	+5.4	FAN	2.28	
tfrrs	11498	1	20	-15.16	6.21	-5.4	-	1.33	
anet	234393	937280	20	+17.34	5.21	+5.4	-	1.12	
anet	221636	886960	51	+16.28	3.55	+5.4	-	0.76	
anet	229467	914806	85	+16.33	5.17	+5.4	-	1.11	
anet	196318	814455	91	-14.09	5.97	-5.4	-	1.28	
anet	191703	774371	105	+16.55	7.52	+5.4	-	1.61	
tfrrs	23339	3	81	-14.08	5.48	-5.4	-	1.17	
anet	241850	965095	32	-15.70	9.46	-5.4	FAN	2.03	
anet	47501	202736	28	-16.19	10.04	-5.4	FAN	2.15	
tfrrs	23529	2	98	-14.41	9.11	-5.4	FAN	1.95	
anet	113222	449707	13	+16.78	3.21	+5.4	-	0.69	OVERRIDE
tfrrs	4086	1	92	-14.05	5.62	-5.4	-	1.20	
anet	57893	247879	28	-14.56	5.47	-5.4	-	1.17	
anet	137683	568183	34	+17.27	6.68	+5.4	-	1.43	
anet	122911	494012	39	-14.48	6.12	-5.4	-	1.31	
tfrrs	25902	1	125	-14.15	7.87	-5.4	-	1.69	
anet	161719	669102	36	-15.24	8.68	-5.4	FAN	1.86	
anet	57566	246507	20	-15.86	7.84	-5.4	-	1.68	
anet	153316	637571	20	+17.33	5.27	+5.4	-	1.13	
tfrrs	15611	4	54	-15.18	10.40	-5.4	FAN	2.23	
anet	48268	205914	50	+16.43	4.75	+5.4	-	1.02	
tfrrs	21680	1	16	-15.39	6.13	-5.4	-	1.31	
tfrrs	26362	1	31	-14.89	7.00	-5.4	-	1.50	
anet	118634	476081	40	-14.45	6.13	-5.4	-	1.31	
anet	229623	926883	26	+16.56	3.93	+5.4	-	0.84	
anet	218032	872163	35	+18.27	9.24	+5.4	FAN	1.98	
anet	144606	607084	13	-15.50	5.73	-5.4	-	1.23	
anet	271829	1082994	24	-14.37	4.49	-5.4	-	0.96	
tfrrs	12952	8	28	-14.71	6.10	-5.4	-	1.31	
tfrrs	21260	1	96	-14.12	6.80	-5.4	-	1.46	
anet	228835	912473	39	+17.58	8.13	+5.4	-	1.74	
tfrrs	23476	1	187	-13.96	7.01	-5.4	-	1.50	
tfrrs	19442	4	210	-13.95	7.36	-5.4	-	1.58	
anet	94123	372406	18	-14.73	4.98	-5.4	-	1.07	
tfrrs	25877	0	25	-15.02	6.73	-5.4	-	1.44	
anet	84016	330204	18	+20.93	10.05	+5.4	FAN	2.15	
anet	112191	458875	43	-15.01	8.77	-5.4	FAN	1.88	
anet	96807	394121	65	-14.31	7.07	-5.4	-	1.51	
anet	146018	637174	23	+18.06	7.17	+5.4	-	1.53	
anet	136163	573386	45	+17.64	8.93	+5.4	FAN	1.91	
anet	59169	278381	107	-14.08	6.88	-5.4	-	1.47	
anet	255698	1016831	13	+24.74	11.78	+5.4	FAN	2.52	
anet	236373	945199	15	+18.67	6.64	+5.4	-	1.42	
anet	213539	852025	46	-15.04	9.22	-5.4	FAN	1.98	
tfrrs	20905	2	44	-14.06	4.34	-5.4	-	0.93	
anet	206172	826627	35	-14.60	6.50	-5.4	-	1.39	
tfrrs	5658	1	16	-14.49	4.09	-5.4	-	0.88	
anet	124852	502496	17	+18.31	6.58	+5.4	-	1.41	
anet	256749	1020599	14	-15.53	6.07	-5.4	-	1.30	
anet	241982	965304	36	-14.18	4.69	-5.4	-	1.00	
anet	112860	451270	15	-14.63	4.34	-5.4	-	0.93	
anet	196607	788617	67	+17.66	11.06	+5.4	FAN	2.37	
anet	17230	76899	34	-14.46	5.88	-5.4	-	1.26	
anet	199424	799416	60	-14.53	8.19	-5.3	-	1.76	
anet	83288	327239	32	+17.34	6.93	+5.3	-	1.48	
anet	111526	441860	38	-16.77	13.40	-5.3	FAN	2.87	
tfrrs	25457	3	172	-14.22	10.90	-5.3	FAN	2.33	
anet	234242	936744	48	+17.00	7.40	+5.3	-	1.59	
anet	129800	527901	18	+20.14	9.22	+5.3	FAN	1.98	
anet	123618	512497	17	+16.89	4.17	+5.3	-	0.89	
tfrrs	8831	3	62	-13.90	4.01	-5.3	-	0.86	
tfrrs	13624	4	21	-14.64	5.24	-5.3	-	1.12	
anet	242099	986822	59	-14.20	6.35	-5.3	-	1.36	
anet	243955	972348	74	+16.14	4.33	+5.3	-	0.93	
anet	137862	569223	31	-14.76	6.83	-5.3	-	1.46	
anet	93866	371257	34	+16.26	3.61	+5.3	-	0.77	
tfrrs	16292	10	99	-13.80	3.69	-5.3	-	0.79	
anet	4042	19694	26	+16.93	5.35	+5.3	-	1.15	
anet	112908	456701	47	-14.09	5.00	-5.3	-	1.07	
anet	139686	580999	25	-14.94	6.69	-5.3	-	1.43	
anet	256235	1018911	104	+16.05	4.24	+5.3	-	0.91	
anet	106499	420419	35	+17.75	8.36	+5.3	-	1.79	
anet	31041	134771	28	-14.45	5.44	-5.3	-	1.17	
anet	182315	744349	12	-14.33	3.27	-5.3	-	0.70	
tfrrs	13530	6	46	-14.33	6.42	-5.3	-	1.38	
anet	197288	790684	14	-17.07	8.64	-5.3	FAN	1.85	
anet	124350	500117	23	+18.86	8.66	+5.3	FAN	1.86	
anet	154539	644129	54	-14.06	5.26	-5.3	-	1.13	
anet	135646	556607	153	-13.89	6.59	-5.3	-	1.41	
anet	226091	902929	41	-14.68	7.61	-5.3	-	1.63	
anet	193346	779486	19	-14.20	3.70	-5.3	-	0.79	
anet	210141	840917	34	+16.15	3.22	+5.3	-	0.69	
anet	257267	1022439	32	-14.67	6.72	-5.3	-	1.44	
anet	173614	738726	17	+18.68	7.23	+5.3	-	1.55	
anet	232584	928420	30	+17.68	7.65	+5.3	-	1.64	
tfrrs	19364	8	110	-13.89	5.71	-5.3	-	1.22	
anet	174868	730022	18	-14.52	4.65	-5.3	-	1.00	
anet	172966	712518	89	+16.15	5.38	+5.3	-	1.15	
anet	244095	977314	56	-14.66	8.88	-5.3	FAN	1.90	
anet	229876	924094	48	+16.48	5.68	+5.3	-	1.22	
anet	133997	546989	144	+15.97	4.64	+5.3	-	0.99	
tfrrs	18279	0	68	-13.97	5.37	-5.3	-	1.15	
tfrrs	19408	1	115	-13.81	4.78	-5.3	-	1.02	
anet	196318	814451	191	-13.75	4.79	-5.3	-	1.03	
anet	260643	1034887	34	+18.19	9.33	+5.3	FAN	2.00	
anet	147573	631932	87	-15.29	14.44	-5.3	FAN	3.09	
anet	105993	418082	25	-15.00	6.97	-5.3	-	1.49	
anet	71679	293891	46	-15.08	9.76	-5.3	FAN	2.09	
anet	11487	52659	78	+15.98	3.60	+5.3	-	0.77	
anet	230003	917413	19	+18.81	7.90	+5.3	-	1.69	
tfrrs	21801	1	53	-14.35	7.24	-5.3	-	1.55	
tfrrs	22077	0	21	-13.88	2.59	-5.3	-	0.56	
tfrrs	18079	0	55	-14.01	5.25	-5.3	-	1.12	
tfrrs	22108	0	46	-14.40	7.00	-5.3	-	1.50	
anet	74976	300417	64	+16.10	4.45	+5.3	-	0.95	
tfrrs	22982	0	51	-13.71	2.14	-5.3	-	0.46	
anet	174240	715831	32	-14.52	6.33	-5.3	-	1.36	
anet	130201	556958	283	-14.67	20.41	-5.3	FAN	4.37	
anet	46467	198541	30	+17.53	7.44	+5.3	-	1.59	
anet	264519	1049611	22	+19.02	8.85	+5.3	FAN	1.90	
anet	119704	492436	16	-14.24	3.68	-5.3	-	0.79	
anet	44779	191878	19	-13.93	2.79	-5.3	-	0.60	
anet	200624	805102	39	-14.71	7.77	-5.3	-	1.67	
anet	26954	118492	13	-16.41	7.48	-5.3	-	1.60	
tfrrs	6550	5	15	-14.01	2.80	-5.3	-	0.60	
anet	243713	970984	22	+25.14	16.00	+5.3	FAN	3.43	
anet	45940	213565	32	-14.19	5.05	-5.3	-	1.08	
anet	136106	559049	42	+16.11	3.82	+5.3	-	0.82	
anet	111717	442681	43	-15.40	10.65	-5.3	FAN	2.28	
tfrrs	23897	0	103	-14.08	8.07	-5.3	-	1.73	
anet	95184	376833	36	+18.00	9.29	+5.3	FAN	1.99	
anet	225709	901590	13	+18.79	6.56	+5.3	-	1.41	
anet	194295	782267	59	-16.55	16.42	-5.3	FAN	3.52	
anet	141947	594060	14	+20.63	8.82	+5.3	FAN	1.89	
anet	255779	1017179	38	-14.59	7.28	-5.3	-	1.56	
tfrrs	20905	5	22	-14.75	5.99	-5.3	-	1.28	
tfrrs	8923	3	57	-14.38	7.89	-5.3	-	1.69	
tfrrs	9615	0	18	-14.64	5.15	-5.3	-	1.10	
anet	21911	96861	37	-15.47	10.14	-5.3	FAN	2.17	
anet	100832	396657	20	-15.66	7.87	-5.3	-	1.69	
anet	136106	559052	35	+16.95	6.68	+5.3	-	1.43	
anet	136645	562196	104	+16.02	5.46	+5.3	-	1.17	
anet	112398	445773	21	+24.08	14.64	+5.3	FAN	3.14	OVERRIDE
anet	120575	486474	53	-13.90	4.70	-5.3	-	1.01	
anet	115863	463049	49	-14.34	7.19	-5.3	-	1.54	
anet	159769	694758	13	-14.74	4.62	-5.3	-	0.99	
anet	35870	179409	42	-14.64	7.93	-5.3	-	1.70	
anet	42901	184799	15	-15.33	6.22	-5.3	-	1.33	
anet	61546	263853	44	-16.12	13.08	-5.3	FAN	2.80	
tfrrs	25565	3	107	-14.00	7.82	-5.3	-	1.68	
anet	11197	51522	17	+18.73	7.50	+5.3	-	1.61	
tfrrs	19931	3	93	-13.85	5.81	-5.3	-	1.24	
tfrrs	6550	1	25	-13.83	2.90	-5.3	-	0.62	
anet	137862	569222	49	-14.63	8.59	-5.3	FAN	1.84	
anet	191703	774373	64	+16.21	5.73	+5.3	-	1.23	
anet	142357	596522	106	-13.67	3.68	-5.3	-	0.79	
anet	159643	663412	60	-14.09	6.57	-5.3	-	1.41	
anet	403	2016	52	-14.04	5.76	-5.3	-	1.23	
tfrrs	6550	3	43	-13.77	3.40	-5.3	-	0.73	
tfrrs	10404	0	88	-14.30	9.52	-5.3	FAN	2.04	
anet	60448	262528	45	-14.44	7.45	-5.3	-	1.60	
anet	20223	90088	12	-14.53	4.07	-5.3	-	0.87	
anet	176340	721901	40	+16.21	4.59	+5.3	-	0.98	
anet	150887	625796	85	-14.13	8.21	-5.3	-	1.76	
tfrrs	22121	0	76	-13.80	4.94	-5.3	-	1.06	
tfrrs	23476	0	241	-13.71	6.85	-5.3	-	1.47	
anet	156625	652834	21	+19.81	9.89	+5.3	FAN	2.12	
anet	27276	118796	16	+22.07	10.99	+5.3	FAN	2.35	
anet	3820	18617	26	-13.88	3.36	-5.3	-	0.72	
anet	184641	751704	26	+17.25	6.58	+5.3	-	1.41	
anet	219704	879697	21	+18.67	8.32	+5.3	-	1.78	
anet	113499	450961	51	-14.12	6.38	-5.3	-	1.37	
anet	243907	971635	96	-14.29	10.04	-5.3	FAN	2.15	
anet	43740	188276	19	+21.09	10.95	+5.3	FAN	2.35	
tfrrs	21389	0	14	-18.67	11.10	-5.3	FAN	2.38	
tfrrs	26101	0	23	-14.62	5.98	-5.3	-	1.28	
anet	132899	555880	66	+17.04	9.87	+5.3	FAN	2.12	
anet	96174	383091	14	-14.65	4.75	-5.3	-	1.02	
anet	84501	339046	68	-14.18	7.90	-5.3	-	1.69	
anet	61293	262689	59	-13.83	4.95	-5.3	-	1.06	
anet	232781	929470	23	+16.98	5.71	+5.3	-	1.22	
anet	199975	802236	42	+17.74	9.75	+5.3	FAN	2.09	
anet	380	5560	50	-14.06	6.12	-5.3	-	1.31	
anet	223112	924348	126	-14.14	10.39	-5.3	FAN	2.23	
tfrrs	10934	0	30	-14.00	4.44	-5.3	-	0.95	
anet	41464	178169	14	+17.22	4.87	+5.3	-	1.04	
anet	272839	1087908	24	-15.01	7.24	-5.3	-	1.55	
anet	84729	333294	54	+16.20	5.60	+5.3	-	1.20	
anet	176186	725195	62	-14.03	6.66	-5.3	-	1.43	
anet	144283	605876	46	-13.88	4.81	-5.3	-	1.03	
tfrrs	21971	1	19	-15.35	7.20	-5.3	-	1.54	
anet	259264	1029373	35	-14.38	6.58	-5.3	-	1.41	
anet	250983	999752	25	-14.27	5.17	-5.3	-	1.11	
tfrrs	13159	3	33	-13.72	3.09	-5.3	-	0.66	
tfrrs	13159	4	33	-13.72	3.09	-5.3	-	0.66	
anet	59169	278382	65	-13.85	5.50	-5.3	-	1.18	
anet	96403	384064	48	+16.18	5.30	+5.3	-	1.13	
anet	42901	184797	30	-13.84	3.74	-5.3	-	0.80	
tfrrs	10404	2	84	-14.06	8.13	-5.3	-	1.74	
tfrrs	11987	1	56	-13.81	4.91	-5.3	-	1.05	
anet	231135	924230	35	-13.97	4.77	-5.3	-	1.02	
anet	92441	364997	26	-15.92	9.84	-5.3	FAN	2.11	
anet	264494	1051495	27	-14.93	7.53	-5.3	-	1.61	
anet	75028	323098	42	+16.83	7.40	+5.3	-	1.59	
anet	46891	200268	18	-15.54	7.45	-5.3	-	1.60	
tfrrs	10400	0	62	-13.70	4.17	-5.2	-	0.89	
anet	235501	941947	99	+16.21	7.91	+5.2	-	1.70	
anet	139458	589092	41	+16.81	7.27	+5.2	-	1.56	
tfrrs	18079	3	52	-13.96	5.84	-5.2	-	1.25	
tfrrs	24517	1	28	-16.16	10.78	-5.2	FAN	2.31	
tfrrs	16292	11	53	-15.27	11.88	-5.2	FAN	2.55	
anet	112908	456702	18	-14.93	6.19	-5.2	-	1.33	
anet	184005	749750	17	+15.84	2.12	+5.2	-	0.45	
tfrrs	9177	6	83	-13.78	5.90	-5.2	-	1.26	
anet	249808	993077	18	-14.04	3.78	-5.2	-	0.81	
tfrrs	23871	3	48	-14.30	7.53	-5.2	-	1.61	
anet	272365	1085818	41	-13.60	2.61	-5.2	-	0.56	
anet	156931	654035	32	-14.86	8.07	-5.2	-	1.73	
anet	121153	498560	15	+22.45	11.16	+5.2	FAN	2.39	
anet	119602	480268	43	-14.05	5.90	-5.2	-	1.26	
anet	13638	70742	26	-14.35	5.73	-5.2	-	1.23	
anet	91888	371784	39	-14.97	9.30	-5.2	FAN	1.99	
anet	84934	334143	32	-16.25	11.80	-5.2	FAN	2.53	
anet	200826	806031	36	+16.25	5.11	+5.2	-	1.10	
anet	148545	646640	14	+17.53	5.47	+5.2	-	1.17	
anet	136645	562195	134	+16.07	8.47	+5.2	FAN	1.81	
anet	5256	25273	78	-13.71	5.16	-5.2	-	1.10	
anet	93219	368359	65	-15.11	12.62	-5.2	FAN	2.70	
anet	234605	938187	32	+16.74	6.34	+5.2	-	1.36	
anet	175412	719153	20	-14.37	5.12	-5.2	-	1.10	
anet	235606	942507	94	+16.38	9.08	+5.2	FAN	1.94	
anet	200826	806030	58	+15.81	3.95	+5.2	-	0.85	
anet	244722	974362	54	+15.92	4.51	+5.2	-	0.97	
anet	160774	670827	58	-15.51	13.44	-5.2	FAN	2.88	
anet	261583	1038325	140	-13.60	5.17	-5.2	-	1.11	
tfrrs	15230	4	16	-15.55	7.14	-5.2	-	1.53	
tfrrs	24603	1	22	-13.99	4.08	-5.2	-	0.87	
anet	209129	837586	34	-14.21	6.10	-5.2	-	1.31	
anet	132202	579471	26	-14.85	7.32	-5.2	-	1.57	
anet	57953	269336	15	-14.63	5.08	-5.2	-	1.09	
anet	108918	430773	152	-13.65	6.67	-5.2	-	1.43	
anet	221112	885002	101	+16.22	8.60	+5.2	FAN	1.84	
tfrrs	25871	0	49	-14.86	10.12	-5.2	FAN	2.17	
tfrrs	21747	2	88	-13.81	6.77	-5.2	-	1.45	
anet	2879	13699	16	-14.28	4.40	-5.2	-	0.94	
anet	64839	279968	61	-14.08	7.52	-5.2	-	1.61	
tfrrs	5305	0	19	+15.84	2.54	+5.2	-	0.54	OVERRIDE
anet	137683	568182	31	+16.24	4.88	+5.2	-	1.05	
tfrrs	19364	3	99	-13.53	3.68	-5.2	-	0.79	
tfrrs	13575	2	304	-13.51	5.90	-5.2	-	1.26	
tfrrs	11651	2	25	-14.07	4.79	-5.2	-	1.03	
anet	160981	676783	47	+16.51	7.09	+5.2	-	1.52	
anet	81621	323561	41	-14.83	9.22	-5.2	FAN	1.98	
anet	199399	799317	35	-14.24	6.39	-5.2	-	1.37	
tfrrs	10404	3	99	-13.72	6.43	-5.2	-	1.38	
tfrrs	22859	5	27	-14.69	7.09	-5.2	-	1.52	
anet	51719	220214	12	-13.80	2.52	-5.2	-	0.54	
tfrrs	6065	2	17	-15.78	7.87	-5.2	-	1.69	
tfrrs	9279	1	107	-13.49	3.31	-5.2	-	0.71	
anet	260069	1032692	128	-13.66	6.57	-5.2	-	1.41	
anet	129741	527660	12	+16.56	3.69	+5.2	-	0.79	
tfrrs	4500	0	29	+16.01	3.98	+5.2	-	0.85	
anet	20198	92324	30	+15.85	3.36	+5.2	-	0.72	
tfrrs	10400	3	128	-13.50	3.76	-5.2	-	0.81	
tfrrs	19364	5	50	-13.63	3.91	-5.2	-	0.84	
anet	109918	437366	79	-14.35	10.37	-5.2	FAN	2.22	
anet	11487	52660	65	+15.61	2.81	+5.2	-	0.60	
tfrrs	23940	0	78	-14.05	8.44	-5.2	FAN	1.81	
anet	20198	92326	44	+16.05	5.10	+5.2	-	1.09	
anet	116349	465711	29	-13.63	2.96	-5.2	-	0.63	
anet	254256	1015157	50	-14.47	8.80	-5.2	FAN	1.88	
anet	51668	220019	13	+16.71	4.14	+5.2	-	0.89	
anet	147957	616897	22	-15.01	7.26	-5.2	-	1.56	
anet	219759	880554	167	-13.55	5.75	-5.2	-	1.23	
tfrrs	24186	4	26	-14.04	4.86	-5.2	-	1.04	OVERRIDE
anet	94306	373188	29	+16.64	5.99	+5.2	-	1.28	OVERRIDE
anet	174931	717573	15	-13.59	1.96	-5.2	-	0.42	
tfrrs	13808	3	93	-13.78	7.03	-5.2	-	1.51	
anet	106645	436149	25	-16.63	11.37	-5.2	FAN	2.44	
anet	227658	908180	12	+19.60	7.54	+5.2	-	1.61	
anet	126740	512986	21	+27.31	18.18	+5.2	FAN	3.89	
anet	256235	1018910	65	+15.88	5.24	+5.2	-	1.12	
anet	90123	355705	14	-14.40	4.52	-5.2	-	0.97	
anet	184789	752246	15	+24.67	13.24	+5.2	FAN	2.84	OVERRIDE
anet	163490	674494	114	-13.87	8.73	-5.2	FAN	1.87	
tfrrs	11651	6	56	-14.02	7.04	-5.2	-	1.51	
anet	31866	174787	17	-13.57	2.04	-5.2	-	0.44	
anet	108584	429312	24	+18.78	9.48	+5.2	FAN	2.03	
tfrrs	23931	1	98	-13.62	5.58	-5.2	-	1.20	
anet	149716	621453	50	-14.10	7.11	-5.2	-	1.52	
anet	218614	874608	70	+15.83	5.21	+5.2	-	1.12	
anet	271614	1082004	130	+16.23	10.31	+5.2	FAN	2.21	
tfrrs	22351	1	24	-14.62	6.60	-5.2	-	1.41	
anet	258139	1025821	12	+17.57	5.27	+5.2	-	1.13	
anet	25852	113085	32	-13.49	2.08	-5.2	-	0.45	
tfrrs	23949	5	20	-13.82	3.52	-5.2	-	0.75	
tfrrs	23064	4	107	-13.67	6.53	-5.2	-	1.40	
anet	261219	1037046	48	+15.91	4.82	+5.2	-	1.03	
tfrrs	11105	1	28	-14.76	7.58	-5.2	-	1.62	
anet	221295	885661	36	+16.00	4.63	+5.2	-	0.99	
anet	161205	667703	23	-13.52	2.19	-5.2	-	0.47	
anet	110223	436359	26	+17.49	7.66	+5.2	-	1.64	
anet	85224	335407	16	-17.50	10.50	-5.2	FAN	2.25	
tfrrs	22389	0	55	-14.04	7.26	-5.2	-	1.56	
anet	201846	811792	59	+15.78	4.59	+5.2	-	0.98	
anet	84645	332914	59	-14.92	11.68	-5.2	FAN	2.50	
anet	175415	720514	18	+16.68	4.92	+5.2	-	1.05	
anet	210240	841336	43	+17.57	10.05	+5.2	FAN	2.15	
anet	25206	110429	21	+16.02	3.61	+5.2	-	0.77	
anet	140778	586906	15	-14.35	4.64	-5.2	-	0.99	
tfrrs	23018	1	35	-17.62	15.83	-5.2	FAN	3.39	OVERRIDE
anet	225194	899620	20	-13.92	3.97	-5.2	-	0.85	
tfrrs	23949	10	18	-14.96	6.57	-5.2	-	1.41	
anet	163531	679577	13	-14.03	3.53	-5.2	-	0.76	
anet	22566	99484	43	+16.18	5.93	+5.2	-	1.27	
anet	233451	932598	32	+16.19	5.17	+5.2	-	1.11	
anet	86234	356247	21	-14.71	6.51	-5.2	-	1.39	
anet	265034	1052240	13	+20.51	8.85	+5.2	FAN	1.90	
anet	235511	941972	104	+16.20	9.41	+5.2	FAN	2.02	
anet	251811	1003427	12	+20.76	8.74	+5.2	FAN	1.87	
anet	134403	549583	15	-16.39	8.55	-5.2	FAN	1.83	
anet	59124	253083	35	+15.91	4.37	+5.2	-	0.94	
anet	140501	585203	41	+15.53	2.47	+5.2	-	0.53	
anet	243976	973950	51	+15.98	5.69	+5.2	-	1.22	
anet	208547	835633	69	+16.04	6.95	+5.2	-	1.49	
anet	59401	254311	29	-14.57	7.27	-5.2	-	1.56	
tfrrs	14050	2	70	-13.46	3.49	-5.2	-	0.75	
tfrrs	22651	2	63	-13.84	6.76	-5.2	-	1.45	
anet	161238	680485	39	+18.97	12.66	+5.2	FAN	2.71	
tfrrs	22428	1	53	-13.97	6.97	-5.2	-	1.49	
anet	160559	665997	53	-14.63	10.13	-5.2	FAN	2.17	
anet	60511	259227	12	-13.93	3.22	-5.2	-	0.69	
anet	117671	472872	429	-15.32	36.25	-5.2	FAN	7.77	
anet	216717	865418	23	-14.68	6.83	-5.2	-	1.46	
tfrrs	19459	1	53	-14.49	9.60	-5.2	FAN	2.06	
anet	147957	616896	31	-14.36	6.89	-5.2	-	1.48	
anet	80214	317631	30	-13.85	4.81	-5.2	-	1.03	
tfrrs	18505	2	94	-13.40	3.43	-5.2	-	0.73	
anet	135850	557636	26	-17.13	12.84	-5.2	FAN	2.75	
anet	260008	1069125	41	+16.94	8.44	+5.2	FAN	1.81	
anet	235612	942540	94	+16.03	8.28	+5.2	-	1.77	
anet	96472	384362	14	-14.65	5.29	-5.2	-	1.13	
anet	107896	426451	23	-15.34	8.49	-5.2	FAN	1.82	
tfrrs	23871	1	55	-13.98	7.31	-5.2	-	1.57	
tfrrs	4666	0	27	-15.19	8.84	-5.2	FAN	1.89	
anet	227762	927235	42	-13.99	6.46	-5.2	-	1.38	
tfrrs	26416	0	42	-13.96	6.34	-5.2	-	1.36	
tfrrs	10647	3	51	-13.56	4.42	-5.2	-	0.95	
tfrrs	13260	1	21	-13.54	2.74	-5.2	-	0.59	
anet	141509	591612	107	+16.71	12.72	+5.2	FAN	2.72	
anet	48075	205092	21	-15.30	8.05	-5.2	-	1.72	
anet	208187	872432	37	+15.51	2.64	+5.2	-	0.57	
anet	225916	902679	62	+15.73	5.14	+5.2	-	1.10	
tfrrs	8368	0	18	+15.90	3.34	+5.2	-	0.72	
anet	201889	812019	64	+19.25	17.05	+5.2	FAN	3.65	
tfrrs	13624	5	15	-15.29	6.80	-5.2	-	1.46	
anet	48353	206249	51	-13.46	3.58	-5.2	-	0.77	
anet	75050	300780	45	+15.77	4.65	+5.2	-	1.00	
tfrrs	22308	3	56	-13.59	4.90	-5.2	-	1.05	
tfrrs	19731	2	74	-13.39	3.24	-5.2	-	0.70	
anet	189672	767609	16	-13.58	2.62	-5.2	-	0.56	
tfrrs	23376	0	83	-13.48	4.88	-5.2	-	1.05	
anet	168012	695081	21	+15.65	2.74	+5.2	-	0.59	
anet	4164	20230	17	-13.48	2.19	-5.2	-	0.47	
anet	209716	839648	133	-13.46	5.82	-5.2	-	1.25	
tfrrs	19828	0	112	-13.85	9.67	-5.2	FAN	2.07	
anet	211291	844418	70	-15.57	15.82	-5.2	FAN	3.39	
anet	124852	502498	22	-13.63	3.34	-5.2	-	0.71	
anet	135680	556790	69	+16.31	8.68	+5.2	FAN	1.86	
anet	49278	237801	20	-20.51	16.66	-5.2	FAN	3.57	
tfrrs	13856	4	15	-13.46	2.03	-5.2	-	0.44	
anet	104614	411186	98	-13.76	8.30	-5.2	-	1.78	
anet	265002	1052134	32	+17.27	8.37	+5.2	-	1.79	
anet	126523	511748	59	-14.91	12.14	-5.2	FAN	2.60	
anet	53935	229948	46	-13.50	3.89	-5.2	-	0.83	
anet	106032	423812	93	-13.60	6.68	-5.2	-	1.43	
anet	72852	296832	24	+15.80	3.60	+5.2	-	0.77	
anet	140621	589422	50	+15.66	4.44	+5.2	-	0.95	
anet	48088	205150	17	-14.30	5.09	-5.2	-	1.09	
anet	161719	669100	30	-13.70	4.36	-5.1	-	0.93	
anet	242101	998183	28	+16.80	6.84	+5.1	-	1.46	
anet	117020	468909	63	-13.48	4.43	-5.1	-	0.95	
tfrrs	25397	5	23	-14.55	6.65	-5.1	-	1.43	
anet	136883	563766	17	-16.57	9.59	-5.1	FAN	2.05	
anet	28418	123694	27	+16.20	5.20	+5.1	-	1.11	
anet	263928	1049108	34	+15.98	5.06	+5.1	-	1.08	
anet	145898	611413	56	-13.41	3.55	-5.1	-	0.76	
anet	159147	661146	23	+18.33	8.94	+5.1	FAN	1.91	
anet	57206	271061	13	-14.64	5.19	-5.1	-	1.11	
anet	200379	803823	37	+18.71	12.10	+5.1	FAN	2.59	
tfrrs	20181	1	16	-13.76	3.44	-5.1	-	0.74	
anet	46528	198797	34	+16.45	6.61	+5.1	-	1.42	
anet	242734	967516	113	+15.76	7.76	+5.1	-	1.66	
anet	197667	791918	13	+17.73	6.01	+5.1	-	1.29	
anet	147607	616105	35	+15.93	5.01	+5.1	-	1.07	
anet	83521	340231	64	-13.40	3.79	-5.1	-	0.81	
anet	241450	963639	32	-13.69	4.56	-5.1	-	0.98	
anet	151967	630427	74	+15.58	5.08	+5.1	-	1.09	
anet	225765	915337	48	+15.63	4.38	+5.1	-	0.94	
tfrrs	13450	2	62	-13.42	4.06	-5.1	-	0.87	
anet	104614	411185	46	-13.85	6.42	-5.1	-	1.38	
tfrrs	18079	2	54	-14.17	8.62	-5.1	FAN	1.85	
anet	138033	570242	24	-14.86	7.71	-5.1	-	1.65	
anet	17592	78675	15	-17.72	10.76	-5.1	FAN	2.31	
anet	493	2423	24	-13.72	4.15	-5.1	-	0.89	
anet	236794	946881	27	-13.90	5.16	-5.1	-	1.11	
anet	268735	1068623	48	+16.00	6.34	+5.1	-	1.36	
anet	103482	409428	30	-15.02	9.09	-5.1	FAN	1.95	
anet	84501	339045	78	-13.81	8.17	-5.1	-	1.75	
tfrrs	22350	0	100	-13.32	3.80	-5.1	-	0.81	
anet	91950	362799	31	-13.41	2.98	-5.1	-	0.64	
anet	120104	482399	35	+17.81	10.13	+5.1	FAN	2.17	
anet	272365	1085820	45	-13.34	2.90	-5.1	-	0.62	
anet	241520	968259	25	+16.41	5.71	+5.1	-	1.22	
anet	122067	490577	18	-20.69	16.18	-5.1	FAN	3.47	
anet	137941	569705	88	-14.00	10.12	-5.1	FAN	2.17	
anet	158158	696482	155	+15.84	10.26	+5.1	FAN	2.20	
anet	20198	89987	75	+15.53	5.06	+5.1	-	1.08	
anet	235491	941873	103	+15.64	6.92	+5.1	-	1.48	
anet	239775	957716	12	-14.46	4.74	-5.1	-	1.02	
anet	100458	394691	33	+16.69	7.33	+5.1	-	1.57	
anet	233451	932595	37	+15.62	4.05	+5.1	-	0.87	
anet	22566	99485	41	+16.54	7.75	+5.1	-	1.66	
anet	157726	685204	57	+15.80	6.03	+5.1	-	1.29	
anet	253958	1021677	27	-13.96	5.47	-5.1	-	1.17	
anet	35009	151794	49	+15.61	4.62	+5.1	-	0.99	
anet	191920	775116	20	+17.96	7.92	+5.1	-	1.70	
tfrrs	8831	11	65	-13.36	3.86	-5.1	-	0.83	
tfrrs	7532	2	28	-14.48	7.33	-5.1	-	1.57	
anet	244703	974293	34	+16.50	6.98	+5.1	-	1.49	
anet	210282	841454	77	+16.53	10.63	+5.1	FAN	2.28	
anet	90109	355646	16	+16.48	4.75	+5.1	-	1.02	
anet	161205	667704	27	-15.08	8.85	-5.1	FAN	1.90	
anet	51353	218800	19	-15.44	8.18	-5.1	-	1.75	
tfrrs	25578	1	33	-18.22	17.12	-5.1	FAN	3.67	
tfrrs	16292	13	66	-13.26	2.83	-5.1	-	0.61	
tfrrs	26167	1	61	-13.46	4.91	-5.1	-	1.05	
anet	113222	449706	37	-13.94	6.42	-5.1	-	1.37	
anet	162217	671889	46	-13.79	6.39	-5.1	-	1.37	
tfrrs	23529	1	212	-13.32	6.56	-5.1	-	1.40	
anet	224744	898044	20	-13.61	3.55	-5.1	-	0.76	
anet	209403	838558	62	-14.00	8.69	-5.1	FAN	1.86	
anet	150358	623746	44	+16.24	7.16	+5.1	-	1.53	
anet	108902	430678	30	+18.22	10.26	+5.1	FAN	2.20	
anet	247931	984071	63	-13.96	8.55	-5.1	FAN	1.83	
anet	61196	262252	28	-13.94	5.61	-5.1	-	1.20	
anet	229552	915179	21	+17.00	6.56	+5.1	-	1.41	
anet	242895	997888	43	+16.48	7.93	+5.1	-	1.70	
anet	83288	327237	32	+15.71	4.42	+5.1	-	0.95	
anet	118575	502740	70	+15.70	6.52	+5.1	-	1.40	
anet	46153	197121	21	-13.46	3.07	-5.1	-	0.66	
anet	11023	50760	13	+16.32	4.10	+5.1	-	0.88	
tfrrs	22651	3	78	-13.52	6.48	-5.1	-	1.39	
anet	139416	578521	96	-13.47	6.66	-5.1	-	1.43	
anet	156432	652099	120	-13.28	4.66	-5.1	-	1.00	
tfrrs	25930	10	25	-15.73	10.16	-5.1	FAN	2.18	
tfrrs	25891	1	68	-13.92	8.81	-5.1	FAN	1.89	
anet	96523	384530	13	-13.38	2.13	-5.1	-	0.46	
tfrrs	26557	0	59	-17.26	20.35	-5.1	FAN	4.36	
tfrrs	20129	1	83	-13.44	6.03	-5.1	-	1.29	
tfrrs	23461	0	160	-13.40	7.84	-5.1	-	1.68	
anet	242648	967201	39	-14.05	7.27	-5.1	-	1.56	
tfrrs	22801	0	34	-13.35	3.26	-5.1	-	0.70	
anet	149243	620161	228	-13.36	8.56	-5.1	FAN	1.83	
anet	122874	493875	18	-17.69	11.93	-5.1	FAN	2.55	
anet	208491	835478	53	+16.89	10.24	+5.1	FAN	2.19	
anet	56854	249216	19	-14.60	6.50	-5.1	-	1.39	
anet	191464	773595	65	-13.33	4.28	-5.1	-	0.92	
anet	35009	151793	55	+15.66	5.68	+5.1	-	1.22	
anet	39970	171451	19	+17.18	6.65	+5.1	-	1.42	
tfrrs	10400	6	70	-13.33	4.52	-5.1	-	0.97	
anet	234457	937615	67	+16.17	8.83	+5.1	FAN	1.89	
tfrrs	19442	2	212	-13.47	10.18	-5.1	FAN	2.18	
anet	219144	877316	14	+22.32	11.29	+5.1	FAN	2.42	
anet	108557	447873	15	+15.60	2.85	+5.1	-	0.61	
anet	154731	645081	24	-13.49	3.62	-5.1	-	0.78	
anet	105496	415660	99	-14.53	14.59	-5.1	FAN	3.12	
tfrrs	20512	0	30	-13.96	6.14	-5.1	-	1.31	
anet	139486	578873	25	-16.17	11.18	-5.1	FAN	2.39	
anet	144490	606660	248	-13.21	6.23	-5.1	-	1.33	
anet	197123	790083	50	+16.31	8.24	+5.1	-	1.77	
anet	186055	756120	15	+17.35	6.22	+5.1	-	1.33	
anet	40143	172142	40	-14.43	8.97	-5.1	FAN	1.92	
anet	10008	46485	14	+15.63	2.92	+5.1	-	0.63	
anet	135851	561912	24	-13.70	4.58	-5.1	-	0.98	
anet	112191	458873	28	-14.27	7.01	-5.1	-	1.50	
anet	200826	806029	33	+15.63	4.49	+5.1	-	0.96	
anet	214740	856689	23	-18.31	14.65	-5.1	FAN	3.14	
anet	403	2014	86	-13.23	4.13	-5.1	-	0.88	
anet	232530	928106	18	-13.86	4.49	-5.1	-	0.96	
anet	94569	374260	34	+19.49	13.41	+5.1	FAN	2.87	
anet	241982	965307	50	-13.27	3.60	-5.1	-	0.77	
anet	225765	915335	62	+15.67	6.39	+5.1	-	1.37	
tfrrs	13530	2	57	-13.54	6.07	-5.1	-	1.30	
tfrrs	25976	0	38	-13.87	6.60	-5.1	-	1.41	
anet	226408	903900	15	-14.86	6.39	-5.1	-	1.37	
anet	85042	334647	33	+16.29	6.70	+5.1	-	1.43	
anet	180968	739686	24	-17.07	12.74	-5.1	FAN	2.73	
anet	96664	388942	17	-14.93	6.95	-5.1	-	1.49	
anet	154821	645479	18	+17.96	7.77	+5.1	-	1.66	
anet	189819	768149	13	-14.50	5.27	-5.1	-	1.13	
tfrrs	16292	5	129	-13.15	3.43	-5.1	-	0.73	
anet	53392	229671	112	-13.30	5.87	-5.1	-	1.26	
anet	90397	356908	106	-13.21	4.51	-5.1	-	0.97	
anet	148525	618445	124	-13.30	6.36	-5.1	-	1.36	
tfrrs	3724	0	35	-13.21	2.63	-5.1	-	0.56	
anet	205781	825223	55	-14.01	8.77	-5.1	FAN	1.88	
anet	150457	627278	16	+19.25	8.96	+5.1	FAN	1.92	
anet	114818	457732	40	-13.94	7.18	-5.1	-	1.54	
anet	205353	823473	97	+15.43	6.45	+5.1	-	1.38	
tfrrs	10404	1	95	-13.32	5.87	-5.1	-	1.26	
tfrrs	10896	0	42	-13.31	3.81	-5.1	-	0.82	
anet	244469	973415	61	-13.88	8.58	-5.1	FAN	1.84	
tfrrs	19336	3	83	-13.36	5.96	-5.1	-	1.28	
anet	12920	76520	12	+15.54	2.61	+5.1	-	0.56	
anet	247641	982672	12	-15.74	7.20	-5.1	-	1.54	
anet	115944	463497	120	-13.31	6.55	-5.1	-	1.40	
tfrrs	21698	1	39	-14.35	8.74	-5.1	FAN	1.87	
tfrrs	15941	0	68	-13.37	5.54	-5.1	-	1.19	
anet	251546	1002097	12	-15.91	7.45	-5.1	-	1.60	
tfrrs	23529	3	191	-13.21	6.58	-5.1	-	1.41	
anet	247633	982605	108	-13.28	5.92	-5.1	-	1.27	
anet	138962	589500	37	-13.53	5.09	-5.1	-	1.09	
anet	158995	661038	26	+18.93	11.01	+5.1	FAN	2.36	
tfrrs	24109	0	43	-13.88	7.28	-5.1	-	1.56	
anet	9996	46430	17	+15.36	2.57	+5.1	-	0.55	
anet	144493	636999	19	+16.00	4.58	+5.1	-	0.98	
anet	148624	627636	21	+16.07	4.98	+5.1	-	1.07	
anet	237426	949256	75	+15.40	5.65	+5.1	-	1.21	
anet	130201	556963	31	-17.32	15.12	-5.1	FAN	3.24	
anet	104780	412100	14	+17.23	5.96	+5.1	-	1.28	
tfrrs	13450	0	36	-13.87	6.64	-5.1	-	1.42	
anet	260824	1043076	32	-13.19	2.63	-5.1	-	0.56	
anet	201615	810294	19	+16.57	5.79	+5.1	-	1.24	
anet	153545	638892	34	+17.08	8.99	+5.1	FAN	1.93	
anet	239053	960563	24	+15.76	4.53	+5.1	-	0.97	
anet	200826	806028	63	+15.12	3.13	+5.1	-	0.67	
anet	139416	578522	116	-13.19	5.15	-5.1	-	1.10	
anet	260824	1043075	18	-14.09	5.35	-5.1	-	1.15	
tfrrs	20729	1	35	-13.77	6.19	-5.1	-	1.33	
anet	96472	384364	13	-14.41	5.23	-5.1	-	1.12	
anet	237450	949366	75	+15.26	4.80	+5.1	-	1.03	
tfrrs	3724	4	67	-13.26	4.79	-5.1	-	1.03	
anet	50882	216767	65	+15.58	6.56	+5.1	-	1.40	
anet	183898	749432	17	+21.50	11.83	+5.1	FAN	2.53	
anet	138250	571485	27	-13.49	4.30	-5.1	-	0.92	
tfrrs	26699	2	29	-14.36	7.69	-5.0	-	1.65	OVERRIDE
anet	81584	323415	22	-13.94	5.52	-5.0	-	1.18	
anet	223844	894914	71	-13.52	7.26	-5.0	-	1.56	
anet	227784	908605	29	-13.35	3.75	-5.0	-	0.80	
tfrrs	19753	2	94	-13.93	11.34	-5.0	FAN	2.43	
anet	246581	978075	140	-13.76	12.50	-5.0	FAN	2.68	
tfrrs	13799	1	134	-13.19	5.92	-5.0	-	1.27	
anet	151823	629757	68	-13.71	8.40	-5.0	-	1.80	
anet	90844	358304	98	+15.03	2.97	+5.0	-	0.64	
tfrrs	25457	1	192	-13.24	8.04	-5.0	-	1.72	
anet	177005	724631	23	+16.66	6.68	+5.0	-	1.43	
anet	107874	444150	22	+15.19	2.41	+5.0	-	0.52	
anet	197723	792226	47	+16.33	8.53	+5.0	FAN	1.83	
anet	138033	570243	55	-13.65	7.27	-5.0	-	1.56	
anet	40703	174592	12	-16.95	9.00	-5.0	FAN	1.93	
anet	151924	630169	17	-13.70	4.21	-5.0	-	0.90	
tfrrs	14347	2	25	-14.55	7.73	-5.0	-	1.66	
anet	64400	277868	54	+15.23	4.14	+5.0	-	0.89	
anet	44423	190906	62	+15.26	4.69	+5.0	-	1.00	
anet	56921	243572	49	-13.61	6.69	-5.0	-	1.43	
anet	12311	56302	20	+16.57	6.09	+5.0	-	1.31	
anet	175410	719141	27	-15.31	9.98	-5.0	FAN	2.14	
anet	7595	35878	12	+18.27	6.87	+5.0	-	1.47	
tfrrs	23475	0	179	-13.18	7.10	-5.0	-	1.52	
anet	83518	328157	71	-13.25	5.25	-5.0	-	1.13	
anet	197887	809009	14	+17.34	6.26	+5.0	-	1.34	
anet	32646	141626	34	-13.91	6.89	-5.0	-	1.48	
anet	235490	941869	90	+15.66	8.58	+5.0	FAN	1.84	
anet	124454	500543	41	-15.01	11.44	-5.0	FAN	2.45	
anet	225754	901769	71	+15.24	5.06	+5.0	-	1.08	
anet	212813	848943	16	-14.39	5.87	-5.0	-	1.26	
tfrrs	9177	3	18	-14.75	7.05	-5.0	-	1.51	
anet	269699	1073197	207	+15.24	8.60	+5.0	FAN	1.84	
anet	63771	274959	24	-13.42	3.95	-5.0	-	0.85	
anet	2213	16837	14	-17.24	10.18	-5.0	FAN	2.18	
tfrrs	19401	0	82	-13.23	5.60	-5.0	-	1.20	
anet	182824	745974	29	+15.53	4.50	+5.0	-	0.96	
tfrrs	22350	1	84	-13.11	4.10	-5.0	-	0.88	
anet	6068	28995	22	-14.25	6.56	-5.0	-	1.40	
anet	225257	907174	38	+16.73	8.91	+5.0	FAN	1.91	
tfrrs	10934	2	52	-13.29	4.93	-5.0	-	1.06	
anet	116000	463950	16	-14.06	5.14	-5.0	-	1.10	
anet	1223	5851	13	+15.73	3.48	+5.0	-	0.75	
tfrrs	21950	0	59	-13.60	7.42	-5.0	-	1.59	
tfrrs	22057	0	59	-13.60	7.42	-5.0	-	1.59	
tfrrs	23519	7	63	-13.37	6.14	-5.0	-	1.31	
anet	5251	26921	31	-14.57	8.79	-5.0	FAN	1.88	
anet	164881	680421	42	-13.87	7.59	-5.0	-	1.62	
anet	108234	427792	57	-13.71	8.00	-5.0	-	1.71	
anet	162443	685259	29	-16.42	12.98	-5.0	FAN	2.78	
tfrrs	9389	1	32	-15.09	10.41	-5.0	FAN	2.23	
anet	150887	625797	68	-13.32	5.99	-5.0	-	1.28	
anet	79779	315786	20	-13.55	4.17	-5.0	-	0.89	
anet	130386	530603	24	+18.20	9.70	+5.0	FAN	2.08	
anet	252845	1008650	20	+16.33	5.72	+5.0	-	1.23	
tfrrs	25778	0	41	+15.65	5.92	+5.0	-	1.27	OVERRIDE
anet	105409	455595	15	-13.63	3.89	-5.0	-	0.83	
anet	220438	882235	30	-16.21	12.76	-5.0	FAN	2.73	
anet	161338	675054	12	+19.65	8.38	+5.0	-	1.79	
anet	141932	593979	13	+15.90	3.86	+5.0	-	0.83	
tfrrs	22121	1	48	-13.29	4.95	-5.0	-	1.06	
anet	240257	959768	72	+16.00	9.56	+5.0	FAN	2.05	
tfrrs	10400	4	52	-13.16	4.04	-5.0	-	0.86	
anet	75352	302226	58	+15.30	5.29	+5.0	-	1.13	
anet	11501	52723	19	+16.18	5.30	+5.0	-	1.14	
anet	239817	957923	17	-14.10	5.47	-5.0	-	1.17	
tfrrs	10896	2	26	-13.40	4.20	-5.0	-	0.90	
anet	163852	676165	33	-19.65	20.67	-5.0	FAN	4.43	
anet	130224	529777	86	-13.22	5.93	-5.0	-	1.27	
tfrrs	23339	2	43	-13.45	5.71	-5.0	-	1.22	
tfrrs	19442	3	234	-13.04	5.99	-5.0	-	1.28	
anet	204321	819683	14	+20.60	10.03	+5.0	FAN	2.15	
anet	216724	865459	15	-18.73	12.71	-5.0	FAN	2.72	
anet	146774	634765	62	-13.22	5.10	-5.0	-	1.09	
tfrrs	13443	3	19	-14.58	6.97	-5.0	-	1.49	
anet	193744	780642	27	-14.25	7.39	-5.0	-	1.58	
anet	125231	504267	69	-13.84	9.72	-5.0	FAN	2.08	
anet	32027	148071	28	+16.43	7.11	+5.0	-	1.52	
anet	260008	1032368	49	+15.64	6.63	+5.0	-	1.42	
anet	62824	272132	141	-13.26	8.35	-5.0	-	1.79	
anet	243178	969070	17	-16.98	10.93	-5.0	FAN	2.34	
anet	237614	978418	13	-19.24	12.50	-5.0	FAN	2.68	
anet	244703	974294	58	+15.35	5.73	+5.0	-	1.23	
anet	84039	330294	13	-15.43	7.27	-5.0	-	1.56	
anet	234151	936018	26	+16.51	7.07	+5.0	-	1.51	
anet	147423	633643	17	+15.33	3.06	+5.0	-	0.65	
anet	93285	368672	64	-13.31	6.14	-5.0	-	1.31	
tfrrs	9177	5	34	-13.69	6.30	-5.0	-	1.35	
anet	123319	495765	71	-13.90	10.32	-5.0	FAN	2.21	
anet	170393	706536	46	-14.90	12.02	-5.0	FAN	2.57	
anet	48829	208279	55	-13.87	8.93	-5.0	FAN	1.91	
anet	61314	262778	14	-14.44	5.76	-5.0	-	1.23	
anet	261465	1049931	13	-14.70	6.05	-5.0	-	1.30	
tfrrs	26632	0	12	-13.11	1.92	-5.0	-	0.41	
tfrrs	26754	0	12	-13.11	1.92	-5.0	-	0.41	
anet	136931	564050	21	+18.49	9.62	+5.0	FAN	2.06	
anet	130715	565593	97	+15.53	8.83	+5.0	FAN	1.89	
anet	191953	779156	36	-14.00	7.77	-5.0	-	1.66	
tfrrs	15611	3	99	-12.96	2.99	-5.0	-	0.64	
tfrrs	24092	1	34	-15.06	10.83	-5.0	FAN	2.32	
tfrrs	27216	1	86	-13.02	3.84	-5.0	-	0.82	
anet	69449	290714	12	-14.53	5.53	-5.0	-	1.18	
anet	159753	697995	52	+15.33	5.48	+5.0	-	1.17	
anet	57169	244739	51	+16.83	10.92	+5.0	FAN	2.34	
anet	91688	361665	93	-13.07	4.90	-5.0	-	1.05	
anet	115355	460569	139	-13.19	7.73	-5.0	-	1.66	
tfrrs	26267	0	35	-13.78	6.84	-5.0	-	1.47	
anet	120822	524618	19	+28.08	19.10	+5.0	FAN	4.09	
tfrrs	22859	1	14	-15.17	7.15	-5.0	-	1.53	
anet	151823	629756	104	-13.64	10.79	-5.0	FAN	2.31	
anet	193354	806054	24	-17.47	13.97	-5.0	FAN	2.99	
anet	235501	941948	71	+15.20	5.66	+5.0	-	1.21	
tfrrs	6065	4	25	-13.89	6.18	-5.0	-	1.32	
anet	46794	199872	49	+15.32	5.34	+5.0	-	1.14	
anet	251421	1010279	58	+15.60	7.27	+5.0	-	1.56	
anet	242825	967783	82	+15.36	7.23	+5.0	-	1.55	
anet	242235	984908	17	-15.67	8.82	-5.0	FAN	1.89	
anet	136505	567773	32	+15.54	5.22	+5.0	-	1.12	
anet	225314	920009	27	+16.54	7.39	+5.0	-	1.58	
tfrrs	19408	0	127	-13.01	4.94	-5.0	-	1.06	
anet	40091	171912	19	+17.76	8.20	+5.0	-	1.76	
anet	269709	1073230	16	+15.22	2.82	+5.0	-	0.60	
anet	253300	1011460	196	+15.00	7.13	+5.0	-	1.53	
anet	197887	809005	14	+16.15	4.69	+5.0	-	1.00	
tfrrs	4085	1	25	-13.17	3.36	-5.0	-	0.72	
anet	120575	486476	35	-13.35	5.00	-5.0	-	1.07	
anet	14328	72399	28	+16.43	7.31	+5.0	-	1.57	
anet	40091	171913	14	+17.92	7.25	+5.0	-	1.55	
anet	260069	1032691	111	-13.25	8.02	-5.0	-	1.72	
tfrrs	11498	0	16	-13.48	3.84	-5.0	-	0.82	
anet	191953	779155	38	-13.62	6.59	-5.0	-	1.41	
tfrrs	22189	0	16	-13.57	4.13	-5.0	-	0.88	
tfrrs	14365	5	160	-13.10	7.65	-5.0	-	1.64	
tfrrs	8831	1	65	-12.95	3.00	-5.0	-	0.64	
anet	252321	1006029	59	+15.25	5.78	+5.0	-	1.24	
anet	131102	558775	133	-13.25	8.82	-5.0	FAN	1.89	
anet	44779	191876	20	-12.99	2.00	-5.0	-	0.43	
anet	58648	251034	31	-13.75	6.51	-5.0	-	1.39	
anet	123137	494973	43	-14.93	11.95	-5.0	FAN	2.56	
anet	111996	443955	59	-14.04	10.40	-5.0	FAN	2.23	
anet	79424	344219	23	+16.36	6.56	+5.0	-	1.40	
anet	53935	229590	35	-12.96	2.52	-5.0	-	0.54	
anet	217926	871744	92	+15.17	6.73	+5.0	-	1.44	
anet	244095	977313	58	-13.18	5.39	-5.0	-	1.15	
tfrrs	10229	0	19	-13.23	3.34	-5.0	-	0.72	
anet	6283	30003	31	-13.42	5.23	-5.0	-	1.12	
anet	58390	249971	43	+15.12	4.41	+5.0	-	0.94	
anet	22566	99483	49	+15.61	7.06	+5.0	-	1.51	
anet	115946	463505	118	-13.08	6.66	-5.0	-	1.43	
tfrrs	14365	4	176	-13.03	7.28	-5.0	-	1.56	
tfrrs	23339	1	86	-13.15	6.40	-5.0	-	1.37	
anet	222877	891655	38	-14.95	11.36	-5.0	FAN	2.43	
anet	32841	142493	37	+15.19	4.45	+5.0	-	0.95	
anet	60911	267875	27	+16.64	7.79	+5.0	-	1.67	
anet	93866	371259	29	+14.97	2.94	+5.0	-	0.63	
anet	129917	528379	25	+19.82	12.65	+5.0	FAN	2.71	
tfrrs	20905	3	97	-13.05	5.81	-5.0	-	1.24	
anet	86008	339036	18	+16.54	6.20	+5.0	-	1.33	
anet	151301	627317	52	+18.38	15.23	+5.0	FAN	3.26	
anet	51978	221319	48	-12.93	2.86	-5.0	-	0.61	
anet	216128	862883	24	+15.84	5.61	+5.0	-	1.20	
tfrrs	20387	1	52	-13.80	8.87	-5.0	FAN	1.90	
anet	20690	125375	108	-13.12	7.09	-5.0	-	1.52	
tfrrs	10896	1	20	-13.05	2.65	-5.0	-	0.57	
anet	200624	805103	39	-13.01	3.45	-5.0	-	0.74	
anet	214698	856566	42	-13.52	6.73	-5.0	-	1.44	
anet	92501	365277	13	-15.65	7.82	-5.0	-	1.67	
anet	181489	741663	62	-13.16	5.73	-5.0	-	1.23	OVERRIDE
anet	232642	928721	56	+15.59	7.56	+5.0	-	1.62	
anet	39861	171034	45	-13.78	8.20	-5.0	-	1.76	
anet	131406	555043	27	+16.92	8.42	+5.0	FAN	1.80	
anet	127077	514964	12	+16.81	5.46	+5.0	-	1.17	
anet	161190	667637	37	-14.78	10.83	-5.0	FAN	2.32	
anet	242414	966392	156	-13.00	6.92	-5.0	-	1.48	
anet	60608	259694	13	+15.21	2.80	+5.0	-	0.60	
anet	255835	1017390	12	-13.31	3.07	-5.0	-	0.66	
anet	258682	1032122	129	+14.88	5.68	+5.0	-	1.22	
anet	27003	117574	30	-13.32	4.91	-5.0	-	1.05	
anet	112472	446094	19	+18.13	8.92	+5.0	FAN	1.91	
tfrrs	8831	5	70	-12.96	4.21	-5.0	-	0.90	
anet	123486	496550	96	-13.35	9.00	-5.0	FAN	1.93	
anet	32728	141999	14	+16.34	5.24	+4.9	-	1.12	
anet	115355	460567	158	-12.98	6.90	-4.9	-	1.48	
anet	199985	802101	36	-15.94	13.84	-4.9	FAN	2.97	
anet	165866	685064	30	-13.94	7.31	-4.9	-	1.57	
tfrrs	20763	1	12	-14.89	6.38	-4.9	-	1.37	
anet	116891	468259	25	-14.93	9.30	-4.9	FAN	1.99	
anet	93196	368240	50	+15.12	5.18	+4.9	-	1.11	
anet	110748	438589	31	+16.07	7.14	+4.9	-	1.53	
anet	36452	157605	18	-13.86	5.48	-4.9	-	1.17	
anet	118891	501049	25	-13.36	4.71	-4.9	-	1.01	
anet	84293	331403	34	+17.40	10.57	+4.9	FAN	2.26	
anet	28067	122138	57	+14.73	2.41	+4.9	-	0.52	
tfrrs	24604	3	47	-13.32	6.22	-4.9	-	1.33	
anet	209668	839519	15	-13.08	2.63	-4.9	-	0.56	
anet	66114	285905	85	+15.11	6.72	+4.9	-	1.44	OVERRIDE
tfrrs	6550	2	29	-13.47	5.56	-4.9	-	1.19	
anet	242916	985737	20	+17.99	9.00	+4.9	FAN	1.93	
anet	84729	333293	68	+15.68	9.05	+4.9	FAN	1.94	
anet	149243	620163	152	-13.02	7.74	-4.9	-	1.66	
anet	75615	303551	18	-15.29	8.63	-4.9	FAN	1.85	
anet	79643	315237	73	+14.97	5.35	+4.9	-	1.15	
tfrrs	19547	1	54	-14.93	13.78	-4.9	FAN	2.95	
tfrrs	20779	1	54	-14.93	13.78	-4.9	FAN	2.95	
anet	106499	420421	27	+15.43	5.00	+4.9	-	1.07	
anet	116349	465712	17	-12.95	2.25	-4.9	-	0.48	
anet	141461	591339	24	+16.09	6.42	+4.9	-	1.38	
anet	244469	973414	77	-13.51	9.45	-4.9	FAN	2.02	
tfrrs	26319	0	67	-13.53	8.91	-4.9	FAN	1.91	
anet	212870	859986	28	-14.53	8.89	-4.9	FAN	1.91	
anet	83035	326175	66	-12.94	4.34	-4.9	-	0.93	
tfrrs	13181	0	41	-13.89	8.51	-4.9	FAN	1.82	
tfrrs	20060	1	50	-15.67	15.63	-4.9	FAN	3.35	
anet	152401	632529	32	+16.26	7.86	+4.9	-	1.68	
anet	181848	743727	38	-13.29	5.58	-4.9	-	1.19	
tfrrs	25457	2	87	-13.59	10.63	-4.9	FAN	2.28	
anet	63771	276510	16	-13.50	4.30	-4.9	-	0.92	
anet	267928	1064907	51	+15.17	5.78	+4.9	-	1.24	
anet	122057	490545	14	-14.14	5.53	-4.9	-	1.18	
anet	130691	564588	20	-18.46	14.69	-4.9	FAN	3.15	
anet	213399	851496	92	-13.43	9.84	-4.9	FAN	2.11	
tfrrs	23461	2	179	-12.84	5.37	-4.9	-	1.15	
anet	120453	483984	22	-13.96	6.46	-4.9	-	1.38	
anet	85347	335913	19	-13.31	4.08	-4.9	-	0.87	
anet	88218	350677	36	-14.67	10.57	-4.9	FAN	2.26	
anet	183778	749079	45	+17.49	12.53	+4.9	FAN	2.68	
anet	139628	591154	70	+14.96	5.43	+4.9	-	1.16	
anet	193744	780641	24	-14.27	7.63	-4.9	-	1.63	
anet	26186	114410	55	+14.79	3.56	+4.9	-	0.76	
anet	41457	181271	12	+19.61	8.72	+4.9	FAN	1.87	
anet	207401	831697	35	-13.57	6.69	-4.9	-	1.43	
tfrrs	23475	1	189	-13.00	8.75	-4.9	FAN	1.87	
anet	247931	984070	73	-13.13	6.68	-4.9	-	1.43	
anet	46393	198204	44	-13.16	5.37	-4.9	-	1.15	
tfrrs	24170	0	50	-13.55	7.95	-4.9	-	1.70	
anet	6067	28991	12	-12.85	1.51	-4.9	-	0.32	
anet	244389	973107	88	-12.94	5.39	-4.9	-	1.15	
anet	217092	867428	76	+16.41	12.78	+4.9	FAN	2.74	
anet	145887	611345	67	+14.84	4.56	+4.9	-	0.98	
anet	218866	875845	20	-14.54	7.62	-4.9	-	1.63	
anet	120453	483983	17	-13.83	5.42	-4.9	-	1.16	
anet	142689	598169	39	+15.44	6.24	+4.9	-	1.34	
anet	198039	793562	26	+14.84	2.88	+4.9	-	0.62	
anet	122564	492632	21	+15.73	5.32	+4.9	-	1.14	
tfrrs	7297	1	72	-13.24	7.66	-4.9	-	1.64	
anet	179935	735600	29	+14.62	1.48	+4.9	-	0.32	
anet	140293	583862	39	+15.61	6.90	+4.9	-	1.48	
anet	46891	200270	12	-14.64	6.11	-4.9	-	1.31	
anet	58415	250071	20	+14.82	2.49	+4.9	-	0.53	
tfrrs	26271	3	34	-13.30	5.56	-4.9	-	1.19	
tfrrs	19520	1	168	-12.84	6.02	-4.9	-	1.29	
anet	236477	945751	36	+15.95	7.67	+4.9	-	1.64	
tfrrs	22801	1	44	-13.47	7.22	-4.9	-	1.55	
anet	260643	1034888	34	+15.68	6.69	+4.9	-	1.43	
anet	46311	197811	19	-14.17	6.64	-4.9	-	1.42	
anet	198440	795951	31	-15.44	11.89	-4.9	FAN	2.55	
tfrrs	13181	3	56	-13.06	5.52	-4.9	-	1.18	
anet	100962	397374	52	-13.51	8.06	-4.9	-	1.73	
anet	110318	436767	29	+16.77	8.76	+4.9	FAN	1.88	
anet	134973	552492	53	-12.87	3.74	-4.9	-	0.80	
anet	58139	248893	37	-13.79	7.92	-4.9	-	1.70	
anet	251453	1001657	40	+14.68	2.61	+4.9	-	0.56	
anet	35594	154079	74	-12.84	4.12	-4.9	-	0.88	OVERRIDE
anet	236887	947126	17	-12.95	2.57	-4.9	-	0.55	
anet	212709	848724	39	-13.39	6.45	-4.9	-	1.38	
anet	148199	617605	13	-21.89	16.17	-4.9	FAN	3.46	
anet	78170	309019	36	+18.59	13.47	+4.9	FAN	2.88	
tfrrs	18279	3	56	-12.98	4.99	-4.9	-	1.07	
anet	132102	538482	67	-13.10	6.51	-4.9	-	1.39	
anet	167012	690299	72	-12.98	5.73	-4.9	-	1.23	
anet	43779	188419	23	+16.43	7.19	+4.9	-	1.54	
anet	119729	507105	39	+14.88	4.01	+4.9	-	0.86	
anet	195194	784903	25	-15.14	10.06	-4.9	FAN	2.15	
tfrrs	18289	0	22	-14.63	8.32	-4.9	-	1.78	
anet	199644	800428	21	+19.32	11.28	+4.9	FAN	2.42	
tfrrs	18279	1	36	-13.51	6.77	-4.9	-	1.45	
anet	152659	634059	20	+15.26	4.12	+4.9	-	0.88	
anet	251926	1004035	19	-13.73	5.57	-4.9	-	1.19	
anet	32049	139163	151	-12.79	5.11	-4.9	-	1.09	
anet	153684	639598	27	+16.46	7.90	+4.9	-	1.69	
anet	233451	932590	48	+15.16	6.01	+4.9	-	1.29	
anet	32049	139165	93	-12.85	5.07	-4.9	-	1.09	
anet	125633	506605	59	-14.25	12.16	-4.9	FAN	2.60	
tfrrs	18505	1	41	-13.09	5.12	-4.9	-	1.10	
anet	172587	711495	51	-14.02	10.40	-4.9	FAN	2.23	
anet	26457	115387	23	-13.86	6.54	-4.9	-	1.40	
tfrrs	21853	1	69	-13.36	8.53	-4.9	FAN	1.83	
anet	126706	512831	55	-14.14	11.31	-4.9	FAN	2.42	
tfrrs	18922	2	66	-13.32	8.14	-4.9	-	1.74	
tfrrs	20552	0	21	+16.59	7.24	+4.9	-	1.55	
anet	159028	660837	62	-13.63	9.64	-4.9	FAN	2.07	
anet	227784	908604	50	-12.81	3.44	-4.9	-	0.74	
tfrrs	6065	5	55	-14.03	10.89	-4.9	FAN	2.33	
anet	195806	786323	13	+23.39	12.63	+4.9	FAN	2.70	
tfrrs	23480	4	68	-12.92	5.20	-4.9	-	1.11	
anet	240254	959753	67	+15.03	6.44	+4.9	-	1.38	
tfrrs	11776	0	76	-13.07	6.94	-4.9	-	1.49	
tfrrs	19461	5	38	-13.25	5.88	-4.9	-	1.26	
anet	188509	763636	18	-14.08	6.36	-4.9	-	1.36	
anet	264836	1051024	23	-13.29	4.74	-4.9	-	1.02	
anet	189034	765544	39	-13.72	8.07	-4.9	-	1.73	
anet	150465	624172	42	-14.19	10.15	-4.9	FAN	2.17	
anet	172981	712553	47	-12.99	4.91	-4.9	-	1.05	
anet	44478	191057	51	-12.95	4.81	-4.9	-	1.03	OVERRIDE
tfrrs	19520	3	150	-12.79	5.79	-4.9	-	1.24	
anet	144717	607474	108	-12.76	4.42	-4.9	-	0.95	
anet	85455	336405	17	-13.15	3.60	-4.9	-	0.77	
anet	259061	1028628	65	+14.85	5.33	+4.9	-	1.14	
anet	32470	140840	18	+15.93	5.55	+4.9	-	1.19	
anet	11487	52658	19	+14.55	1.33	+4.9	-	0.29	
anet	154821	645480	14	+15.27	3.61	+4.9	-	0.77	
anet	151832	629806	67	+15.07	6.86	+4.9	-	1.47	
anet	225194	899618	42	-13.07	5.28	-4.9	-	1.13	
anet	108653	429583	24	-15.39	10.51	-4.9	FAN	2.25	
anet	204010	818304	61	-12.93	5.23	-4.9	-	1.12	
anet	253616	1052180	49	-13.32	7.17	-4.9	-	1.54	
anet	130750	532339	78	-13.19	8.11	-4.9	-	1.74	
anet	206115	826436	22	+17.20	8.54	+4.9	FAN	1.83	
tfrrs	24418	1	36	-13.63	7.45	-4.9	-	1.60	
anet	146771	613895	22	-12.77	2.20	-4.9	-	0.47	
anet	111526	441858	41	-14.91	12.40	-4.9	FAN	2.66	
anet	254141	1014682	84	-13.30	9.29	-4.9	FAN	1.99	
anet	199144	798031	19	-13.81	5.92	-4.9	-	1.27	
tfrrs	16292	7	72	-12.73	3.50	-4.9	-	0.75	
anet	20855	92984	66	-13.41	8.94	-4.9	FAN	1.92	
tfrrs	9791	3	92	-12.89	6.05	-4.9	-	1.30	
tfrrs	11082	9	64	-12.80	4.18	-4.9	-	0.90	
anet	88214	350641	137	-12.85	6.87	-4.9	-	1.47	
anet	193317	779349	12	-14.29	5.66	-4.9	-	1.21	
anet	145892	638516	28	+17.14	9.55	+4.9	FAN	2.05	
tfrrs	26435	3	26	-13.22	4.89	-4.9	-	1.05	
anet	4042	19693	14	+15.11	3.29	+4.9	-	0.70	
anet	53935	229593	83	-12.75	4.14	-4.9	-	0.89	
tfrrs	26476	1	91	-12.90	6.34	-4.9	-	1.36	
tfrrs	19843	1	34	-13.97	8.52	-4.9	FAN	1.82	
tfrrs	19806	2	31	-13.86	7.78	-4.9	-	1.67	
anet	261583	1038326	126	-12.90	7.53	-4.9	-	1.61	
anet	95844	380704	75	+14.61	4.03	+4.9	-	0.86	
anet	252321	1006031	38	+16.03	8.49	+4.9	FAN	1.82	
tfrrs	17933	1	31	-14.47	9.66	-4.9	FAN	2.07	
anet	40046	171761	61	-13.49	9.14	-4.9	FAN	1.96	
anet	192169	775825	58	-14.57	13.61	-4.9	FAN	2.92	
tfrrs	23488	1	61	-13.13	7.00	-4.9	-	1.50	
anet	63607	274188	14	+15.62	4.44	+4.9	-	0.95	
anet	57227	244994	48	-13.09	6.03	-4.9	-	1.29	
anet	269546	1072479	13	-13.84	5.04	-4.9	-	1.08	
anet	97680	389254	50	-13.34	7.59	-4.9	-	1.63	
anet	53392	229668	115	-12.73	4.97	-4.9	-	1.06	
anet	78538	310648	47	-12.92	4.85	-4.9	-	1.04	
anet	197280	790649	13	-14.58	6.50	-4.9	-	1.39	
tfrrs	24604	4	105	-12.64	3.04	-4.9	-	0.65	
anet	62824	272129	113	-12.86	6.84	-4.9	-	1.47	
anet	148513	637248	18	-14.15	6.71	-4.9	-	1.44	
anet	159688	663541	91	-13.33	10.23	-4.9	FAN	2.19	
anet	96807	394126	78	-14.35	14.87	-4.9	FAN	3.19	
anet	213784	852872	95	-13.40	10.94	-4.9	FAN	2.34	
anet	109692	434218	46	+15.38	7.27	+4.9	-	1.56	
anet	252312	1005996	12	+16.68	5.76	+4.9	-	1.23	
anet	243956	971816	41	-13.56	7.90	-4.9	-	1.69	
tfrrs	8831	9	59	-12.83	4.80	-4.9	-	1.03	
anet	154882	645795	48	+14.50	2.57	+4.9	-	0.55	
anet	193089	778695	64	+15.41	8.80	+4.9	FAN	1.88	
tfrrs	18505	0	81	-13.04	7.63	-4.9	-	1.63	
anet	193382	799218	151	-12.96	9.45	-4.9	FAN	2.02	
anet	6613	41203	12	-18.23	11.39	-4.9	FAN	2.44	
anet	251498	1001860	33	+16.09	8.21	+4.9	-	1.76	
anet	190451	770290	33	+14.89	4.46	+4.9	-	0.95	
anet	111651	450127	50	+15.32	7.47	+4.9	-	1.60	
anet	150392	623877	24	-13.15	4.65	-4.9	-	1.00	
anet	136721	562733	12	+20.28	9.64	+4.9	FAN	2.06	
anet	174931	717572	17	-13.96	6.15	-4.9	-	1.32	
anet	114818	457731	52	-13.40	8.20	-4.9	-	1.76	
anet	199183	798131	24	-14.43	8.54	-4.9	FAN	1.83	
anet	43956	189191	54	+14.55	3.52	+4.9	-	0.75	
anet	55351	237745	21	+16.00	6.41	+4.9	-	1.37	
anet	263096	1073682	24	+14.64	2.82	+4.9	-	0.60	
anet	123303	495676	18	+16.24	6.36	+4.9	-	1.36	
anet	149243	620162	64	-12.84	5.32	-4.9	-	1.14	
anet	223669	894330	42	-13.50	7.88	-4.9	-	1.69	
anet	197024	789796	58	-13.88	11.05	-4.9	FAN	2.37	
tfrrs	8969	0	123	-13.27	11.67	-4.9	FAN	2.50	
anet	179060	732169	52	+14.94	5.99	+4.9	-	1.28	
anet	216724	865458	27	-15.14	10.83	-4.9	FAN	2.32	
anet	147288	615463	87	+14.59	4.99	+4.9	-	1.07	
anet	53935	229592	33	-12.80	3.56	-4.9	-	0.76	
tfrrs	11641	0	17	-14.86	8.06	-4.9	-	1.73	
tfrrs	19520	0	154	-12.85	8.46	-4.9	FAN	1.81	
anet	201568	810029	47	+17.80	14.22	+4.8	FAN	3.05	
anet	6729	31999	14	-16.05	9.26	-4.8	FAN	1.98	
anet	90118	355686	15	+16.32	5.97	+4.8	-	1.28	
anet	154612	644522	48	+15.23	7.06	+4.8	-	1.51	
tfrrs	19806	1	43	-13.65	8.66	-4.8	FAN	1.85	
anet	244857	974819	49	-13.47	8.44	-4.8	FAN	1.81	
anet	244005	994885	16	+22.32	13.24	+4.8	FAN	2.84	
anet	230466	919137	20	+15.83	5.96	+4.8	-	1.28	
anet	23126	101950	14	+19.05	9.19	+4.8	FAN	1.97	
tfrrs	26362	0	29	-13.04	4.72	-4.8	-	1.01	
anet	260863	1036026	13	-14.61	6.65	-4.8	-	1.42	
tfrrs	23480	3	80	-13.09	8.30	-4.8	-	1.78	
anet	53392	229672	91	-12.79	5.99	-4.8	-	1.28	
tfrrs	11651	5	16	-12.66	1.75	-4.8	-	0.38	
anet	33473	145400	31	-13.69	7.53	-4.8	-	1.61	
anet	254338	1045049	26	-13.26	5.43	-4.8	-	1.16	
anet	143830	603648	127	-12.66	5.02	-4.8	-	1.07	
tfrrs	4153	9	136	-12.78	7.19	-4.8	-	1.54	
tfrrs	18703	1	81	-12.62	3.40	-4.8	-	0.73	
anet	205301	823296	14	+15.23	3.86	+4.8	-	0.83	
anet	252316	1006010	48	+16.39	10.93	+4.8	FAN	2.34	
anet	206724	840619	44	-13.89	9.75	-4.8	FAN	2.09	
anet	262566	1041889	48	+14.84	5.40	+4.8	-	1.16	
anet	191920	775117	28	+17.59	10.65	+4.8	FAN	2.28	
anet	209716	839649	41	-13.25	6.79	-4.8	-	1.45	
anet	130224	529775	97	-12.65	4.40	-4.8	-	0.94	
anet	115863	463047	88	-13.12	8.98	-4.8	FAN	1.92	
anet	215067	858085	26	-14.06	7.98	-4.8	-	1.71	
anet	108273	427949	28	-13.99	8.10	-4.8	-	1.74	
anet	35372	153247	22	+18.62	10.96	+4.8	FAN	2.35	
anet	26217	114549	44	-13.10	6.25	-4.8	-	1.34	
tfrrs	19406	0	151	-12.82	8.31	-4.8	-	1.78	
anet	250829	998425	22	-14.81	9.13	-4.8	FAN	1.96	
anet	50157	213722	18	-14.66	7.96	-4.8	-	1.70	
tfrrs	16367	2	55	-12.99	6.31	-4.8	-	1.35	
anet	71752	295285	119	+14.73	7.64	+4.8	-	1.64	
anet	33571	145851	41	+14.98	5.69	+4.8	-	1.22	
anet	43478	187324	59	-12.61	3.04	-4.8	-	0.65	
anet	247046	985561	199	+14.48	6.52	+4.8	-	1.40	
anet	151066	626394	27	+15.30	5.64	+4.8	-	1.21	
anet	167628	693325	30	+15.44	6.34	+4.8	-	1.36	
anet	131291	557757	61	+14.62	4.78	+4.8	-	1.02	
anet	156903	653910	90	+14.65	6.13	+4.8	-	1.31	
anet	198658	796030	44	+15.00	6.02	+4.8	-	1.29	
anet	72910	297113	17	+15.31	4.52	+4.8	-	0.97	
anet	136262	563115	12	+14.89	2.92	+4.8	-	0.63	
anet	86717	342533	14	+18.59	8.75	+4.8	FAN	1.88	
anet	174868	731034	13	-14.10	5.77	-4.8	-	1.24	
anet	261219	1037044	68	+14.71	5.79	+4.8	-	1.24	
anet	46467	198540	31	+16.43	8.97	+4.8	FAN	1.92	
tfrrs	19419	2	102	-12.87	7.66	-4.8	-	1.64	
anet	116349	465709	33	-12.64	2.71	-4.8	-	0.58	
anet	49324	210339	16	+22.89	13.87	+4.8	FAN	2.97	
anet	188509	763634	20	-13.34	5.15	-4.8	-	1.10	
anet	37300	160929	15	-16.72	10.71	-4.8	FAN	2.29	
anet	6507	39692	15	+17.90	8.26	+4.8	-	1.77	
anet	107874	426348	21	+15.20	4.77	+4.8	-	1.02	
anet	24806	108728	13	+15.90	5.03	+4.8	-	1.08	
tfrrs	25891	0	114	-12.93	8.84	-4.8	FAN	1.89	
anet	152614	633613	12	-15.31	7.59	-4.8	-	1.63	
tfrrs	11182	0	29	-12.98	4.69	-4.8	-	1.01	
anet	4164	20228	34	-12.79	3.99	-4.8	-	0.85	
anet	43017	185382	17	-12.71	2.46	-4.8	-	0.53	
tfrrs	27077	0	126	-12.56	4.00	-4.8	-	0.86	
anet	213556	857837	14	+15.50	4.54	+4.8	-	0.97	
anet	4704	22663	18	+14.46	2.08	+4.8	-	0.45	
anet	164068	676936	71	+15.45	10.02	+4.8	FAN	2.15	
anet	85210	335351	32	+15.48	6.81	+4.8	-	1.46	
anet	176380	752882	17	-13.14	4.18	-4.8	-	0.89	
anet	156903	653909	81	+14.66	6.17	+4.8	-	1.32	
tfrrs	11105	0	22	-13.41	5.68	-4.8	-	1.22	
anet	29195	127042	12	-13.31	3.95	-4.8	-	0.85	
tfrrs	13624	3	25	-13.28	5.63	-4.8	-	1.21	
tfrrs	27077	4	97	-12.58	4.04	-4.8	-	0.87	
tfrrs	20025	1	80	-14.05	14.29	-4.8	FAN	3.06	
anet	225871	902526	39	-13.22	6.74	-4.8	-	1.44	
anet	146774	634764	73	-12.73	5.47	-4.8	-	1.17	
anet	96552	384649	36	-12.86	4.69	-4.8	-	1.01	
anet	168014	699169	80	-12.67	5.09	-4.8	-	1.09	
tfrrs	19364	7	123	-12.57	4.71	-4.8	-	1.01	
anet	151607	628775	16	+15.30	4.49	+4.8	-	0.96	
anet	257368	1062763	37	-13.13	6.23	-4.8	-	1.33	
anet	93285	368674	48	-12.85	5.39	-4.8	-	1.16	
anet	240254	959754	66	+15.30	9.16	+4.8	FAN	1.96	
anet	215624	860444	21	-14.99	9.47	-4.8	FAN	2.03	
tfrrs	23529	0	130	-13.12	11.56	-4.8	FAN	2.48	
anet	97285	387658	17	+16.43	6.75	+4.8	-	1.45	
tfrrs	23519	5	85	-12.80	6.83	-4.8	-	1.46	
anet	112191	458869	42	-13.66	9.01	-4.8	FAN	1.93	
anet	97371	387995	37	-12.97	5.50	-4.8	-	1.18	
anet	141932	593977	29	+14.84	4.64	+4.8	-	0.99	
anet	61452	263422	14	+14.49	2.18	+4.8	-	0.47	
anet	53392	229667	141	-12.58	5.62	-4.8	-	1.20	
tfrrs	8614	0	19	-34.50	38.84	-4.8	FAN	8.32	
tfrrs	26078	0	121	-12.71	7.12	-4.8	-	1.53	OVERRIDE
tfrrs	10934	1	35	-12.75	4.16	-4.8	-	0.89	
anet	4276	20752	25	-15.01	10.43	-4.8	FAN	2.23	
anet	198039	793563	12	+15.12	3.64	+4.8	-	0.78	
anet	154144	642223	42	-13.69	9.20	-4.8	FAN	1.97	
anet	234285	936832	41	+14.53	4.06	+4.8	-	0.87	
anet	23007	101437	35	+14.80	5.03	+4.8	-	1.08	
anet	114488	455933	37	+16.38	9.94	+4.8	FAN	2.13	
anet	60304	258261	50	-13.23	7.96	-4.8	-	1.71	
anet	228637	911679	195	+14.54	9.08	+4.8	FAN	1.95	
anet	4283	25065	236	+14.35	6.88	+4.8	-	1.47	
anet	42536	183122	147	-12.69	7.73	-4.8	-	1.66	
tfrrs	9250	1	33	-13.27	6.62	-4.8	-	1.42	
tfrrs	10400	1	45	-12.82	5.28	-4.8	-	1.13	
anet	151275	627151	39	-18.81	22.29	-4.8	FAN	4.78	
tfrrs	4153	5	30	-12.89	4.66	-4.8	-	1.00	
anet	267510	1064390	18	-13.51	5.58	-4.8	-	1.20	
tfrrs	26198	0	76	-12.60	4.69	-4.8	-	1.01	
anet	158097	658202	37	+14.77	5.12	+4.8	-	1.10	
tfrrs	25486	1	80	-13.61	12.36	-4.8	FAN	2.65	
anet	81516	323139	50	-13.39	8.76	-4.8	FAN	1.88	
anet	198403	794871	31	-12.93	4.98	-4.8	-	1.07	
anet	240076	958933	97	-12.61	5.49	-4.8	-	1.18	
anet	227902	909014	45	-13.58	9.16	-4.8	FAN	1.96	
anet	198732	796372	57	-14.13	12.65	-4.8	FAN	2.71	
anet	70587	292458	57	-13.76	11.09	-4.8	FAN	2.38	
anet	272365	1085819	130	-12.49	4.10	-4.8	-	0.88	
anet	243955	972351	52	+14.42	4.01	+4.8	-	0.86	
anet	86642	342025	69	-13.30	9.85	-4.8	FAN	2.11	
tfrrs	22101	0	47	-13.87	10.54	-4.8	FAN	2.26	
anet	64969	280529	73	-12.59	4.64	-4.8	-	0.99	
anet	242734	967521	72	+15.31	9.92	+4.8	FAN	2.13	
anet	57953	269335	20	-12.90	3.94	-4.8	-	0.84	
tfrrs	21564	0	25	-12.95	4.59	-4.8	-	0.98	
anet	81565	323352	43	-13.64	9.22	-4.8	FAN	1.97	
anet	164514	682825	12	-12.85	2.89	-4.8	-	0.62	
anet	241901	984686	42	-14.22	11.20	-4.8	FAN	2.40	
tfrrs	19843	0	45	-12.70	4.59	-4.8	-	0.98	
anet	157726	685205	58	+15.13	8.24	+4.8	-	1.77	
anet	122620	492833	23	-18.08	15.93	-4.8	FAN	3.41	
anet	176580	722819	42	+14.55	4.48	+4.8	-	0.96	
anet	181405	742747	20	-12.97	4.24	-4.8	-	0.91	
anet	223845	894918	42	+14.74	5.45	+4.8	-	1.17	
tfrrs	23949	1	13	-13.59	4.98	-4.8	-	1.07	
anet	250696	997881	42	+14.87	6.02	+4.8	-	1.29	
anet	19493	86965	17	+14.99	4.14	+4.8	-	0.89	
anet	262031	1039858	49	+14.49	4.48	+4.8	-	0.96	
anet	75373	302358	25	-14.50	9.36	-4.8	FAN	2.00	
anet	137832	569011	13	-12.66	2.32	-4.8	-	0.50	
anet	138552	573247	36	-13.35	7.38	-4.8	-	1.58	
anet	141217	589826	83	+14.43	5.35	+4.8	-	1.15	
anet	126523	511747	76	-16.52	23.88	-4.8	FAN	5.12	
anet	92891	366954	43	+14.62	4.96	+4.8	-	1.06	
anet	153248	637048	80	+14.37	4.75	+4.8	-	1.02	
anet	232513	928040	24	-13.51	6.57	-4.8	-	1.41	
anet	52912	225234	34	-14.06	9.65	-4.8	FAN	2.07	
anet	251811	1003429	13	+15.78	5.08	+4.8	-	1.09	
anet	154863	645695	25	+16.22	7.98	+4.8	-	1.71	
tfrrs	16292	6	59	-12.55	3.91	-4.8	-	0.84	
anet	55932	462529	16	+16.21	6.38	+4.8	-	1.37	
anet	20690	99801	72	-12.78	6.72	-4.8	-	1.44	
tfrrs	23441	1	166	-12.70	9.12	-4.8	FAN	1.95	
anet	248668	987540	38	+15.45	7.76	+4.8	-	1.66	
anet	26400	115735	24	-13.28	5.85	-4.8	-	1.25	
anet	118130	473835	21	+14.21	1.49	+4.8	-	0.32	
anet	228578	911463	26	+14.63	3.95	+4.8	-	0.85	
anet	187932	761970	20	-13.10	4.78	-4.8	-	1.02	
anet	193525	816447	12	+20.37	10.06	+4.8	FAN	2.15	
tfrrs	22336	0	103	-12.45	3.74	-4.8	-	0.80	
tfrrs	23949	4	12	-13.41	4.45	-4.8	-	0.95	
anet	138250	571486	23	-13.19	5.44	-4.8	-	1.17	
anet	71646	293736	15	-12.97	3.76	-4.8	-	0.80	
anet	208547	835635	81	+14.60	6.84	+4.8	-	1.46	
tfrrs	22017	3	44	-13.26	7.87	-4.8	-	1.69	
anet	32728	141998	23	+15.36	5.89	+4.8	-	1.26	
anet	150022	622580	60	+14.53	5.48	+4.8	-	1.17	
anet	36960	159612	22	+15.60	6.30	+4.8	-	1.35	
anet	11770	53850	40	+14.41	3.86	+4.8	-	0.83	
anet	63688	274545	12	-13.88	5.45	-4.8	-	1.17	
anet	380	5559	62	-12.91	7.33	-4.8	-	1.57	
anet	45993	196487	15	+15.42	4.89	+4.8	-	1.05	
anet	21601	96970	34	-13.10	6.29	-4.8	-	1.35	
anet	231215	922508	12	+16.04	5.33	+4.8	-	1.14	
tfrrs	23908	3	115	-12.54	5.81	-4.8	-	1.24	
tfrrs	3724	2	91	-12.68	6.79	-4.8	-	1.46	
anet	152291	632046	22	-14.48	8.82	-4.8	FAN	1.89	
anet	59514	254788	167	-12.59	7.88	-4.8	-	1.69	
anet	177388	725813	22	-13.96	7.61	-4.8	-	1.63	
anet	235379	941366	13	+15.60	4.88	+4.8	-	1.05	
tfrrs	24604	5	79	-12.65	6.11	-4.8	-	1.31	
anet	161719	669101	63	-12.73	6.17	-4.8	-	1.32	
anet	228053	917555	26	+16.44	8.71	+4.8	FAN	1.86	
anet	42423	182588	18	-12.99	4.28	-4.8	-	0.92	
anet	229183	913783	20	+18.80	11.11	+4.8	FAN	2.38	
anet	256190	1018490	55	-12.64	5.02	-4.8	-	1.08	
anet	116000	463956	16	-15.68	9.70	-4.8	FAN	2.08	
tfrrs	23376	2	63	-12.60	5.06	-4.8	-	1.08	
tfrrs	25413	3	195	-12.62	9.26	-4.8	FAN	1.98	
anet	6555	31198	12	-14.47	6.53	-4.8	-	1.40	
anet	154162	642313	13	-13.94	5.83	-4.8	-	1.25	
anet	130870	532982	45	+15.71	9.46	+4.8	FAN	2.03	
tfrrs	21877	2	101	-12.61	6.60	-4.8	-	1.41	
tfrrs	13076	3	28	-12.69	3.91	-4.8	-	0.84	
anet	122953	494203	66	+14.76	7.38	+4.8	-	1.58	
anet	146663	613582	26	-13.67	7.47	-4.8	-	1.60	
anet	241982	965306	45	-12.60	4.32	-4.8	-	0.93	
anet	151171	626657	52	+14.53	5.36	+4.8	-	1.15	OVERRIDE
tfrrs	7810	4	61	-13.02	8.12	-4.8	-	1.74	
tfrrs	8942	3	21	-13.25	5.53	-4.8	-	1.18	
anet	32057	139200	20	-18.48	15.65	-4.8	FAN	3.35	
anet	212513	854014	64	-12.87	7.39	-4.8	-	1.58	
anet	263928	1049109	20	+15.42	5.75	+4.8	-	1.23	
tfrrs	11651	4	35	-12.57	3.68	-4.8	-	0.79	
tfrrs	18279	2	64	-12.59	5.17	-4.8	-	1.11	
anet	232955	930389	16	-14.66	7.94	-4.8	-	1.70	
anet	106892	456025	44	-12.42	2.72	-4.8	-	0.58	
tfrrs	25896	1	35	-13.03	6.28	-4.8	-	1.34	
anet	231458	923451	43	+18.23	15.27	+4.8	FAN	3.27	
anet	147288	615464	85	+14.52	6.89	+4.8	-	1.48	
anet	260587	1034612	48	-12.94	6.84	-4.8	-	1.46	
tfrrs	6388	0	51	-12.77	6.00	-4.8	-	1.29	
tfrrs	22108	1	33	-12.55	3.50	-4.8	-	0.75	
anet	13545	61595	14	+15.93	5.68	+4.8	-	1.22	OVERRIDE
tfrrs	17773	0	43	-12.75	5.40	-4.8	-	1.16	
anet	274559	1094459	82	+15.87	13.56	+4.8	FAN	2.90	
anet	58390	249973	21	+15.31	5.68	+4.8	-	1.22	
anet	221295	885659	39	+14.29	3.48	+4.8	-	0.74	
anet	138288	571706	22	+19.29	12.40	+4.8	FAN	2.66	
tfrrs	18289	5	18	-13.36	5.50	-4.8	-	1.18	
anet	238072	951478	22	-14.88	9.84	-4.8	FAN	2.11	
anet	197169	790249	33	-13.91	9.31	-4.8	FAN	1.99	
anet	235500	941946	153	+14.26	6.53	+4.8	-	1.40	
anet	175414	719161	74	-13.47	11.79	-4.8	FAN	2.53	
anet	111318	440981	26	-14.16	8.95	-4.7	FAN	1.92	
anet	96552	384648	30	-12.76	4.64	-4.7	-	0.99	
anet	28418	123693	23	+16.77	8.90	+4.7	FAN	1.91	
tfrrs	23461	1	86	-12.95	9.35	-4.7	FAN	2.00	
anet	130996	533598	23	+18.06	10.96	+4.7	FAN	2.35	
anet	6120	23992	13	+14.08	0.98	+4.7	-	0.21	
anet	191538	821185	25	+17.02	9.71	+4.7	FAN	2.08	
tfrrs	13641	5	40	-12.62	4.46	-4.7	-	0.96	
anet	45375	193946	41	-12.81	5.76	-4.7	-	1.23	
tfrrs	21673	0	65	-12.78	7.00	-4.7	-	1.50	
tfrrs	23460	2	183	-12.72	11.02	-4.7	FAN	2.36	
tfrrs	9389	3	29	-12.65	3.99	-4.7	-	0.85	
anet	30	1036	19	-13.15	5.08	-4.7	-	1.09	
anet	75469	302836	42	+14.68	5.77	+4.7	-	1.24	
tfrrs	25354	6	22	-14.06	8.00	-4.7	-	1.71	
anet	261478	1070553	22	+16.20	7.70	+4.7	-	1.65	
anet	218157	878291	27	+14.36	3.35	+4.7	-	0.72	
anet	226600	905928	45	+14.74	6.27	+4.7	-	1.34	
tfrrs	4224	0	26	+14.75	4.81	+4.7	-	1.03	
anet	187810	761520	29	-12.75	4.61	-4.7	-	0.99	
anet	42187	181526	16	-12.70	3.21	-4.7	-	0.69	
tfrrs	27077	3	113	-12.40	4.57	-4.7	-	0.98	
anet	180055	736049	30	-13.75	8.46	-4.7	FAN	1.81	
anet	126631	512418	17	-13.61	6.05	-4.7	-	1.30	
anet	160360	665526	12	+20.23	10.09	+4.7	FAN	2.16	
anet	146871	614222	69	-12.58	5.67	-4.7	-	1.21	
tfrrs	26101	2	186	-12.62	9.89	-4.7	FAN	2.12	
anet	33674	146289	39	+15.88	9.50	+4.7	FAN	2.03	
anet	83035	326173	114	-12.42	5.11	-4.7	-	1.09	
anet	265127	1052591	20	-14.99	9.67	-4.7	FAN	2.07	
anet	111113	440035	24	-13.69	7.42	-4.7	-	1.59	
anet	137595	585270	24	+16.13	7.98	+4.7	-	1.71	
tfrrs	26216	1	54	-12.62	5.39	-4.7	-	1.16	
anet	41795	183367	12	-12.33	1.06	-4.7	-	0.23	
anet	100597	402006	30	-14.36	10.23	-4.7	FAN	2.19	
tfrrs	21865	1	69	-13.12	9.61	-4.7	FAN	2.06	
anet	81565	323351	44	-14.92	14.14	-4.7	FAN	3.03	
anet	207403	883504	53	+14.44	5.38	+4.7	-	1.15	
anet	154882	645797	42	+14.22	3.48	+4.7	-	0.75	
anet	41517	178376	14	+16.48	6.61	+4.7	-	1.42	
anet	108234	427794	27	-12.44	2.75	-4.7	-	0.59	
anet	109365	439711	12	-15.46	8.21	-4.7	-	1.76	
anet	62954	281984	12	+23.45	12.88	+4.7	FAN	2.76	
anet	225399	900381	20	-12.80	4.11	-4.7	-	0.88	
tfrrs	19828	2	91	-12.75	8.28	-4.7	-	1.77	
anet	111519	441838	83	-12.90	9.15	-4.7	FAN	1.96	
anet	217667	870342	16	-20.14	16.48	-4.7	FAN	3.53	
anet	134211	590367	17	-12.84	3.92	-4.7	-	0.84	
tfrrs	11038	1	63	-12.50	4.81	-4.7	-	1.03	
anet	70554	292256	24	+14.62	4.31	+4.7	-	0.92	
anet	109535	438883	17	+14.86	4.27	+4.7	-	0.92	
anet	47014	229261	65	-13.41	10.98	-4.7	FAN	2.35	
tfrrs	19364	9	289	-12.43	8.79	-4.7	FAN	1.88	
anet	179166	732588	13	-13.34	4.75	-4.7	-	1.02	
anet	151832	629805	50	+15.38	9.28	+4.7	FAN	1.99	
tfrrs	25930	5	29	-13.43	7.43	-4.7	-	1.59	
tfrrs	25930	4	20	-13.92	7.41	-4.7	-	1.59	
tfrrs	21878	3	103	-12.64	7.94	-4.7	-	1.70	
anet	153334	637636	40	-13.29	8.15	-4.7	-	1.75	
anet	136354	584291	64	-13.61	11.87	-4.7	FAN	2.54	
tfrrs	19364	4	78	-12.72	7.56	-4.7	-	1.62	
tfrrs	21338	3	133	-12.88	11.56	-4.7	FAN	2.48	
anet	264036	1047826	50	-13.03	7.91	-4.7	-	1.70	
tfrrs	26788	1	21	-13.47	6.45	-4.7	-	1.38	
anet	148295	617900	30	+14.79	5.51	+4.7	-	1.18	
anet	105068	413526	33	+14.47	4.55	+4.7	-	0.98	
tfrrs	23519	9	77	-12.41	4.59	-4.7	-	0.98	
tfrrs	20744	1	40	-13.25	8.04	-4.7	-	1.72	OVERRIDE
anet	200636	826749	15	+19.87	11.00	+4.7	FAN	2.36	
tfrrs	21971	0	42	-13.27	8.36	-4.7	-	1.79	
anet	255779	1017180	27	-13.95	8.75	-4.7	FAN	1.87	
anet	139361	579239	24	-13.69	7.56	-4.7	-	1.62	
anet	50247	214116	36	-12.58	4.40	-4.7	-	0.94	
anet	184346	750776	18	+15.61	6.07	+4.7	-	1.30	
anet	126740	512987	16	+21.12	12.67	+4.7	FAN	2.71	
anet	63984	275974	30	+15.31	7.09	+4.7	-	1.52	
tfrrs	24228	1	42	-12.67	5.39	-4.7	-	1.15	
anet	218679	874954	12	-14.62	6.99	-4.7	-	1.50	
anet	262746	1042469	52	-12.51	4.72	-4.7	-	1.01	
anet	4628	22315	95	-12.50	6.29	-4.7	-	1.35	
anet	242101	998182	27	+16.36	9.05	+4.7	FAN	1.94	
anet	19818	88323	88	-12.39	4.64	-4.7	-	0.99	
anet	35727	161365	15	+14.07	1.58	+4.7	-	0.34	
anet	217672	870397	25	+17.54	10.79	+4.7	FAN	2.31	
tfrrs	19340	3	134	-12.35	5.15	-4.7	-	1.10	
anet	213603	852291	16	-16.90	11.89	-4.7	FAN	2.55	
anet	229467	914808	105	+14.22	6.13	+4.7	-	1.31	
anet	122966	494240	24	-13.92	8.21	-4.7	-	1.76	
tfrrs	26451	0	49	-12.81	6.72	-4.7	-	1.44	
anet	144493	636998	31	+14.38	4.10	+4.7	-	0.88	
anet	243890	971557	44	+14.74	6.58	+4.7	-	1.41	
anet	14487	76661	12	+15.71	5.16	+4.7	-	1.11	
anet	212513	854015	41	-14.81	13.52	-4.7	FAN	2.90	
anet	226911	905583	48	+14.83	7.30	+4.7	-	1.56	
anet	75352	302228	48	+14.40	5.30	+4.7	-	1.13	
anet	125479	505682	120	+14.33	7.75	+4.7	-	1.66	
tfrrs	19458	1	32	+36.61	36.26	+4.7	FAN	7.77	OVERRIDE
anet	230166	917983	12	-13.89	5.76	-4.7	-	1.23	
anet	196776	789111	21	-13.03	5.25	-4.7	-	1.12	
anet	228396	910870	58	-16.66	21.96	-4.7	FAN	4.70	
anet	4704	22662	30	+14.11	2.71	+4.7	-	0.58	
anet	214423	855381	33	+14.88	6.22	+4.7	-	1.33	
anet	172666	716830	13	-15.52	8.75	-4.7	FAN	1.88	
anet	96872	385997	12	-15.76	8.75	-4.7	FAN	1.87	
tfrrs	8413	1	56	-12.87	7.66	-4.7	-	1.64	
anet	35202	152583	64	-12.92	8.48	-4.7	FAN	1.82	
anet	39864	171041	49	-12.83	6.97	-4.7	-	1.49	
anet	199330	798892	30	-13.11	6.58	-4.7	-	1.41	
tfrrs	9016	4	46	-13.16	8.39	-4.7	-	1.80	
anet	118622	476022	20	-13.86	7.41	-4.7	-	1.59	
anet	60762	260345	26	-12.40	2.87	-4.7	-	0.62	
anet	237426	949258	80	+14.42	7.18	+4.7	-	1.54	
anet	250585	1002340	37	+15.73	9.18	+4.7	FAN	1.97	
tfrrs	25486	0	99	-12.71	8.93	-4.7	FAN	1.91	
anet	95001	376003	157	+13.98	4.34	+4.7	-	0.93	
tfrrs	19340	1	181	-12.25	4.20	-4.7	-	0.90	
anet	16038	71812	15	+13.97	1.26	+4.7	-	0.27	
tfrrs	25578	0	48	-18.22	24.09	-4.7	FAN	5.16	
tfrrs	21463	0	88	-12.87	9.71	-4.7	FAN	2.08	
anet	111393	441289	12	-15.57	8.51	-4.7	FAN	1.82	
anet	225775	901833	22	-13.53	6.92	-4.7	-	1.48	
anet	20793	92735	25	+16.13	8.39	+4.7	-	1.80	
anet	132499	540296	28	-14.72	11.03	-4.7	FAN	2.36	
anet	36402	157385	15	-12.62	3.17	-4.7	-	0.68	
anet	6283	30005	24	-12.63	4.07	-4.7	-	0.87	
tfrrs	14050	1	71	-12.50	5.91	-4.7	-	1.27	
anet	261465	1053544	24	-13.15	6.10	-4.7	-	1.31	
anet	200728	805566	25	+15.30	6.60	+4.7	-	1.41	
anet	31784	151709	113	-15.74	26.91	-4.7	FAN	5.77	
anet	211527	845339	36	-13.38	8.35	-4.7	-	1.79	
anet	151066	626392	31	+14.69	5.53	+4.7	-	1.19	
anet	197473	795247	59	-12.70	6.91	-4.7	-	1.48	
anet	40864	175360	12	+16.23	5.96	+4.7	-	1.28	
anet	270957	1079255	14	-12.62	3.10	-4.7	-	0.67	
anet	164005	676674	16	-30.36	30.63	-4.7	FAN	6.56	
anet	43957	189195	49	+13.95	2.20	+4.7	-	0.47	
anet	230003	917414	27	+17.87	11.89	+4.7	FAN	2.55	
anet	148492	618398	18	+15.15	5.31	+4.7	-	1.14	
anet	56604	241917	184	-12.26	5.03	-4.7	-	1.08	
anet	83951	329869	12	+14.17	2.10	+4.7	-	0.45	
anet	231357	923035	47	-13.89	11.55	-4.7	FAN	2.47	
tfrrs	23488	0	93	-12.44	6.22	-4.7	-	1.33	
anet	94773	375107	43	-14.75	13.82	-4.7	FAN	2.96	
tfrrs	22336	3	37	-12.29	2.66	-4.7	-	0.57	
tfrrs	23871	0	56	-12.95	8.30	-4.7	-	1.78	
anet	209488	838903	36	-13.36	8.31	-4.7	-	1.78	
anet	219490	878927	16	+15.71	6.06	+4.7	-	1.30	
anet	261444	1037960	29	-12.89	5.76	-4.7	-	1.23	
anet	65691	283888	16	+14.84	4.37	+4.7	-	0.94	
anet	269924	1074364	16	-13.51	5.91	-4.7	-	1.27	
anet	146771	613896	13	-13.77	5.87	-4.7	-	1.26	
anet	199932	805832	41	+14.21	4.23	+4.7	-	0.91	
anet	12455	56915	92	-12.48	6.71	-4.7	-	1.44	
anet	122198	491161	50	-12.77	6.88	-4.7	-	1.47	
anet	226231	911419	63	+14.78	8.43	+4.7	FAN	1.81	
anet	131375	535286	43	-12.66	5.81	-4.7	-	1.24	
anet	36402	157387	12	-15.36	8.26	-4.7	-	1.77	
tfrrs	22480	0	41	-13.55	9.68	-4.7	FAN	2.07	
anet	162189	670470	15	-17.20	12.07	-4.7	FAN	2.59	
anet	100962	397372	57	-12.84	7.89	-4.7	-	1.69	
anet	118622	476020	34	-12.54	4.58	-4.7	-	0.98	
tfrrs	23930	3	109	-12.28	4.74	-4.7	-	1.02	
anet	91264	360027	49	-13.91	11.99	-4.7	FAN	2.57	
anet	197912	793100	64	-12.57	6.54	-4.7	-	1.40	
anet	72789	296521	35	-13.96	10.29	-4.7	FAN	2.20	
anet	153363	637838	12	+15.28	4.63	+4.7	-	0.99	
anet	119494	479834	124	-12.26	4.82	-4.7	-	1.03	
anet	152849	635034	53	-12.50	5.42	-4.7	-	1.16	
anet	40416	173451	61	-12.55	6.23	-4.7	-	1.34	
anet	258757	1027729	24	-14.55	9.94	-4.7	FAN	2.13	
anet	135541	555932	14	-13.90	6.40	-4.7	-	1.37	
anet	233439	932524	36	-14.12	10.93	-4.7	FAN	2.34	
anet	241287	963134	85	+14.26	6.70	+4.7	-	1.43	
tfrrs	15113	1	57	-12.41	4.95	-4.7	-	1.06	
tfrrs	23381	1	72	-12.98	9.82	-4.7	FAN	2.10	
tfrrs	27216	0	69	-12.36	4.95	-4.7	-	1.06	
anet	52150	222009	34	-12.38	3.59	-4.7	-	0.77	
anet	140399	584518	17	+14.93	4.82	+4.7	-	1.03	
anet	193626	785192	19	-12.73	4.21	-4.7	-	0.90	
anet	97335	387858	18	+16.14	7.28	+4.7	-	1.56	
anet	40738	174777	12	+14.90	4.00	+4.7	-	0.86	
anet	31548	172434	363	+13.87	5.16	+4.7	-	1.11	
tfrrs	22336	2	71	-12.72	8.11	-4.7	-	1.74	
anet	238115	955397	15	+18.08	9.21	+4.7	FAN	1.97	
anet	151924	630167	24	-12.74	4.82	-4.7	-	1.03	
anet	95001	376002	74	+13.94	3.47	+4.7	-	0.74	
anet	51974	221300	12	-13.19	4.52	-4.7	-	0.97	
anet	215335	859307	43	-14.39	12.86	-4.7	FAN	2.75	
anet	83103	326490	37	+15.75	9.49	+4.7	FAN	2.03	
anet	130271	530050	43	+16.51	12.18	+4.7	FAN	2.61	
anet	55351	237746	27	+14.85	5.87	+4.7	-	1.26	
anet	87672	348182	36	+15.34	8.27	+4.7	-	1.77	
anet	185591	754655	17	+15.37	5.75	+4.7	-	1.23	
tfrrs	18079	1	47	-12.48	5.08	-4.7	-	1.09	
anet	197024	789795	96	-13.36	13.91	-4.7	FAN	2.98	
anet	37362	161169	38	-12.54	5.00	-4.7	-	1.07	
anet	268735	1068622	86	+14.19	6.43	+4.7	-	1.38	
tfrrs	13550	0	56	-12.99	8.84	-4.7	FAN	1.89	
tfrrs	20129	0	102	-12.42	6.97	-4.7	-	1.49	
anet	228844	912508	55	-12.86	8.05	-4.7	-	1.72	
anet	87366	346702	12	-14.17	6.44	-4.7	-	1.38	
tfrrs	23519	4	114	-12.35	6.44	-4.7	-	1.38	
anet	205295	823272	14	+17.80	8.60	+4.7	FAN	1.84	
anet	127277	516029	19	-12.50	3.39	-4.7	-	0.73	
anet	262167	1060343	48	+14.24	5.14	+4.7	-	1.10	
anet	167938	694710	23	+16.46	8.86	+4.7	FAN	1.90	
anet	229234	913991	13	-13.39	5.20	-4.7	-	1.11	
anet	240658	981632	38	+14.17	4.21	+4.7	-	0.90	
tfrrs	18289	1	13	-15.51	8.91	-4.7	FAN	1.91	
anet	93196	368239	49	+15.25	9.43	+4.7	FAN	2.02	
anet	148320	620278	34	+14.86	6.69	+4.7	-	1.43	
anet	230674	920233	42	-20.23	27.43	-4.7	FAN	5.88	
anet	201525	809806	66	+14.04	4.56	+4.7	-	0.98	
anet	31430	136450	28	-13.26	7.22	-4.7	-	1.55	
anet	62277	267343	12	-13.80	5.82	-4.7	-	1.25	
anet	7895	37173	18	-13.12	5.41	-4.7	-	1.16	
anet	150290	623523	50	+19.10	19.02	+4.7	FAN	4.07	
tfrrs	19354	1	144	-12.43	8.60	-4.7	FAN	1.84	
anet	20124	89669	13	-15.00	8.13	-4.7	-	1.74	
anet	261259	1037161	66	-12.56	6.85	-4.7	-	1.47	
anet	96552	384647	40	-12.61	5.65	-4.7	-	1.21	
tfrrs	20741	1	13	-13.66	5.78	-4.7	-	1.24	
anet	117633	471671	101	-12.30	5.66	-4.7	-	1.21	
anet	178321	729332	15	-14.23	7.36	-4.7	-	1.58	
anet	163831	676111	83	-13.73	14.96	-4.7	FAN	3.20	
anet	148276	617879	21	-13.63	7.28	-4.7	-	1.56	
anet	167012	690298	123	-12.30	6.14	-4.7	-	1.32	
anet	133353	544116	29	+14.52	5.14	+4.7	-	1.10	
anet	32	1350	33	-13.02	6.98	-4.7	-	1.49	
anet	49067	209312	33	-12.77	5.94	-4.7	-	1.27	
tfrrs	19336	2	103	-12.41	7.10	-4.7	-	1.52	
anet	152360	632392	13	+15.07	4.58	+4.7	-	0.98	
anet	107874	444151	15	+14.18	2.76	+4.7	-	0.59	
tfrrs	10534	2	14	-14.39	7.41	-4.7	-	1.59	
anet	145005	608763	12	+14.24	2.65	+4.7	-	0.57	OVERRIDE
anet	237381	956898	210	-12.25	7.12	-4.7	-	1.53	
anet	138558	573267	25	-13.46	7.48	-4.7	-	1.60	
anet	118230	474271	20	+17.86	10.43	+4.7	FAN	2.23	
tfrrs	24451	0	40	-12.44	4.68	-4.7	-	1.00	
anet	57466	246078	15	-13.54	5.98	-4.7	-	1.28	
anet	196700	797596	24	-13.21	6.60	-4.7	-	1.41	
anet	196700	797597	24	-13.21	6.60	-4.7	-	1.41	
tfrrs	26632	1	18	-13.76	7.07	-4.7	-	1.52	
tfrrs	26754	1	18	-13.76	7.07	-4.7	-	1.52	
anet	256313	1018881	19	+14.05	2.62	+4.7	-	0.56	
tfrrs	16358	0	16	-12.21	1.72	-4.7	-	0.37	
anet	83518	337624	67	+14.19	5.95	+4.7	-	1.28	
anet	84367	331733	16	+15.92	6.62	+4.7	-	1.42	
anet	241614	964128	61	-12.55	6.66	-4.7	-	1.43	
anet	249526	991855	16	+14.38	3.50	+4.7	-	0.75	
anet	30114	130896	32	-12.93	6.58	-4.7	-	1.41	
anet	268947	1069564	28	+14.90	6.31	+4.7	-	1.35	
anet	132849	573651	28	-12.93	6.15	-4.7	-	1.32	
anet	95717	380155	14	+14.39	3.31	+4.7	-	0.71	
tfrrs	21328	4	79	-12.79	9.43	-4.7	FAN	2.02	
anet	16759	74769	29	+14.60	5.52	+4.7	-	1.18	
anet	117633	471673	90	-12.39	6.61	-4.7	-	1.42	
anet	204067	818567	18	+17.31	9.17	+4.7	FAN	1.96	
anet	97787	389727	19	-13.73	7.22	-4.7	-	1.55	
anet	269271	1071038	32	+15.31	7.91	+4.7	-	1.69	
tfrrs	20761	1	22	-12.50	3.83	-4.7	-	0.82	
anet	42073	181070	17	-12.84	4.56	-4.7	-	0.98	
anet	264036	1047825	83	-12.30	5.44	-4.7	-	1.17	
anet	243955	972352	26	+14.10	3.40	+4.7	-	0.73	
tfrrs	21457	3	37	-13.21	8.26	-4.7	-	1.77	
tfrrs	25531	2	49	-12.38	4.85	-4.7	-	1.04	
anet	224998	898931	69	-12.83	9.13	-4.7	FAN	1.96	
tfrrs	20905	6	71	-12.39	5.98	-4.7	-	1.28	
anet	268947	1069562	42	+15.37	9.25	+4.7	FAN	1.98	
tfrrs	20512	1	22	-12.74	4.85	-4.7	-	1.04	
anet	235491	941872	137	+14.21	8.99	+4.7	FAN	1.93	
tfrrs	24228	0	49	-12.41	5.16	-4.7	-	1.11	
anet	34426	149480	15	-13.09	4.97	-4.7	-	1.07	
anet	141217	589824	82	+14.02	5.41	+4.7	-	1.16	
anet	61163	262132	20	-19.28	17.54	-4.7	FAN	3.76	
anet	36126	156253	12	-12.84	3.85	-4.7	-	0.82	
anet	112377	445618	53	-12.68	7.18	-4.7	-	1.54	
anet	172794	733303	77	-13.26	12.26	-4.7	FAN	2.63	
anet	50675	215974	56	-13.95	13.34	-4.7	FAN	2.86	
anet	59958	256689	17	-12.88	4.71	-4.7	-	1.01	
anet	13232	60287	14	+15.26	5.19	+4.7	-	1.11	
anet	152499	633033	12	+15.81	5.63	+4.7	-	1.21	
tfrrs	24469	3	24	-12.99	6.01	-4.7	-	1.29	
anet	225916	902680	73	+14.23	6.80	+4.7	-	1.46	
tfrrs	14050	0	47	-12.15	2.65	-4.7	-	0.57	
anet	136723	574196	33	+16.14	10.10	+4.7	FAN	2.16	
anet	128299	521091	40	-12.14	2.32	-4.7	-	0.50	
anet	40325	173056	15	-14.11	7.23	-4.6	-	1.55	
anet	227576	907857	29	-14.46	10.97	-4.6	FAN	2.35	
anet	228509	915320	41	-12.99	7.84	-4.6	-	1.68	
tfrrs	19790	1	32	-12.50	4.77	-4.6	-	1.02	
anet	122869	493855	34	-14.60	12.26	-4.6	FAN	2.63	
anet	159643	663409	46	-12.89	7.85	-4.6	-	1.68	
anet	165898	685017	99	+14.98	12.49	+4.6	FAN	2.68	
anet	132515	540359	30	+14.09	3.73	+4.6	-	0.80	
anet	139622	579707	34	-12.59	5.40	-4.6	-	1.16	
anet	205987	825959	19	+15.20	5.94	+4.6	-	1.27	
anet	172966	712519	60	+14.07	5.19	+4.6	-	1.11	
anet	19818	88321	136	-12.15	4.81	-4.6	-	1.03	
anet	111651	450124	50	+14.96	8.84	+4.6	FAN	1.89	
anet	21601	96971	33	-12.63	5.56	-4.6	-	1.19	
anet	151967	630428	58	+14.13	5.55	+4.6	-	1.19	
tfrrs	8923	2	29	-14.36	10.75	-4.6	FAN	2.30	
anet	89632	353658	29	-12.40	4.05	-4.6	-	0.87	
anet	216011	862115	15	+15.77	6.28	+4.6	-	1.35	
anet	197367	790927	17	-14.81	9.10	-4.6	FAN	1.95	
anet	27624	120266	16	+16.20	7.17	+4.6	-	1.54	
anet	40329	173072	20	+14.39	4.15	+4.6	-	0.89	
anet	71724	295123	24	-13.15	6.58	-4.6	-	1.41	
tfrrs	21581	1	95	-13.23	13.62	-4.6	FAN	2.92	
anet	126957	514357	24	+14.02	3.12	+4.6	-	0.67	
anet	105883	450480	16	-15.30	9.69	-4.6	FAN	2.08	
anet	232858	930508	19	-13.30	6.27	-4.6	-	1.34	
anet	140587	585813	14	+15.12	5.00	+4.6	-	1.07	
tfrrs	23480	2	80	-12.17	4.17	-4.6	-	0.89	
anet	194295	782268	27	-13.73	8.75	-4.6	FAN	1.87	
tfrrs	21852	1	66	-12.54	7.27	-4.6	-	1.56	
anet	196897	789467	22	+14.55	4.86	+4.6	-	1.04	
tfrrs	16367	3	37	-12.41	4.71	-4.6	-	1.01	
tfrrs	9791	2	106	-12.28	6.41	-4.6	-	1.37	
anet	161261	685168	51	+13.97	4.29	+4.6	-	0.92	
tfrrs	11128	1	21	-12.39	3.47	-4.6	-	0.74	
anet	193820	786726	43	-13.33	9.59	-4.6	FAN	2.05	
anet	136853	563593	16	-18.82	15.12	-4.6	FAN	3.24	
anet	237381	950201	163	-12.30	8.37	-4.6	-	1.79	
tfrrs	21680	0	25	-12.91	5.96	-4.6	-	1.28	
anet	219704	879706	14	+16.23	6.77	+4.6	-	1.45	
anet	118181	474060	14	-13.02	4.76	-4.6	-	1.02	
anet	46528	198796	42	+15.13	8.76	+4.6	FAN	1.88	
anet	224998	931163	77	-13.08	11.54	-4.6	FAN	2.47	
anet	269964	1074571	18	-15.10	9.95	-4.6	FAN	2.13	
anet	88218	350676	22	-13.23	6.61	-4.6	-	1.42	
anet	260587	1034611	33	-12.31	3.91	-4.6	-	0.84	
anet	219373	878277	19	+16.21	7.89	+4.6	-	1.69	
anet	100832	396655	41	-13.77	11.00	-4.6	FAN	2.36	
anet	167455	692478	98	-12.21	5.48	-4.6	-	1.17	
anet	148931	619321	14	+17.65	8.62	+4.6	FAN	1.85	OVERRIDE
anet	96250	383392	21	-15.30	11.16	-4.6	FAN	2.39	
anet	269271	1071036	44	+13.99	4.25	+4.6	-	0.91	
anet	270601	1077754	25	+14.02	3.36	+4.6	-	0.72	
tfrrs	26456	1	30	-14.10	10.34	-4.6	FAN	2.22	
anet	241982	965305	65	-12.31	5.52	-4.6	-	1.18	
anet	60304	258263	59	-12.89	9.15	-4.6	FAN	1.96	
anet	233255	931621	36	+15.64	9.51	+4.6	FAN	2.04	
anet	154658	644650	21	+13.95	2.76	+4.6	-	0.59	
anet	158158	696484	126	+14.67	12.62	+4.6	FAN	2.70	
anet	237723	950248	32	-13.35	8.41	-4.6	FAN	1.80	
anet	114723	457219	78	+13.78	3.57	+4.6	-	0.77	
anet	159938	664246	66	-12.17	4.12	-4.6	-	0.88	
tfrrs	19454	6	264	-12.10	6.17	-4.6	-	1.32	
anet	154369	643083	30	-12.39	4.25	-4.6	-	0.91	
anet	125131	512095	14	+14.67	4.22	+4.6	-	0.90	
anet	121423	488014	14	+14.17	2.99	+4.6	-	0.64	
tfrrs	12416	0	15	+14.47	3.90	+4.6	-	0.83	OVERRIDE
anet	18911	84440	49	-13.23	9.93	-4.6	FAN	2.13	
anet	244553	973810	21	+14.12	3.50	+4.6	-	0.75	
anet	179801	735139	33	+19.17	15.89	+4.6	FAN	3.40	
anet	8525	39908	13	-13.35	5.39	-4.6	-	1.16	
anet	136497	561209	49	+15.25	9.97	+4.6	FAN	2.14	
anet	160981	676785	32	+15.12	7.72	+4.6	-	1.65	
anet	40143	172144	30	-13.44	8.49	-4.6	FAN	1.82	
anet	233770	934030	81	+13.81	4.30	+4.6	-	0.92	
anet	812	3907	49	-12.53	6.49	-4.6	-	1.39	
anet	221336	885813	32	+14.45	5.70	+4.6	-	1.22	
tfrrs	19354	0	180	-12.33	9.81	-4.6	FAN	2.10	
anet	197497	791308	15	+15.44	5.88	+4.6	-	1.26	
anet	6120	23994	21	+13.77	1.96	+4.6	-	0.42	
anet	78538	310646	47	-12.50	6.22	-4.6	-	1.33	
anet	135851	561911	53	-12.69	7.73	-4.6	-	1.66	
anet	212878	850536	21	-13.23	6.56	-4.6	-	1.40	
anet	94591	374361	95	-12.14	4.89	-4.6	-	1.05	
anet	127555	517475	18	+26.54	19.36	+4.6	FAN	4.15	
tfrrs	4153	6	36	-12.88	7.25	-4.6	-	1.55	
anet	118851	477049	62	-12.72	8.56	-4.6	FAN	1.83	
anet	4467	30433	22	+14.53	5.00	+4.6	-	1.07	
anet	165898	685018	84	+14.40	9.05	+4.6	FAN	1.94	
anet	19921	88781	58	+14.18	6.34	+4.6	-	1.36	
tfrrs	7179	0	57	+13.95	4.84	+4.6	-	1.04	
anet	215405	860064	41	-12.98	8.16	-4.6	-	1.75	
anet	59958	256688	20	-12.94	5.61	-4.6	-	1.20	
anet	250696	997714	32	+14.14	4.60	+4.6	-	0.98	
anet	196071	810397	130	-12.17	6.41	-4.6	-	1.37	
anet	94591	374359	103	-12.06	3.80	-4.6	-	0.81	
anet	9529	44611	238	+13.73	6.24	+4.6	-	1.34	
tfrrs	7297	0	124	-12.49	10.10	-4.6	FAN	2.16	
tfrrs	20905	7	79	-12.12	4.38	-4.6	-	0.94	
anet	50247	214115	32	-13.18	7.99	-4.6	-	1.71	
anet	71724	295121	38	-12.82	7.24	-4.6	-	1.55	
anet	59642	255336	43	-12.94	8.25	-4.6	-	1.77	
anet	4704	22664	18	+14.35	4.10	+4.6	-	0.88	
anet	229831	916443	14	-13.38	5.73	-4.6	-	1.23	
anet	219758	880679	134	-12.14	6.04	-4.6	-	1.29	
anet	199932	805833	42	+14.16	5.41	+4.6	-	1.16	
anet	233712	933788	25	+16.98	10.56	+4.6	FAN	2.26	
anet	192859	811655	16	+14.00	2.85	+4.6	-	0.61	
anet	259061	1028627	78	+14.12	7.12	+4.6	-	1.53	
anet	207142	830776	35	-12.82	7.00	-4.6	-	1.50	
anet	261478	1070026	44	+13.96	4.50	+4.6	-	0.96	
anet	86922	344504	90	-12.76	10.81	-4.6	FAN	2.32	
anet	33057	143482	35	-12.68	6.36	-4.6	-	1.36	
tfrrs	21463	2	63	-12.63	8.29	-4.6	-	1.78	
anet	123896	518316	19	-14.84	9.87	-4.6	FAN	2.11	
anet	212826	848986	15	-16.59	11.57	-4.6	FAN	2.48	
tfrrs	24340	1	30	-13.20	7.85	-4.6	-	1.68	
anet	139999	582152	16	+17.08	8.61	+4.6	FAN	1.84	
anet	161011	667154	31	-13.14	7.79	-4.6	-	1.67	
anet	122953	494204	53	+15.13	10.19	+4.6	FAN	2.18	
anet	197575	791534	26	+18.46	13.19	+4.6	FAN	2.83	
anet	207490	832083	26	-12.34	3.98	-4.6	-	0.85	
tfrrs	26229	4	56	-12.24	5.02	-4.6	-	1.08	
anet	199537	800027	30	+14.88	6.99	+4.6	-	1.50	
anet	115865	463055	98	-12.18	5.95	-4.6	-	1.27	
anet	93351	368989	20	-13.01	5.90	-4.6	-	1.26	
anet	90169	355982	56	-13.07	10.16	-4.6	FAN	2.18	
anet	88215	350651	91	+14.14	7.98	+4.6	-	1.71	
anet	81167	321603	18	-13.22	6.15	-4.6	-	1.32	
anet	195799	786292	15	-14.57	8.33	-4.6	-	1.78	
tfrrs	26267	1	24	-12.57	4.92	-4.6	-	1.05	
anet	85210	335352	24	+14.16	4.18	+4.6	-	0.90	
anet	39861	176840	35	-12.86	7.21	-4.6	-	1.54	
anet	123712	528145	83	-12.76	10.47	-4.6	FAN	2.24	
anet	167861	694399	13	+18.33	9.21	+4.6	FAN	1.97	
anet	157515	656290	109	+14.59	11.84	+4.6	FAN	2.54	
anet	85246	336057	14	+20.88	12.19	+4.6	FAN	2.61	
anet	226563	904284	16	-15.22	9.77	-4.6	FAN	2.09	
anet	211137	844008	15	-19.98	16.43	-4.6	FAN	3.52	
anet	15283	72681	88	-12.42	8.26	-4.6	-	1.77	
anet	156574	652652	45	-12.39	5.70	-4.6	-	1.22	OVERRIDE
anet	194055	781461	98	-12.28	7.29	-4.6	-	1.56	
anet	122621	492834	19	-13.95	8.09	-4.6	-	1.73	
anet	270236	1076129	31	+14.56	6.25	+4.6	-	1.34	
anet	260320	1057667	14	-13.16	5.33	-4.6	-	1.14	
anet	57491	246189	20	+14.12	3.74	+4.6	-	0.80	
anet	229721	915956	15	+16.80	8.02	+4.6	-	1.72	
anet	247816	989814	28	-17.50	17.72	-4.6	FAN	3.80	
tfrrs	21589	0	62	-12.31	6.14	-4.6	-	1.32	
anet	225758	901786	21	-13.48	7.39	-4.6	-	1.58	
anet	155021	646468	41	+17.50	14.76	+4.6	FAN	3.16	
tfrrs	27155	12	147	-11.97	3.31	-4.6	-	0.71	
anet	122050	490502	146	-12.06	5.62	-4.6	-	1.20	
anet	109003	443795	123	-12.84	13.58	-4.6	FAN	2.91	
anet	206469	827547	34	-12.44	5.32	-4.6	-	1.14	
anet	231357	923037	18	-12.52	4.17	-4.6	-	0.89	
anet	228148	909914	242	+13.70	7.06	+4.6	-	1.51	
tfrrs	21620	1	19	-13.51	7.12	-4.6	-	1.53	
anet	268735	1068616	41	+14.15	5.57	+4.6	-	1.19	
anet	46794	199871	72	+13.92	5.87	+4.6	-	1.26	
tfrrs	24289	2	18	-12.40	3.74	-4.6	-	0.80	
tfrrs	15623	4	12	-12.85	4.28	-4.6	-	0.92	
anet	112377	445620	36	-13.25	8.94	-4.6	FAN	1.91	
anet	161205	667709	32	-13.01	7.57	-4.6	-	1.62	
anet	209497	838931	117	-12.37	9.24	-4.6	FAN	1.98	
tfrrs	22017	1	54	-12.52	7.28	-4.6	-	1.56	
anet	71679	293890	79	-12.48	8.50	-4.6	FAN	1.82	
tfrrs	19911	0	52	-13.46	11.60	-4.6	FAN	2.49	
anet	85111	334970	19	-15.56	11.33	-4.6	FAN	2.43	
anet	46049	196712	15	+14.61	4.52	+4.6	-	0.97	
anet	221867	887934	21	-12.29	3.56	-4.6	-	0.76	
tfrrs	19357	0	128	-12.30	8.99	-4.6	FAN	1.92	
anet	229590	915360	29	-14.11	10.51	-4.6	FAN	2.25	
anet	62815	270026	33	-13.14	8.22	-4.6	-	1.76	
anet	210384	841688	12	+17.11	7.59	+4.6	-	1.63	
anet	159643	663411	68	-12.39	7.25	-4.6	-	1.55	
anet	40528	173897	19	-12.28	3.39	-4.6	-	0.73	
anet	16847	75117	13	-12.60	3.84	-4.6	-	0.82	
anet	117498	471016	31	-13.56	9.33	-4.6	FAN	2.00	
anet	231636	931098	48	+15.03	9.59	+4.6	FAN	2.05	
anet	168012	695080	78	+13.83	5.57	+4.6	-	1.19	
anet	199329	798889	12	-13.52	5.74	-4.6	-	1.23	
tfrrs	26104	0	184	-12.07	7.12	-4.6	-	1.52	
tfrrs	23064	0	124	-12.05	5.51	-4.6	-	1.18	
anet	4467	30434	16	+14.94	5.38	+4.6	-	1.15	
anet	36452	157603	34	-12.55	5.97	-4.6	-	1.28	
anet	96420	384135	37	-13.90	11.29	-4.6	FAN	2.42	
anet	80119	317220	24	-12.16	3.20	-4.6	-	0.69	
anet	185339	754862	36	+13.92	4.31	+4.6	-	0.92	
anet	71703	295032	17	+14.35	4.24	+4.6	-	0.91	
anet	2213	16836	14	-15.50	9.67	-4.6	FAN	2.07	
tfrrs	5305	1	29	+14.09	4.62	+4.6	-	0.99	
anet	262566	1041890	56	+14.09	6.40	+4.6	-	1.37	
anet	219832	880057	27	-14.05	10.05	-4.6	FAN	2.15	
tfrrs	26732	1	47	-12.35	5.88	-4.6	-	1.26	
anet	251533	1002025	34	+14.38	6.12	+4.6	-	1.31	
anet	236513	963141	46	-13.00	9.17	-4.6	FAN	1.97	
anet	32841	142495	22	+13.74	2.59	+4.6	-	0.56	
anet	22988	101679	21	-14.90	10.68	-4.6	FAN	2.29	
anet	125105	503743	16	-13.82	7.30	-4.6	-	1.56	
tfrrs	23482	1	92	-12.55	9.98	-4.6	FAN	2.14	
anet	79643	315239	36	+13.89	4.24	+4.6	-	0.91	
tfrrs	19357	3	89	-12.10	5.63	-4.6	-	1.21	
tfrrs	26209	1	67	-12.15	5.36	-4.6	-	1.15	
anet	3646	17722	25	-12.16	3.33	-4.6	-	0.71	
anet	235499	941943	108	+14.10	9.09	+4.6	FAN	1.95	
anet	79583	314993	15	-12.48	3.82	-4.6	-	0.82	
anet	193211	779034	14	-15.75	10.10	-4.6	FAN	2.16	
anet	118130	473836	40	+13.83	4.18	+4.6	-	0.90	
anet	152303	632056	79	+13.81	5.73	+4.6	-	1.23	
anet	217747	870818	43	+15.13	9.52	+4.6	FAN	2.04	
tfrrs	22308	2	105	-12.16	6.93	-4.6	-	1.48	
anet	198039	793561	23	+14.68	5.90	+4.6	-	1.26	
anet	44292	190489	42	-12.51	6.56	-4.6	-	1.40	
anet	148145	617434	70	-12.87	10.71	-4.6	FAN	2.29	
anet	175414	719165	50	-12.72	8.30	-4.6	-	1.78	
anet	246754	978926	20	-13.13	6.49	-4.6	-	1.39	
anet	32405	140588	54	-12.45	7.11	-4.6	-	1.52	
anet	251421	1010278	85	+14.68	11.38	+4.6	FAN	2.44	
tfrrs	26247	1	38	-12.40	5.72	-4.6	-	1.23	
tfrrs	26271	2	58	-12.27	6.13	-4.6	-	1.31	
anet	167886	694534	13	-12.97	4.87	-4.6	-	1.04	
anet	185445	754244	40	+14.26	6.29	+4.6	-	1.35	
anet	19122	113312	34	-13.27	8.94	-4.6	FAN	1.92	
anet	12132	55489	17	+16.73	8.60	+4.6	FAN	1.84	
anet	109691	434216	64	-12.21	5.91	-4.6	-	1.27	
anet	78218	309231	44	-12.93	8.82	-4.6	FAN	1.89	
anet	225681	901422	40	-12.04	3.39	-4.6	-	0.73	
anet	257525	1059657	117	-11.99	4.83	-4.6	-	1.03	
anet	1489	7108	20	+14.44	4.95	+4.6	-	1.06	
anet	149948	622353	47	+14.40	7.46	+4.6	-	1.60	
anet	206724	840620	66	-12.14	5.41	-4.6	-	1.16	
anet	162150	692752	52	+15.89	12.82	+4.6	FAN	2.75	
anet	243955	972349	62	+14.03	6.62	+4.6	-	1.42	
anet	61989	266031	18	+15.50	6.89	+4.6	-	1.48	
anet	180442	737868	25	+13.90	3.71	+4.6	-	0.80	
anet	168903	698573	37	-12.72	7.21	-4.6	-	1.54	
anet	146831	614022	129	-12.62	12.64	-4.6	FAN	2.71	
anet	134850	551905	78	-12.24	6.94	-4.6	-	1.49	
anet	28334	123300	16	-13.24	6.10	-4.6	-	1.31	
anet	176640	723135	80	-12.45	8.78	-4.6	FAN	1.88	
tfrrs	16876	0	87	+21.86	33.15	+4.6	FAN	7.10	
tfrrs	13530	8	28	-12.09	3.29	-4.6	-	0.70	
anet	254325	1015455	143	-12.20	8.91	-4.6	FAN	1.91	
anet	228403	946081	18	-12.62	4.75	-4.6	-	1.02	
anet	33764	146669	19	+15.43	6.97	+4.6	-	1.49	
tfrrs	23339	0	49	-12.45	6.89	-4.6	-	1.48	
anet	148525	618443	81	-12.19	6.69	-4.6	-	1.43	
anet	123896	518314	27	-12.95	7.02	-4.6	-	1.50	
anet	224542	909935	281	+13.51	4.97	+4.6	-	1.06	
anet	45274	222491	142	-12.21	9.16	-4.6	FAN	1.96	
tfrrs	18341	1	48	-12.56	7.46	-4.6	-	1.60	
anet	256190	1018489	78	-11.99	4.27	-4.6	-	0.92	
tfrrs	14347	1	25	-12.17	3.62	-4.6	-	0.77	
anet	402	2013	33	-12.88	7.54	-4.6	-	1.61	
tfrrs	18922	0	59	-12.06	4.52	-4.6	-	0.97	
anet	174651	716951	18	-15.08	10.32	-4.6	FAN	2.21	
anet	235500	941945	168	+13.68	7.30	+4.6	-	1.56	
anet	44234	190308	26	+13.89	3.84	+4.6	-	0.82	
anet	34489	149713	15	-12.26	3.19	-4.6	-	0.68	
anet	12062	55165	75	+14.06	7.67	+4.6	-	1.64	
anet	159643	663410	46	-12.69	7.99	-4.6	-	1.71	
tfrrs	20275	1	43	-14.90	15.46	-4.6	FAN	3.31	
tfrrs	20729	0	36	-12.19	4.54	-4.6	-	0.97	
anet	110950	439394	15	-13.59	6.70	-4.6	-	1.43	
tfrrs	22704	0	79	-11.88	2.37	-4.6	-	0.51	
anet	230380	918835	14	-13.16	5.57	-4.6	-	1.19	
anet	267716	1063721	47	-12.09	4.39	-4.6	-	0.94	
anet	156264	651549	91	-12.64	10.92	-4.6	FAN	2.34	
anet	272365	1085821	75	-11.99	4.39	-4.6	-	0.94	
anet	227202	907584	27	-12.79	6.55	-4.6	-	1.40	
anet	107870	426340	17	-12.48	4.25	-4.6	-	0.91	
tfrrs	4153	1	23	-12.05	2.89	-4.6	-	0.62	
anet	151160	626638	40	+13.77	4.21	+4.6	-	0.90	
tfrrs	15968	0	39	-12.80	7.91	-4.6	-	1.70	
anet	155021	646470	43	+15.74	11.42	+4.6	FAN	2.45	
anet	76726	305151	20	+14.10	4.14	+4.6	-	0.89	
anet	229454	914746	20	-12.72	5.42	-4.6	-	1.16	
tfrrs	24784	10	69	-12.32	7.40	-4.6	-	1.58	
anet	148948	619352	22	-12.92	6.33	-4.6	-	1.36	
anet	141472	591414	49	+14.65	8.77	+4.6	FAN	1.88	
anet	199330	798893	21	-13.85	8.59	-4.6	FAN	1.84	
anet	25060	109841	94	-12.17	7.27	-4.6	-	1.56	
anet	11373	52179	23	-13.25	7.43	-4.6	-	1.59	
anet	12162	55615	12	+13.50	1.21	+4.6	-	0.26	
anet	260185	1033138	32	+14.63	7.05	+4.6	-	1.51	
anet	1081	5214	16	+14.89	5.51	+4.6	-	1.18	OVERRIDE
anet	151924	630168	16	-12.18	3.07	-4.6	-	0.66	
anet	150277	623482	12	-12.45	3.53	-4.6	-	0.76	
anet	50882	216768	44	+13.85	4.98	+4.6	-	1.07	
anet	57893	247878	31	-12.07	3.59	-4.5	-	0.77	
anet	140293	583863	48	+14.20	6.98	+4.5	-	1.49	
tfrrs	17773	3	34	-12.34	5.37	-4.5	-	1.15	
anet	203117	822569	59	-13.53	13.15	-4.5	FAN	2.82	
anet	139103	577831	123	-11.96	5.50	-4.5	-	1.18	
anet	259643	1030966	19	-13.57	7.57	-4.5	-	1.62	
anet	259264	1061077	39	+14.18	6.22	+4.5	-	1.33	
tfrrs	25455	6	81	-12.47	9.36	-4.5	FAN	2.01	
tfrrs	9389	7	13	-12.73	4.44	-4.5	-	0.95	
anet	121319	487609	30	-13.61	9.63	-4.5	FAN	2.06	
tfrrs	11700	1	16	-17.31	13.38	-4.5	FAN	2.87	
anet	146357	612782	61	+14.00	6.86	+4.5	-	1.47	
anet	221626	886897	31	-12.81	7.16	-4.5	-	1.53	
anet	174461	716564	21	-16.92	14.65	-4.5	FAN	3.14	
anet	226598	904527	18	-13.72	7.70	-4.5	-	1.65	
anet	156085	650819	60	-12.23	6.44	-4.5	-	1.38	
anet	235884	943599	56	+14.12	7.18	+4.5	-	1.54	
anet	109346	432692	29	-14.65	12.21	-4.5	FAN	2.62	
anet	57658	246885	32	+13.66	3.37	+4.5	-	0.72	
tfrrs	10991	2	66	-12.06	5.25	-4.5	-	1.12	
anet	114998	462075	46	-12.20	5.45	-4.5	-	1.17	
anet	148980	626262	18	-13.76	7.82	-4.5	-	1.68	
tfrrs	25699	0	36	-12.27	5.23	-4.5	-	1.12	
tfrrs	13159	7	13	-13.45	6.06	-4.5	-	1.30	
anet	217473	869334	37	-12.18	4.76	-4.5	-	1.02	
anet	18198	81292	29	-12.18	4.28	-4.5	-	0.92	
anet	147603	643890	13	-13.18	5.51	-4.5	-	1.18	
anet	42645	183640	16	+14.51	4.82	+4.5	-	1.03	
anet	36270	178717	12	+14.92	4.89	+4.5	-	1.05	
anet	102616	405580	71	+14.18	8.52	+4.5	FAN	1.83	
anet	22720	100169	30	-12.50	5.91	-4.5	-	1.27	
anet	578	2828	29	-12.83	7.07	-4.5	-	1.52	
anet	115319	500340	33	-12.39	5.70	-4.5	-	1.22	
anet	1266	6097	20	+14.92	6.32	+4.5	-	1.35	
tfrrs	22049	3	65	-12.72	10.01	-4.5	FAN	2.14	
anet	20198	92325	53	+13.47	2.76	+4.5	-	0.59	
tfrrs	19461	4	51	-12.24	6.12	-4.5	-	1.31	
anet	35504	153768	96	-12.35	9.43	-4.5	FAN	2.02	
anet	52110	221852	14	+19.53	11.16	+4.5	FAN	2.39	
anet	47213	201553	54	-16.79	23.22	-4.5	FAN	4.97	
tfrrs	9921	3	19	-13.51	7.50	-4.5	-	1.61	
anet	81322	322314	17	+14.36	4.64	+4.5	-	0.99	
tfrrs	27155	8	179	-11.82	3.31	-4.5	-	0.71	
anet	228637	911680	147	+14.25	12.88	+4.5	FAN	2.76	
anet	118871	477138	50	-13.94	13.73	-4.5	FAN	2.94	
anet	96637	385038	34	+13.75	4.13	+4.5	-	0.88	
anet	154435	643478	18	+14.98	6.13	+4.5	-	1.31	
anet	39112	167971	29	-17.78	19.03	-4.5	FAN	4.08	
anet	199817	801269	13	-12.09	2.57	-4.5	-	0.55	
tfrrs	11038	0	29	-12.87	7.26	-4.5	-	1.56	
anet	231184	922419	25	-13.02	7.21	-4.5	-	1.54	
anet	106529	447641	12	+14.35	3.91	+4.5	-	0.84	
anet	121485	488284	19	-13.41	7.28	-4.5	-	1.56	
anet	197695	792087	25	-12.26	4.44	-4.5	-	0.95	
anet	149208	620050	42	+13.97	5.74	+4.5	-	1.23	
tfrrs	21578	3	67	-12.35	7.92	-4.5	-	1.70	
anet	161011	667157	20	-13.00	6.41	-4.5	-	1.37	
tfrrs	24603	0	27	-12.91	7.17	-4.5	-	1.54	
anet	79294	313827	53	-12.47	7.82	-4.5	-	1.67	
anet	150652	624894	69	-12.19	6.85	-4.5	-	1.47	
anet	109136	431841	13	+14.27	3.92	+4.5	-	0.84	
anet	172666	731801	43	-13.74	12.15	-4.5	FAN	2.60	
tfrrs	24050	3	49	-12.07	4.94	-4.5	-	1.06	
tfrrs	21388	1	25	-13.54	8.74	-4.5	FAN	1.87	
anet	196059	787040	71	+14.45	10.05	+4.5	FAN	2.15	
tfrrs	24517	0	48	-14.24	14.53	-4.5	FAN	3.11	
anet	212078	862485	32	-12.53	6.35	-4.5	-	1.36	
tfrrs	9370	0	14	-19.50	15.60	-4.5	FAN	3.34	
tfrrs	18341	0	78	-12.23	7.72	-4.5	-	1.65	
anet	219501	878959	96	+14.11	9.72	+4.5	FAN	2.08	
tfrrs	14552	2	58	-12.40	7.79	-4.5	-	1.67	
tfrrs	24186	3	34	-12.01	3.72	-4.5	-	0.80	OVERRIDE
anet	149716	621452	83	-11.95	5.08	-4.5	-	1.09	
anet	208209	834628	35	-12.37	5.92	-4.5	-	1.27	
anet	85559	336842	32	+13.56	3.08	+4.5	-	0.66	OVERRIDE
anet	57491	246191	57	+13.64	4.75	+4.5	-	1.02	
anet	151160	626639	15	+14.95	5.62	+4.5	-	1.20	
anet	87355	346655	25	+13.94	4.41	+4.5	-	0.94	
tfrrs	21765	0	43	-12.72	8.28	-4.5	-	1.77	
anet	75558	303275	95	+14.10	9.68	+4.5	FAN	2.07	
anet	136268	560742	27	+16.79	11.27	+4.5	FAN	2.42	
anet	113187	449533	18	+14.08	4.17	+4.5	-	0.89	
anet	14522	65533	75	-12.08	6.30	-4.5	-	1.35	
anet	184005	749751	36	+13.76	4.49	+4.5	-	0.96	
anet	115228	459937	75	+13.75	6.44	+4.5	-	1.38	
anet	208209	834630	23	-13.32	7.88	-4.5	-	1.69	
tfrrs	27077	5	109	-12.06	7.53	-4.5	-	1.61	
anet	205817	825409	13	+14.57	4.59	+4.5	-	0.98	
anet	136268	560743	20	+13.85	3.72	+4.5	-	0.80	
anet	226860	905461	18	+13.53	2.30	+4.5	-	0.49	
anet	137941	569704	61	-12.79	10.33	-4.5	FAN	2.21	
anet	207403	883503	89	+13.57	5.48	+4.5	-	1.17	
anet	269924	1074365	25	-14.15	10.34	-4.5	FAN	2.21	
anet	234457	937613	45	+15.39	11.09	+4.5	FAN	2.38	
tfrrs	20739	1	26	-13.74	9.52	-4.5	FAN	2.04	
anet	246858	979194	58	+14.53	9.57	+4.5	FAN	2.05	
tfrrs	26476	0	118	-11.84	4.44	-4.5	-	0.95	
tfrrs	24604	2	103	-12.19	8.76	-4.5	FAN	1.88	
anet	261259	1037160	47	-12.01	4.57	-4.5	-	0.98	
anet	179941	756808	16	+13.96	3.66	+4.5	-	0.78	
anet	161439	688904	13	+13.75	2.72	+4.5	-	0.58	
anet	120779	485320	77	-12.23	7.89	-4.5	-	1.69	
anet	200846	806149	25	-14.53	11.26	-4.5	FAN	2.41	
anet	198732	796373	41	-13.79	12.14	-4.5	FAN	2.60	
anet	64969	280531	44	-12.11	5.26	-4.5	-	1.13	
tfrrs	4666	3	20	-14.73	10.47	-4.5	FAN	2.24	
anet	161496	668496	20	-12.78	5.93	-4.5	-	1.27	
anet	150318	631000	64	+13.67	5.56	+4.5	-	1.19	
anet	118130	473837	31	+13.91	4.94	+4.5	-	1.06	
anet	200609	806266	31	-12.15	4.62	-4.5	-	0.99	
anet	184539	751404	22	+14.80	6.56	+4.5	-	1.40	
anet	212709	848722	40	-12.57	7.46	-4.5	-	1.60	
anet	130458	530931	261	-12.96	23.30	-4.5	FAN	4.99	
anet	139319	577947	76	-12.49	9.78	-4.5	FAN	2.10	
tfrrs	4153	7	40	-12.56	7.44	-4.5	-	1.59	
tfrrs	19911	2	28	-12.84	7.24	-4.5	-	1.55	
anet	108875	430569	74	-12.52	9.90	-4.5	FAN	2.12	
anet	105796	417075	37	-13.60	11.00	-4.5	FAN	2.36	
anet	51978	221318	33	-12.25	5.35	-4.5	-	1.15	
anet	176186	725191	121	-11.81	4.45	-4.5	-	0.95	
anet	165790	684375	37	-12.57	7.22	-4.5	-	1.55	
anet	94142	372480	39	-12.82	8.48	-4.5	FAN	1.82	
anet	215405	860065	72	-12.74	11.09	-4.5	FAN	2.37	
anet	186051	756111	15	-16.34	11.70	-4.5	FAN	2.51	
anet	140347	584206	60	-11.88	4.03	-4.5	-	0.86	
tfrrs	19419	3	189	-12.08	10.69	-4.5	FAN	2.29	
anet	118224	474247	41	+13.92	5.85	+4.5	-	1.25	
anet	94279	373064	78	-11.88	4.68	-4.5	-	1.00	
tfrrs	25855	4	28	-12.17	4.57	-4.5	-	0.98	
anet	72882	296982	20	+14.02	4.38	+4.5	-	0.94	
anet	215067	858086	38	-12.12	5.03	-4.5	-	1.08	
anet	227105	906229	16	-16.18	11.84	-4.5	FAN	2.54	
anet	247907	983955	75	+14.42	10.55	+4.5	FAN	2.26	
anet	96523	384528	13	-13.56	6.46	-4.5	-	1.38	
anet	36413	159400	33	-16.34	17.37	-4.5	FAN	3.72	
anet	9529	44613	159	+13.37	4.78	+4.5	-	1.02	
anet	174298	716021	33	-12.86	8.00	-4.5	-	1.71	
anet	203393	815709	29	+15.98	10.27	+4.5	FAN	2.20	
anet	51182	218096	17	+14.30	4.76	+4.5	-	1.02	
anet	38196	164411	18	-13.04	6.37	-4.5	-	1.36	
anet	81182	327268	40	-12.53	7.39	-4.5	-	1.58	
tfrrs	23064	3	121	-11.94	6.84	-4.5	-	1.46	
tfrrs	25361	2	51	-12.07	5.49	-4.5	-	1.18	
tfrrs	24784	6	87	-11.92	5.47	-4.5	-	1.17	
anet	235496	941935	116	+13.77	8.71	+4.5	FAN	1.87	
tfrrs	23460	1	92	-12.28	9.36	-4.5	FAN	2.00	
anet	106032	423817	109	-12.08	8.22	-4.5	-	1.76	
anet	45015	192602	52	-11.95	4.56	-4.5	-	0.98	
anet	120699	504914	21	+14.70	6.26	+4.5	-	1.34	OVERRIDE
anet	50941	217001	46	-12.67	8.62	-4.5	FAN	1.85	
anet	103514	409685	347	-11.77	6.17	-4.5	-	1.32	
anet	205781	825220	52	-12.84	9.97	-4.5	FAN	2.14	
anet	107552	424898	24	+18.83	13.87	+4.5	FAN	2.97	
anet	212886	870312	17	-14.04	8.42	-4.5	FAN	1.80	
anet	233246	931591	22	+15.04	7.18	+4.5	-	1.54	
anet	187957	762061	28	-12.56	6.32	-4.5	-	1.35	
anet	131150	554661	105	+13.46	5.31	+4.5	-	1.14	
anet	138575	573381	51	-12.27	6.90	-4.5	-	1.48	
anet	152797	641392	15	-13.41	6.65	-4.5	-	1.42	
anet	60911	267874	24	+16.88	10.91	+4.5	FAN	2.34	
tfrrs	16367	0	51	-12.78	9.61	-4.5	FAN	2.06	
anet	160867	666746	65	+13.79	6.70	+4.5	-	1.44	
anet	35906	155377	167	+13.54	7.91	+4.5	-	1.70	
tfrrs	13181	1	43	-12.08	5.19	-4.5	-	1.11	
anet	261579	1038317	41	-12.18	5.67	-4.5	-	1.22	
anet	84501	339043	113	-11.82	4.91	-4.5	-	1.05	
anet	153231	636923	90	-12.37	10.01	-4.5	FAN	2.14	
anet	112913	448178	16	-17.12	13.33	-4.5	FAN	2.85	
anet	196740	804672	24	+14.81	6.99	+4.5	-	1.50	
anet	181405	742742	50	-11.98	4.81	-4.5	-	1.03	
anet	216011	862114	15	+16.38	7.98	+4.5	-	1.71	
anet	37719	162535	16	-14.24	8.55	-4.5	FAN	1.83	
tfrrs	25370	3	15	-12.61	4.78	-4.5	-	1.02	
anet	111387	441266	25	-13.27	8.23	-4.5	-	1.76	
anet	110941	442959	70	-13.35	14.16	-4.5	FAN	3.03	
anet	207341	842473	42	-12.43	7.17	-4.5	-	1.53	
anet	274857	1098022	61	+13.75	6.27	+4.5	-	1.34	
anet	57977	256257	45	-12.13	5.72	-4.5	-	1.23	
anet	96981	386397	19	+15.05	6.71	+4.5	-	1.44	
anet	252316	1006008	36	+23.65	24.48	+4.5	FAN	5.24	
tfrrs	23438	3	76	-11.99	6.18	-4.5	-	1.32	
tfrrs	25930	2	19	-15.77	12.23	-4.5	FAN	2.62	
tfrrs	24739	1	15	-12.41	4.23	-4.5	-	0.91	
anet	247486	982119	17	-16.24	12.35	-4.5	FAN	2.65	
tfrrs	25616	3	83	-11.89	5.26	-4.5	-	1.13	
anet	255709	1016872	30	-12.72	7.21	-4.5	-	1.54	
anet	36142	156312	34	+13.71	4.58	+4.5	-	0.98	
anet	14253	64483	13	-14.82	8.69	-4.5	FAN	1.86	
anet	126581	512085	13	+14.26	4.15	+4.5	-	0.89	
anet	35241	152723	17	-12.86	5.80	-4.5	-	1.24	
anet	210465	856949	67	+14.20	9.17	+4.5	FAN	1.96	
tfrrs	24194	2	42	-12.04	4.95	-4.5	-	1.06	
anet	27455	119556	12	-11.82	1.69	-4.5	-	0.36	
anet	51349	218782	20	-13.22	7.28	-4.5	-	1.56	
anet	29609	128711	13	+14.70	5.00	+4.5	-	1.07	
anet	263166	1043975	54	+14.24	8.41	+4.5	FAN	1.80	
anet	27630	120300	48	+14.03	7.07	+4.5	-	1.51	
anet	41101	176393	161	+13.42	6.47	+4.5	-	1.39	
tfrrs	21087	1	112	-11.86	5.87	-4.5	-	1.26	
tfrrs	18773	0	18	+17.41	10.25	+4.5	FAN	2.20	OVERRIDE
anet	176624	735307	30	+15.51	9.54	+4.5	FAN	2.04	
anet	137789	568668	22	+14.08	4.95	+4.5	-	1.06	
anet	266114	1056694	25	-13.14	7.94	-4.5	-	1.70	
anet	147592	616135	167	-11.77	5.24	-4.5	-	1.12	
anet	224978	898858	13	-12.07	2.91	-4.5	-	0.62	
anet	56934	243632	12	+13.43	1.87	+4.5	-	0.40	
anet	14328	72400	12	+17.35	8.33	+4.5	-	1.78	
anet	110429	437203	39	+14.92	9.35	+4.5	FAN	2.00	
anet	113306	450107	21	-13.08	7.13	-4.5	-	1.53	
anet	196634	808273	101	+13.49	6.10	+4.5	-	1.31	
anet	57953	269338	78	-11.97	6.22	-4.5	-	1.33	
anet	34260	148852	165	-11.75	5.07	-4.5	-	1.09	
anet	113999	453395	18	+15.12	6.75	+4.5	-	1.45	
anet	138725	574178	26	+13.95	5.01	+4.5	-	1.07	OVERRIDE
anet	56679	242301	27	-12.41	5.80	-4.5	-	1.24	
anet	46421	198348	19	-12.28	4.43	-4.5	-	0.95	
anet	219144	877318	24	+18.77	13.89	+4.5	FAN	2.98	
tfrrs	3851	0	70	-11.85	4.72	-4.5	-	1.01	
anet	227353	907122	15	+13.42	2.10	+4.5	-	0.45	
tfrrs	25455	7	152	-12.17	11.34	-4.5	FAN	2.43	
anet	242468	966523	44	+13.88	6.21	+4.5	-	1.33	
anet	145303	609746	16	-13.61	7.42	-4.5	-	1.59	
anet	242648	967202	46	-11.86	3.98	-4.5	-	0.85	
anet	81621	323559	43	-12.33	6.93	-4.5	-	1.48	
anet	151066	626393	30	+14.83	8.04	+4.5	-	1.72	
anet	9130	42854	17	-13.29	6.94	-4.5	-	1.49	
anet	122234	515118	16	-12.83	5.67	-4.5	-	1.21	
anet	235119	940350	76	+14.01	8.98	+4.5	FAN	1.92	
anet	46620	199165	16	+16.27	8.19	+4.5	-	1.75	
anet	128518	522146	85	-11.70	2.84	-4.5	-	0.61	OVERRIDE
anet	3627	214220	46	-12.98	10.23	-4.5	FAN	2.19	
anet	149786	621772	63	-12.68	10.49	-4.5	FAN	2.25	
anet	251028	999509	23	+14.35	5.90	+4.5	-	1.26	
tfrrs	23376	1	116	-11.91	7.10	-4.5	-	1.52	
tfrrs	23064	5	116	-12.00	8.31	-4.5	-	1.78	
anet	61546	263855	39	-12.00	4.83	-4.5	-	1.04	
anet	26101	114041	20	-13.94	9.06	-4.5	FAN	1.94	
anet	121148	486927	31	-12.17	5.19	-4.5	-	1.11	
anet	264299	1058925	14	-14.28	8.19	-4.5	-	1.76	
anet	180201	736785	51	-11.98	5.41	-4.5	-	1.16	
anet	130366	530513	21	+13.91	4.48	+4.5	-	0.96	
anet	173614	738725	22	+15.96	9.11	+4.5	FAN	1.95	
anet	36246	156728	25	-12.26	5.08	-4.5	-	1.09	
tfrrs	23871	2	38	-14.38	13.81	-4.5	FAN	2.96	
anet	162890	672470	237	-11.74	6.55	-4.5	-	1.40	
anet	214802	856918	28	-13.71	10.16	-4.5	FAN	2.18	
anet	113063	448948	16	-12.60	5.12	-4.5	-	1.10	
anet	78252	343780	19	+13.50	2.87	+4.5	-	0.62	
anet	23007	101438	31	+14.44	7.20	+4.5	-	1.54	
tfrrs	19789	1	32	-12.32	6.07	-4.5	-	1.30	
tfrrs	13799	4	56	-12.00	5.86	-4.5	-	1.26	
anet	135775	558339	69	-11.87	5.29	-4.5	-	1.13	
anet	83518	328156	87	-11.71	3.60	-4.5	-	0.77	
anet	237450	949365	43	+13.72	5.61	+4.5	-	1.20	
anet	160475	665688	42	-12.02	5.29	-4.5	-	1.13	
anet	100945	397272	18	-12.37	4.75	-4.5	-	1.02	
tfrrs	21609	0	17	-12.86	5.98	-4.5	-	1.28	
anet	141594	592174	27	+14.34	6.47	+4.5	-	1.39	
tfrrs	7810	1	27	-14.17	11.17	-4.5	FAN	2.39	
anet	79779	315784	36	-12.26	6.19	-4.5	-	1.33	
anet	43956	189189	72	+13.30	3.84	+4.5	-	0.82	
anet	153130	636420	14	+15.50	6.64	+4.5	-	1.42	
anet	244727	984761	26	+14.30	6.23	+4.5	-	1.34	
anet	226962	905778	32	-12.63	7.40	-4.5	-	1.59	
anet	60114	278155	14	+17.25	8.97	+4.5	FAN	1.92	
anet	131448	554550	23	-12.67	6.41	-4.5	-	1.37	
anet	130665	531944	14	+14.43	4.85	+4.5	-	1.04	
tfrrs	6418	0	50	-11.93	5.12	-4.5	-	1.10	
anet	176382	752897	18	+14.39	5.41	+4.5	-	1.16	
anet	154731	645080	41	-11.88	4.28	-4.5	-	0.92	
tfrrs	23480	1	144	-11.83	7.17	-4.5	-	1.54	
anet	147719	629097	137	-12.58	14.97	-4.5	FAN	3.21	
tfrrs	21591	1	95	-11.97	7.50	-4.5	-	1.61	
anet	87102	345479	43	-12.35	7.29	-4.5	-	1.56	
anet	5258	25283	33	-11.94	4.24	-4.5	-	0.91	
anet	62815	270024	28	-12.57	6.76	-4.5	-	1.45	
tfrrs	26229	5	176	-11.69	5.04	-4.5	-	1.08	
tfrrs	25531	5	30	-12.03	4.60	-4.5	-	0.99	
anet	217473	869332	35	-12.07	5.22	-4.5	-	1.12	
anet	149243	620165	54	-12.21	7.38	-4.5	-	1.58	
tfrrs	26687	1	29	-12.94	8.16	-4.5	-	1.75	
tfrrs	9640	1	34	-12.11	5.33	-4.5	-	1.14	
anet	62522	269426	33	+13.89	5.71	+4.5	-	1.22	
tfrrs	20860	11	27	-12.37	5.87	-4.5	-	1.26	
anet	162420	714962	30	-12.18	5.39	-4.5	-	1.15	
anet	227428	936029	43	-12.49	8.00	-4.5	-	1.71	
anet	45674	195197	27	-13.34	9.06	-4.5	FAN	1.94	
anet	31840	168082	14	+14.54	5.09	+4.5	-	1.09	OVERRIDE
anet	224978	898856	25	-12.13	4.67	-4.5	-	1.00	
anet	99126	394629	62	+13.57	6.00	+4.5	-	1.29	
anet	218642	874747	14	-12.58	4.80	-4.5	-	1.03	
anet	16038	71814	14	+13.37	2.13	+4.5	-	0.46	
anet	45212	193267	60	-12.96	11.83	-4.5	FAN	2.53	
anet	191355	773278	94	-11.98	7.70	-4.5	-	1.65	
anet	193089	778692	64	+14.30	9.93	+4.5	FAN	2.13	
anet	79997	316742	23	-11.78	2.64	-4.5	-	0.57	
anet	117633	471672	62	-11.90	5.61	-4.5	-	1.20	
anet	271614	1082006	88	+15.05	15.01	+4.5	FAN	3.22	
anet	5995	28615	52	+14.73	10.49	+4.5	FAN	2.25	
anet	40341	173126	22	+13.82	4.47	+4.5	-	0.96	
anet	244205	973053	29	-12.53	6.78	-4.5	-	1.45	
anet	41410	177967	22	-12.49	5.75	-4.5	-	1.23	
anet	50027	213219	121	-12.12	10.27	-4.5	FAN	2.20	
tfrrs	21463	1	75	-12.61	11.36	-4.5	FAN	2.43	
tfrrs	26078	1	101	-11.97	7.96	-4.5	-	1.71	OVERRIDE
anet	48509	206899	13	-12.57	4.64	-4.5	-	0.99	
anet	62492	268491	17	-13.36	7.26	-4.5	-	1.55	
anet	59034	252692	28	+13.98	5.64	+4.5	-	1.21	
tfrrs	24738	2	28	-12.89	7.91	-4.5	-	1.70	
anet	102580	405379	71	-12.21	8.56	-4.5	FAN	1.83	
tfrrs	22909	1	15	-12.01	3.26	-4.5	-	0.70	
tfrrs	22351	0	20	-11.84	2.92	-4.5	-	0.63	
anet	159688	663540	102	-12.45	12.20	-4.5	FAN	2.61	
tfrrs	22859	7	17	-11.95	3.23	-4.5	-	0.69	
anet	141132	589243	48	-12.02	5.91	-4.5	-	1.27	
tfrrs	26839	1	75	-11.98	7.00	-4.5	-	1.50	
anet	125246	504340	16	+14.82	6.03	+4.5	-	1.29	OVERRIDE
anet	144283	605877	16	-13.77	7.90	-4.5	-	1.69	
anet	146817	644475	38	+15.84	11.89	+4.5	FAN	2.55	
anet	257917	1025161	22	-13.27	8.06	-4.5	-	1.73	
anet	45563	194743	190	-11.68	5.81	-4.5	-	1.24	
anet	135318	554400	41	-12.75	9.08	-4.5	FAN	1.94	
tfrrs	19357	2	59	-12.52	9.71	-4.5	FAN	2.08	
anet	147830	627702	45	-12.00	5.61	-4.5	-	1.20	
tfrrs	8368	1	15	+14.25	4.77	+4.5	-	1.02	
anet	264299	1058922	14	-12.77	5.35	-4.5	-	1.15	
tfrrs	26611	1	35	-12.03	5.13	-4.4	-	1.10	
anet	240658	981633	37	+13.63	5.10	+4.4	-	1.09	
anet	124936	502967	45	-12.12	6.41	-4.4	-	1.37	
anet	73916	300564	30	+14.08	6.22	+4.4	-	1.33	
anet	230848	928167	29	-12.62	7.21	-4.4	-	1.54	
anet	157048	654482	80	+14.11	10.33	+4.4	FAN	2.21	
tfrrs	20503	0	65	-11.79	4.95	-4.4	-	1.06	
tfrrs	24289	3	16	-11.98	3.32	-4.4	-	0.71	
anet	178670	730596	42	-12.29	7.17	-4.4	-	1.54	
anet	65555	283212	13	-11.70	1.74	-4.4	-	0.37	
anet	71641	293715	37	+16.22	12.65	+4.4	FAN	2.71	
anet	149677	634500	15	+15.13	6.42	+4.4	-	1.37	
anet	156931	654034	45	-12.49	8.41	-4.4	FAN	1.80	
anet	212078	862484	33	-12.27	6.26	-4.4	-	1.34	
tfrrs	25389	1	55	-13.14	12.29	-4.4	FAN	2.63	
anet	5996	28613	16	-11.93	3.14	-4.4	-	0.67	
anet	236513	963135	34	-12.52	7.44	-4.4	-	1.59	
anet	138288	571707	17	+17.24	10.01	+4.4	FAN	2.14	
anet	207403	883482	107	+13.21	4.58	+4.4	-	0.98	
tfrrs	24291	1	15	-12.94	5.99	-4.4	-	1.28	
anet	243853	972432	24	-13.11	8.06	-4.4	-	1.73	
anet	234375	937232	46	+14.49	9.31	+4.4	FAN	1.99	
anet	186310	756852	17	+14.79	6.25	+4.4	-	1.34	
anet	140347	584205	40	-12.06	5.81	-4.4	-	1.24	
tfrrs	19364	2	225	-11.61	5.09	-4.4	-	1.09	
anet	84293	331401	40	+15.57	11.67	+4.4	FAN	2.50	
anet	139330	578056	45	+14.32	8.67	+4.4	FAN	1.86	
anet	189428	766759	13	-13.23	6.19	-4.4	-	1.33	
anet	228509	914473	57	+13.29	4.24	+4.4	-	0.91	
anet	57463	278874	21	-14.91	11.57	-4.4	FAN	2.48	
anet	40348	173163	22	+13.54	3.76	+4.4	-	0.81	
tfrrs	23478	2	79	-12.19	9.24	-4.4	FAN	1.98	
anet	122050	490504	113	-11.64	4.34	-4.4	-	0.93	
tfrrs	25545	3	131	-11.66	5.18	-4.4	-	1.11	
anet	269830	1073843	51	+13.42	4.99	+4.4	-	1.07	
anet	37812	178263	60	-11.83	5.39	-4.4	-	1.15	
tfrrs	10896	3	23	-11.83	3.32	-4.4	-	0.71	
anet	231080	921971	87	+13.37	6.07	+4.4	-	1.30	OVERRIDE
anet	229826	916399	43	+13.62	5.64	+4.4	-	1.21	
anet	140399	584517	12	+17.70	8.94	+4.4	FAN	1.92	
anet	81124	337281	25	-12.40	6.01	-4.4	-	1.29	
anet	236477	945750	45	+14.13	8.00	+4.4	-	1.71	
anet	193918	781111	12	-15.29	9.32	-4.4	FAN	2.00	
anet	122198	491163	35	-12.21	6.27	-4.4	-	1.34	
anet	52325	222740	60	-12.03	7.01	-4.4	-	1.50	
anet	158779	660123	33	-12.28	6.41	-4.4	-	1.37	
anet	22720	100174	14	-12.17	3.86	-4.4	-	0.83	
anet	137289	565907	59	-12.12	7.64	-4.4	-	1.64	OVERRIDE
anet	208072	834569	31	+13.54	4.52	+4.4	-	0.97	
anet	243090	972803	21	-14.82	11.43	-4.4	FAN	2.45	
anet	47014	242181	109	-11.95	8.72	-4.4	FAN	1.87	
anet	144964	613578	144	+13.50	9.39	+4.4	FAN	2.01	
anet	75139	301160	44	-12.51	8.56	-4.4	FAN	1.83	
anet	219373	878276	26	+14.84	7.92	+4.4	-	1.70	
anet	19425	106707	39	-13.17	10.58	-4.4	FAN	2.27	
tfrrs	24495	1	24	-13.57	9.35	-4.4	FAN	2.00	
anet	65379	282329	38	+14.40	8.29	+4.4	-	1.77	
anet	244457	1001541	48	-12.63	9.50	-4.4	FAN	2.03	
anet	153212	636829	85	-12.16	9.48	-4.4	FAN	2.03	
anet	217926	871743	94	+13.37	6.47	+4.4	-	1.39	
anet	200329	810358	23	+13.92	5.20	+4.4	-	1.11	
anet	105892	426112	16	+16.28	8.49	+4.4	FAN	1.82	
anet	229590	915363	27	-12.85	7.86	-4.4	-	1.68	
anet	240421	960507	28	+15.40	9.49	+4.4	FAN	2.03	
anet	158995	661037	23	+15.09	7.99	+4.4	-	1.71	
tfrrs	8831	10	56	-11.67	3.77	-4.4	-	0.81	
tfrrs	19717	0	44	-11.82	4.71	-4.4	-	1.01	
anet	74976	300415	53	+13.36	4.88	+4.4	-	1.04	
anet	116891	468257	27	-13.37	9.40	-4.4	FAN	2.01	
anet	147733	634608	17	+13.82	4.25	+4.4	-	0.91	
tfrrs	16367	1	27	-11.83	3.78	-4.4	-	0.81	
tfrrs	25397	4	41	-11.86	4.90	-4.4	-	1.05	
anet	247633	982604	99	-11.90	8.03	-4.4	-	1.72	
anet	20855	92985	40	-12.31	7.37	-4.4	-	1.58	
anet	135140	553459	37	+13.88	6.51	+4.4	-	1.39	
tfrrs	22132	0	22	-11.96	4.09	-4.4	-	0.88	
anet	134973	552494	42	-11.74	4.00	-4.4	-	0.86	
anet	192080	775603	22	-13.64	9.18	-4.4	FAN	1.97	
tfrrs	19364	1	155	-11.60	5.11	-4.4	-	1.09	
anet	109136	431839	12	+13.28	2.09	+4.4	-	0.45	
tfrrs	4191	0	18	-14.68	10.37	-4.4	FAN	2.22	
anet	61685	264487	14	-12.02	3.48	-4.4	-	0.75	
tfrrs	6388	1	41	-11.81	4.56	-4.4	-	0.98	OVERRIDE
anet	32004	138971	86	+13.82	9.64	+4.4	FAN	2.06	
anet	241287	963132	109	+13.33	6.90	+4.4	-	1.48	
tfrrs	22138	1	13	+15.31	6.38	+4.4	-	1.37	
anet	112145	444634	18	+13.35	2.93	+4.4	-	0.63	
anet	182824	745973	27	+15.11	8.77	+4.4	FAN	1.88	
anet	152520	633180	21	-11.82	3.36	-4.4	-	0.72	
anet	215234	858836	28	+15.38	9.53	+4.4	FAN	2.04	
anet	161644	668899	16	+17.11	9.68	+4.4	FAN	2.07	
anet	127393	516757	28	+14.77	8.18	+4.4	-	1.75	
anet	230909	922148	12	+15.36	6.22	+4.4	-	1.33	
anet	50787	216405	12	-26.85	24.07	-4.4	FAN	5.16	
anet	267939	1064942	50	+13.59	6.31	+4.4	-	1.35	
anet	10606	55708	653	-11.52	6.19	-4.4	-	1.33	
anet	203977	818138	14	+15.92	7.53	+4.4	-	1.61	
tfrrs	24759	2	51	-11.61	3.29	-4.4	-	0.71	
anet	212032	847043	47	-12.34	8.26	-4.4	-	1.77	
tfrrs	27142	1	35	-12.20	6.47	-4.4	-	1.39	
anet	177388	725814	21	-12.70	6.62	-4.4	-	1.42	
anet	262758	1042530	18	+15.20	7.36	+4.4	-	1.58	
anet	35906	155390	170	+13.34	8.97	+4.4	FAN	1.92	
anet	192862	821018	26	+13.26	3.14	+4.4	-	0.67	
anet	33674	146287	51	+13.64	6.66	+4.4	-	1.43	
anet	211224	844174	25	+14.11	6.11	+4.4	-	1.31	
anet	147592	616136	87	-11.78	6.59	-4.4	-	1.41	
anet	153212	636827	36	-12.33	7.21	-4.4	-	1.54	
anet	4807	23156	38	-14.60	14.94	-4.4	FAN	3.20	
anet	253300	1011461	165	+13.20	7.13	+4.4	-	1.53	
anet	200609	806267	16	-12.34	4.83	-4.4	-	1.04	
anet	247046	985560	227	+13.09	6.18	+4.4	-	1.32	
tfrrs	13530	0	26	-14.83	12.87	-4.4	FAN	2.76	
tfrrs	22859	0	16	+15.14	6.86	+4.4	-	1.47	OVERRIDE
anet	232138	926418	58	+13.63	7.13	+4.4	-	1.53	
anet	30918	134226	15	-11.83	2.99	-4.4	-	0.64	
anet	15283	72680	81	-11.65	4.94	-4.4	-	1.06	
tfrrs	8798	1	55	-11.78	5.38	-4.4	-	1.15	
anet	5016	1039488	139	-11.74	8.02	-4.4	-	1.72	
anet	159761	665029	15	+15.00	6.44	+4.4	-	1.38	
anet	271031	1079422	12	+13.24	2.12	+4.4	-	0.45	
anet	163192	673577	33	+14.86	9.21	+4.4	FAN	1.97	
anet	105496	415658	116	-12.14	11.48	-4.4	FAN	2.46	
anet	159688	663539	28	-14.29	12.13	-4.4	FAN	2.60	
anet	216465	864358	25	-13.16	8.65	-4.4	FAN	1.85	
anet	63794	275110	24	-12.74	7.28	-4.4	-	1.56	
tfrrs	16262	0	45	-11.87	5.54	-4.4	-	1.19	
anet	246899	979451	18	-14.10	9.35	-4.4	FAN	2.00	
anet	147665	616251	21	-12.76	6.86	-4.4	-	1.47	
anet	115943	463493	128	-11.74	7.69	-4.4	-	1.65	
anet	30044	130581	17	-11.78	3.03	-4.4	-	0.65	
tfrrs	21338	2	189	-11.65	7.78	-4.4	-	1.67	
tfrrs	25581	0	123	-12.08	11.32	-4.4	FAN	2.42	
tfrrs	4153	8	29	-12.79	8.17	-4.4	-	1.75	
anet	241084	985267	15	-12.28	4.56	-4.4	-	0.98	
anet	238212	951977	51	-11.83	5.64	-4.4	-	1.21	
anet	114335	455165	12	-12.09	3.57	-4.4	-	0.76	
anet	109691	434215	125	-11.62	5.83	-4.4	-	1.25	
anet	139072	576362	61	+13.71	7.84	+4.4	-	1.68	
anet	233372	932230	18	+17.91	11.43	+4.4	FAN	2.45	
anet	80961	337115	12	+17.94	9.36	+4.4	FAN	2.01	OVERRIDE
tfrrs	24784	5	90	-11.76	6.81	-4.4	-	1.46	
tfrrs	26552	5	35	-12.11	6.22	-4.4	-	1.33	
anet	165061	681403	52	+13.69	7.18	+4.4	-	1.54	
anet	87574	349681	40	-12.65	9.08	-4.4	FAN	1.95	
tfrrs	23064	1	121	-11.70	7.10	-4.4	-	1.52	
anet	6310	30122	16	-14.23	9.08	-4.4	FAN	1.95	
anet	268735	1068618	48	+13.22	4.25	+4.4	-	0.91	
anet	258682	1032123	116	+13.15	5.81	+4.4	-	1.24	
anet	138729	576392	39	-12.12	6.63	-4.4	-	1.42	
anet	241092	962617	27	-12.08	5.36	-4.4	-	1.15	
anet	136589	561847	22	-14.53	11.32	-4.4	FAN	2.42	
anet	270242	1076154	83	+14.03	10.98	+4.4	FAN	2.35	
anet	1806	8537	16	+13.94	4.64	+4.4	-	0.99	
tfrrs	11128	0	24	-12.13	5.27	-4.4	-	1.13	
tfrrs	6065	6	12	-17.97	13.14	-4.4	FAN	2.81	
anet	117595	471501	38	-11.74	4.34	-4.4	-	0.93	
anet	112191	458870	46	-12.07	6.96	-4.4	-	1.49	
tfrrs	25457	0	136	-12.04	11.72	-4.4	FAN	2.51	
anet	50112	213546	46	+13.53	6.08	+4.4	-	1.30	
anet	21189	94218	13	+14.45	5.15	+4.4	-	1.10	
tfrrs	26021	1	23	-12.57	6.67	-4.4	-	1.43	
tfrrs	8566	2	28	-12.87	8.37	-4.4	-	1.79	
tfrrs	23931	0	126	-11.55	4.83	-4.4	-	1.03	
anet	234603	938183	21	+13.66	4.54	+4.4	-	0.97	
anet	108918	430774	147	-11.55	5.33	-4.4	-	1.14	
anet	219505	878981	84	+13.81	9.93	+4.4	FAN	2.13	
anet	4283	25068	186	+13.04	5.64	+4.4	-	1.21	
tfrrs	9791	5	44	-11.74	4.75	-4.4	-	1.02	
anet	36415	164906	28	-16.62	17.38	-4.4	FAN	3.72	
anet	266664	1059096	43	-14.45	15.61	-4.4	FAN	3.34	
tfrrs	19441	2	40	-12.02	6.30	-4.4	-	1.35	
anet	187850	761688	24	-14.21	11.11	-4.4	FAN	2.38	
anet	4706	22675	13	-12.48	4.83	-4.4	-	1.04	
anet	28067	122140	31	+12.99	1.87	+4.4	-	0.40	
anet	45685	222100	15	-12.88	6.15	-4.4	-	1.32	
anet	57575	246543	18	+13.24	2.78	+4.4	-	0.59	
anet	262031	1039860	47	+13.35	5.22	+4.4	-	1.12	
anet	240332	960061	30	+13.84	6.06	+4.4	-	1.30	
tfrrs	25412	4	110	-11.98	10.05	-4.4	FAN	2.15	
anet	145938	617864	81	-11.90	8.00	-4.4	-	1.71	
tfrrs	22807	0	13	-13.74	7.39	-4.4	-	1.58	
anet	165661	683690	66	+14.38	11.40	+4.4	FAN	2.44	
anet	215107	858266	60	+13.30	5.59	+4.4	-	1.20	
anet	75469	302838	32	+13.91	6.52	+4.4	-	1.40	
tfrrs	8831	4	73	-11.57	4.20	-4.4	-	0.90	
tfrrs	23137	0	19	-29.12	34.09	-4.4	FAN	7.30	
anet	80891	320483	45	-11.88	5.85	-4.4	-	1.25	
anet	254123	1023486	65	-12.08	8.50	-4.4	FAN	1.82	
tfrrs	13288	1	50	-11.63	4.16	-4.4	-	0.89	
anet	191341	786249	38	-12.38	7.90	-4.4	-	1.69	
anet	240486	960730	50	+13.54	6.53	+4.4	-	1.40	
anet	145902	611803	39	+14.64	9.55	+4.4	FAN	2.05	
anet	56480	276931	273	-11.48	5.54	-4.4	-	1.19	
anet	215067	858084	27	-11.88	4.58	-4.4	-	0.98	
tfrrs	13799	0	119	-11.50	4.10	-4.4	-	0.88	
anet	95004	376010	23	+15.49	9.06	+4.4	FAN	1.94	
anet	269709	1073229	23	+13.19	3.00	+4.4	-	0.64	
tfrrs	25487	0	60	-12.24	9.15	-4.4	FAN	1.96	
anet	96250	383390	34	-13.27	10.60	-4.4	FAN	2.27	
anet	262001	1068491	33	+13.40	4.68	+4.4	-	1.00	
anet	244722	974363	34	+13.70	6.03	+4.4	-	1.29	
anet	57434	267709	31	-13.36	10.39	-4.4	FAN	2.23	
anet	235119	940352	57	+14.68	11.72	+4.4	FAN	2.51	
tfrrs	21394	1	72	-12.93	13.84	-4.4	FAN	2.96	
tfrrs	23519	8	46	-11.53	3.01	-4.4	-	0.64	
tfrrs	20761	0	31	-12.40	7.23	-4.4	-	1.55	
anet	51905	221047	13	+23.29	14.97	+4.4	FAN	3.21	
anet	241947	965143	15	+18.71	11.43	+4.4	FAN	2.45	
anet	153248	637046	61	+13.36	6.20	+4.4	-	1.33	
anet	99131	398659	15	+13.91	4.52	+4.4	-	0.97	
tfrrs	9733	1	32	-12.60	8.13	-4.4	-	1.74	
anet	208886	836739	44	-11.86	5.78	-4.4	-	1.24	
tfrrs	8831	2	59	-11.56	3.95	-4.4	-	0.85	
anet	140621	589420	49	+13.32	5.37	+4.4	-	1.15	
anet	110991	439526	28	-12.22	6.23	-4.4	-	1.33	
anet	142038	594614	33	-12.05	6.02	-4.4	-	1.29	
anet	152303	632055	99	+13.35	7.86	+4.4	-	1.68	
anet	21910	96856	21	+15.04	7.88	+4.4	-	1.69	
anet	222395	889884	91	+13.42	8.08	+4.4	-	1.73	
anet	56934	243631	32	+13.43	4.86	+4.4	-	1.04	
anet	111532	441879	26	-13.38	9.60	-4.4	FAN	2.06	
tfrrs	24734	0	25	-16.46	16.19	-4.4	FAN	3.47	
anet	137789	568670	17	+13.38	3.36	+4.4	-	0.72	
tfrrs	14365	3	62	-11.63	4.91	-4.4	-	1.05	
tfrrs	26733	1	27	-11.69	3.62	-4.4	-	0.77	
anet	78218	309229	64	-12.17	9.15	-4.4	FAN	1.96	
anet	210239	856209	29	+15.41	10.07	+4.4	FAN	2.16	
anet	151818	629730	35	+13.06	3.02	+4.4	-	0.65	
anet	150826	625585	40	-12.08	6.78	-4.4	-	1.45	
anet	109691	434213	57	-12.23	8.98	-4.4	FAN	1.92	
anet	206728	833430	22	+13.80	5.23	+4.4	-	1.12	
anet	146612	614783	90	-11.77	7.48	-4.4	-	1.60	
anet	110991	439524	77	-11.68	6.09	-4.4	-	1.30	
tfrrs	22476	1	37	-11.70	4.35	-4.4	-	0.93	
anet	10606	55709	465	-11.43	5.85	-4.4	-	1.25	
anet	232102	927671	15	+14.18	5.15	+4.4	-	1.10	
anet	4704	22661	26	+13.08	2.75	+4.4	-	0.59	
anet	243091	968655	13	-18.59	14.61	-4.4	FAN	3.13	
anet	117595	471503	30	-12.15	6.21	-4.4	-	1.33	
anet	211144	844038	102	+13.52	9.46	+4.4	FAN	2.03	
anet	164815	680205	16	+23.85	17.19	+4.4	FAN	3.68	
anet	63311	275341	38	-12.14	6.96	-4.4	-	1.49	
anet	209965	840424	32	-13.27	10.38	-4.4	FAN	2.22	
anet	111996	443953	51	-12.47	9.76	-4.4	FAN	2.09	
anet	222795	891393	79	+12.93	2.93	+4.4	-	0.63	
anet	268685	1068261	46	+12.91	1.90	+4.4	-	0.41	
anet	229725	933795	34	+13.40	4.97	+4.4	-	1.06	
anet	172666	716829	34	-12.85	9.35	-4.4	FAN	2.00	
anet	162185	670443	20	+15.20	8.03	+4.4	-	1.72	
anet	164041	676834	34	-12.89	9.48	-4.4	FAN	2.03	
tfrrs	9921	1	33	-11.91	5.42	-4.4	-	1.16	
anet	166484	687646	63	-11.87	7.18	-4.4	-	1.54	
anet	250348	995868	79	+13.39	7.49	+4.4	-	1.61	
anet	161496	668497	21	-13.31	8.53	-4.4	FAN	1.83	
anet	164067	676920	41	-12.10	7.05	-4.4	-	1.51	
anet	235851	943452	21	+13.87	5.34	+4.4	-	1.14	
anet	213556	857836	44	+13.75	7.28	+4.4	-	1.56	
anet	250234	999403	46	-12.90	11.10	-4.4	FAN	2.38	OVERRIDE
anet	49726	211906	73	-12.43	11.49	-4.4	FAN	2.46	
anet	218620	874650	31	+13.36	4.58	+4.4	-	0.98	
anet	235482	941859	121	+13.41	9.47	+4.4	FAN	2.03	
anet	153045	636030	34	+18.40	16.80	+4.4	FAN	3.60	
anet	253472	1012210	81	+13.15	5.72	+4.4	-	1.23	
anet	118689	503396	22	+18.47	13.60	+4.4	FAN	2.91	
anet	247500	982185	21	-12.47	6.27	-4.4	-	1.34	
anet	140558	585564	14	+15.08	6.55	+4.4	-	1.40	
anet	104780	412111	18	+14.64	6.62	+4.4	-	1.42	
tfrrs	8831	0	80	-11.43	2.81	-4.4	-	0.60	
anet	178920	731542	17	-12.43	5.55	-4.4	-	1.19	
anet	201658	810556	14	+17.00	9.17	+4.4	FAN	1.96	
anet	264962	1051981	35	+13.14	3.77	+4.4	-	0.81	
anet	196776	789112	16	-13.44	7.72	-4.4	-	1.65	
tfrrs	23453	0	58	+13.09	4.41	+4.4	-	0.95	OVERRIDE
tfrrs	23958	0	47	-11.51	3.27	-4.4	-	0.70	
anet	141097	592127	13	+15.38	6.76	+4.4	-	1.45	
anet	203263	814923	32	+12.99	2.64	+4.4	-	0.57	
anet	205817	825408	25	+15.63	9.87	+4.4	FAN	2.12	
anet	227576	907855	12	-14.61	8.63	-4.4	FAN	1.85	
anet	161011	667156	18	-13.56	8.47	-4.4	FAN	1.82	
anet	201319	810189	44	+15.07	11.63	+4.4	FAN	2.49	
anet	56157	239957	20	-13.24	8.20	-4.4	-	1.76	
anet	249902	993584	133	-11.45	4.34	-4.4	-	0.93	
anet	102775	405941	30	+15.28	10.09	+4.4	FAN	2.16	
anet	227739	915733	15	-15.39	10.96	-4.4	FAN	2.35	
anet	229545	915106	68	-11.78	6.90	-4.4	-	1.48	
anet	191362	773339	25	-12.44	6.81	-4.4	-	1.46	
tfrrs	26219	1	61	-11.51	3.94	-4.4	-	0.84	
anet	268685	1068260	103	+12.87	2.92	+4.4	-	0.62	
anet	197912	793098	42	-12.60	9.50	-4.4	FAN	2.04	
anet	204733	821218	12	+15.91	7.22	+4.4	-	1.55	
anet	260520	1034381	102	+13.21	7.31	+4.4	-	1.57	
tfrrs	27153	0	56	-11.55	4.30	-4.4	-	0.92	
anet	49319	210310	12	-13.07	6.05	-4.4	-	1.30	
tfrrs	18702	0	31	-11.51	2.87	-4.4	-	0.61	
anet	213399	851495	81	-11.91	8.74	-4.4	FAN	1.87	
anet	175079	718048	25	-13.34	9.45	-4.4	FAN	2.02	
anet	99129	392239	55	-11.81	6.46	-4.4	-	1.38	
anet	241092	962620	13	-13.42	6.97	-4.4	-	1.49	
anet	196622	788679	28	+13.45	4.85	+4.4	-	1.04	
anet	227485	940313	23	+13.06	2.75	+4.4	-	0.59	
anet	204170	819019	50	+12.98	3.44	+4.4	-	0.74	
anet	111666	442427	65	-11.48	3.77	-4.4	-	0.81	
anet	245299	976632	16	+14.91	6.78	+4.4	-	1.45	
anet	112689	447054	19	-12.30	5.57	-4.4	-	1.19	
anet	194685	783372	62	+12.89	2.73	+4.4	-	0.59	
tfrrs	26358	0	35	+13.10	3.70	+4.4	-	0.79	OVERRIDE
anet	39381	169049	23	+13.58	4.87	+4.4	-	1.04	
tfrrs	25553	1	28	-12.99	9.02	-4.4	FAN	1.93	
tfrrs	22476	0	43	-11.91	6.41	-4.4	-	1.37	
tfrrs	23438	0	38	-11.81	5.45	-4.4	-	1.17	
anet	40524	173889	30	-11.63	3.76	-4.4	-	0.81	
anet	137782	568625	28	+13.02	2.85	+4.4	-	0.61	
tfrrs	11640	3	12	-14.74	8.87	-4.4	FAN	1.90	
anet	178854	731348	42	+14.10	8.58	+4.4	FAN	1.84	
anet	124401	502251	55	-12.00	7.79	-4.4	-	1.67	
anet	65379	282330	28	+13.75	5.94	+4.4	-	1.27	
anet	144065	605096	44	-12.41	8.99	-4.4	FAN	1.93	
anet	106822	445981	25	-12.03	5.38	-4.4	-	1.15	
anet	150237	639201	91	-11.64	6.80	-4.4	-	1.46	
anet	176773	734576	44	-12.04	7.24	-4.4	-	1.55	
anet	162927	672609	44	-12.84	10.80	-4.4	FAN	2.31	
anet	192458	776797	55	+12.96	3.59	+4.4	-	0.77	
anet	243955	972347	92	+13.19	6.95	+4.4	-	1.49	
anet	257384	1022769	37	+13.96	7.62	+4.4	-	1.63	
anet	200011	801970	12	-14.72	8.84	-4.4	FAN	1.89	
anet	139334	578078	29	+15.38	10.22	+4.4	FAN	2.19	
tfrrs	24291	0	15	-11.58	2.49	-4.4	-	0.53	
anet	141097	592126	25	+14.02	6.42	+4.4	-	1.38	
tfrrs	23459	0	135	-11.77	9.99	-4.4	FAN	2.14	
anet	31430	136448	26	-13.23	9.40	-4.4	FAN	2.01	
anet	102580	405380	28	-12.08	5.98	-4.4	-	1.28	
anet	108595	429343	93	-11.83	8.81	-4.4	FAN	1.89	
anet	197914	793108	35	-11.87	5.64	-4.4	-	1.21	
anet	46122	196991	13	+15.98	7.66	+4.4	-	1.64	
anet	168903	698569	98	-11.45	4.50	-4.3	-	0.96	
anet	10481	51505	20	-15.40	12.74	-4.3	FAN	2.73	
anet	270701	1078234	55	+13.54	7.49	+4.3	-	1.61	
anet	105993	418083	31	-11.98	5.86	-4.3	-	1.26	
anet	107316	423923	20	+13.29	3.72	+4.3	-	0.80	
anet	209992	870500	57	-11.77	6.57	-4.3	-	1.41	
anet	258501	1026812	23	-14.36	11.53	-4.3	FAN	2.47	
tfrrs	8148	3	120	-11.44	4.93	-4.3	-	1.06	
tfrrs	22859	3	13	-12.50	5.17	-4.3	-	1.11	
anet	59169	278379	109	-11.43	4.70	-4.3	-	1.01	
anet	45685	222102	17	-11.75	3.53	-4.3	-	0.76	
anet	172931	712438	34	+13.38	5.31	+4.3	-	1.14	
anet	153122	636383	19	-12.35	5.85	-4.3	-	1.25	
anet	134179	548103	129	+13.31	9.79	+4.3	FAN	2.10	
anet	60778	260429	15	-14.31	9.25	-4.3	FAN	1.98	
tfrrs	20413	3	61	-11.94	8.10	-4.3	-	1.73	
anet	218331	873317	46	+14.33	9.92	+4.3	FAN	2.12	
anet	237262	948663	38	-12.39	8.44	-4.3	FAN	1.81	
anet	145733	634873	17	-12.97	7.10	-4.3	-	1.52	
anet	112429	445889	15	-13.88	8.48	-4.3	FAN	1.82	
anet	130201	556959	157	-12.21	15.63	-4.3	FAN	3.35	
tfrrs	26138	1	47	-11.42	3.11	-4.3	-	0.67	
anet	101217	398663	43	-11.68	5.21	-4.3	-	1.12	
anet	151494	628343	33	+13.56	5.99	+4.3	-	1.28	
anet	135900	557966	19	-15.75	13.11	-4.3	FAN	2.81	
anet	133567	545085	17	-15.11	11.31	-4.3	FAN	2.42	
anet	36583	158106	22	-12.85	7.78	-4.3	-	1.67	
tfrrs	23372	1	84	-11.69	7.41	-4.3	-	1.59	
anet	134914	562347	17	-12.79	6.68	-4.3	-	1.43	
anet	78285	309519	19	+12.82	1.41	+4.3	-	0.30	
anet	50693	216046	91	-12.34	12.81	-4.3	FAN	2.74	
anet	62974	274207	34	-14.60	14.71	-4.3	FAN	3.15	
anet	128506	522091	21	-12.90	7.72	-4.3	-	1.65	
tfrrs	19364	6	208	-11.40	5.98	-4.3	-	1.28	
anet	222051	888633	22	-12.71	7.39	-4.3	-	1.58	
anet	213098	850061	27	-12.19	6.44	-4.3	-	1.38	
anet	266663	1059101	12	-12.14	4.17	-4.3	-	0.89	
anet	73916	299118	22	+14.49	7.24	+4.3	-	1.55	
anet	268685	1068259	46	+12.87	2.92	+4.3	-	0.63	
anet	156194	651272	46	-13.48	13.54	-4.3	FAN	2.90	
anet	231848	924834	40	-11.81	5.93	-4.3	-	1.27	
anet	239751	957631	33	+13.74	6.65	+4.3	-	1.42	
anet	243952	971803	24	-13.62	10.14	-4.3	FAN	2.17	
tfrrs	10438	3	48	+13.03	4.39	+4.3	-	0.94	OVERRIDE
tfrrs	24349	0	44	-11.41	2.99	-4.3	-	0.64	
tfrrs	14365	2	56	-11.47	4.11	-4.3	-	0.88	
tfrrs	11125	1	22	-12.27	6.09	-4.3	-	1.30	
tfrrs	25007	9	133	-11.36	4.11	-4.3	-	0.88	
anet	228210	910202	18	+17.27	10.97	+4.3	FAN	2.35	
anet	57658	258044	26	+12.95	2.76	+4.3	-	0.59	
anet	211826	846407	27	-11.56	3.52	-4.3	-	0.75	
anet	75443	302703	24	+13.22	3.96	+4.3	-	0.85	
tfrrs	19340	2	126	-11.53	7.10	-4.3	-	1.52	
anet	144493	636997	32	+13.40	5.38	+4.3	-	1.15	
anet	224998	898930	68	-12.37	11.31	-4.3	FAN	2.42	
anet	13417	61043	14	+13.14	2.78	+4.3	-	0.60	
anet	116224	506113	22	-13.85	10.25	-4.3	FAN	2.20	
tfrrs	22704	1	64	-11.40	3.57	-4.3	-	0.77	
anet	153334	637637	30	-12.55	8.16	-4.3	-	1.75	
tfrrs	17231	3	48	-11.50	4.21	-4.3	-	0.90	
anet	112429	451625	15	-12.35	5.27	-4.3	-	1.13	
anet	176186	725196	94	-11.47	5.46	-4.3	-	1.17	
tfrrs	13808	0	22	-11.57	3.29	-4.3	-	0.70	
anet	162420	753266	34	-11.57	4.10	-4.3	-	0.88	
anet	60762	260343	25	-11.73	4.36	-4.3	-	0.93	
anet	140529	585397	62	+13.36	7.30	+4.3	-	1.56	
tfrrs	24495	0	41	-12.68	10.06	-4.3	FAN	2.15	
anet	263368	1045004	13	-16.31	11.71	-4.3	FAN	2.51	
anet	3627	214212	31	-12.24	7.17	-4.3	-	1.54	
anet	155274	651142	37	+13.07	4.20	+4.3	-	0.90	
anet	174504	716683	30	+13.23	4.53	+4.3	-	0.97	
anet	80936	320694	22	+13.39	4.45	+4.3	-	0.95	
anet	254490	1016159	34	+13.85	7.22	+4.3	-	1.55	
anet	163182	673546	14	+14.41	5.69	+4.3	-	1.22	
anet	223567	893961	14	-12.64	5.80	-4.3	-	1.24	
anet	235479	941852	145	+13.07	8.31	+4.3	-	1.78	
anet	56921	243570	118	-11.47	6.31	-4.3	-	1.35	
anet	44253	190371	40	+13.46	6.31	+4.3	-	1.35	OVERRIDE
anet	124936	502968	126	-11.38	4.90	-4.3	-	1.05	
anet	179941	756807	34	+12.94	3.27	+4.3	-	0.70	
anet	90397	356907	104	-11.36	3.95	-4.3	-	0.85	
anet	110223	453667	12	+14.00	4.58	+4.3	-	0.98	
anet	228509	915319	71	-11.77	7.77	-4.3	-	1.66	
anet	235851	943451	29	+14.61	8.72	+4.3	FAN	1.87	
anet	107372	424173	61	-11.37	3.33	-4.3	-	0.71	
anet	248668	987538	32	+14.04	7.63	+4.3	-	1.63	
anet	134967	552468	41	+13.16	5.02	+4.3	-	1.08	
tfrrs	22308	5	104	-11.55	7.07	-4.3	-	1.51	
anet	33491	145475	25	-12.25	6.52	-4.3	-	1.40	
anet	141472	591415	51	+13.71	8.33	+4.3	-	1.78	
tfrrs	25779	0	86	-11.67	7.71	-4.3	-	1.65	
anet	19701	87840	34	+12.86	2.75	+4.3	-	0.59	
anet	101665	400513	20	-12.13	5.48	-4.3	-	1.17	
anet	210108	840815	60	+13.30	6.95	+4.3	-	1.49	
anet	200379	803821	49	+14.06	9.53	+4.3	FAN	2.04	
anet	193525	816446	25	+14.12	6.98	+4.3	-	1.50	
anet	125689	506997	32	+13.04	3.89	+4.3	-	0.83	
anet	58236	249307	63	-11.78	7.46	-4.3	-	1.60	
anet	149668	637078	12	-11.85	3.49	-4.3	-	0.75	
anet	20840	103111	39	-12.37	8.73	-4.3	FAN	1.87	
anet	156595	652732	43	+16.34	15.07	+4.3	FAN	3.23	
anet	228246	910307	92	-11.54	6.72	-4.3	-	1.44	
anet	139409	578469	35	+13.58	6.50	+4.3	-	1.39	
anet	115943	463491	140	-11.41	6.05	-4.3	-	1.30	
anet	262560	1041851	39	+13.66	7.17	+4.3	-	1.54	
anet	105765	416910	17	-14.18	9.73	-4.3	FAN	2.08	
anet	242414	966393	138	-11.36	5.11	-4.3	-	1.10	
anet	127716	518225	19	+13.28	3.91	+4.3	-	0.84	
tfrrs	21767	0	21	-14.69	11.88	-4.3	FAN	2.54	
anet	163743	675782	61	+12.91	4.42	+4.3	-	0.95	
anet	147830	627701	77	-11.38	4.11	-4.3	-	0.88	
anet	271782	1082801	134	+13.08	8.57	+4.3	FAN	1.84	
anet	174045	717332	28	-12.74	8.62	-4.3	FAN	1.85	
anet	257267	1022444	16	-13.32	7.78	-4.3	-	1.67	
tfrrs	19419	1	224	-11.38	7.25	-4.3	-	1.55	
anet	161224	667769	74	-12.20	11.04	-4.3	FAN	2.37	
anet	121389	487887	16	-11.76	3.77	-4.3	-	0.81	
anet	74976	300414	43	-11.38	3.21	-4.3	-	0.69	
anet	94502	373981	20	-12.29	6.04	-4.3	-	1.29	
anet	239304	955975	37	-12.50	9.03	-4.3	FAN	1.93	
tfrrs	20741	2	54	-11.55	5.35	-4.3	-	1.15	
anet	222442	912721	12	+22.31	13.89	+4.3	FAN	2.98	
anet	240944	962129	107	+12.96	6.54	+4.3	-	1.40	
anet	11244	51689	33	-11.41	3.12	-4.3	-	0.67	
anet	41516	178375	12	+13.53	3.75	+4.3	-	0.80	
anet	112445	445944	32	+16.62	13.59	+4.3	FAN	2.91	
anet	235484	941867	76	+13.82	10.94	+4.3	FAN	2.34	
anet	251453	1001659	18	+13.24	3.73	+4.3	-	0.80	
anet	112848	447921	20	-12.39	6.37	-4.3	-	1.37	
anet	157171	654973	36	-12.65	9.52	-4.3	FAN	2.04	
anet	134850	551906	38	+14.30	9.24	+4.3	FAN	1.98	OVERRIDE
tfrrs	26370	1	153	-11.36	5.77	-4.3	-	1.24	
anet	6943	32860	49	-12.18	8.96	-4.3	FAN	1.92	
anet	142689	598167	31	+13.18	4.69	+4.3	-	1.00	
anet	221295	885660	15	+14.04	5.31	+4.3	-	1.14	
anet	180401	737700	18	+14.26	6.29	+4.3	-	1.35	
anet	243952	971801	40	-12.48	9.38	-4.3	FAN	2.01	
anet	114789	457617	32	-13.02	10.18	-4.3	FAN	2.18	
anet	112192	444855	14	-16.75	12.90	-4.3	FAN	2.76	
anet	157223	655157	40	-11.95	7.03	-4.3	-	1.51	
anet	190885	796845	60	-12.05	9.22	-4.3	FAN	1.98	
anet	1883	8893	53	-11.36	3.56	-4.3	-	0.76	
anet	206495	832856	129	-11.70	10.26	-4.3	FAN	2.20	
anet	185000	752778	45	+12.86	3.58	+4.3	-	0.77	
anet	39864	171040	61	-11.81	7.83	-4.3	-	1.68	
tfrrs	21937	3	21	-11.88	4.85	-4.3	-	1.04	
anet	105468	431324	21	-11.59	3.62	-4.3	-	0.77	
tfrrs	26749	2	49	-11.47	4.52	-4.3	-	0.97	
anet	250745	998001	32	+12.98	3.78	+4.3	-	0.81	
anet	37111	160184	26	-13.45	10.35	-4.3	FAN	2.22	
anet	151275	627149	66	-12.33	11.31	-4.3	FAN	2.42	
anet	147777	645790	74	+13.14	7.05	+4.3	-	1.51	
anet	216180	863133	62	-11.38	4.16	-4.3	-	0.89	
anet	251428	1001522	19	+14.05	6.04	+4.3	-	1.29	
anet	84776	333449	94	-11.87	10.21	-4.3	FAN	2.19	
anet	212089	847144	14	-13.66	7.99	-4.3	-	1.71	
anet	170368	712917	51	-11.89	7.66	-4.3	-	1.64	
anet	200846	806150	20	-13.90	10.07	-4.3	FAN	2.16	
anet	115453	461042	16	-12.34	5.61	-4.3	-	1.20	
anet	110003	435498	13	-12.05	4.32	-4.3	-	0.92	
anet	269830	1073844	14	+13.63	4.34	+4.3	-	0.93	
anet	160288	665344	22	+17.22	12.24	+4.3	FAN	2.62	
anet	95844	380706	72	+12.95	5.55	+4.3	-	1.19	
anet	110436	437207	14	-20.13	17.68	-4.3	FAN	3.79	
anet	112705	447133	53	-12.33	10.16	-4.3	FAN	2.18	
tfrrs	23949	2	22	-13.13	8.75	-4.3	FAN	1.87	
anet	234605	938186	29	+13.37	5.36	+4.3	-	1.15	
anet	106410	420022	22	-11.68	4.20	-4.3	-	0.90	
anet	149716	621454	86	-11.63	7.84	-4.3	-	1.68	
tfrrs	20741	7	15	-11.63	3.27	-4.3	-	0.70	
anet	165530	683668	12	-11.39	1.93	-4.3	-	0.41	
anet	239785	977510	112	-11.81	10.74	-4.3	FAN	2.30	
anet	155022	646481	52	+13.75	8.92	+4.3	FAN	1.91	
anet	206468	827541	20	+13.05	3.38	+4.3	-	0.72	
anet	148217	628421	26	-11.78	5.08	-4.3	-	1.09	
anet	161103	667462	14	+14.34	5.76	+4.3	-	1.23	
anet	44352	190671	85	+12.68	2.86	+4.3	-	0.61	
tfrrs	15462	3	145	-11.25	3.72	-4.3	-	0.80	
anet	52512	223481	18	-13.26	8.25	-4.3	-	1.77	
anet	94208	372772	33	-11.75	5.59	-4.3	-	1.20	
anet	198468	795051	34	-13.27	11.35	-4.3	FAN	2.43	
anet	232223	926830	55	+13.49	8.04	+4.3	-	1.72	
anet	160805	666637	16	+13.14	3.35	+4.3	-	0.72	
anet	227902	909015	25	-11.92	5.58	-4.3	-	1.20	
anet	223531	926477	31	+14.26	8.37	+4.3	-	1.79	
anet	179115	735066	26	+13.06	3.95	+4.3	-	0.85	
anet	214280	854875	44	-11.69	6.09	-4.3	-	1.30	
tfrrs	20387	2	58	-12.00	8.97	-4.3	FAN	1.92	
anet	54333	231416	29	-13.30	10.59	-4.3	FAN	2.27	
anet	12137	55510	18	-11.66	3.79	-4.3	-	0.81	
anet	266919	1066689	41	-12.28	8.83	-4.3	FAN	1.89	
tfrrs	21260	0	139	-11.39	6.87	-4.3	-	1.47	
anet	212548	856412	62	-12.25	10.70	-4.3	FAN	2.29	
anet	214083	854054	57	+14.43	11.98	+4.3	FAN	2.57	
anet	125479	505683	138	+12.89	7.23	+4.3	-	1.55	
anet	110950	439371	14	-11.87	4.05	-4.3	-	0.87	
anet	140224	583439	17	-14.20	9.91	-4.3	FAN	2.12	
tfrrs	20010	0	46	-11.64	5.97	-4.3	-	1.28	
anet	42323	182103	63	-12.11	10.04	-4.3	FAN	2.15	
anet	18433	82432	42	+14.55	10.64	+4.3	FAN	2.28	
anet	32500	140973	88	+12.68	3.22	+4.3	-	0.69	
anet	181549	741871	17	+15.78	8.82	+4.3	FAN	1.89	
anet	153854	640871	28	+20.69	19.18	+4.3	FAN	4.11	
tfrrs	26104	1	116	-11.46	7.41	-4.3	-	1.59	
anet	131598	536349	36	-11.48	4.22	-4.3	-	0.90	
anet	149337	623384	21	-13.64	9.82	-4.3	FAN	2.10	
anet	239833	957997	30	-12.01	6.53	-4.3	-	1.40	
anet	208886	836741	59	-11.52	5.81	-4.3	-	1.24	
anet	151171	626660	47	+13.44	7.31	+4.3	-	1.57	OVERRIDE
anet	239607	957003	38	+13.63	7.30	+4.3	-	1.56	
anet	124454	500541	56	-11.65	6.66	-4.3	-	1.43	
anet	121901	490333	16	+14.73	6.90	+4.3	-	1.48	
anet	205154	822599	73	-11.61	7.25	-4.3	-	1.55	
anet	87422	346981	17	+13.65	4.93	+4.3	-	1.06	
tfrrs	26699	0	32	-11.53	4.38	-4.3	-	0.94	OVERRIDE
anet	4775	23000	24	-13.75	10.77	-4.3	FAN	2.31	
tfrrs	20741	0	26	+14.28	7.79	+4.3	-	1.67	OVERRIDE
anet	62656	269253	37	+13.09	4.95	+4.3	-	1.06	
anet	147859	624271	12	-18.43	14.26	-4.3	FAN	3.05	
anet	269699	1073196	262	+12.78	8.24	+4.3	-	1.76	
anet	235499	941944	106	+13.06	8.14	+4.3	-	1.74	
anet	97428	388226	32	-12.98	10.22	-4.3	FAN	2.19	
anet	11202	51537	20	+15.51	9.12	+4.3	FAN	1.95	
anet	200918	807076	15	+13.66	4.67	+4.3	-	1.00	
anet	42420	182574	24	-11.40	3.02	-4.3	-	0.65	
anet	252315	1006012	53	+12.93	4.96	+4.3	-	1.06	
anet	256947	1027575	23	-12.36	6.93	-4.3	-	1.48	
anet	75542	303195	14	+13.28	3.61	+4.3	-	0.77	
anet	90956	358726	12	-15.47	10.26	-4.3	FAN	2.20	
anet	262013	1039825	19	-12.84	7.53	-4.3	-	1.61	
anet	118851	477051	49	+14.68	11.96	+4.3	FAN	2.56	
anet	131150	601229	151	+12.72	5.31	+4.3	-	1.14	
anet	63860	275414	14	+13.49	4.13	+4.3	-	0.89	
anet	20840	92928	132	+20.00	39.59	+4.3	FAN	8.48	
tfrrs	24758	0	22	+13.84	6.13	+4.3	-	1.31	
anet	52503	223447	45	-12.66	10.93	-4.3	FAN	2.34	
anet	207697	832774	16	+14.09	5.76	+4.3	-	1.23	
anet	107316	423922	28	+13.03	4.15	+4.3	-	0.89	
tfrrs	19454	5	132	-11.76	11.57	-4.3	FAN	2.48	
anet	142082	594843	21	+15.80	9.89	+4.3	FAN	2.12	
anet	151912	636972	17	+16.68	10.16	+4.3	FAN	2.18	
tfrrs	23482	2	135	-11.50	8.77	-4.3	FAN	1.88	
anet	50115	213557	19	-12.22	5.93	-4.3	-	1.27	
anet	163490	674495	59	-11.78	7.91	-4.3	-	1.69	
anet	234760	939248	150	-11.29	5.67	-4.3	-	1.21	
anet	235721	942895	116	+12.88	6.97	+4.3	-	1.49	
anet	193539	780030	30	-11.94	6.33	-4.3	-	1.36	
anet	216180	863135	28	-11.39	3.28	-4.3	-	0.70	
anet	268083	1065651	21	+13.70	5.69	+4.3	-	1.22	
anet	28715	125031	94	-11.21	2.93	-4.3	-	0.63	
anet	64840	279969	63	-11.83	8.54	-4.3	FAN	1.83	
anet	250696	997713	32	+13.06	4.61	+4.3	-	0.99	
tfrrs	20763	0	16	-13.00	7.32	-4.3	-	1.57	
anet	207676	832721	27	-12.34	7.48	-4.3	-	1.60	
anet	151392	627770	61	-11.52	6.09	-4.3	-	1.31	
anet	187956	762055	13	-12.12	4.67	-4.3	-	1.00	
anet	244995	975459	27	-14.02	12.16	-4.3	FAN	2.60	
tfrrs	20792	2	114	-11.23	3.73	-4.3	-	0.80	
anet	177851	727582	14	+16.93	9.53	+4.3	FAN	2.04	
anet	117898	487046	47	-12.08	8.72	-4.3	FAN	1.87	
anet	62398	267991	79	-11.43	6.13	-4.3	-	1.31	
anet	101682	400579	89	-11.31	4.80	-4.3	-	1.03	
anet	184346	750775	41	+12.94	4.62	+4.3	-	0.99	
tfrrs	19125	3	44	-11.39	4.18	-4.3	-	0.90	
anet	123253	495483	22	-12.64	7.66	-4.3	-	1.64	
anet	250585	1002341	36	+13.88	8.07	+4.3	-	1.73	
anet	197628	791697	40	-11.51	4.95	-4.3	-	1.06	
anet	57227	244995	20	-11.75	4.53	-4.3	-	0.97	
anet	36636	158303	38	-12.01	7.53	-4.3	-	1.61	OVERRIDE
anet	123486	496549	56	-11.87	8.33	-4.3	-	1.79	
anet	136647	562200	22	+13.68	5.82	+4.3	-	1.25	
anet	125231	504265	80	-11.61	7.94	-4.3	-	1.70	
anet	33833	146990	88	-11.86	10.38	-4.3	FAN	2.22	
anet	45439	203719	16	+13.11	3.46	+4.3	-	0.74	
anet	201973	812548	33	+13.62	6.92	+4.3	-	1.48	
anet	59169	278380	117	-11.28	5.19	-4.3	-	1.11	
anet	192925	817186	23	+12.94	3.49	+4.3	-	0.75	
anet	53048	225854	31	+13.55	6.52	+4.3	-	1.40	
anet	123218	495339	19	-13.47	9.09	-4.3	FAN	1.95	
anet	262568	1041903	16	+13.12	3.54	+4.3	-	0.76	
anet	140347	584207	37	-12.44	9.21	-4.3	FAN	1.97	
anet	198496	795175	47	-15.12	19.43	-4.3	FAN	4.16	
anet	145892	637529	27	+13.64	6.35	+4.3	-	1.36	
tfrrs	13076	0	49	-11.54	5.81	-4.3	-	1.24	
tfrrs	25465	5	49	-11.95	8.28	-4.3	-	1.77	
anet	49516	211064	19	+14.40	7.02	+4.3	-	1.50	
anet	109692	434220	42	+13.46	7.23	+4.3	-	1.55	
anet	25445	111394	31	-11.88	6.29	-4.3	-	1.35	
anet	129217	530337	32	+14.86	10.23	+4.3	FAN	2.19	
anet	45993	196486	12	+15.55	7.20	+4.3	-	1.54	
tfrrs	14146	0	36	-16.68	20.83	-4.3	FAN	4.46	
anet	180442	737867	43	+13.04	5.39	+4.3	-	1.15	
anet	52942	225368	39	+13.02	5.02	+4.3	-	1.08	
anet	191142	772608	16	-15.47	11.93	-4.3	FAN	2.56	
anet	234933	939634	14	+14.84	6.74	+4.3	-	1.44	
anet	242153	965714	29	+13.96	7.54	+4.3	-	1.62	
tfrrs	11651	3	39	-11.77	6.50	-4.3	-	1.39	
anet	14256	64490	41	-11.32	3.57	-4.3	-	0.76	
tfrrs	11082	8	41	-11.64	5.92	-4.3	-	1.27	
anet	268114	1065788	18	+14.32	6.67	+4.3	-	1.43	
anet	130201	556960	42	-15.11	18.37	-4.3	FAN	3.93	
anet	31784	151714	55	+13.70	9.36	+4.3	FAN	2.01	
anet	71754	295292	27	-11.98	6.30	-4.3	-	1.35	
anet	223147	914649	17	+13.62	5.04	+4.3	-	1.08	
anet	226091	902928	41	-11.46	4.79	-4.3	-	1.03	
tfrrs	24054	1	85	-11.50	7.35	-4.3	-	1.57	
anet	105409	455596	24	-12.18	6.64	-4.3	-	1.42	
anet	152689	634212	293	-11.18	5.24	-4.3	-	1.12	
anet	49971	212985	21	-11.35	2.82	-4.3	-	0.60	
anet	164068	676937	50	+13.15	6.51	+4.3	-	1.39	
anet	193820	786728	22	-14.29	11.64	-4.3	FAN	2.49	
anet	240310	960548	23	-12.40	7.22	-4.3	-	1.55	
anet	160475	665689	15	-12.53	6.14	-4.3	-	1.32	
anet	65217	281610	75	+12.85	5.76	+4.3	-	1.23	
anet	269357	1071678	15	-13.44	8.06	-4.3	-	1.73	
anet	249071	989489	50	+13.27	7.16	+4.3	-	1.53	
anet	191976	775277	21	-12.74	7.83	-4.3	-	1.68	
tfrrs	26451	1	44	-11.48	5.22	-4.3	-	1.12	
anet	226860	905462	14	-11.68	3.67	-4.3	-	0.79	
tfrrs	8148	2	119	-11.32	6.38	-4.3	-	1.37	
anet	227801	908697	28	-13.99	12.41	-4.3	FAN	2.66	
anet	146401	612861	138	+12.92	8.76	+4.3	FAN	1.88	
anet	153523	638808	57	-12.29	10.87	-4.3	FAN	2.33	
anet	145892	637528	30	+13.92	7.63	+4.3	-	1.63	
anet	210205	841192	37	-12.16	8.21	-4.3	-	1.76	
anet	225754	901770	62	+12.85	5.34	+4.3	-	1.14	
anet	50579	223596	19	-12.01	5.45	-4.3	-	1.17	
anet	265594	1057956	62	-11.30	4.41	-4.3	-	0.95	
anet	78035	319689	35	-11.73	6.11	-4.3	-	1.31	
anet	31548	172428	274	-11.16	4.98	-4.3	-	1.07	
anet	240171	959323	112	-11.35	6.78	-4.3	-	1.45	
anet	260320	1033660	21	-11.87	5.25	-4.3	-	1.12	
tfrrs	15462	5	124	-11.20	4.40	-4.3	-	0.94	
anet	108253	427877	31	-15.93	17.74	-4.3	FAN	3.80	
anet	109346	432690	30	-13.90	12.65	-4.3	FAN	2.71	
anet	239304	955972	71	-11.65	8.12	-4.3	-	1.74	
anet	210239	856210	22	+15.16	9.15	+4.3	FAN	1.96	
anet	161205	667708	46	-11.68	6.75	-4.3	-	1.45	
anet	194685	783373	49	+12.58	2.53	+4.3	-	0.54	
anet	154882	645798	60	+13.22	7.70	+4.3	-	1.65	
anet	175485	719389	27	-12.43	7.99	-4.3	-	1.71	
anet	31370	136194	52	+12.91	5.40	+4.3	-	1.16	
anet	170604	704307	18	+17.85	12.18	+4.3	FAN	2.61	
tfrrs	26208	1	69	-11.23	3.86	-4.3	-	0.83	
tfrrs	22336	1	46	-11.18	2.48	-4.3	-	0.53	
anet	237980	951176	17	+13.41	4.62	+4.3	-	0.99	
anet	61465	263484	16	-11.66	3.95	-4.3	-	0.85	
anet	25855	113099	17	-12.30	6.03	-4.3	-	1.29	
anet	117497	471009	65	-11.57	7.24	-4.3	-	1.55	
anet	215025	857802	122	+12.58	4.05	+4.3	-	0.87	
tfrrs	22591	1	24	-12.97	9.07	-4.3	FAN	1.94	
anet	130928	533253	23	-11.34	3.08	-4.3	-	0.66	
anet	83046	345290	39	+14.34	10.05	+4.3	FAN	2.15	
anet	166565	688083	41	+13.27	6.65	+4.3	-	1.43	
anet	225681	901420	57	-11.39	5.36	-4.3	-	1.15	
anet	191362	773338	27	-11.46	4.11	-4.3	-	0.88	
tfrrs	22177	7	132	-11.31	7.11	-4.3	-	1.52	
anet	136301	560176	36	+12.57	2.24	+4.3	-	0.48	
tfrrs	19369	2	76	-11.75	9.29	-4.3	FAN	1.99	
anet	233884	934603	64	+13.10	7.39	+4.3	-	1.58	
anet	184294	750551	23	+17.13	12.72	+4.3	FAN	2.72	
tfrrs	8736	1	18	-12.36	6.39	-4.3	-	1.37	
anet	147125	614889	103	-11.38	7.25	-4.3	-	1.55	
anet	191708	774389	65	+12.85	5.77	+4.3	-	1.24	
anet	150895	644644	36	-11.34	4.02	-4.3	-	0.86	
tfrrs	22859	2	54	-11.39	5.29	-4.3	-	1.13	
anet	23780	104343	19	-11.77	4.75	-4.3	-	1.02	
anet	130665	531942	22	+13.24	4.80	+4.3	-	1.03	
tfrrs	26013	3	32	-11.80	6.30	-4.3	-	1.35	
anet	64033	276233	34	+13.20	5.82	+4.2	-	1.25	
anet	43242	186371	70	-11.12	2.27	-4.2	-	0.49	
anet	134914	562348	14	-11.40	2.77	-4.2	-	0.59	
tfrrs	25902	0	165	-11.23	6.63	-4.2	-	1.42	
anet	243822	971360	19	-13.82	9.99	-4.2	FAN	2.14	
anet	37601	162098	36	-11.77	6.56	-4.2	-	1.40	
anet	211342	844617	18	-12.18	5.92	-4.2	-	1.27	
anet	235169	940568	53	+13.36	8.09	+4.2	-	1.73	
anet	161866	669554	62	-11.87	9.25	-4.2	FAN	1.98	
anet	227714	908352	25	-11.67	5.07	-4.2	-	1.09	
tfrrs	8798	2	56	-11.39	5.46	-4.2	-	1.17	
tfrrs	18641	0	119	-11.13	3.55	-4.2	-	0.76	
tfrrs	25553	3	112	-11.44	8.37	-4.2	-	1.79	
anet	83622	328581	34	+12.96	4.82	+4.2	-	1.03	
anet	111717	442682	37	-11.34	4.08	-4.2	-	0.87	
anet	229876	924093	31	+13.77	7.52	+4.2	-	1.61	
anet	192262	776164	67	-11.99	10.35	-4.2	FAN	2.22	
anet	152160	631349	14	-15.89	11.94	-4.2	FAN	2.56	
anet	123368	496008	14	-12.29	5.51	-4.2	-	1.18	
tfrrs	6690	0	52	-11.18	3.08	-4.2	-	0.66	
anet	106410	420020	27	-13.55	11.26	-4.2	FAN	2.41	
anet	35906	155363	157	+12.74	7.82	+4.2	-	1.67	
tfrrs	26123	0	59	-11.63	7.57	-4.2	-	1.62	
anet	124608	501324	50	-11.55	6.44	-4.2	-	1.38	
anet	242090	965578	12	-12.03	4.49	-4.2	-	0.96	
anet	75509	303024	16	-13.31	8.19	-4.2	-	1.75	
anet	238592	953316	28	-11.77	5.82	-4.2	-	1.25	
anet	144726	607514	50	-11.58	6.61	-4.2	-	1.42	
anet	162725	671881	56	-11.45	6.09	-4.2	-	1.30	
anet	59401	254309	42	-11.48	5.47	-4.2	-	1.17	
anet	195520	800740	15	+16.29	9.25	+4.2	FAN	1.98	
anet	194508	782900	23	+13.53	5.87	+4.2	-	1.26	
anet	43016	185380	12	+12.47	0.77	+4.2	-	0.16	
tfrrs	21305	2	87	-11.94	11.56	-4.2	FAN	2.48	
anet	178832	731249	37	+12.68	3.46	+4.2	-	0.74	
tfrrs	19366	2	87	-11.98	11.83	-4.2	FAN	2.53	
anet	179941	756805	36	+12.86	4.50	+4.2	-	0.96	
anet	243955	972350	59	+13.03	6.85	+4.2	-	1.47	
anet	209416	838627	27	-12.82	9.31	-4.2	FAN	1.99	
anet	261038	1036387	24	+13.08	4.58	+4.2	-	0.98	
anet	5303	25510	32	-12.28	8.35	-4.2	-	1.79	
anet	209410	838589	28	+12.96	4.45	+4.2	-	0.95	
anet	205928	825742	23	+13.90	6.84	+4.2	-	1.47	
anet	205706	824916	55	+12.73	4.71	+4.2	-	1.01	
anet	126262	510114	70	-11.46	6.98	-4.2	-	1.49	
anet	197809	792559	21	+15.20	9.15	+4.2	FAN	1.96	
anet	215725	860977	35	+13.69	7.78	+4.2	-	1.67	
tfrrs	22177	6	82	-11.32	6.09	-4.2	-	1.30	
anet	107567	425004	64	+12.98	6.90	+4.2	-	1.48	
tfrrs	23908	2	160	-11.16	5.46	-4.2	-	1.17	
anet	223771	894673	44	-11.45	5.48	-4.2	-	1.17	
anet	172891	716403	23	-11.56	4.47	-4.2	-	0.96	
anet	47427	202422	45	-11.66	6.86	-4.2	-	1.47	
anet	230127	917886	45	-11.20	3.35	-4.2	-	0.72	
anet	199211	798250	30	+13.79	7.53	+4.2	-	1.61	
anet	149682	621306	78	-12.85	16.04	-4.2	FAN	3.44	
tfrrs	20860	10	167	-11.16	5.63	-4.2	-	1.21	
anet	102420	404253	26	+12.73	3.28	+4.2	-	0.70	
anet	197356	790900	59	+13.41	8.96	+4.2	FAN	1.92	
anet	35404	153381	172	-11.11	4.26	-4.2	-	0.91	
anet	132102	538483	13	-13.31	7.42	-4.2	-	1.59	
anet	157171	654974	101	-11.68	10.54	-4.2	FAN	2.26	
tfrrs	21801	0	65	-11.37	5.97	-4.2	-	1.28	
tfrrs	24676	1	67	-11.31	5.53	-4.2	-	1.18	
anet	271376	1081055	22	+13.07	4.43	+4.2	-	0.95	
anet	221336	885815	41	+13.69	8.47	+4.2	FAN	1.82	
anet	258324	1026316	12	+15.03	6.71	+4.2	-	1.44	
anet	206105	826408	23	+14.27	7.74	+4.2	-	1.66	
anet	94142	372479	64	-11.55	7.48	-4.2	-	1.60	
anet	115228	459938	26	+12.58	2.43	+4.2	-	0.52	
anet	226264	927126	13	-11.72	3.93	-4.2	-	0.84	
anet	175756	720132	14	-14.33	9.53	-4.2	FAN	2.04	
anet	225871	902527	19	-13.20	8.76	-4.2	FAN	1.88	
tfrrs	24973	0	79	-11.63	8.99	-4.2	FAN	1.93	
tfrrs	23453	1	69	+12.65	4.74	+4.2	-	1.01	
anet	198039	793560	22	+12.55	2.05	+4.2	-	0.44	
tfrrs	23595	3	48	-11.75	7.70	-4.2	-	1.65	
anet	106499	420420	43	+14.30	10.70	+4.2	FAN	2.29	
anet	52498	223434	26	-11.72	5.56	-4.2	-	1.19	
anet	57169	244732	110	+13.44	12.52	+4.2	FAN	2.68	
anet	149117	628698	44	-11.30	4.47	-4.2	-	0.96	
anet	30125	130940	15	+13.02	3.55	+4.2	-	0.76	
anet	63311	275340	54	-11.41	5.89	-4.2	-	1.26	
anet	199512	799890	16	+13.72	5.41	+4.2	-	1.16	
anet	130201	556961	22	-17.70	18.40	-4.2	FAN	3.94	
anet	79076	335598	17	+13.57	5.22	+4.2	-	1.12	OVERRIDE
tfrrs	11619	3	78	-11.36	6.64	-4.2	-	1.42	
anet	172501	711228	22	-11.94	5.93	-4.2	-	1.27	
anet	139713	598518	14	+13.25	4.04	+4.2	-	0.87	
anet	116094	464216	98	-11.42	8.09	-4.2	-	1.73	
anet	155270	647642	150	+12.52	5.00	+4.2	-	1.07	
anet	59558	264321	32	+12.56	2.65	+4.2	-	0.57	
anet	147747	616386	122	-11.74	12.30	-4.2	FAN	2.64	
anet	82945	325824	37	+14.50	10.49	+4.2	FAN	2.25	
anet	237381	950209	57	-11.45	6.39	-4.2	-	1.37	
tfrrs	18244	6	159	-11.19	6.66	-4.2	-	1.43	
anet	227784	908606	76	-11.24	5.28	-4.2	-	1.13	
anet	78049	308580	50	-11.39	5.62	-4.2	-	1.20	
anet	148710	627032	39	+15.35	12.94	+4.2	FAN	2.77	
anet	215727	860983	29	-12.17	7.69	-4.2	-	1.65	
anet	228359	910649	12	-15.92	11.20	-4.2	FAN	2.40	
anet	36413	159399	39	-14.76	17.15	-4.2	FAN	3.67	
anet	255751	1017073	32	-12.19	8.14	-4.2	-	1.74	
anet	235490	941868	128	+12.95	9.90	+4.2	FAN	2.12	
anet	136853	563592	29	-13.37	11.34	-4.2	FAN	2.43	
anet	35962	155595	48	+12.87	5.61	+4.2	-	1.20	
anet	110318	436768	14	+15.90	8.52	+4.2	FAN	1.83	
anet	59169	278385	78	-11.17	4.48	-4.2	-	0.96	
tfrrs	23957	0	131	-11.34	8.54	-4.2	FAN	1.83	
anet	252317	1006020	20	+13.44	5.40	+4.2	-	1.16	
anet	158995	661040	27	+15.33	10.75	+4.2	FAN	2.30	
anet	45516	235021	99	+12.62	5.61	+4.2	-	1.20	
anet	50893	216802	36	-12.42	9.54	-4.2	FAN	2.04	
anet	46153	197119	43	-11.21	3.81	-4.2	-	0.82	
tfrrs	17231	2	36	-11.61	6.06	-4.2	-	1.30	
anet	117909	472874	60	-11.83	9.24	-4.2	FAN	1.98	
anet	168014	699170	15	-12.38	6.07	-4.2	-	1.30	
tfrrs	21325	1	146	-11.33	8.92	-4.2	FAN	1.91	
anet	244840	974775	12	-11.55	3.34	-4.2	-	0.72	
anet	143975	604439	102	+12.48	3.72	+4.2	-	0.80	
anet	227428	936028	34	-13.85	13.67	-4.2	FAN	2.93	
anet	57875	247804	31	+12.48	2.09	+4.2	-	0.45	
tfrrs	13288	2	26	-12.16	7.30	-4.2	-	1.56	
anet	99131	398658	14	+13.10	3.71	+4.2	-	0.79	
anet	150326	637274	23	-11.57	4.71	-4.2	-	1.01	
anet	146018	611666	89	+12.60	5.18	+4.2	-	1.11	
anet	249051	989397	63	-11.52	7.45	-4.2	-	1.60	
anet	42009	180769	14	+12.48	1.40	+4.2	-	0.30	
anet	136003	561609	57	+12.52	3.43	+4.2	-	0.73	
anet	113306	450106	23	-12.78	8.66	-4.2	FAN	1.85	
anet	175417	719196	18	-12.75	7.59	-4.2	-	1.62	
anet	90940	400399	17	+14.60	7.35	+4.2	-	1.57	
anet	185102	753153	33	+12.83	4.57	+4.2	-	0.98	
tfrrs	23573	1	76	-12.32	13.41	-4.2	FAN	2.87	
anet	42536	183120	151	-11.17	6.49	-4.2	-	1.39	
anet	6197	29562	24	+13.03	4.65	+4.2	-	1.00	
anet	139334	578076	27	+14.95	10.03	+4.2	FAN	2.15	
tfrrs	8831	7	78	-11.10	3.71	-4.2	-	0.80	
anet	113386	450465	22	-12.29	7.12	-4.2	-	1.52	
anet	80935	320690	50	-11.33	5.33	-4.2	-	1.14	
anet	102961	406835	20	+13.25	4.94	+4.2	-	1.06	
anet	96917	386159	117	-11.45	9.48	-4.2	FAN	2.03	
anet	59558	254984	82	+12.52	4.20	+4.2	-	0.90	
anet	131375	535288	24	-12.22	7.24	-4.2	-	1.55	
anet	21854	119511	28	-11.98	6.98	-4.2	-	1.50	
anet	112191	458880	19	-12.31	6.69	-4.2	-	1.43	
anet	47907	204394	24	-14.42	12.80	-4.2	FAN	2.74	
anet	87963	349473	53	+12.68	4.80	+4.2	-	1.03	
anet	185138	753297	23	+13.93	7.12	+4.2	-	1.53	
anet	40518	173868	18	-11.25	2.78	-4.2	-	0.59	
anet	215335	859308	27	+15.11	10.37	+4.2	FAN	2.22	OVERRIDE
anet	33674	146288	50	+12.89	6.03	+4.2	-	1.29	
anet	28892	125863	18	+15.49	9.09	+4.2	FAN	1.95	
anet	156264	651545	39	-11.56	6.21	-4.2	-	1.33	
anet	205740	825058	17	-13.18	8.37	-4.2	-	1.79	
anet	228679	911824	116	+12.80	8.44	+4.2	FAN	1.81	
anet	207403	883501	42	+12.93	5.76	+4.2	-	1.23	
anet	208439	861929	14	-13.23	7.68	-4.2	-	1.65	
tfrrs	19789	0	36	-12.74	10.78	-4.2	FAN	2.31	
anet	161238	680483	34	+13.75	8.17	+4.2	-	1.75	
anet	812	3909	35	-11.55	5.85	-4.2	-	1.25	
anet	203263	814924	24	+12.78	3.77	+4.2	-	0.81	
anet	148371	618071	131	+12.72	8.24	+4.2	-	1.76	
anet	196075	787088	18	-15.29	12.71	-4.2	FAN	2.72	
anet	151007	626164	57	+12.48	3.29	+4.2	-	0.70	
anet	95947	381142	56	-11.39	6.24	-4.2	-	1.34	
tfrrs	18282	8	98	-11.15	5.27	-4.2	-	1.13	
tfrrs	18663	0	60	-11.25	5.22	-4.2	-	1.12	
anet	232614	928577	15	-11.43	3.41	-4.2	-	0.73	
anet	215215	858772	34	-11.81	7.01	-4.2	-	1.50	
anet	79568	314931	14	-11.73	4.28	-4.2	-	0.92	
anet	233764	934010	26	+14.16	8.18	+4.2	-	1.75	
anet	11770	53852	31	+13.00	5.33	+4.2	-	1.14	
tfrrs	12412	5	104	-11.16	5.74	-4.2	-	1.23	
anet	48092	205172	13	-11.38	3.01	-4.2	-	0.64	
anet	220593	882745	15	+13.54	5.02	+4.2	-	1.07	
anet	111169	440276	55	-11.23	4.94	-4.2	-	1.06	
anet	259250	1029313	18	-11.68	4.72	-4.2	-	1.01	
anet	168467	697144	13	+14.44	6.26	+4.2	-	1.34	
anet	109269	432368	21	-12.90	8.66	-4.2	FAN	1.85	
anet	169196	699645	19	-11.36	3.56	-4.2	-	0.76	
anet	207511	832143	27	-11.89	6.60	-4.2	-	1.41	
tfrrs	27093	11	146	-11.08	5.16	-4.2	-	1.11	
anet	143988	623380	27	-11.68	5.79	-4.2	-	1.24	
anet	37601	162094	53	-11.47	6.78	-4.2	-	1.45	
anet	210034	840633	28	+13.98	8.08	+4.2	-	1.73	
tfrrs	4153	4	127	-11.06	4.38	-4.2	-	0.94	
tfrrs	17773	2	52	-11.21	4.60	-4.2	-	0.98	
anet	262737	1043389	30	-11.30	4.11	-4.2	-	0.88	
anet	268083	1065653	15	+13.19	4.24	+4.2	-	0.91	
anet	158344	658916	20	+14.08	7.05	+4.2	-	1.51	
anet	88215	350653	35	+12.88	5.19	+4.2	-	1.11	
anet	150358	623747	54	+13.55	9.62	+4.2	FAN	2.06	
anet	15763	71710	68	-11.30	6.24	-4.2	-	1.34	
anet	124205	499439	60	-11.51	7.51	-4.2	-	1.61	
anet	14563	65671	14	+12.82	3.11	+4.2	-	0.67	
tfrrs	23406	3	88	-11.09	4.41	-4.2	-	0.94	
anet	153144	636493	43	+13.41	8.05	+4.2	-	1.72	
anet	231240	922621	123	-11.12	5.81	-4.2	-	1.24	
anet	39112	167972	14	-12.21	5.61	-4.2	-	1.20	
anet	216401	864109	14	+15.64	8.29	+4.2	-	1.78	
anet	43810	188537	22	+12.47	2.21	+4.2	-	0.47	
tfrrs	26123	1	32	-11.44	5.16	-4.2	-	1.10	
anet	271836	1083056	22	+13.26	5.36	+4.2	-	1.15	
anet	225804	901944	53	-11.89	9.33	-4.2	FAN	2.00	
anet	146734	613815	32	-11.91	7.33	-4.2	-	1.57	
tfrrs	20905	4	108	-11.08	4.74	-4.2	-	1.01	
anet	207403	883508	17	+12.45	1.82	+4.2	-	0.39	
anet	222795	891392	38	+12.51	3.29	+4.2	-	0.70	
tfrrs	23930	0	78	-11.52	8.74	-4.2	FAN	1.87	
anet	254460	1020439	37	-11.95	8.08	-4.2	-	1.73	
anet	61465	263482	36	-13.26	12.54	-4.2	FAN	2.69	
anet	44460	191010	26	+12.56	3.03	+4.2	-	0.65	OVERRIDE
anet	224638	929565	25	+13.22	5.62	+4.2	-	1.20	
anet	177145	725017	33	-11.81	7.04	-4.2	-	1.51	
anet	138729	576393	24	-13.24	10.18	-4.2	FAN	2.18	
anet	109689	434200	73	+12.48	4.18	+4.2	-	0.89	
tfrrs	10288	0	16	-11.54	4.05	-4.2	-	0.87	
tfrrs	3736	0	12	-11.50	3.38	-4.2	-	0.72	
anet	261478	1070025	52	+12.76	5.72	+4.2	-	1.23	
tfrrs	25520	0	67	-11.45	7.59	-4.2	-	1.63	
anet	251928	1004040	54	+15.49	15.93	+4.2	FAN	3.41	
anet	151007	626166	30	+13.33	6.53	+4.2	-	1.40	
anet	87672	348186	23	+16.14	11.51	+4.2	FAN	2.47	
tfrrs	26301	5	63	-11.08	3.72	-4.2	-	0.80	
anet	110460	437320	44	-11.94	8.81	-4.2	FAN	1.89	
anet	235496	941936	96	+12.97	9.43	+4.2	FAN	2.02	
anet	198059	793639	33	-11.69	6.56	-4.2	-	1.41	
anet	161835	669482	41	+12.95	6.05	+4.2	-	1.30	
anet	41410	177969	18	-11.91	5.55	-4.2	-	1.19	
anet	14450	65296	28	-11.73	6.22	-4.2	-	1.33	
anet	242925	1003657	25	+15.32	10.54	+4.2	FAN	2.26	
anet	204238	819294	15	+22.08	15.98	+4.2	FAN	3.42	
anet	139713	598514	21	+12.47	2.29	+4.2	-	0.49	
tfrrs	18244	5	152	-11.05	5.39	-4.2	-	1.15	
anet	176973	724397	34	-12.12	8.47	-4.2	FAN	1.81	
anet	13417	61044	20	+13.09	4.68	+4.2	-	1.00	
anet	94306	373189	21	-11.43	4.20	-4.2	-	0.90	
anet	137877	569317	27	-11.51	5.14	-4.2	-	1.10	
anet	268853	1069222	29	-11.50	5.31	-4.2	-	1.14	
anet	106989	422456	41	-12.01	8.83	-4.2	FAN	1.89	
tfrrs	24314	0	23	-11.40	4.27	-4.2	-	0.91	
anet	2815	13372	13	-12.21	5.46	-4.2	-	1.17	
anet	39861	176841	21	-11.92	6.04	-4.2	-	1.29	
anet	210546	842193	40	+12.98	6.20	+4.2	-	1.33	
anet	57437	245967	42	+12.85	5.71	+4.2	-	1.22	
tfrrs	20017	0	101	-11.15	5.99	-4.2	-	1.28	
anet	125366	504941	37	+12.60	3.99	+4.2	-	0.86	
tfrrs	12883	0	60	-11.25	5.64	-4.2	-	1.21	
anet	85120	335006	14	-11.93	4.98	-4.2	-	1.07	
anet	242434	966678	64	-11.34	6.66	-4.2	-	1.43	
anet	154440	643499	27	+14.96	10.27	+4.2	FAN	2.20	
anet	219505	878980	114	+12.73	8.41	+4.2	FAN	1.80	
anet	43048	185518	25	+13.00	4.99	+4.2	-	1.07	
anet	245316	984124	49	+13.15	7.66	+4.2	-	1.64	
anet	133997	546991	44	+12.79	5.56	+4.2	-	1.19	
tfrrs	21087	0	112	-11.10	5.74	-4.2	-	1.23	
anet	12110	55395	36	-12.04	8.43	-4.2	FAN	1.81	
anet	85455	336403	14	-11.11	2.07	-4.2	-	0.44	
anet	93530	369837	40	+13.76	9.12	+4.2	FAN	1.95	
anet	228184	910064	16	-12.69	7.21	-4.2	-	1.54	
anet	133759	545924	24	-11.21	3.39	-4.2	-	0.73	
anet	174298	716020	39	-12.26	9.70	-4.2	FAN	2.08	
anet	136721	562734	25	+13.62	6.87	+4.2	-	1.47	
anet	13353	60765	23	-12.04	6.78	-4.2	-	1.45	
anet	94909	384345	81	+12.63	6.37	+4.2	-	1.36	OVERRIDE
anet	259648	1030983	60	-11.15	4.84	-4.2	-	1.04	
anet	20198	92323	52	+12.47	3.78	+4.2	-	0.81	
anet	84481	332290	53	-11.57	7.70	-4.2	-	1.65	
anet	90131	355738	15	+17.47	11.04	+4.2	FAN	2.37	
anet	264979	1052049	39	-11.83	7.89	-4.2	-	1.69	
anet	232642	928719	85	+12.89	8.51	+4.2	FAN	1.82	
anet	121000	486296	21	+13.43	5.84	+4.2	-	1.25	
anet	112870	448003	31	-16.02	18.54	-4.2	FAN	3.97	
anet	49516	211067	26	+12.98	5.09	+4.2	-	1.09	
anet	209129	837585	33	-11.75	6.96	-4.2	-	1.49	
anet	11373	52178	67	-11.34	6.98	-4.2	-	1.50	
anet	161205	667702	20	-12.39	7.32	-4.2	-	1.57	
anet	147666	623638	25	-11.71	5.88	-4.2	-	1.26	
anet	137112	573049	22	+13.11	5.08	+4.2	-	1.09	
anet	179060	732170	22	+12.87	4.31	+4.2	-	0.92	
anet	88031	349804	28	+12.59	3.58	+4.2	-	0.77	
tfrrs	21284	3	50	-11.81	8.88	-4.2	FAN	1.90	
anet	250658	997495	72	-11.34	7.24	-4.2	-	1.55	
anet	153388	637942	15	+14.64	7.19	+4.2	-	1.54	
anet	240421	960510	12	+13.96	5.38	+4.2	-	1.15	
anet	175832	720341	12	+14.43	6.13	+4.2	-	1.31	
anet	227784	908607	45	-11.33	5.71	-4.2	-	1.22	
anet	97044	386622	15	-12.09	5.62	-4.2	-	1.20	
anet	88188	350484	29	+12.39	2.42	+4.2	-	0.52	
anet	20793	92734	15	+14.46	6.91	+4.2	-	1.48	
tfrrs	21807	1	17	-13.11	8.41	-4.2	FAN	1.80	
anet	184641	751701	13	+13.67	5.10	+4.2	-	1.09	
tfrrs	27208	1	38	-12.50	10.52	-4.2	FAN	2.25	
anet	248927	988829	38	+12.64	4.53	+4.2	-	0.97	
anet	237525	949547	38	+13.55	8.32	+4.2	-	1.78	
tfrrs	23338	6	64	-11.95	10.90	-4.2	FAN	2.34	
anet	96915	386153	26	-11.48	5.12	-4.2	-	1.10	
anet	199241	798383	34	-11.58	6.34	-4.2	-	1.36	
anet	198593	795663	19	+13.02	4.53	+4.2	-	0.97	
anet	14256	64492	21	-11.43	4.38	-4.2	-	0.94	
anet	213098	850067	17	-12.67	7.46	-4.2	-	1.60	
anet	162725	671879	74	-11.09	4.85	-4.2	-	1.04	
anet	19671	87706	13	-15.11	10.69	-4.2	FAN	2.29	
anet	109659	434026	13	+12.56	2.42	+4.2	-	0.52	
anet	249215	990495	22	-11.64	5.36	-4.2	-	1.15	
tfrrs	15953	1	110	-11.14	6.75	-4.2	-	1.45	
tfrrs	26424	1	21	-13.79	10.90	-4.2	FAN	2.33	
anet	136621	562057	33	-13.24	12.15	-4.2	FAN	2.60	
tfrrs	10715	0	19	-11.88	5.77	-4.2	-	1.24	
anet	186	1397	12	-11.84	4.48	-4.2	-	0.96	
anet	88188	350482	30	+12.85	5.05	+4.2	-	1.08	
tfrrs	8831	8	69	-11.04	4.05	-4.2	-	0.87	
anet	229283	921781	252	-10.97	5.84	-4.2	-	1.25	
anet	219610	879400	114	+12.95	10.64	+4.2	FAN	2.28	
tfrrs	21412	5	130	-11.40	10.69	-4.2	FAN	2.29	
anet	253400	1011976	67	-11.32	7.05	-4.2	-	1.51	
anet	56921	268595	151	-11.01	5.64	-4.2	-	1.21	
tfrrs	15740	0	35	-11.28	4.84	-4.2	-	1.04	
anet	176186	725193	103	-10.98	3.92	-4.2	-	0.84	
tfrrs	23379	0	70	-11.11	5.17	-4.2	-	1.11	
tfrrs	26578	3	154	-10.99	5.00	-4.2	-	1.07	
anet	220662	882981	31	+12.64	4.21	+4.2	-	0.90	
anet	139409	578471	46	+12.95	6.82	+4.2	-	1.46	OVERRIDE
anet	125217	504219	35	-11.87	7.83	-4.2	-	1.68	
anet	59169	278377	56	-11.09	4.43	-4.2	-	0.95	
anet	237883	950890	37	-11.99	8.54	-4.2	FAN	1.83	
anet	48832	228213	23	+16.36	12.05	+4.2	FAN	2.58	
anet	13966	63329	24	-11.22	3.71	-4.2	-	0.79	
anet	131612	576633	79	-11.61	10.00	-4.2	FAN	2.14	
anet	230848	928166	20	-12.12	6.70	-4.2	-	1.43	
anet	131487	565016	78	-11.69	10.56	-4.2	FAN	2.26	
anet	126486	511396	68	-11.00	3.68	-4.2	-	0.79	
anet	181304	740960	13	-11.46	3.64	-4.2	-	0.78	
anet	168467	697148	31	+14.35	9.78	+4.2	FAN	2.09	
anet	233574	933228	12	+14.25	5.93	+4.2	-	1.27	
anet	235719	942890	116	+12.77	9.48	+4.2	FAN	2.03	
anet	235752	942982	116	+12.77	9.48	+4.2	FAN	2.03	
anet	88218	350674	16	-11.89	5.37	-4.2	-	1.15	
anet	34935	151516	19	-14.77	12.34	-4.2	FAN	2.64	
anet	129116	524712	31	+12.38	2.75	+4.2	-	0.59	
anet	57711	247107	13	-11.15	2.48	-4.2	-	0.53	
tfrrs	18244	4	100	-11.04	5.26	-4.2	-	1.13	
anet	106892	456026	48	-11.26	5.67	-4.2	-	1.21	
anet	11477	54035	14	+14.54	6.88	+4.2	-	1.47	
anet	116299	465412	76	-11.47	8.88	-4.2	FAN	1.90	
anet	93367	401129	34	+13.63	8.25	+4.2	-	1.77	
anet	146948	614397	32	-12.06	8.26	-4.2	-	1.77	
anet	240310	962423	12	-11.58	3.85	-4.2	-	0.82	
anet	97680	389252	59	-11.38	7.23	-4.2	-	1.55	
tfrrs	12125	4	35	-11.35	5.38	-4.2	-	1.15	
anet	131202	534482	38	-12.96	12.23	-4.2	FAN	2.62	
anet	115319	500341	14	-12.83	7.18	-4.2	-	1.54	
tfrrs	15462	4	180	-10.98	5.74	-4.2	-	1.23	
anet	84171	330874	15	-12.38	6.43	-4.2	-	1.38	
anet	255670	1016728	32	+12.89	5.54	+4.2	-	1.19	
anet	100964	397381	15	-11.43	3.83	-4.2	-	0.82	
anet	211527	845338	31	-12.09	8.26	-4.2	-	1.77	
anet	196724	795525	50	-11.79	9.03	-4.2	FAN	1.93	
anet	57893	247877	14	-11.38	3.52	-4.2	-	0.75	
tfrrs	20841	0	98	-11.12	6.47	-4.2	-	1.39	
anet	92936	367164	47	-11.54	7.42	-4.2	-	1.59	
anet	240450	960609	31	+13.56	7.73	+4.2	-	1.66	
anet	34656	150414	19	-11.11	2.79	-4.2	-	0.60	
anet	57658	246886	81	+12.50	5.81	+4.2	-	1.24	
anet	108653	429581	19	-12.12	6.57	-4.2	-	1.41	
anet	228287	910422	19	-12.06	6.40	-4.2	-	1.37	
anet	47501	202738	24	-12.39	8.21	-4.2	-	1.76	
anet	105808	417168	74	-11.04	4.75	-4.2	-	1.02	
anet	268562	1067592	38	+13.11	6.98	+4.2	-	1.49	
anet	228835	912476	19	+13.02	4.68	+4.2	-	1.00	
anet	45060	195627	67	-11.07	4.88	-4.2	-	1.05	
anet	171308	707045	21	-12.81	8.75	-4.2	FAN	1.87	
anet	64488	278311	18	+12.58	3.13	+4.2	-	0.67	
anet	219075	876908	50	-11.21	5.49	-4.2	-	1.18	
anet	122292	491553	13	-16.06	12.19	-4.2	FAN	2.61	
anet	123881	498158	92	+12.42	5.43	+4.2	-	1.16	
tfrrs	23493	2	86	-11.35	8.59	-4.2	FAN	1.84	
anet	196740	804665	40	+14.45	11.46	+4.2	FAN	2.46	
anet	268083	1065650	25	+14.39	8.93	+4.2	FAN	1.91	
anet	230812	924101	21	-11.69	5.57	-4.2	-	1.19	
anet	50247	214103	43	-11.37	6.17	-4.2	-	1.32	
anet	255670	1016729	30	+13.24	6.67	+4.2	-	1.43	
anet	96547	384626	65	+12.59	6.09	+4.2	-	1.30	
anet	111260	440688	24	+14.03	7.98	+4.2	-	1.71	
anet	193974	781252	30	+12.98	5.79	+4.2	-	1.24	
tfrrs	27077	1	117	-11.01	5.62	-4.2	-	1.20	
anet	230506	926631	14	-11.64	4.40	-4.2	-	0.94	
anet	210896	843232	16	+14.28	6.97	+4.2	-	1.49	
anet	256022	1017996	38	+13.12	7.08	+4.2	-	1.52	
anet	35835	155078	26	-13.12	10.60	-4.2	FAN	2.27	
anet	218323	873298	15	+13.60	5.49	+4.2	-	1.18	
anet	249071	989490	26	+14.16	8.62	+4.2	FAN	1.85	
anet	87672	348178	19	+16.10	10.66	+4.2	FAN	2.28	
anet	95184	376834	34	+13.85	9.02	+4.2	FAN	1.93	
anet	34489	149715	49	-11.12	4.76	-4.2	-	1.02	
anet	102775	405943	32	+14.61	10.65	+4.2	FAN	2.28	
anet	236973	947490	34	-11.62	6.80	-4.2	-	1.46	
anet	274559	1094460	74	+13.61	12.27	+4.2	FAN	2.63	
anet	207264	852617	19	-13.55	10.01	-4.2	FAN	2.14	
anet	261122	1036727	14	-14.07	9.50	-4.2	FAN	2.04	
anet	100597	395382	17	+12.88	4.08	+4.2	-	0.87	
anet	242734	967522	104	+12.83	9.78	+4.2	FAN	2.09	
anet	42290	229442	223	-10.95	6.28	-4.2	-	1.34	
anet	157279	661452	107	+12.98	10.96	+4.2	FAN	2.35	OVERRIDE
anet	233617	933685	26	+14.43	9.23	+4.2	FAN	1.98	
tfrrs	24784	1	85	-11.00	4.80	-4.2	-	1.03	
anet	121486	488290	37	+12.68	5.13	+4.2	-	1.10	
anet	65001	280641	34	+12.56	4.29	+4.2	-	0.92	
anet	258396	1039112	53	-11.32	6.66	-4.2	-	1.43	
anet	255988	1017904	34	+12.62	4.64	+4.2	-	0.99	
anet	110580	437870	17	+12.47	2.70	+4.2	-	0.58	
anet	210465	856950	36	+13.14	7.03	+4.2	-	1.51	
anet	237574	949709	41	-11.38	6.20	-4.2	-	1.33	
anet	11514	52777	12	-12.35	5.77	-4.2	-	1.24	
anet	182801	745911	23	-11.66	5.78	-4.2	-	1.24	
anet	157370	655747	148	-11.29	10.76	-4.2	FAN	2.31	
anet	217927	871738	12	-11.37	3.34	-4.2	-	0.72	
anet	1456	6970	30	+12.90	5.57	+4.2	-	1.19	
tfrrs	27155	11	155	-10.87	2.87	-4.2	-	0.61	
anet	45060	195626	95	-11.06	6.01	-4.2	-	1.29	
tfrrs	27155	3	210	-10.84	2.03	-4.2	-	0.43	
anet	183333	747663	21	+12.36	2.48	+4.2	-	0.53	
anet	31548	172435	281	+12.23	5.64	+4.2	-	1.21	
anet	195375	785353	38	-12.53	10.95	-4.2	FAN	2.35	
anet	197123	790084	43	+13.11	7.59	+4.2	-	1.63	
anet	189232	766223	24	-11.97	7.03	-4.2	-	1.51	
tfrrs	16358	1	22	-11.27	4.10	-4.2	-	0.88	
anet	493	2425	12	-11.17	2.65	-4.2	-	0.57	
anet	227638	908059	40	-11.24	5.36	-4.1	-	1.15	
anet	215107	858265	54	+12.91	7.54	+4.1	-	1.61	
anet	139596	579543	18	+13.56	5.99	+4.1	-	1.28	
anet	208857	836659	15	+13.85	6.04	+4.1	-	1.29	
anet	42879	184699	28	-11.71	6.63	-4.1	-	1.42	
anet	244813	981507	22	-12.87	9.21	-4.1	FAN	1.97	
anet	151451	628093	39	+12.84	6.15	+4.1	-	1.32	
tfrrs	21325	0	171	-11.03	7.72	-4.1	-	1.65	
anet	109902	435047	12	-11.70	4.31	-4.1	-	0.92	
anet	175023	717833	32	-11.59	6.56	-4.1	-	1.41	
anet	160661	670598	79	-10.93	3.80	-4.1	-	0.81	
anet	135943	558108	19	-11.94	6.17	-4.1	-	1.32	
anet	251926	1004034	31	-12.61	10.17	-4.1	FAN	2.18	
anet	147784	616491	30	+12.82	5.32	+4.1	-	1.14	
anet	118498	475458	63	+12.44	5.08	+4.1	-	1.09	
anet	144717	607475	91	-11.00	5.24	-4.1	-	1.12	
anet	138977	575739	26	-11.38	5.03	-4.1	-	1.08	
tfrrs	22431	0	39	-11.46	6.64	-4.1	-	1.42	
anet	260181	1036946	13	-11.61	4.26	-4.1	-	0.91	
anet	133992	595170	20	+20.23	16.60	+4.1	FAN	3.56	
anet	209480	838862	28	-11.90	7.37	-4.1	-	1.58	
anet	29098	126654	45	-10.99	3.70	-4.1	-	0.79	
anet	219075	876910	49	-10.91	2.73	-4.1	-	0.59	
anet	165158	681733	32	-11.68	7.01	-4.1	-	1.50	
anet	62663	269291	49	-11.80	9.30	-4.1	FAN	1.99	
anet	123486	496547	92	-11.39	9.64	-4.1	FAN	2.07	
anet	184294	750552	20	+14.07	7.49	+4.1	-	1.60	
anet	267510	1064388	28	-11.84	7.20	-4.1	-	1.54	
tfrrs	23573	0	109	-11.68	12.99	-4.1	FAN	2.78	
anet	76798	305483	43	-12.12	10.12	-4.1	FAN	2.17	
anet	27920	121611	23	+12.74	4.44	+4.1	-	0.95	
anet	230732	920537	48	+13.12	8.20	+4.1	-	1.76	
anet	47837	204135	17	+12.46	2.80	+4.1	-	0.60	
anet	78049	308582	26	-11.22	4.32	-4.1	-	0.93	
anet	181405	742745	30	-11.50	6.08	-4.1	-	1.30	
tfrrs	24446	2	74	-11.59	10.16	-4.1	FAN	2.18	
anet	219391	878384	41	+12.82	6.34	+4.1	-	1.36	
anet	38487	165585	21	+12.96	4.98	+4.1	-	1.07	
anet	117071	469203	76	-11.21	7.34	-4.1	-	1.57	
anet	252086	1005001	43	+13.60	9.55	+4.1	FAN	2.05	
anet	60604	259675	31	-11.76	7.29	-4.1	-	1.56	
anet	79575	314957	65	-11.22	6.92	-4.1	-	1.48	
anet	6182	29497	20	-11.59	5.29	-4.1	-	1.13	
anet	108584	429314	31	+14.15	9.57	+4.1	FAN	2.05	
anet	158693	659910	109	-11.18	8.42	-4.1	FAN	1.80	
anet	174662	721685	16	-14.69	11.36	-4.1	FAN	2.43	
anet	250502	996744	60	+12.97	8.48	+4.1	FAN	1.82	
anet	195194	784902	29	-14.42	14.67	-4.1	FAN	3.14	
anet	196635	788702	12	-15.08	10.43	-4.1	FAN	2.23	
tfrrs	17255	1	27	-11.61	6.22	-4.1	-	1.33	
tfrrs	20741	5	32	-11.10	4.05	-4.1	-	0.87	
anet	152939	635580	103	+12.18	3.25	+4.1	-	0.70	
anet	203263	814926	26	+13.77	7.86	+4.1	-	1.68	
tfrrs	15740	1	39	-11.30	5.86	-4.1	-	1.26	
tfrrs	22571	0	21	-12.89	9.14	-4.1	FAN	1.96	
anet	268735	1068619	42	+12.77	6.22	+4.1	-	1.33	
tfrrs	9640	0	44	-11.40	6.83	-4.1	-	1.46	
anet	124855	502510	39	-11.21	5.28	-4.1	-	1.13	
anet	35571	153993	92	-11.01	5.84	-4.1	-	1.25	
anet	259271	1029386	111	+12.28	5.15	+4.1	-	1.10	
anet	220462	882307	42	+14.29	11.57	+4.1	FAN	2.48	
anet	28334	123298	18	-11.45	4.55	-4.1	-	0.98	
tfrrs	26479	1	31	-11.75	7.29	-4.1	-	1.56	
anet	269752	1073478	15	+13.07	4.51	+4.1	-	0.97	
anet	198016	793438	118	+12.40	6.94	+4.1	-	1.49	
anet	101217	398661	41	-13.09	13.45	-4.1	FAN	2.88	
tfrrs	26002	0	32	-11.57	6.65	-4.1	-	1.42	
tfrrs	27155	7	144	-10.80	1.65	-4.1	-	0.35	
tfrrs	7334	0	25	-11.39	5.14	-4.1	-	1.10	
anet	110578	437866	36	-11.72	7.75	-4.1	-	1.66	
anet	60200	257801	13	-16.87	13.51	-4.1	FAN	2.89	
anet	174430	720777	30	-12.80	10.69	-4.1	FAN	2.29	
anet	14104	63945	38	-12.92	12.42	-4.1	FAN	2.66	
anet	243110	997013	20	-11.36	4.50	-4.1	-	0.96	
anet	231429	923339	14	+15.93	9.06	+4.1	FAN	1.94	
anet	152310	632135	46	-11.79	9.12	-4.1	FAN	1.95	
anet	266574	1058813	74	+12.61	7.26	+4.1	-	1.55	
anet	174724	717107	36	-12.88	11.98	-4.1	FAN	2.57	
anet	33473	145398	36	-11.91	8.58	-4.1	FAN	1.84	
anet	50155	213714	181	-11.01	8.43	-4.1	FAN	1.81	
anet	141217	589823	81	+12.40	5.92	+4.1	-	1.27	
anet	242825	967784	70	+12.60	7.03	+4.1	-	1.51	
anet	173516	742616	100	-10.99	6.02	-4.1	-	1.29	
anet	41233	177114	84	+12.54	7.25	+4.1	-	1.55	
anet	151066	626391	37	+12.38	3.84	+4.1	-	0.82	
tfrrs	25485	0	111	-11.06	7.31	-4.1	-	1.57	
anet	240545	995806	19	-11.64	5.40	-4.1	-	1.16	
anet	62062	266362	40	+12.59	5.31	+4.1	-	1.14	
anet	195903	786605	15	-12.56	7.07	-4.1	-	1.51	
anet	239511	956666	88	+12.58	7.79	+4.1	-	1.67	OVERRIDE
anet	221860	887898	41	-11.28	6.01	-4.1	-	1.29	
anet	149698	621392	82	-11.06	6.28	-4.1	-	1.34	
anet	154096	641943	84	+12.32	5.24	+4.1	-	1.12	
tfrrs	15187	1	26	-12.94	10.38	-4.1	FAN	2.22	
anet	186311	756859	16	+16.42	10.38	+4.1	FAN	2.22	
anet	10691	49330	26	-12.46	9.03	-4.1	FAN	1.94	
anet	124942	503003	28	-12.38	9.14	-4.1	FAN	1.96	
anet	235612	942539	118	+12.40	7.24	+4.1	-	1.55	
anet	16138	72231	15	-15.58	12.53	-4.1	FAN	2.69	
tfrrs	11038	3	62	-11.10	5.96	-4.1	-	1.28	
anet	122684	493098	36	-12.07	9.24	-4.1	FAN	1.98	
anet	224542	909934	359	+12.15	6.15	+4.1	-	1.32	
anet	107426	424407	18	-11.98	6.29	-4.1	-	1.35	
anet	229545	915105	74	-11.32	8.43	-4.1	FAN	1.81	
tfrrs	11082	5	41	-11.14	5.09	-4.1	-	1.09	
anet	161719	669099	42	-11.24	5.87	-4.1	-	1.26	
anet	234226	936405	76	+12.67	7.94	+4.1	-	1.70	
anet	118498	475457	66	+12.19	3.26	+4.1	-	0.70	
tfrrs	18922	1	65	-10.98	4.82	-4.1	-	1.03	
anet	46034	196658	20	-11.34	4.47	-4.1	-	0.96	
anet	149143	619876	19	-11.35	4.40	-4.1	-	0.94	
anet	131830	537308	34	-12.56	10.70	-4.1	FAN	2.29	
anet	130458	530932	245	-11.03	10.56	-4.1	FAN	2.26	
anet	143086	599913	107	+12.21	4.67	+4.1	-	1.00	
anet	211359	844683	12	-16.27	12.19	-4.1	FAN	2.61	
tfrrs	20017	1	94	-10.99	6.09	-4.1	-	1.30	
anet	236668	946459	18	-11.52	4.93	-4.1	-	1.06	
anet	198016	793439	109	+12.49	8.01	+4.1	-	1.72	
tfrrs	14891	1	19	+14.70	8.62	+4.1	FAN	1.85	
anet	132849	555744	41	-11.84	8.95	-4.1	FAN	1.92	
tfrrs	27155	9	173	-10.78	2.03	-4.1	-	0.44	
anet	83941	329844	54	-11.41	7.86	-4.1	-	1.68	
anet	11081	51011	54	+12.19	3.21	+4.1	-	0.69	
anet	152455	632763	26	-11.08	3.79	-4.1	-	0.81	
anet	173516	742617	84	-10.92	4.90	-4.1	-	1.05	
anet	186382	757236	32	-11.01	3.73	-4.1	-	0.80	
anet	114041	453678	98	-11.06	7.16	-4.1	-	1.53	
anet	152888	635308	119	+12.37	7.22	+4.1	-	1.55	
anet	207403	883507	30	+12.41	3.84	+4.1	-	0.82	
anet	210919	843288	41	-11.00	4.14	-4.1	-	0.89	
tfrrs	20535	1	21	-14.07	11.88	-4.1	FAN	2.55	
anet	155059	646623	21	+13.90	7.49	+4.1	-	1.60	
anet	217136	867645	16	-12.29	6.75	-4.1	-	1.45	
tfrrs	14552	3	35	-10.98	3.67	-4.1	-	0.79	
anet	248645	992605	63	-10.95	4.66	-4.1	-	1.00	
anet	200862	806210	30	-11.55	6.52	-4.1	-	1.40	
tfrrs	25810	1	31	-13.09	11.82	-4.1	FAN	2.53	
anet	39653	170213	40	-12.55	11.62	-4.1	FAN	2.49	
anet	79575	314959	33	-11.95	8.47	-4.1	FAN	1.81	
anet	270627	1077870	80	-11.08	6.74	-4.1	-	1.44	
anet	137675	568128	27	+14.17	9.13	+4.1	FAN	1.96	OVERRIDE
tfrrs	26099	2	43	-11.40	7.02	-4.1	-	1.50	
anet	211224	844177	18	+14.34	7.78	+4.1	-	1.67	
tfrrs	23930	2	83	-11.16	7.68	-4.1	-	1.65	
anet	80117	317215	79	+12.37	5.95	+4.1	-	1.27	
anet	51421	219081	19	+15.48	9.96	+4.1	FAN	2.13	
anet	191831	774726	13	+16.58	9.61	+4.1	FAN	2.06	
anet	65691	283886	39	+12.34	4.03	+4.1	-	0.86	
anet	47380	202237	48	+13.30	9.28	+4.1	FAN	1.99	
anet	10606	49079	337	-10.77	3.90	-4.1	-	0.83	
anet	28067	122141	28	+13.36	7.27	+4.1	-	1.56	
anet	225248	899833	43	+12.36	4.38	+4.1	-	0.94	
anet	269752	1073477	29	+12.38	3.70	+4.1	-	0.79	
anet	109161	441581	67	+12.38	5.65	+4.1	-	1.21	
tfrrs	21878	2	49	-12.15	11.25	-4.1	FAN	2.41	
anet	57658	258043	35	+12.35	3.91	+4.1	-	0.84	
anet	181874	743150	12	-12.87	6.99	-4.1	-	1.50	
anet	212286	847827	14	-13.39	8.53	-4.1	FAN	1.83	
anet	264841	1051052	23	+12.61	4.29	+4.1	-	0.92	
anet	262355	1044017	37	-10.78	1.63	-4.1	-	0.35	
anet	161247	667849	39	+12.81	6.53	+4.1	-	1.40	
anet	197914	793107	28	-11.41	5.77	-4.1	-	1.24	
anet	59703	278025	12	-14.44	9.59	-4.1	FAN	2.05	
anet	150993	636885	20	+13.77	7.10	+4.1	-	1.52	
anet	36960	159613	16	+14.40	7.48	+4.1	-	1.60	
anet	247907	983953	118	+12.96	12.44	+4.1	FAN	2.66	
anet	30125	130938	13	+12.23	1.92	+4.1	-	0.41	
anet	138309	580115	45	-12.20	11.03	-4.1	FAN	2.36	
tfrrs	20011	0	52	-12.02	11.09	-4.1	FAN	2.38	
anet	246775	979763	13	+12.13	1.34	+4.1	-	0.29	
anet	254338	1045048	30	+14.14	9.64	+4.1	FAN	2.06	OVERRIDE
anet	198059	793640	20	-11.38	4.78	-4.1	-	1.02	
anet	18935	84530	56	-11.02	5.32	-4.1	-	1.14	
anet	25524	111733	29	-14.62	15.36	-4.1	FAN	3.29	
tfrrs	14552	0	55	-11.14	6.23	-4.1	-	1.34	
anet	250745	998003	22	+12.84	5.03	+4.1	-	1.08	
anet	97070	386728	18	-11.42	4.69	-4.1	-	1.00	
anet	234373	937227	104	+12.70	9.94	+4.1	FAN	2.13	
anet	11244	51688	22	-10.95	2.88	-4.1	-	0.62	
anet	125226	504249	15	-11.51	4.56	-4.1	-	0.98	
anet	205196	822789	26	+13.20	6.60	+4.1	-	1.41	
tfrrs	19454	4	343	-10.77	5.04	-4.1	-	1.08	
tfrrs	12412	4	143	-10.92	6.84	-4.1	-	1.47	
tfrrs	10715	4	18	-11.13	3.57	-4.1	-	0.77	
anet	51843	220744	58	-10.98	5.05	-4.1	-	1.08	
tfrrs	4607	0	15	-11.74	5.25	-4.1	-	1.12	
anet	49145	209622	12	+12.60	3.13	+4.1	-	0.67	
anet	210546	842192	52	+13.02	8.58	+4.1	FAN	1.84	
tfrrs	24784	8	96	-10.85	4.45	-4.1	-	0.95	
anet	157105	680353	30	-11.56	6.70	-4.1	-	1.43	
anet	184057	752274	40	-11.27	6.18	-4.1	-	1.32	
anet	133466	581219	81	-11.32	9.26	-4.1	FAN	1.98	
anet	3539	17152	27	+12.20	2.67	+4.1	-	0.57	
anet	124800	502235	192	-10.83	5.95	-4.1	-	1.27	
anet	31784	151713	52	+13.21	9.42	+4.1	FAN	2.02	
anet	155271	647664	128	+12.14	4.89	+4.1	-	1.05	
anet	95813	380567	75	-10.90	4.88	-4.1	-	1.05	
anet	48832	208302	19	+13.78	6.99	+4.1	-	1.50	
anet	12920	76519	17	+16.80	11.36	+4.1	FAN	2.43	
anet	110102	435872	93	+12.86	10.58	+4.1	FAN	2.27	
anet	56604	241919	185	-10.81	5.43	-4.1	-	1.16	
anet	214318	857684	18	+14.85	8.76	+4.1	FAN	1.88	
anet	193346	779483	29	-11.26	5.25	-4.1	-	1.13	
anet	259648	1030982	43	-11.23	6.26	-4.1	-	1.34	
anet	147521	621366	41	-11.54	7.79	-4.1	-	1.67	
anet	270957	1079259	14	-11.25	3.62	-4.1	-	0.78	
anet	149706	621428	19	-12.64	8.34	-4.1	-	1.79	
anet	184319	750663	14	-11.86	5.41	-4.1	-	1.16	
tfrrs	6485	1	26	-12.22	8.54	-4.1	FAN	1.83	OVERRIDE
anet	32004	205207	93	+13.04	11.69	+4.1	FAN	2.50	
anet	113044	448857	16	-12.92	8.25	-4.1	-	1.77	
anet	59558	254985	39	+12.27	3.82	+4.1	-	0.82	
anet	20766	119967	98	-11.05	7.56	-4.1	-	1.62	
anet	14522	65534	62	-10.95	5.08	-4.1	-	1.09	
anet	151187	626778	38	-11.49	7.29	-4.1	-	1.56	
tfrrs	13509	3	27	-11.28	5.23	-4.1	-	1.12	
anet	31438	136485	37	-11.75	8.35	-4.1	-	1.79	
tfrrs	26215	1	66	-10.82	3.59	-4.1	-	0.77	
anet	31784	151710	55	-12.10	11.88	-4.1	FAN	2.55	
anet	213434	860843	17	-11.46	4.79	-4.1	-	1.03	
anet	87355	346653	27	+12.49	4.32	+4.1	-	0.93	
anet	264304	1048441	66	-11.03	6.08	-4.1	-	1.30	
tfrrs	25466	5	216	-10.96	9.81	-4.1	FAN	2.10	
anet	92067	363291	47	+12.30	4.48	+4.1	-	0.96	
tfrrs	23459	1	110	-11.34	11.08	-4.1	FAN	2.37	
anet	213504	851832	23	-13.63	11.59	-4.1	FAN	2.48	
anet	209488	838902	37	-12.01	9.40	-4.1	FAN	2.01	
anet	40511	173829	30	-12.19	9.08	-4.1	FAN	1.95	
anet	6943	32859	35	-11.39	6.52	-4.1	-	1.40	
anet	234226	936404	102	+12.61	9.43	+4.1	FAN	2.02	
tfrrs	11082	6	44	-11.05	5.13	-4.1	-	1.10	
tfrrs	25526	3	17	-11.99	6.33	-4.1	-	1.36	
anet	40280	172865	17	+12.79	4.38	+4.1	-	0.94	
tfrrs	23438	1	81	-10.89	5.10	-4.1	-	1.09	
anet	206185	826648	23	-11.69	6.39	-4.1	-	1.37	
anet	79757	315684	223	-10.92	9.18	-4.1	FAN	1.97	
anet	244206	972598	19	+13.12	5.55	+4.1	-	1.19	OVERRIDE
anet	192169	775824	61	-11.35	8.40	-4.1	-	1.80	
tfrrs	8777	0	21	-11.90	6.80	-4.1	-	1.46	
anet	110253	450150	30	-11.78	7.69	-4.1	-	1.65	
anet	92067	363293	38	+12.17	3.11	+4.1	-	0.67	
anet	157832	678064	34	-10.95	3.84	-4.1	-	0.82	
tfrrs	25007	8	111	-10.73	2.36	-4.1	-	0.50	
anet	210141	840918	30	+12.54	4.85	+4.1	-	1.04	
anet	262136	1040248	30	-12.15	8.99	-4.1	FAN	1.93	
anet	262560	1041852	53	+12.33	5.09	+4.1	-	1.09	
anet	112996	440350	40	-10.96	4.29	-4.1	-	0.92	
anet	158779	660124	26	-11.89	7.55	-4.1	-	1.62	
anet	160360	665527	14	+14.29	6.92	+4.1	-	1.48	
anet	48268	205913	46	+12.92	7.83	+4.1	-	1.68	
anet	116299	465414	50	-11.67	9.42	-4.1	FAN	2.02	
tfrrs	23595	2	21	-11.24	4.52	-4.1	-	0.97	
anet	105034	413332	25	-11.25	4.99	-4.1	-	1.07	
anet	176773	734577	42	-11.66	8.58	-4.1	FAN	1.84	
anet	64488	278310	29	+12.18	2.91	+4.1	-	0.62	
anet	156703	653159	44	-11.79	9.37	-4.1	FAN	2.01	
tfrrs	19197	0	98	-10.81	4.48	-4.1	-	0.96	
anet	193420	779651	27	-11.15	4.69	-4.1	-	1.01	
tfrrs	21328	2	103	-11.13	8.91	-4.1	FAN	1.91	
anet	26217	114547	56	-10.83	3.66	-4.1	-	0.78	
anet	134244	548650	182	+12.66	13.27	+4.1	FAN	2.84	
anet	118007	473328	59	+12.29	5.11	+4.1	-	1.10	
anet	120322	483424	19	-12.92	9.06	-4.1	FAN	1.94	
anet	110180	436199	21	-11.92	6.89	-4.1	-	1.48	
anet	151493	628334	12	-20.94	18.58	-4.1	FAN	3.98	
anet	137804	569205	13	+13.69	5.71	+4.1	-	1.22	
anet	253400	1011977	109	-10.92	6.61	-4.1	-	1.42	
anet	135372	559769	107	-11.35	11.28	-4.1	FAN	2.42	
anet	160062	664713	57	+12.77	8.08	+4.1	-	1.73	
anet	96850	385903	17	-12.24	7.02	-4.1	-	1.50	
anet	140027	582265	17	-12.88	8.49	-4.1	FAN	1.82	
anet	83658	328710	15	+12.23	2.35	+4.1	-	0.50	
anet	150919	642833	22	+16.72	12.90	+4.1	FAN	2.76	
anet	192762	777758	53	+13.04	9.04	+4.1	FAN	1.94	
anet	67312	288035	38	-11.29	6.40	-4.1	-	1.37	
anet	162077	676278	18	-12.96	8.91	-4.1	FAN	1.91	
tfrrs	25465	3	88	-11.06	7.65	-4.1	-	1.64	
anet	150237	639202	41	-11.26	6.47	-4.1	-	1.39	
anet	116094	464218	50	-11.18	6.64	-4.1	-	1.42	
anet	89503	353035	22	-12.72	9.27	-4.1	FAN	1.98	
anet	11081	51010	84	+12.12	4.38	+4.1	-	0.94	
tfrrs	21878	1	119	-10.97	7.76	-4.1	-	1.66	
anet	11273	51779	95	-11.17	9.10	-4.1	FAN	1.95	
anet	252650	1008942	150	+12.16	6.48	+4.1	-	1.39	
anet	253980	1014111	19	-12.11	7.12	-4.1	-	1.52	
tfrrs	24676	0	83	-10.77	3.70	-4.1	-	0.79	
anet	51704	220151	15	+13.40	5.59	+4.1	-	1.20	
anet	158038	673880	14	-12.39	6.73	-4.1	-	1.44	
anet	36415	164905	37	-15.15	18.93	-4.1	FAN	4.05	
tfrrs	21671	6	38	-11.47	7.36	-4.1	-	1.58	
anet	83672	328761	21	+12.36	3.44	+4.1	-	0.74	
anet	4276	22638	18	-11.45	5.01	-4.1	-	1.07	
tfrrs	21296	1	13	-11.04	2.90	-4.1	-	0.62	
anet	173027	712687	86	-11.13	8.35	-4.1	-	1.79	
anet	117722	472064	32	-12.94	11.84	-4.1	FAN	2.54	
anet	141132	589245	46	-10.88	4.05	-4.1	-	0.87	
tfrrs	23207	0	124	-10.71	2.88	-4.1	-	0.62	
anet	114142	454130	50	-11.31	7.55	-4.1	-	1.62	
anet	224344	896606	38	+16.53	16.61	+4.1	FAN	3.56	
anet	114723	457220	139	+12.20	6.91	+4.1	-	1.48	
tfrrs	21242	3	161	-10.88	7.67	-4.1	-	1.64	
anet	56480	276930	472	-10.72	6.54	-4.1	-	1.40	
tfrrs	26142	2	81	-10.89	5.53	-4.1	-	1.19	
anet	76708	305070	112	+12.53	9.60	+4.1	FAN	2.06	
anet	109944	435218	48	-13.93	17.87	-4.1	FAN	3.83	
anet	117909	472875	62	-11.43	9.16	-4.1	FAN	1.96	
anet	246517	977827	54	-11.13	6.66	-4.1	-	1.43	
tfrrs	20792	0	90	-10.74	3.27	-4.1	-	0.70	
anet	237381	956899	121	-10.91	7.22	-4.1	-	1.55	
anet	133772	545981	39	+13.26	8.62	+4.1	FAN	1.85	
tfrrs	25455	5	200	-10.92	9.42	-4.1	FAN	2.02	
anet	196061	787136	20	-13.87	11.43	-4.1	FAN	2.45	
anet	213213	850496	37	-11.56	7.72	-4.1	-	1.65	
anet	184641	751702	12	+12.26	2.31	+4.1	-	0.49	
anet	115228	459936	32	+12.19	3.35	+4.1	-	0.72	
anet	136857	563610	27	-13.45	12.25	-4.1	FAN	2.62	
anet	227739	915732	19	-10.94	3.06	-4.1	-	0.66	
anet	195619	785817	20	+13.82	7.43	+4.1	-	1.59	OVERRIDE
anet	259250	1029312	12	-11.32	3.75	-4.1	-	0.80	
anet	150748	625395	25	-12.76	10.06	-4.1	FAN	2.15	
anet	212646	848605	12	+13.61	5.42	+4.1	-	1.16	
anet	88218	350675	40	-11.64	8.44	-4.1	FAN	1.81	
anet	133772	545979	56	+13.00	9.26	+4.1	FAN	1.98	
tfrrs	19357	1	121	-10.86	6.56	-4.1	-	1.41	
anet	58078	248663	86	-11.27	9.66	-4.1	FAN	2.07	
anet	207403	883480	103	+12.10	4.88	+4.1	-	1.05	
anet	160366	665465	45	-11.40	7.75	-4.1	-	1.66	
tfrrs	25789	0	19	+12.41	3.57	+4.1	-	0.76	
anet	261465	1049933	29	-11.30	5.76	-4.1	-	1.23	
anet	36223	156630	35	-11.20	5.83	-4.1	-	1.25	
anet	204170	819020	46	+12.18	3.99	+4.1	-	0.86	
anet	112742	447352	19	+13.47	6.52	+4.1	-	1.40	
anet	184471	751209	12	+13.59	5.40	+4.1	-	1.16	
tfrrs	17933	0	50	-11.08	6.10	-4.1	-	1.31	
anet	117071	469202	79	-10.90	5.86	-4.1	-	1.26	
anet	143409	601613	54	+13.13	9.68	+4.1	FAN	2.07	
anet	242468	966524	42	+13.03	8.15	+4.1	-	1.75	
anet	260550	1034471	30	-12.68	10.82	-4.1	FAN	2.32	
anet	235513	941975	83	+12.81	10.23	+4.1	FAN	2.19	
anet	198142	793926	46	-11.91	10.36	-4.1	FAN	2.22	
anet	235480	941856	114	+12.49	9.56	+4.1	FAN	2.05	
anet	12091	55300	21	-11.64	6.14	-4.1	-	1.32	
anet	145411	611532	22	+13.13	6.18	+4.1	-	1.32	
anet	50928	216949	30	+12.58	5.30	+4.1	-	1.14	OVERRIDE
anet	196075	787089	27	-11.27	5.48	-4.1	-	1.17	
anet	55351	237747	30	+13.42	8.08	+4.1	-	1.73	
anet	52980	225525	19	-12.84	8.98	-4.1	FAN	1.92	
anet	132587	540654	32	+12.23	3.75	+4.1	-	0.80	
anet	116055	463961	200	-10.70	4.26	-4.1	-	0.91	
anet	132849	555743	77	-10.91	5.98	-4.1	-	1.28	
anet	226274	903503	24	-11.16	4.68	-4.1	-	1.00	
tfrrs	25526	4	37	-11.09	5.41	-4.1	-	1.16	
anet	269165	1070569	26	-11.19	5.04	-4.1	-	1.08	
anet	49278	237792	25	-13.28	11.43	-4.1	FAN	2.45	
anet	198007	793409	60	-12.33	13.80	-4.1	FAN	2.96	
anet	181105	740834	18	+12.21	2.71	+4.1	-	0.58	
anet	72775	296416	44	+12.33	5.08	+4.1	-	1.09	
anet	157565	687294	105	-10.79	5.19	-4.1	-	1.11	
anet	94279	373066	46	-10.85	4.11	-4.1	-	0.88	
anet	174164	716930	24	-11.98	7.72	-4.1	-	1.65	
anet	163183	673683	28	-13.51	12.69	-4.1	FAN	2.72	
anet	57437	270929	58	+12.21	4.95	+4.1	-	1.06	
anet	179941	756806	13	+12.69	3.79	+4.1	-	0.81	
anet	151494	628339	78	+12.29	6.49	+4.1	-	1.39	
tfrrs	27155	10	185	-10.66	2.80	-4.1	-	0.60	
tfrrs	25389	0	105	-11.59	13.46	-4.1	FAN	2.88	
anet	123416	496196	14	+14.67	7.65	+4.1	-	1.64	
anet	259013	1048046	45	-11.40	7.87	-4.1	-	1.69	
tfrrs	11038	2	21	-12.31	8.14	-4.1	-	1.74	
anet	47837	204133	57	+12.37	6.14	+4.1	-	1.32	
anet	114580	456465	38	+14.14	11.24	+4.1	FAN	2.41	
anet	79786	315812	24	-12.73	9.86	-4.1	FAN	2.11	
tfrrs	23207	1	155	-10.66	2.70	-4.1	-	0.58	
tfrrs	20275	0	61	-11.41	9.23	-4.1	FAN	1.98	
anet	11477	54034	14	+14.40	7.25	+4.1	-	1.55	
anet	48369	206305	23	-10.75	2.21	-4.1	-	0.47	
anet	107068	422799	46	-11.00	5.50	-4.1	-	1.18	
tfrrs	20792	5	101	-10.78	5.25	-4.1	-	1.12	
anet	166386	687035	26	+14.11	9.27	+4.1	FAN	1.98	
anet	56613	241954	72	-11.09	7.67	-4.1	-	1.64	
anet	183509	748290	66	-11.21	8.28	-4.1	-	1.77	
anet	223669	894329	51	-11.80	10.52	-4.1	FAN	2.25	
anet	185000	752779	43	+12.15	3.95	+4.1	-	0.85	
anet	205301	823295	12	+14.74	7.19	+4.1	-	1.54	
anet	57746	247257	21	-11.75	6.58	-4.1	-	1.41	
anet	247008	981609	45	-11.31	7.46	-4.1	-	1.60	
anet	5995	32793	37	+13.47	9.24	+4.1	FAN	1.98	
anet	183848	749290	20	+12.82	5.14	+4.1	-	1.10	
tfrrs	18244	3	77	-10.73	3.70	-4.1	-	0.79	
anet	226726	904998	43	-11.18	6.53	-4.1	-	1.40	
anet	192192	776345	19	-11.71	6.17	-4.1	-	1.32	
anet	131436	566933	15	+12.53	3.71	+4.1	-	0.79	
anet	156445	652147	22	-11.92	7.28	-4.1	-	1.56	
tfrrs	23460	0	104	-10.91	7.32	-4.1	-	1.57	
anet	212463	848199	25	-13.21	11.34	-4.1	FAN	2.43	
anet	58139	248895	28	-11.64	7.22	-4.1	-	1.55	
tfrrs	27181	2	114	-10.76	5.22	-4.1	-	1.12	
anet	244205	973054	20	-11.59	5.93	-4.1	-	1.27	
tfrrs	24978	1	93	-11.32	10.82	-4.1	FAN	2.32	
anet	35404	153398	199	-10.69	4.75	-4.1	-	1.02	
anet	234933	939635	23	+13.07	6.28	+4.1	-	1.35	
anet	84544	336870	26	+12.77	5.73	+4.1	-	1.23	
anet	259643	1030964	40	-11.33	7.16	-4.1	-	1.53	
anet	23529	119505	17	-11.64	5.63	-4.1	-	1.21	
anet	1294	6233	16	-15.46	13.11	-4.1	FAN	2.81	
anet	242434	966677	52	-10.98	5.74	-4.1	-	1.23	
tfrrs	25412	5	75	-11.03	7.37	-4.1	-	1.58	
anet	227074	912973	16	-12.21	6.93	-4.1	-	1.48	
anet	117525	471138	36	+12.28	4.50	+4.1	-	0.96	OVERRIDE
anet	142429	596862	36	+14.96	13.01	+4.1	FAN	2.79	
anet	247062	980275	30	-11.15	5.34	-4.1	-	1.14	
anet	115453	461041	21	-11.22	4.78	-4.1	-	1.02	
anet	92678	366058	114	-10.81	6.30	-4.1	-	1.35	
anet	130750	532338	97	-11.01	8.23	-4.1	-	1.76	
anet	233770	934028	94	+12.03	4.50	+4.1	-	0.96	
anet	6831	32409	12	+12.65	3.63	+4.1	-	0.78	
anet	176045	720982	21	-11.73	6.55	-4.1	-	1.40	
anet	251928	1004041	45	+13.95	11.76	+4.1	FAN	2.52	
anet	137568	591582	41	-11.16	6.34	-4.1	-	1.36	
anet	270627	1077868	82	-11.24	9.59	-4.1	FAN	2.06	
tfrrs	9670	1	25	-11.22	5.24	-4.1	-	1.12	
anet	163829	676102	29	-15.75	18.32	-4.1	FAN	3.92	
tfrrs	25616	2	28	-12.17	9.08	-4.1	FAN	1.94	
tfrrs	19629	2	25	-12.20	8.67	-4.1	FAN	1.86	
anet	11244	51687	33	-10.77	3.05	-4.1	-	0.65	
anet	152401	632527	25	+16.79	14.08	+4.1	FAN	3.02	
tfrrs	22126	0	91	-10.97	7.59	-4.1	-	1.62	
anet	141258	590087	63	+12.07	4.21	+4.1	-	0.90	
anet	225896	902327	80	-11.02	7.64	-4.1	-	1.64	
tfrrs	20390	3	46	-11.33	7.75	-4.1	-	1.66	
anet	182183	743899	19	+14.46	8.62	+4.1	FAN	1.85	
anet	130956	533396	89	-11.14	9.16	-4.1	FAN	1.96	
anet	147666	623639	15	-11.88	5.95	-4.1	-	1.27	
anet	33289	298109	33	-11.33	6.58	-4.1	-	1.41	
anet	161434	690147	53	+13.37	10.76	+4.1	FAN	2.30	
anet	258107	1025707	15	-12.79	7.98	-4.1	-	1.71	
tfrrs	27093	5	170	-10.84	8.34	-4.1	-	1.79	
anet	1877	8869	15	-14.09	10.41	-4.1	FAN	2.23	
anet	119448	479604	53	-11.17	7.28	-4.1	-	1.56	
tfrrs	18282	10	72	-10.85	5.59	-4.1	-	1.20	
anet	227588	908113	52	+12.29	5.60	+4.1	-	1.20	
anet	11081	51009	21	+12.21	3.22	+4.1	-	0.69	
anet	123294	495637	12	-13.28	8.00	-4.1	-	1.71	
anet	196251	787603	18	+19.06	14.90	+4.1	FAN	3.19	
tfrrs	9389	6	34	-11.17	5.85	-4.1	-	1.25	
anet	35906	155364	145	+12.05	6.20	+4.1	-	1.33	
anet	110578	437867	30	-11.03	4.77	-4.1	-	1.02	
anet	47722	203683	35	-11.13	5.76	-4.1	-	1.23	
tfrrs	24344	1	18	-11.35	4.93	-4.1	-	1.06	
anet	149425	620573	87	-11.31	10.54	-4.1	FAN	2.26	
anet	94437	373721	49	-10.80	4.13	-4.1	-	0.89	
anet	213138	850282	58	+13.66	12.43	+4.1	FAN	2.66	
anet	199975	802235	42	+13.68	10.62	+4.1	FAN	2.28	
anet	266574	1058811	46	+12.85	8.11	+4.1	-	1.74	
anet	76688	304979	86	+12.10	5.49	+4.1	-	1.18	
anet	84654	332950	14	-12.05	6.18	-4.1	-	1.32	
tfrrs	8942	6	27	-11.05	4.70	-4.1	-	1.01	
anet	44468	191027	27	-12.73	10.60	-4.1	FAN	2.27	OVERRIDE
anet	119812	481149	22	-11.99	7.57	-4.1	-	1.62	
anet	33674	146290	32	+13.95	10.00	+4.1	FAN	2.14	
anet	184319	750660	18	-13.85	11.00	-4.1	FAN	2.36	
anet	43740	188275	14	+15.45	8.86	+4.1	FAN	1.90	
anet	243105	977028	13	+12.49	3.46	+4.1	-	0.74	
anet	207403	883483	147	+11.94	4.42	+4.1	-	0.95	
anet	5016	1039487	79	-11.10	8.49	-4.1	FAN	1.82	
anet	52097	221806	16	-11.43	4.93	-4.1	-	1.06	
tfrrs	27093	7	162	-10.65	4.08	-4.1	-	0.87	
anet	72914	298111	29	+14.03	9.74	+4.1	FAN	2.09	
anet	196581	795461	22	-13.11	10.50	-4.1	FAN	2.25	
anet	61652	264343	48	-14.72	20.65	-4.1	FAN	4.42	
anet	131598	536348	25	-11.36	5.93	-4.1	-	1.27	
anet	240076	958934	30	-11.37	6.52	-4.1	-	1.40	
anet	91156	359590	43	-10.73	3.31	-4.1	-	0.71	
anet	5498	26316	124	+13.89	19.43	+4.1	FAN	4.16	
anet	163687	675365	31	+12.61	5.86	+4.1	-	1.26	
anet	83121	326561	15	+12.28	3.06	+4.1	-	0.66	
anet	83945	329857	13	+12.95	4.56	+4.1	-	0.98	
anet	48075	205090	33	-11.13	5.68	-4.0	-	1.22	
anet	44352	190670	85	+11.90	2.75	+4.0	-	0.59	
anet	126448	511454	21	+13.39	6.91	+4.0	-	1.48	
anet	127500	517238	12	+12.85	4.18	+4.0	-	0.90	
anet	253630	1012926	47	-11.06	6.35	-4.0	-	1.36	
anet	231845	924829	29	-11.09	5.11	-4.0	-	1.09	
tfrrs	26203	0	81	-10.75	4.89	-4.0	-	1.05	
anet	196601	788588	45	-11.59	9.11	-4.0	FAN	1.95	
anet	136439	560926	37	+12.42	5.53	+4.0	-	1.19	
anet	164514	682824	13	-12.64	7.21	-4.0	-	1.54	
anet	101682	400580	73	-10.73	4.40	-4.0	-	0.94	
anet	161247	667850	30	+12.26	4.25	+4.0	-	0.91	
anet	269863	1074039	66	+12.57	8.32	+4.0	-	1.78	
anet	37157	160366	17	-11.74	6.04	-4.0	-	1.29	
anet	111564	441996	28	-13.08	11.78	-4.0	FAN	2.52	
tfrrs	23441	0	127	-11.00	9.74	-4.0	FAN	2.09	
anet	178012	728152	16	+13.39	6.05	+4.0	-	1.30	
tfrrs	23379	2	67	-10.83	5.52	-4.0	-	1.18	
tfrrs	18282	12	137	-10.66	4.47	-4.0	-	0.96	
tfrrs	25621	0	75	-10.76	4.86	-4.0	-	1.04	
anet	232858	932112	16	-12.60	7.91	-4.0	-	1.69	
anet	239785	977512	108	-11.23	11.28	-4.0	FAN	2.42	
anet	262758	1042532	21	+12.17	3.18	+4.0	-	0.68	
anet	144919	632597	84	-10.92	7.19	-4.0	-	1.54	
anet	87224	346063	168	-10.78	7.88	-4.0	-	1.69	
anet	161420	668288	89	+12.08	5.65	+4.0	-	1.21	
anet	56113	464598	12	+12.04	1.89	+4.0	-	0.41	
anet	131291	557752	33	+12.63	6.16	+4.0	-	1.32	
anet	106158	449401	22	+12.92	5.89	+4.0	-	1.26	
anet	209416	838628	23	-12.18	8.37	-4.0	-	1.79	
anet	242085	965571	23	-12.42	9.02	-4.0	FAN	1.93	
anet	3627	214221	13	-12.34	6.63	-4.0	-	1.42	
tfrrs	23958	1	45	-11.03	6.08	-4.0	-	1.30	
anet	126486	511395	32	-11.20	6.03	-4.0	-	1.29	
anet	161830	669460	35	-11.74	8.71	-4.0	FAN	1.87	
anet	119605	480287	20	+13.43	6.88	+4.0	-	1.47	
anet	13338	60707	14	-13.04	8.29	-4.0	-	1.78	
anet	64466	278230	18	-11.35	5.05	-4.0	-	1.08	
anet	107896	426449	53	-11.07	6.90	-4.0	-	1.48	
anet	73935	299215	22	-12.29	8.49	-4.0	FAN	1.82	
anet	176449	722972	20	-14.76	13.46	-4.0	FAN	2.88	
tfrrs	24118	0	135	-10.73	6.19	-4.0	-	1.33	
anet	128224	520739	14	-19.33	18.10	-4.0	FAN	3.88	
anet	120290	483155	13	+13.03	4.79	+4.0	-	1.03	
anet	200846	806146	33	+12.30	4.75	+4.0	-	1.02	
anet	145786	610919	64	-10.64	2.94	-4.0	-	0.63	
anet	149117	628694	32	-11.25	6.29	-4.0	-	1.35	
anet	165644	692706	13	+12.10	2.29	+4.0	-	0.49	
anet	147608	616124	26	-14.37	14.50	-4.0	FAN	3.11	
anet	32500	140975	74	+12.00	4.46	+4.0	-	0.96	
anet	268042	1065495	21	-11.84	7.08	-4.0	-	1.52	
anet	172268	710713	25	+17.76	15.75	+4.0	FAN	3.37	
anet	53323	226945	16	-11.18	4.23	-4.0	-	0.91	
anet	151043	626318	28	-11.45	6.75	-4.0	-	1.45	
anet	116395	465987	26	-11.11	5.06	-4.0	-	1.08	
tfrrs	25361	0	71	-10.98	7.33	-4.0	-	1.57	
tfrrs	26198	1	55	-10.99	6.47	-4.0	-	1.39	
anet	50582	215610	24	-11.17	5.14	-4.0	-	1.10	
anet	249032	989255	79	-10.68	4.05	-4.0	-	0.87	
anet	97554	388717	20	+13.00	5.89	+4.0	-	1.26	
anet	25842	113043	32	-10.85	4.12	-4.0	-	0.88	
anet	148213	617676	21	+13.63	7.55	+4.0	-	1.62	
anet	140885	587628	14	-11.95	6.04	-4.0	-	1.29	
anet	105381	415152	20	+12.88	5.57	+4.0	-	1.19	
anet	140656	586193	124	+11.93	4.75	+4.0	-	1.02	
tfrrs	26063	3	27	-11.29	6.01	-4.0	-	1.29	OVERRIDE
anet	84367	331730	28	+12.37	4.77	+4.0	-	1.02	
tfrrs	22320	0	38	-11.72	9.08	-4.0	FAN	1.95	
anet	230591	920211	35	-11.22	6.47	-4.0	-	1.39	
tfrrs	19125	0	36	-11.25	6.73	-4.0	-	1.44	
anet	153144	636492	47	+13.84	11.96	+4.0	FAN	2.56	
anet	188923	765060	15	-11.72	5.70	-4.0	-	1.22	
anet	153523	638807	85	-11.66	13.17	-4.0	FAN	2.82	
anet	46032	196648	21	+11.97	2.30	+4.0	-	0.49	
anet	159403	662795	109	-11.06	9.97	-4.0	FAN	2.14	
anet	32405	141428	59	-11.04	7.19	-4.0	-	1.54	
anet	247029	980071	55	-10.95	6.24	-4.0	-	1.34	
anet	238138	952648	195	-10.64	5.51	-4.0	-	1.18	
tfrrs	20170	0	17	-11.18	4.41	-4.0	-	0.94	
anet	143968	604400	55	-10.96	6.37	-4.0	-	1.36	
anet	196724	795523	54	-11.26	8.31	-4.0	-	1.78	
tfrrs	25007	5	179	-10.56	2.20	-4.0	-	0.47	
anet	213994	853634	48	-11.98	11.35	-4.0	FAN	2.43	
anet	122264	491431	12	+12.15	2.46	+4.0	-	0.53	
anet	194276	782206	12	+12.17	2.53	+4.0	-	0.54	OVERRIDE
anet	78170	309022	24	-11.24	5.50	-4.0	-	1.18	
anet	86844	344129	16	-10.83	2.81	-4.0	-	0.60	
anet	254476	1016127	13	-12.35	6.71	-4.0	-	1.44	
anet	211144	844039	79	+12.63	9.76	+4.0	FAN	2.09	
anet	197511	792084	17	+12.13	2.85	+4.0	-	0.61	
anet	91868	360113	205	-10.66	6.62	-4.0	-	1.42	
anet	226408	903899	17	-12.02	6.89	-4.0	-	1.48	
anet	157748	669327	18	-11.28	4.89	-4.0	-	1.05	
anet	159135	661117	58	-10.78	4.96	-4.0	-	1.06	
anet	229552	915178	14	+15.65	9.24	+4.0	FAN	1.98	
anet	233439	932523	64	-12.07	13.58	-4.0	FAN	2.91	
anet	160981	676761	116	+12.17	7.94	+4.0	-	1.70	
anet	90831	358275	13	-10.82	2.52	-4.0	-	0.54	
anet	144999	625710	59	-10.97	6.71	-4.0	-	1.44	
anet	214280	854877	30	-12.05	9.24	-4.0	FAN	1.98	
anet	252317	1006017	90	+12.39	8.85	+4.0	FAN	1.90	
anet	21046	93720	273	-10.58	4.50	-4.0	-	0.96	
anet	164849	680292	12	+15.65	8.56	+4.0	FAN	1.83	
tfrrs	13799	3	74	-10.70	4.58	-4.0	-	0.98	
anet	102616	405581	68	+12.19	6.29	+4.0	-	1.35	
anet	257427	1022999	35	-11.78	8.98	-4.0	FAN	1.92	
anet	127506	517280	28	-11.83	8.22	-4.0	-	1.76	
anet	111454	441554	14	+15.56	9.14	+4.0	FAN	1.96	
anet	255843	1017430	67	-10.73	4.77	-4.0	-	1.02	
anet	165158	681732	33	-11.10	5.81	-4.0	-	1.24	
anet	131612	576441	43	-13.81	17.06	-4.0	FAN	3.66	
anet	168467	697147	16	+12.91	5.14	+4.0	-	1.10	
anet	209335	838311	33	-11.23	6.47	-4.0	-	1.39	
anet	156085	650818	78	-10.63	3.68	-4.0	-	0.79	
anet	266663	1059081	17	-10.98	3.67	-4.0	-	0.79	
anet	96272	383472	12	+14.51	7.08	+4.0	-	1.52	
anet	225475	901316	23	-10.93	4.04	-4.0	-	0.87	
anet	112472	446095	17	+15.57	10.09	+4.0	FAN	2.16	
tfrrs	26358	1	26	+12.06	3.27	+4.0	-	0.70	
anet	193343	779471	23	-13.59	12.01	-4.0	FAN	2.57	
anet	105808	417166	97	-10.69	5.26	-4.0	-	1.13	
anet	62256	267223	53	-11.88	11.57	-4.0	FAN	2.48	
tfrrs	13076	2	44	-10.89	5.33	-4.0	-	1.14	
anet	232781	929471	20	+13.88	7.96	+4.0	-	1.71	
anet	234529	937890	27	+13.31	7.82	+4.0	-	1.68	
anet	145938	617865	84	-10.77	6.03	-4.0	-	1.29	
anet	204067	818566	24	+14.26	9.51	+4.0	FAN	2.04	
anet	198658	796029	58	+12.48	7.68	+4.0	-	1.64	
anet	9115	42758	23	-11.24	5.45	-4.0	-	1.17	
anet	13852	62829	41	-11.27	7.44	-4.0	-	1.59	
anet	22720	100168	15	-12.32	7.19	-4.0	-	1.54	
tfrrs	19194	0	96	-10.64	4.35	-4.0	-	0.93	
anet	214540	863292	21	-11.17	4.94	-4.0	-	1.06	
anet	198208	795204	60	+12.35	7.07	+4.0	-	1.51	
anet	215310	859194	27	-11.11	5.35	-4.0	-	1.15	
anet	139713	598516	15	+12.42	3.74	+4.0	-	0.80	
tfrrs	6065	1	31	-13.10	12.65	-4.0	FAN	2.71	
anet	69379	290394	124	-10.82	8.12	-4.0	-	1.74	
anet	84171	330875	13	-15.76	12.46	-4.0	FAN	2.67	
anet	151924	630166	29	-10.84	4.02	-4.0	-	0.86	
anet	22720	100171	22	-11.05	4.56	-4.0	-	0.98	
tfrrs	24195	6	167	-10.70	7.26	-4.0	-	1.55	
anet	56921	268596	110	-10.64	4.75	-4.0	-	1.02	
anet	263068	1062663	19	+14.32	8.61	+4.0	FAN	1.84	
anet	211548	845434	43	-11.53	8.95	-4.0	FAN	1.92	
anet	145599	629361	23	+13.65	8.04	+4.0	-	1.72	
tfrrs	25915	3	53	-11.33	8.85	-4.0	FAN	1.89	
anet	216249	863928	21	+12.06	3.02	+4.0	-	0.65	
anet	41233	177115	103	+12.08	6.89	+4.0	-	1.47	
anet	149693	621378	56	-10.91	6.29	-4.0	-	1.35	
tfrrs	13530	5	51	-10.79	4.97	-4.0	-	1.06	
anet	196581	788550	16	-11.98	6.65	-4.0	-	1.43	
anet	56751	242672	50	-10.68	3.82	-4.0	-	0.82	
anet	95550	399142	98	-10.72	6.04	-4.0	-	1.29	
anet	122862	516175	13	+11.95	1.94	+4.0	-	0.42	
anet	226580	904438	89	-10.87	7.51	-4.0	-	1.61	
tfrrs	21242	0	152	-10.61	5.11	-4.0	-	1.10	
tfrrs	26370	2	207	-10.59	5.41	-4.0	-	1.16	
anet	83252	330421	28	-23.13	33.46	-4.0	FAN	7.17	
anet	153341	637702	18	+12.81	5.27	+4.0	-	1.13	
tfrrs	25501	1	67	-11.40	10.44	-4.0	FAN	2.24	
tfrrs	13808	5	60	-10.73	4.81	-4.0	-	1.03	
anet	219144	877317	24	+15.44	11.82	+4.0	FAN	2.53	
anet	234840	939237	50	+12.51	7.41	+4.0	-	1.59	
tfrrs	19340	0	170	-10.70	7.67	-4.0	-	1.64	
anet	90655	357784	25	-10.81	3.69	-4.0	-	0.79	
anet	234516	938710	12	-12.09	6.00	-4.0	-	1.29	
tfrrs	13808	2	84	-10.71	5.44	-4.0	-	1.17	
anet	110335	436831	13	+16.29	9.78	+4.0	FAN	2.10	
anet	165790	684376	41	-11.43	8.34	-4.0	-	1.79	
anet	232286	927101	14	+13.27	5.62	+4.0	-	1.20	
tfrrs	24004	0	30	-12.18	9.81	-4.0	FAN	2.10	
anet	139713	598517	12	+13.89	6.24	+4.0	-	1.34	
anet	121794	511632	121	-10.68	6.16	-4.0	-	1.32	
anet	199294	798727	25	+12.27	4.38	+4.0	-	0.94	
anet	178832	731250	43	+11.96	3.72	+4.0	-	0.80	
anet	173962	715256	40	-11.14	6.81	-4.0	-	1.46	
anet	87282	346327	33	+12.46	5.88	+4.0	-	1.26	
anet	251566	1002226	32	-10.80	4.09	-4.0	-	0.88	
anet	241926	965060	14	+12.49	3.91	+4.0	-	0.84	
anet	59169	278378	63	-10.67	4.30	-4.0	-	0.92	
anet	239510	956660	73	-11.04	8.42	-4.0	FAN	1.80	
anet	140621	589419	44	+11.99	4.02	+4.0	-	0.86	
anet	246517	977826	70	-10.68	4.70	-4.0	-	1.01	
tfrrs	25007	7	126	-10.58	4.21	-4.0	-	0.90	
anet	93351	368988	33	-11.59	8.17	-4.0	-	1.75	
anet	258768	1027752	122	+12.00	6.76	+4.0	-	1.45	
tfrrs	24718	0	63	-10.65	4.04	-4.0	-	0.87	
anet	88196	350520	13	+13.45	5.76	+4.0	-	1.23	
anet	144919	632596	130	-10.85	9.05	-4.0	FAN	1.94	
anet	189827	768239	69	-10.60	3.60	-4.0	-	0.77	
anet	148528	618473	95	+11.86	4.20	+4.0	-	0.90	
anet	53419	227347	17	-10.79	2.96	-4.0	-	0.63	
tfrrs	10991	1	63	-10.77	5.55	-4.0	-	1.19	
tfrrs	18261	1	16	-11.35	5.01	-4.0	-	1.07	
anet	223052	929945	13	-12.57	7.27	-4.0	-	1.56	
anet	11338	52039	51	-10.76	4.91	-4.0	-	1.05	
anet	64807	279806	112	+11.92	5.55	+4.0	-	1.19	
anet	106268	419361	33	-11.35	7.20	-4.0	-	1.54	
anet	243714	970987	33	-11.84	9.15	-4.0	FAN	1.96	
anet	248927	988827	42	+12.08	4.61	+4.0	-	0.99	
anet	219096	877070	33	-11.63	8.37	-4.0	-	1.79	
anet	191954	775227	31	-11.48	7.51	-4.0	-	1.61	
tfrrs	22308	4	144	-10.60	5.42	-4.0	-	1.16	
anet	51353	218798	26	-11.14	5.56	-4.0	-	1.19	
anet	130759	564315	19	+11.96	2.57	+4.0	-	0.55	
anet	227085	927729	57	+12.02	4.96	+4.0	-	1.06	
anet	126501	511656	18	-11.71	6.41	-4.0	-	1.37	
anet	228844	912507	65	-10.93	7.19	-4.0	-	1.54	
anet	265594	1057954	62	-10.68	4.59	-4.0	-	0.98	
anet	24089	105574	13	-12.56	7.26	-4.0	-	1.56	
anet	224789	916004	37	-11.94	10.12	-4.0	FAN	2.17	
anet	176262	721689	14	-13.59	9.47	-4.0	FAN	2.03	
anet	35189	152528	14	-11.61	5.41	-4.0	-	1.16	
anet	217752	870877	39	+12.60	7.08	+4.0	-	1.52	
anet	231845	924827	22	-11.59	6.72	-4.0	-	1.44	
anet	147521	621364	35	-11.02	5.82	-4.0	-	1.25	
anet	217927	871737	26	-12.20	9.26	-4.0	FAN	1.98	
anet	150995	626123	15	-13.64	9.90	-4.0	FAN	2.12	
anet	179049	732139	24	-13.04	11.12	-4.0	FAN	2.38	
anet	141327	590469	30	-12.09	9.62	-4.0	FAN	2.06	
anet	240467	960678	27	-12.52	10.36	-4.0	FAN	2.22	
anet	232858	930476	21	-11.18	5.17	-4.0	-	1.11	
anet	80000	316757	53	-11.14	7.95	-4.0	-	1.70	
anet	271469	1081346	27	+11.79	1.86	+4.0	-	0.40	
anet	216319	872761	32	+13.36	8.88	+4.0	FAN	1.90	
anet	30416	132193	28	-11.10	5.62	-4.0	-	1.20	
anet	211762	846140	28	-11.96	8.89	-4.0	FAN	1.90	
anet	231240	922623	120	-10.60	5.07	-4.0	-	1.09	
anet	155268	647636	171	+11.76	3.82	+4.0	-	0.82	
tfrrs	12125	5	17	-10.71	2.67	-4.0	-	0.57	OVERRIDE
anet	146178	629524	67	-11.28	9.96	-4.0	FAN	2.13	
anet	261971	1073121	16	+13.41	6.39	+4.0	-	1.37	
anet	14441	76560	15	+12.08	2.86	+4.0	-	0.61	
tfrrs	26610	0	21	-10.98	4.40	-4.0	-	0.94	
tfrrs	12412	3	54	-10.78	5.45	-4.0	-	1.17	
anet	154363	643045	16	-10.66	2.34	-4.0	-	0.50	
anet	194940	784116	20	-10.65	2.57	-4.0	-	0.55	
anet	87672	348179	13	+14.07	6.86	+4.0	-	1.47	
anet	229704	915825	29	-14.78	16.57	-4.0	FAN	3.55	
anet	52585	223852	92	-10.81	7.55	-4.0	-	1.62	
anet	92461	365236	74	-10.81	6.69	-4.0	-	1.43	
anet	151392	627769	145	-10.64	6.68	-4.0	-	1.43	
anet	187932	761964	18	-11.09	4.51	-4.0	-	0.97	
anet	155272	647703	97	+11.91	5.50	+4.0	-	1.18	
anet	212032	847044	13	-11.19	4.15	-4.0	-	0.89	
anet	221860	887896	89	-10.59	4.50	-4.0	-	0.96	
tfrrs	25855	3	30	-11.03	5.53	-4.0	-	1.18	
anet	192458	776795	50	+12.00	4.75	+4.0	-	1.02	
anet	137289	565909	47	-10.81	5.45	-4.0	-	1.17	OVERRIDE
