# kind	source	meet_id	div_id	n	c_pct	iqr_pct	d_eff	seasons_flagged	seasons_total	already	proposed	decision	target
# decision <- KEEP/OVERRIDE/DROP/GENDER ; target <- metres or M/F
# c_pct = whole-field spike vs each runner's OWN bracket
DIV	anet	45646	1	13	-55.0	76.6	1015	na	na	-	INVESTIGATE		
DIV	anet	572940	7	12	-50.4	15.2	828	na	na	-	INVESTIGATE		
DIV	anet	557031	1	13	-49.8	84.8	1417	na	na	-	INVESTIGATE		
DIV	anet	624779	6	13	-48.8	7.3	827	na	na	-	INVESTIGATE		
DIV	anet	624779	7	12	-48.6	6.9	827	na	na	-	INVESTIGATE		
DIV	anet	572940	4	12	-48.6	10.6	828	na	na	-	INVESTIGATE		
DIV	anet	406934	1	30	-45.6	5.9	821	na	na	-	INVESTIGATE		
DIV	anet	572940	5	16	-45.1	3.8	828	na	na	-	INVESTIGATE		
DIV	anet	171796	2	22	-45.1	3.9	828	na	na	-	INVESTIGATE		
DIV	anet	222379	4	13	-42.5	61.3	834	na	na	-	INVESTIGATE		
DIV	anet	231180	3	12	-40.3	49.0	834	na	na	-	INVESTIGATE		
DIV	anet	33425	1	19	-38.5	7.8	1406	na	na	-	INVESTIGATE		
DIV	anet	19365	1	13	-36.4	1.7	1406	na	na	-	INVESTIGATE		
DIV	anet	276484	1	17	-33.6	59.2	1443	na	na	-	INVESTIGATE		
DIV	anet	381242	1	16	-32.2	121.6	653	na	na	-	INVESTIGATE		
DIV	anet	526794	1	33	-31.8	5.0	1408	na	na	-	INVESTIGATE		
DIV	anet	302031	1	17	-31.0	62.7	1430	na	na	-	INVESTIGATE		
DIV	anet	365131	1	119	-27.8	47.9	1433	na	na	-	INVESTIGATE		
DIV	anet	599151	1	12	-27.3	7.6	1418	na	na	-	INVESTIGATE		
DIV	anet	474360	1	19	-25.2	27.8	1418	na	na	-	INVESTIGATE		
DIV	anet	568948	4	43	-25.0	34.4	1417	na	na	-	INVESTIGATE		
DIV	anet	623298	1	18	-23.7	8.9	639	na	na	-	INVESTIGATE		
DIV	anet	643424	1	18	-21.7	4.5	825	na	na	-	INVESTIGATE		
DIV	anet	542264	1	15	+27.2	36.4	3077	na	na	-	INVESTIGATE		
DIV	anet	219750	1	12	-20.9	62.4	1441	na	na	-	INVESTIGATE		
DIV	anet	453543	1	16	-20.8	26.0	1047	na	na	-	INVESTIGATE		
DIV	anet	508198	1	37	-20.8	38.7	817	na	na	-	INVESTIGATE		
DIV	anet	589721	6	13	-20.4	11.8	1322	na	na	-	INVESTIGATE		
DIV	anet	580895	1	16	-20.3	3.0	3086	na	na	-	INVESTIGATE		
DIV	anet	41833	1	25	+23.8	4.7	1412	na	na	-	INVESTIGATE		
DIV	anet	260130	1	12	+23.7	2.5	1437	na	na	-	INVESTIGATE		
DIV	anet	423040	4	20	-19.2	28.0	1330	na	na	-	INVESTIGATE		
DIV	anet	308334	1	21	+23.4	2.5	1425	na	na	-	INVESTIGATE		
DIV	anet	536420	3	17	-18.9	57.4	1408	na	na	-	INVESTIGATE		
DIV	anet	604074	1	26	-18.8	18.5	1408	na	na	-	INVESTIGATE		
DIV	anet	465628	1	21	-18.1	11.3	1437	na	na	-	INVESTIGATE		
DIV	tfrrs	61487	None	105	-17.8	13.6	5089	na	na	-	INVESTIGATE		
DIV	anet	276395	1	41	+21.6	43.4	654	na	na	-	INVESTIGATE		
DIV	anet	443139	1	21	-17.6	9.7	644	na	na	-	INVESTIGATE		
DIV	anet	637115	10	12	-17.5	8.8	644	na	na	-	INVESTIGATE		
DIV	anet	82735	2	19	+21.2	4.7	1409	na	na	-	INVESTIGATE		
DIV	tfrrs	61333	None	18	-17.2	14.3	1453	na	na	-	INVESTIGATE		
DIV	anet	299284	2	18	-16.9	26.6	1425	na	na	-	INVESTIGATE		
DIV	tfrrs	15909	None	23	-16.7	12.5	1428	na	na	-	INVESTIGATE		
DIV	anet	614281	1	14	-16.5	9.7	1417	na	na	-	INVESTIGATE		
DIV	tfrrs	63608	None	13	-16.5	9.7	1861	na	na	-	INVESTIGATE		
DIV	anet	542264	4	18	+19.7	33.0	1865	na	na	-	INVESTIGATE		
DIV	tfrrs	94611	None	13	-16.4	15.8	1431	na	na	-	INVESTIGATE		
DIV	anet	589721	5	14	-16.4	22.1	1322	na	na	-	INVESTIGATE		
DIV	anet	125103	1	164	+19.6	67.3	1431	na	na	-	INVESTIGATE		
DIV	anet	67395	1	47	+19.5	26.4	1428	na	na	-	INVESTIGATE		
DIV	tfrrs	35985	None	22	-16.3	4.4	3129	na	na	-	INVESTIGATE		
DIV	anet	139301	1	19	-16.1	14.4	1026	na	na	-	INVESTIGATE		
DIV	anet	439690	2	18	-16.1	14.4	1427	na	na	-	INVESTIGATE		
DIV	anet	585217	1	22	+19.1	8.9	1408	na	na	-	INVESTIGATE		
DIV	anet	488939	2	25	-15.9	3.5	1830	na	na	-	INVESTIGATE		
DIV	tfrrs	83313	None	39	-15.8	10.7	3081	na	na	-	INVESTIGATE		
DIV	anet	498457	1	24	-15.8	3.6	1818	na	na	-	INVESTIGATE		
DIV	tfrrs	18728	None	59	-15.8	6.4	2893	na	na	-	INVESTIGATE		
DIV	tfrrs	26916	None	12	-15.8	23.9	1439	na	na	-	INVESTIGATE		
DIV	tfrrs	24893	None	16	-15.7	9.7	1846	na	na	-	INVESTIGATE		
DIV	anet	668352	2	24	-15.7	15.2	1832	na	na	-	INVESTIGATE		
DIV	anet	112468	1	12	-15.6	12.2	646	na	na	-	INVESTIGATE		
DIV	tfrrs	54702	None	28	-15.6	4.3	667	na	na	-	INVESTIGATE		
DIV	tfrrs	77951	None	14	-15.4	7.3	1429	na	na	-	INVESTIGATE		
DIV	anet	295724	1	17	-15.3	52.1	640	na	na	-	INVESTIGATE		
DIV	anet	668352	1	30	-15.3	10.2	1816	na	na	-	INVESTIGATE		
DIV	anet	477185	1	16	-15.2	6.3	1823	na	na	-	INVESTIGATE		
DIV	anet	198771	1	30	-15.1	52.3	1833	na	na	-	INVESTIGATE		
DIV	tfrrs	73644	None	28	-15.1	3.7	1438	na	na	-	INVESTIGATE		
DIV	tfrrs	86613	None	12	+17.7	17.2	1035	na	na	-	INVESTIGATE		
DIV	anet	278005	4	33	-15.0	4.0	1832	na	na	-	INVESTIGATE		
DIV	tfrrs	15634	None	19	-15.0	6.4	1428	na	na	-	INVESTIGATE		
DIV	anet	278004	3	32	-15.0	3.2	1832	na	na	-	INVESTIGATE		
DIV	tfrrs	12877	None	22	-14.9	4.7	1429	na	na	-	INVESTIGATE		
DIV	anet	432801	1	25	-14.8	20.6	1427	na	na	-	INVESTIGATE		
DIV	anet	309068	1	25	-14.8	6.9	1430	na	na	-	INVESTIGATE		
DIV	anet	612284	1	14	-14.8	4.5	1827	na	na	-	INVESTIGATE		
DIV	anet	231053	1	16	-14.8	6.4	632	na	na	-	INVESTIGATE		
DIV	tfrrs	38108	None	47	-14.6	4.9	1447	na	na	-	INVESTIGATE		
DIV	anet	454206	1	40	-14.6	5.7	1831	na	na	-	INVESTIGATE		
DIV	anet	454283	2	38	-14.6	5.6	1831	na	na	-	INVESTIGATE		
DIV	anet	476970	2	23	-14.6	26.7	1427	na	na	-	INVESTIGATE		
DIV	anet	310513	1	40	-14.6	6.6	1834	na	na	-	INVESTIGATE		
DIV	anet	345251	1	24	+17.0	10.0	1432	na	na	-	INVESTIGATE		
DIV	anet	85788	3	26	-14.5	11.2	1825	na	na	-	INVESTIGATE		
DIV	anet	235680	2	12	-14.5	11.3	1338	na	na	-	INVESTIGATE		
DIV	anet	634021	2	30	-14.4	6.7	1830	na	na	-	INVESTIGATE		
DIV	anet	431799	1	14	-14.4	17.0	1427	na	na	-	INVESTIGATE		
DIV	tfrrs	92180	None	16	-14.4	12.3	1041	na	na	-	INVESTIGATE		
DIV	anet	423756	1	14	-14.4	5.2	1433	na	na	-	INVESTIGATE		
DIV	anet	284792	1	82	-14.4	4.7	2876	na	na	-	INVESTIGATE		
DIV	tfrrs	47770	None	12	-14.4	9.2	1455	na	na	-	INVESTIGATE		
DIV	tfrrs	29752	None	25	-14.4	11.4	1442	na	na	-	INVESTIGATE		
DIV	tfrrs	49139	None	36	-14.3	7.4	655	na	na	-	INVESTIGATE		
DIV	tfrrs	82131	None	12	-14.3	18.9	1830	na	na	-	INVESTIGATE		
DIV	anet	554041	1	43	-14.3	4.6	1829	na	na	-	INVESTIGATE		
DIV	anet	197709	3	12	-14.2	11.6	650	na	na	-	INVESTIGATE		
DIV	anet	129681	2	42	+16.6	4.7	1415	na	na	-	INVESTIGATE		
DIV	tfrrs	1050	None	28	-14.2	14.4	1407	na	na	-	INVESTIGATE		
DIV	tfrrs	18896	None	15	-14.2	7.2	1451	na	na	-	INVESTIGATE		
DIV	tfrrs	49770	None	32	-14.1	6.0	1431	na	na	-	INVESTIGATE		
DIV	anet	418836	1	16	-14.1	13.6	1427	na	na	-	INVESTIGATE		
DIV	anet	275749	3	16	-14.1	6.6	1841	na	na	-	INVESTIGATE		
DIV	tfrrs	9023	None	21	-14.1	10.5	1432	na	na	-	INVESTIGATE		
DIV	anet	454202	1	63	-14.1	6.0	1879	na	na	-	INVESTIGATE		
DIV	tfrrs	16642	None	34	-14.1	8.5	1428	na	na	-	INVESTIGATE		
DIV	tfrrs	5767	None	28	+16.4	14.0	1417	na	na	-	INVESTIGATE		
DIV	anet	33322	1	22	-14.1	11.5	1416	na	na	-	INVESTIGATE		
DIV	anet	536420	4	12	-14.0	48.9	1424	na	na	-	INVESTIGATE		
DIV	anet	34894	1	13	-14.0	7.5	1406	na	na	-	INVESTIGATE		
DIV	anet	313708	1	59	+16.2	7.5	646	na	na	-	INVESTIGATE		
DIV	tfrrs	20574	None	46	-13.9	3.6	1446	na	na	-	INVESTIGATE		
DIV	anet	627659	4	28	-13.9	7.5	1822	na	na	-	INVESTIGATE		
DIV	anet	567997	5	24	-13.9	8.0	1808	na	na	-	INVESTIGATE		
DIV	tfrrs	11633	None	62	-13.9	6.2	1429	na	na	-	INVESTIGATE		
DIV	anet	467172	2	18	-13.8	6.6	1830	na	na	-	INVESTIGATE		
DIV	tfrrs	39885	None	26	-13.7	4.9	1450	na	na	-	INVESTIGATE		
DIV	anet	149289	1	19	+15.9	4.5	1416	na	na	-	INVESTIGATE		
DIV	anet	312838	1	17	-13.7	31.3	1425	na	na	-	INVESTIGATE		
DIV	anet	427031	1	13	-13.7	14.5	1446	na	na	-	INVESTIGATE		
DIV	tfrrs	35998	None	13	+15.8	7.7	652	na	na	-	INVESTIGATE		
DIV	anet	594556	1	12	-13.6	18.9	3070	na	na	-	INVESTIGATE		
DIV	anet	368847	1	29	-13.6	7.8	638	na	na	-	INVESTIGATE		
DIV	anet	112019	2	17	-13.6	8.2	1814	na	na	-	INVESTIGATE		
DIV	tfrrs	18084	None	32	-13.6	6.4	1434	na	na	-	INVESTIGATE		
DIV	tfrrs	35340	None	52	-13.6	5.2	1431	na	na	-	INVESTIGATE		
DIV	tfrrs	3507	None	49	-13.6	7.7	1436	na	na	-	INVESTIGATE		
DIV	anet	421655	2	14	+15.7	6.6	1446	na	na	-	INVESTIGATE		
DIV	anet	618924	3	18	-13.5	10.2	3048	na	na	-	INVESTIGATE		
DIV	anet	234855	1	45	-13.5	7.7	1843	na	na	-	INVESTIGATE		
DIV	anet	322659	1	15	-13.5	7.1	1837	na	na	-	INVESTIGATE		
DIV	anet	374375	1	12	-13.5	5.8	638	na	na	-	INVESTIGATE		
DIV	tfrrs	28955	None	49	-13.4	7.5	1442	na	na	-	INVESTIGATE		
DIV	anet	378977	4	25	-13.4	5.5	1830	na	na	-	INVESTIGATE		
DIV	anet	247807	1	21	-13.4	3.1	1834	na	na	-	INVESTIGATE		
DIV	anet	309198	1	12	-13.4	11.0	1444	na	na	-	INVESTIGATE		
DIV	anet	142040	2	17	+15.4	3.0	3070	na	na	-	INVESTIGATE		
DIV	tfrrs	3426	None	14	-13.4	18.1	1426	na	na	-	INVESTIGATE		
DIV	tfrrs	1133	None	19	-13.3	9.6	1404	na	na	-	INVESTIGATE		
DIV	tfrrs	10438	None	24	-13.3	7.2	1429	na	na	-	INVESTIGATE		
DIV	anet	535084	1	39	-13.3	11.6	1408	na	na	-	INVESTIGATE		
DIV	anet	300614	1	26	-13.3	8.8	1425	na	na	-	INVESTIGATE		
DIV	tfrrs	35891	None	16	+15.4	14.6	1417	na	na	-	INVESTIGATE		
DIV	anet	269735	1	16	-13.3	11.4	1029	na	na	-	INVESTIGATE		
DIV	tfrrs	47797	None	12	-13.3	5.4	1459	na	na	-	INVESTIGATE		
DIV	tfrrs	67109	None	32	-13.3	8.9	662	na	na	-	INVESTIGATE		
DIV	anet	454166	1	13	-13.3	14.9	657	na	na	-	INVESTIGATE		
DIV	tfrrs	4693	None	12	-13.3	2.7	640	na	na	-	INVESTIGATE		
DIV	anet	157690	1	13	+15.2	9.6	1416	na	na	-	INVESTIGATE		
DIV	anet	60084	1	99	+15.2	3.4	1429	na	na	-	INVESTIGATE		
DIV	tfrrs	96011	None	54	-13.2	7.5	1431	na	na	-	INVESTIGATE		
DIV	anet	142040	1	12	+15.2	3.4	3070	na	na	-	INVESTIGATE		
DIV	tfrrs	11211	None	13	-13.2	4.6	1429	na	na	-	INVESTIGATE		
DIV	anet	422170	2	16	-13.1	4.8	1037	na	na	-	INVESTIGATE		
DIV	anet	59535	1	14	+15.1	8.2	648	na	na	-	INVESTIGATE		
DIV	tfrrs	88794	None	36	-13.1	4.9	1428	na	na	-	INVESTIGATE		
DIV	anet	192284	1	30	-13.1	10.1	1830	na	na	-	INVESTIGATE		
DIV	tfrrs	48995	None	36	-13.1	6.1	1461	na	na	-	INVESTIGATE		
DIV	tfrrs	6475	None	12	+15.0	21.0	1417	na	na	-	INVESTIGATE		
DIV	tfrrs	17039	None	22	+15.0	10.3	646	na	na	-	INVESTIGATE		
DIV	tfrrs	73407	None	18	-13.1	6.8	1447	na	na	-	INVESTIGATE		
DIV	tfrrs	37846	None	25	-13.1	5.9	1450	na	na	-	INVESTIGATE		
DIV	tfrrs	13954	None	15	-13.0	6.4	1428	na	na	-	INVESTIGATE		
DIV	tfrrs	43609	None	76	-13.0	5.4	1444	na	na	-	INVESTIGATE		
DIV	tfrrs	45624	None	15	-13.0	7.6	1452	na	na	-	INVESTIGATE		
DIV	anet	539559	2	14	-13.0	22.7	1408	na	na	-	INVESTIGATE		
DIV	tfrrs	14048	None	74	-13.0	4.7	1428	na	na	-	INVESTIGATE		
DIV	tfrrs	38500	None	60	-12.9	5.5	1450	na	na	-	INVESTIGATE		
DIV	tfrrs	51829	None	62	-12.9	4.3	1445	na	na	-	INVESTIGATE		
DIV	anet	129681	1	55	+14.9	74.6	1415	na	na	-	INVESTIGATE		
DIV	anet	371395	2	12	-12.9	7.7	1327	na	na	-	INVESTIGATE		
DIV	tfrrs	53564	None	37	-12.9	5.2	674	na	na	-	INVESTIGATE		
DIV	tfrrs	63198	None	40	-12.9	6.3	1453	na	na	-	INVESTIGATE		
DIV	tfrrs	76654	None	47	-12.9	4.9	1439	na	na	-	INVESTIGATE		
DIV	tfrrs	38436	None	46	-12.8	8.2	1450	na	na	-	INVESTIGATE		
DIV	tfrrs	11013	None	66	-12.8	6.7	1429	na	na	-	INVESTIGATE		
DIV	anet	186904	1	14	-12.8	34.6	826	na	na	-	INVESTIGATE		
DIV	tfrrs	19948	None	51	-12.8	4.2	1446	na	na	-	INVESTIGATE		
DIV	anet	74730	1	21	-12.8	8.1	814	na	na	-	INVESTIGATE		
DIV	anet	371778	1	17	-12.8	6.3	1436	na	na	-	INVESTIGATE		
DIV	tfrrs	75595	None	12	-12.7	3.2	1056	na	na	-	INVESTIGATE		
DIV	anet	247018	1	13	-12.7	20.3	1430	na	na	-	INVESTIGATE		
DIV	anet	493926	1	42	-12.7	14.0	1410	na	na	-	INVESTIGATE		
DIV	anet	316883	1	83	-12.7	8.9	1834	na	na	-	INVESTIGATE		
DIV	anet	384492	1	17	-12.7	11.4	5091	na	na	-	INVESTIGATE		
DIV	anet	131114	1	75	-12.7	7.3	1819	na	na	-	INVESTIGATE		
DIV	tfrrs	49016	None	65	-12.7	5.0	1445	na	na	-	INVESTIGATE		
DIV	tfrrs	24794	None	22	-12.7	11.7	1436	na	na	-	INVESTIGATE		
DIV	anet	85788	2	54	-12.7	9.6	1843	na	na	-	INVESTIGATE		
DIV	tfrrs	9049	None	16	-12.7	4.3	1432	na	na	-	INVESTIGATE		
DIV	anet	251632	1	13	-12.7	7.9	653	na	na	-	INVESTIGATE		
DIV	tfrrs	14159	None	21	-12.7	5.9	1440	na	na	-	INVESTIGATE		
DIV	anet	546137	1	17	-12.6	7.6	1829	na	na	-	INVESTIGATE		
DIV	anet	317124	1	12	-12.6	6.5	1855	na	na	-	INVESTIGATE		
DIV	anet	143280	1	19	-12.6	5.2	1821	na	na	-	INVESTIGATE		
DIV	anet	219864	1	65	-12.6	7.8	1833	na	na	-	INVESTIGATE		
DIV	tfrrs	61904	None	32	-12.6	4.9	1453	na	na	-	INVESTIGATE		
DIV	tfrrs	19170	None	53	-12.6	4.8	1434	na	na	-	INVESTIGATE		
DIV	tfrrs	40036	None	31	-12.6	4.4	1450	na	na	-	INVESTIGATE		
DIV	tfrrs	93952	None	26	-12.6	3.3	654	na	na	-	INVESTIGATE		
DIV	tfrrs	40283	None	22	-12.6	7.4	1450	na	na	-	INVESTIGATE		
DIV	anet	459222	1	20	-12.6	18.4	1442	na	na	-	INVESTIGATE		
DIV	anet	404716	1	16	-12.6	9.5	1460	na	na	-	INVESTIGATE		
DIV	anet	155653	1	16	-12.6	6.3	1821	na	na	-	INVESTIGATE		
DIV	tfrrs	20768	None	25	-12.6	4.3	1446	na	na	-	INVESTIGATE		
DIV	tfrrs	43964	None	45	-12.5	7.3	1444	na	na	-	INVESTIGATE		
DIV	anet	635508	1	44	-12.5	4.6	1816	na	na	-	INVESTIGATE		
DIV	tfrrs	21384	None	13	+14.3	13.2	649	na	na	-	INVESTIGATE		
DIV	tfrrs	45904	None	14	-12.5	5.6	3139	na	na	-	INVESTIGATE		
DIV	tfrrs	38731	None	35	-12.5	7.1	1450	na	na	-	INVESTIGATE		
DIV	anet	509479	5	12	-12.5	4.0	1806	na	na	-	INVESTIGATE		
DIV	anet	311960	1	13	+14.3	11.9	1444	na	na	-	INVESTIGATE		
DIV	tfrrs	60129	None	25	-12.5	10.2	1453	na	na	-	INVESTIGATE		
DIV	anet	206118	1	49	-12.5	6.5	1823	na	na	-	INVESTIGATE		
DIV	tfrrs	54743	None	36	-12.5	5.1	1466	na	na	-	INVESTIGATE		
DIV	anet	542616	1	14	-12.5	6.6	1417	na	na	-	INVESTIGATE		
DIV	tfrrs	5627	None	20	-12.5	5.1	1426	na	na	-	INVESTIGATE		
DIV	tfrrs	65229	None	15	-12.5	6.8	3133	na	na	-	INVESTIGATE		
DIV	tfrrs	51135	None	50	-12.5	3.5	1445	na	na	-	INVESTIGATE		
DIV	tfrrs	16466	None	17	-12.5	4.1	1442	na	na	-	INVESTIGATE		
DIV	tfrrs	48425	None	38	-12.5	6.2	671	na	na	-	INVESTIGATE		
DIV	anet	284356	1	16	-12.5	16.3	1031	na	na	-	INVESTIGATE		
DIV	tfrrs	4385	None	21	-12.5	11.3	1426	na	na	-	INVESTIGATE		
DIV	tfrrs	33782	None	36	-12.5	11.2	1431	na	na	-	INVESTIGATE		
DIV	anet	112019	1	18	-12.5	6.2	1814	na	na	-	INVESTIGATE		
DIV	tfrrs	46549	None	18	-12.5	10.9	1868	na	na	-	INVESTIGATE		
DIV	tfrrs	18420	None	41	-12.4	8.3	1434	na	na	-	INVESTIGATE		
DIV	tfrrs	13502	None	33	-12.4	5.8	1428	na	na	-	INVESTIGATE		
DIV	tfrrs	37845	None	23	-12.4	4.8	1450	na	na	-	INVESTIGATE		
DIV	anet	327738	1	25	-12.4	12.3	657	na	na	-	INVESTIGATE		
DIV	anet	165591	1	21	-12.4	13.9	1038	na	na	-	INVESTIGATE		
DIV	tfrrs	38060	None	16	-12.4	3.7	1475	na	na	-	INVESTIGATE		
DIV	anet	236793	14	27	-12.4	59.2	1834	na	na	-	INVESTIGATE		
DIV	tfrrs	60347	None	25	-12.4	8.8	1453	na	na	-	INVESTIGATE		
DIV	anet	134261	1	17	+14.2	5.0	1415	na	na	-	INVESTIGATE		
DIV	tfrrs	57599	None	150	-12.4	4.5	1453	na	na	-	INVESTIGATE		
DIV	anet	105495	1	36	-12.4	8.6	1814	na	na	-	INVESTIGATE		
DIV	tfrrs	6756	None	13	+14.1	14.3	1425	na	na	-	INVESTIGATE		
DIV	tfrrs	42847	None	15	-12.4	4.5	1444	na	na	-	INVESTIGATE		
DIV	tfrrs	31774	None	13	-12.4	3.6	3153	na	na	-	INVESTIGATE		
DIV	tfrrs	84293	None	17	-12.4	8.9	1428	na	na	-	INVESTIGATE		
DIV	anet	426842	1	100	-12.4	6.2	1852	na	na	-	INVESTIGATE		
DIV	tfrrs	24264	None	30	-12.4	7.6	1446	na	na	-	INVESTIGATE		
DIV	tfrrs	75948	None	59	-12.4	6.8	1429	na	na	-	INVESTIGATE		
DIV	anet	328285	1	30	-12.4	5.4	1837	na	na	-	INVESTIGATE		
DIV	tfrrs	18003	None	40	-12.4	2.9	1434	na	na	-	INVESTIGATE		
DIV	tfrrs	22200	None	18	-12.4	3.6	1452	na	na	-	INVESTIGATE		
DIV	tfrrs	19052	None	27	-12.3	5.6	1434	na	na	-	INVESTIGATE		
DIV	anet	641963	1	167	-12.3	6.9	1830	na	na	-	INVESTIGATE		
DIV	tfrrs	9149	None	32	-12.3	5.3	1432	na	na	-	INVESTIGATE		
DIV	anet	158783	3	23	-12.3	8.4	649	na	na	-	INVESTIGATE		
DIV	tfrrs	43684	None	61	-12.3	4.1	1444	na	na	-	INVESTIGATE		
DIV	tfrrs	37959	None	80	-12.3	6.6	1450	na	na	-	INVESTIGATE		
DIV	anet	615649	1	13	-12.3	20.9	1808	na	na	-	INVESTIGATE		
DIV	tfrrs	28828	None	22	-12.3	5.3	1442	na	na	-	INVESTIGATE		
DIV	tfrrs	39518	None	21	-12.3	4.4	1431	na	na	-	INVESTIGATE		
DIV	anet	408080	2	20	-12.3	10.9	1834	na	na	-	INVESTIGATE		
DIV	tfrrs	52554	None	26	-12.3	5.2	1450	na	na	-	INVESTIGATE		
DIV	tfrrs	55800	None	28	-12.3	6.0	1450	na	na	-	INVESTIGATE		
DIV	anet	451836	3	13	+14.0	11.2	1425	na	na	-	INVESTIGATE		
DIV	anet	454874	2	17	+14.0	6.7	1437	na	na	-	INVESTIGATE		
DIV	anet	316838	1	52	-12.3	6.1	1853	na	na	-	INVESTIGATE		
DIV	tfrrs	50549	None	80	-12.3	4.2	1445	na	na	-	INVESTIGATE		
DIV	tfrrs	87960	None	94	-12.3	5.0	1432	na	na	-	INVESTIGATE		
DIV	anet	228535	4	28	-12.3	5.1	2258	na	na	-	INVESTIGATE		
DIV	tfrrs	72567	None	12	-12.3	4.5	1066	na	na	-	INVESTIGATE		
DIV	tfrrs	17513	None	34	-12.2	5.4	1428	na	na	-	INVESTIGATE		
DIV	tfrrs	83846	None	15	-12.2	17.1	1428	na	na	-	INVESTIGATE		
DIV	anet	517944	1	31	+13.9	5.2	1410	na	na	-	INVESTIGATE		
DIV	tfrrs	20769	None	78	-12.2	12.5	1434	na	na	-	INVESTIGATE		
DIV	tfrrs	12962	None	49	-12.2	10.0	2916	na	na	-	INVESTIGATE		
DIV	anet	105495	2	73	-12.2	11.4	1829	na	na	-	INVESTIGATE		
DIV	tfrrs	5118	None	33	-12.2	10.5	1426	na	na	-	INVESTIGATE		
DIV	anet	340920	1	15	+13.9	3.5	1430	na	na	-	INVESTIGATE		
DIV	tfrrs	77469	None	29	-12.2	7.2	1458	na	na	-	INVESTIGATE		
DIV	tfrrs	30012	None	41	-12.2	8.4	1449	na	na	-	INVESTIGATE		
DIV	anet	201601	2	14	-12.2	6.4	1841	na	na	-	INVESTIGATE		
DIV	anet	167829	1	53	-12.2	6.7	1821	na	na	-	INVESTIGATE		
DIV	tfrrs	14812	None	81	-12.2	6.3	1428	na	na	-	INVESTIGATE		
DIV	anet	283710	3	12	-12.2	68.0	1832	na	na	-	INVESTIGATE		
DIV	tfrrs	18974	None	12	-12.2	4.1	1037	na	na	-	INVESTIGATE		
DIV	tfrrs	77391	None	18	-12.2	7.9	1030	na	na	-	INVESTIGATE		
DIV	tfrrs	57990	None	15	-12.2	8.6	848	na	na	-	INVESTIGATE		
DIV	tfrrs	7380	None	43	-12.2	8.0	1430	na	na	-	INVESTIGATE		
DIV	tfrrs	6691	None	14	-12.2	13.3	1426	na	na	-	INVESTIGATE		
DIV	tfrrs	85040	None	29	-12.2	5.6	1428	na	na	-	INVESTIGATE		
DIV	tfrrs	55732	None	22	-12.2	6.4	1450	na	na	-	INVESTIGATE		
DIV	anet	246122	1	82	-12.2	5.6	1834	na	na	-	INVESTIGATE		
DIV	tfrrs	25023	None	15	-12.2	4.8	1436	na	na	-	INVESTIGATE		
DIV	tfrrs	66946	None	50	-12.1	5.5	662	na	na	-	INVESTIGATE		
DIV	anet	526794	2	36	-12.1	6.3	1817	na	na	-	INVESTIGATE		
DIV	tfrrs	13709	None	28	-12.1	6.4	1444	na	na	-	INVESTIGATE		
DIV	anet	281007	8	41	+13.8	8.3	1443	na	na	-	INVESTIGATE		
DIV	tfrrs	25687	None	15	-12.1	7.0	1436	na	na	-	INVESTIGATE		
DIV	tfrrs	40740	None	14	-12.1	10.9	1458	na	na	-	INVESTIGATE		
DIV	anet	342283	4	23	-12.1	6.9	2884	na	na	-	INVESTIGATE		
DIV	tfrrs	83752	None	29	-12.1	10.6	1428	na	na	-	INVESTIGATE		
DIV	anet	378977	1	13	-12.1	2.6	1830	na	na	-	INVESTIGATE		
DIV	anet	497793	1	145	-12.1	8.5	1831	na	na	-	INVESTIGATE		
DIV	tfrrs	47342	None	15	-12.1	7.7	839	na	na	-	INVESTIGATE		
DIV	anet	512798	1	55	+13.8	2.8	1410	na	na	-	INVESTIGATE		
DIV	tfrrs	44329	None	28	-12.1	5.3	1444	na	na	-	INVESTIGATE		
DIV	tfrrs	34649	None	38	-12.1	3.8	1448	na	na	-	INVESTIGATE		
DIV	tfrrs	55497	None	15	-12.1	3.7	1472	na	na	-	INVESTIGATE		
DIV	anet	284156	2	36	-12.1	9.0	655	na	na	-	INVESTIGATE		
DIV	tfrrs	44975	None	47	-12.1	5.2	1452	na	na	-	INVESTIGATE		
DIV	tfrrs	43338	None	32	-12.1	4.2	1444	na	na	-	INVESTIGATE		
DIV	anet	64369	1	72	+13.7	4.0	1412	na	na	-	INVESTIGATE		
DIV	tfrrs	27405	None	37	-12.0	8.1	1454	na	na	-	INVESTIGATE		
DIV	anet	143342	1	16	-12.0	5.3	1821	na	na	-	INVESTIGATE		
DIV	anet	112019	3	14	-12.0	8.6	1822	na	na	-	INVESTIGATE		
DIV	anet	86569	1	21	-12.0	18.9	633	na	na	-	INVESTIGATE		
DIV	anet	446653	1	21	+13.7	5.2	1318	na	na	-	INVESTIGATE		
DIV	anet	75721	1	12	-12.0	7.1	634	na	na	-	INVESTIGATE		
DIV	tfrrs	241	None	63	-12.0	4.9	1430	na	na	-	INVESTIGATE		
DIV	tfrrs	68515	None	15	+13.7	8.8	1431	na	na	-	INVESTIGATE		
DIV	tfrrs	12740	None	16	-12.0	6.1	649	na	na	-	INVESTIGATE		
DIV	tfrrs	77674	None	19	-12.0	4.8	1429	na	na	-	INVESTIGATE		
DIV	anet	528609	5	14	-12.0	31.8	988	na	na	-	INVESTIGATE		
DIV	anet	603709	2	41	-12.0	10.0	1827	na	na	-	INVESTIGATE		
DIV	anet	216809	1	18	-12.0	9.7	1428	na	na	-	INVESTIGATE		
DIV	tfrrs	33024	None	22	-12.0	11.8	1059	na	na	-	INVESTIGATE		
DIV	anet	342797	1	26	+13.6	7.4	1441	na	na	-	INVESTIGATE		
DIV	tfrrs	80209	None	19	-12.0	8.0	657	na	na	-	INVESTIGATE		
DIV	anet	235932	1	33	-12.0	6.9	1834	na	na	-	INVESTIGATE		
DIV	tfrrs	7742	None	21	-12.0	7.5	1444	na	na	-	INVESTIGATE		
DIV	tfrrs	18082	None	33	-12.0	4.8	1428	na	na	-	INVESTIGATE		
DIV	tfrrs	50625	None	59	-12.0	4.8	1445	na	na	-	INVESTIGATE		
DIV	anet	459938	1	34	-12.0	9.0	2854	na	na	-	INVESTIGATE		
DIV	tfrrs	35189	None	41	-12.0	4.4	1439	na	na	-	INVESTIGATE		
DIV	anet	536212	1	72	-12.0	6.0	1805	na	na	-	INVESTIGATE		
DIV	tfrrs	2288	None	44	-12.0	7.7	1417	na	na	-	INVESTIGATE		
DIV	tfrrs	48342	None	46	-11.9	3.6	1445	na	na	-	INVESTIGATE		
DIV	anet	154864	1	16	-11.9	14.7	1324	na	na	-	INVESTIGATE		
DIV	tfrrs	19949	None	77	-11.9	5.1	1451	na	na	-	INVESTIGATE		
DIV	tfrrs	8974	None	23	-11.9	4.9	1444	na	na	-	INVESTIGATE		
DIV	tfrrs	76921	None	20	-11.9	13.0	1439	na	na	-	INVESTIGATE		
DIV	tfrrs	55498	None	13	-11.9	3.4	1466	na	na	-	INVESTIGATE		
DIV	tfrrs	32357	None	56	-11.9	8.0	1465	na	na	-	INVESTIGATE		
DIV	tfrrs	91550	None	18	+13.5	10.4	1415	na	na	-	INVESTIGATE		
DIV	tfrrs	67365	None	42	-11.9	5.4	1447	na	na	-	INVESTIGATE		
DIV	tfrrs	44733	None	34	-11.9	3.6	1444	na	na	-	INVESTIGATE		
DIV	tfrrs	72013	None	25	-11.9	6.2	1438	na	na	-	INVESTIGATE		
DIV	tfrrs	47214	None	26	-11.9	7.1	1445	na	na	-	INVESTIGATE		
DIV	tfrrs	1051	None	14	-11.9	8.2	1407	na	na	-	INVESTIGATE		
DIV	anet	501975	1	24	-11.9	7.7	1428	na	na	-	INVESTIGATE		
DIV	anet	294417	1	48	-11.9	23.1	646	na	na	-	INVESTIGATE		
DIV	tfrrs	58268	None	25	-11.9	7.0	845	na	na	-	INVESTIGATE		
DIV	tfrrs	75746	None	27	-11.9	6.2	838	na	na	-	INVESTIGATE		
DIV	tfrrs	55845	None	47	-11.8	4.5	1456	na	na	-	INVESTIGATE		
DIV	tfrrs	35629	None	43	-11.8	4.5	1457	na	na	-	INVESTIGATE		
DIV	tfrrs	50285	None	42	-11.8	4.5	1445	na	na	-	INVESTIGATE		
DIV	tfrrs	32829	None	33	-11.8	4.1	1465	na	na	-	INVESTIGATE		
DIV	anet	520527	1	27	-11.8	6.3	1829	na	na	-	INVESTIGATE		
DIV	anet	374997	1	16	+13.4	11.0	1428	na	na	-	INVESTIGATE		
DIV	anet	86569	2	16	-11.8	15.5	1408	na	na	-	INVESTIGATE		
DIV	anet	504864	2	26	-11.8	6.6	1806	na	na	-	INVESTIGATE		
DIV	tfrrs	30721	None	35	-11.8	10.1	1442	na	na	-	INVESTIGATE		
DIV	tfrrs	18654	None	84	-11.8	4.5	1434	na	na	-	INVESTIGATE		
DIV	tfrrs	46200	None	15	-11.8	3.7	1452	na	na	-	INVESTIGATE		
DIV	tfrrs	49519	None	36	-11.8	6.2	1445	na	na	-	INVESTIGATE		
DIV	tfrrs	3320	None	15	-11.8	5.0	2945	na	na	-	INVESTIGATE		
DIV	tfrrs	10115	None	21	+13.4	20.5	648	na	na	-	INVESTIGATE		
DIV	anet	27590	1	12	-11.8	3.1	1421	na	na	-	INVESTIGATE		
DIV	anet	99726	1	19	-11.8	4.4	1814	na	na	-	INVESTIGATE		
DIV	tfrrs	37970	None	51	-11.8	9.1	1467	na	na	-	INVESTIGATE		
DIV	anet	249942	1	41	-11.8	6.3	1849	na	na	-	INVESTIGATE		
DIV	anet	521112	2	12	-11.8	17.9	3044	na	na	-	INVESTIGATE		
DIV	anet	297336	1	13	-11.8	9.3	640	na	na	-	INVESTIGATE		
DIV	tfrrs	8245	None	34	-11.8	6.6	1438	na	na	-	INVESTIGATE		
DIV	tfrrs	18566	None	77	-11.8	5.6	1451	na	na	-	INVESTIGATE		
DIV	tfrrs	83944	None	26	-11.8	6.8	1433	na	na	-	INVESTIGATE		
DIV	tfrrs	38059	None	18	-11.8	4.5	1475	na	na	-	INVESTIGATE		
DIV	tfrrs	3413	None	20	-11.8	4.7	1436	na	na	-	INVESTIGATE		
DIV	tfrrs	15549	None	12	-11.8	7.4	1038	na	na	-	INVESTIGATE		
DIV	tfrrs	76652	None	53	-11.8	5.3	1439	na	na	-	INVESTIGATE		
DIV	tfrrs	51717	None	26	-11.8	7.0	1445	na	na	-	INVESTIGATE		
DIV	anet	287555	1	19	-11.8	4.1	1834	na	na	-	INVESTIGATE		
DIV	tfrrs	7137	None	47	-11.8	10.3	1426	na	na	-	INVESTIGATE		
DIV	tfrrs	35682	None	15	-11.8	5.0	1448	na	na	-	INVESTIGATE		
DIV	tfrrs	44362	None	32	-11.8	6.8	1452	na	na	-	INVESTIGATE		
DIV	anet	614817	4	18	-11.7	5.2	1808	na	na	-	INVESTIGATE		
DIV	anet	50213	1	16	-11.7	10.3	627	na	na	-	INVESTIGATE		
DIV	anet	83674	1	82	+13.3	6.4	1409	na	na	-	INVESTIGATE		
DIV	tfrrs	49115	None	58	-11.7	4.4	1445	na	na	-	INVESTIGATE		
DIV	tfrrs	10274	None	203	-11.7	5.9	1438	na	na	-	INVESTIGATE		
DIV	tfrrs	25260	None	44	-11.7	5.7	1446	na	na	-	INVESTIGATE		
DIV	tfrrs	61433	None	46	-11.7	3.7	1453	na	na	-	INVESTIGATE		
DIV	anet	570581	1	37	-11.7	5.9	1808	na	na	-	INVESTIGATE		
DIV	anet	246125	1	24	-11.7	3.1	1842	na	na	-	INVESTIGATE		
DIV	tfrrs	14933	None	25	-11.7	5.5	3097	na	na	-	INVESTIGATE		
DIV	tfrrs	43536	None	59	-11.7	5.5	1444	na	na	-	INVESTIGATE		
DIV	anet	642528	1	86	-11.7	6.8	1816	na	na	-	INVESTIGATE		
DIV	tfrrs	65408	None	38	-11.7	7.9	1454	na	na	-	INVESTIGATE		
DIV	anet	133184	1	16	-11.7	11.4	1819	na	na	-	INVESTIGATE		
DIV	anet	520334	2	17	+13.2	9.9	1427	na	na	-	INVESTIGATE		
DIV	tfrrs	46018	None	36	-11.7	5.2	1445	na	na	-	INVESTIGATE		
DIV	tfrrs	61093	None	12	-11.7	4.2	1453	na	na	-	INVESTIGATE		
DIV	tfrrs	52557	None	30	-11.7	6.5	1456	na	na	-	INVESTIGATE		
DIV	tfrrs	28993	None	61	-11.7	11.2	1442	na	na	-	INVESTIGATE		
DIV	tfrrs	16984	None	41	-11.7	17.0	1428	na	na	-	INVESTIGATE		
DIV	tfrrs	38667	None	15	-11.7	6.4	1475	na	na	-	INVESTIGATE		
DIV	tfrrs	8636	None	16	+13.2	15.2	1039	na	na	-	INVESTIGATE		
DIV	tfrrs	66872	None	12	-11.7	3.8	1451	na	na	-	INVESTIGATE		
DIV	anet	111609	1	16	-11.6	4.3	1384	na	na	-	INVESTIGATE		
DIV	tfrrs	49515	None	23	-11.6	3.8	1445	na	na	-	INVESTIGATE		
DIV	anet	166430	1	92	+13.2	3.4	1412	na	na	-	INVESTIGATE		
DIV	tfrrs	77331	None	15	-11.6	10.1	1459	na	na	-	INVESTIGATE		
DIV	tfrrs	49540	None	14	-11.6	5.3	1452	na	na	-	INVESTIGATE		
DIV	tfrrs	50741	None	27	-11.6	5.6	1445	na	na	-	INVESTIGATE		
DIV	anet	351837	1	30	-11.6	4.4	1839	na	na	-	INVESTIGATE		
DIV	tfrrs	82408	None	39	-11.6	3.2	1437	na	na	-	INVESTIGATE		
DIV	tfrrs	56989	None	29	-11.6	5.1	1450	na	na	-	INVESTIGATE		
DIV	tfrrs	9304	None	15	-11.6	14.9	1432	na	na	-	INVESTIGATE		
DIV	anet	617257	1	12	+13.1	9.8	651	na	na	-	INVESTIGATE		
DIV	anet	156048	1	14	-11.6	3.1	632	na	na	-	INVESTIGATE		
DIV	tfrrs	43317	None	33	-11.6	5.3	670	na	na	-	INVESTIGATE		
DIV	tfrrs	54681	None	21	-11.6	5.2	657	na	na	-	INVESTIGATE		
DIV	tfrrs	44179	None	21	-11.6	5.8	1444	na	na	-	INVESTIGATE		
DIV	anet	460902	1	15	-11.6	14.2	1336	na	na	-	INVESTIGATE		
DIV	anet	365003	3	15	-11.6	12.0	659	na	na	-	INVESTIGATE		
DIV	tfrrs	3211	None	16	-11.6	3.5	1436	na	na	-	INVESTIGATE		
DIV	tfrrs	62127	None	16	-11.6	4.3	1455	na	na	-	INVESTIGATE		
DIV	anet	316128	2	12	+13.1	6.3	1324	na	na	-	INVESTIGATE		
DIV	tfrrs	1401	None	46	-11.6	4.2	637	na	na	-	INVESTIGATE		
DIV	anet	427317	1	26	-11.6	5.1	1837	na	na	-	INVESTIGATE		
DIV	tfrrs	22040	None	19	+13.1	13.6	649	na	na	-	INVESTIGATE		
DIV	anet	259411	1	37	-11.6	6.1	1430	na	na	-	INVESTIGATE		
DIV	anet	424077	1	16	-11.6	18.8	1427	na	na	-	INVESTIGATE		
DIV	tfrrs	6769	None	24	-11.6	3.8	1426	na	na	-	INVESTIGATE		
DIV	tfrrs	43966	None	40	-11.6	3.7	1444	na	na	-	INVESTIGATE		
DIV	tfrrs	2167	None	26	-11.6	12.0	1417	na	na	-	INVESTIGATE		
DIV	tfrrs	37414	None	107	-11.5	3.9	1450	na	na	-	INVESTIGATE		
DIV	anet	358033	1	42	-11.5	8.6	642	na	na	-	INVESTIGATE		
DIV	tfrrs	59720	None	18	+13.1	7.4	1433	na	na	-	INVESTIGATE		
DIV	anet	184600	1	36	-11.5	7.0	1824	na	na	-	INVESTIGATE		
DIV	anet	129554	2	18	-11.5	6.5	1333	na	na	-	INVESTIGATE		
DIV	tfrrs	61267	None	19	-11.5	10.9	1453	na	na	-	INVESTIGATE		
DIV	tfrrs	49375	None	48	-11.5	4.3	1050	na	na	-	INVESTIGATE		
DIV	tfrrs	63292	None	18	-11.5	6.1	1338	na	na	-	INVESTIGATE		
DIV	tfrrs	60087	None	33	-11.5	8.2	1453	na	na	-	INVESTIGATE		
DIV	anet	186382	4	18	-11.5	17.6	639	na	na	-	INVESTIGATE		
DIV	tfrrs	24567	None	30	-11.5	5.5	644	na	na	-	INVESTIGATE		
DIV	tfrrs	16875	None	42	-11.5	6.7	1428	na	na	-	INVESTIGATE		
DIV	tfrrs	39724	None	30	-11.5	7.2	1450	na	na	-	INVESTIGATE		
DIV	anet	459201	1	20	-11.5	11.1	1418	na	na	-	INVESTIGATE		
DIV	anet	36596	1	12	-11.5	9.1	1036	na	na	-	INVESTIGATE		
DIV	tfrrs	17658	None	19	+13.0	7.1	646	na	na	-	INVESTIGATE		
DIV	tfrrs	48307	None	22	-11.5	5.4	1445	na	na	-	INVESTIGATE		
DIV	tfrrs	89044	None	15	-11.5	6.7	654	na	na	-	INVESTIGATE		
DIV	tfrrs	17084	None	24	-11.5	15.1	1428	na	na	-	INVESTIGATE		
DIV	tfrrs	32719	None	20	-11.5	5.7	844	na	na	-	INVESTIGATE		
DIV	tfrrs	32941	None	93	-11.5	7.0	1465	na	na	-	INVESTIGATE		
DIV	anet	454201	1	48	-11.5	4.9	1830	na	na	-	INVESTIGATE		
DIV	anet	274950	1	55	-11.5	9.1	1850	na	na	-	INVESTIGATE		
DIV	anet	397866	1	29	+13.0	9.7	1435	na	na	-	INVESTIGATE		
DIV	tfrrs	27540	None	73	-11.5	4.9	1442	na	na	-	INVESTIGATE		
DIV	anet	328846	1	63	-11.5	5.5	1837	na	na	-	INVESTIGATE		
DIV	anet	650002	3	17	+12.9	11.6	652	na	na	-	INVESTIGATE		
DIV	tfrrs	43048	None	46	-11.5	4.2	1460	na	na	-	INVESTIGATE		
DIV	anet	69290	1	50	-11.5	7.2	626	na	na	-	INVESTIGATE		
DIV	tfrrs	32432	None	39	-11.4	2.8	1439	na	na	-	INVESTIGATE		
DIV	anet	584187	1	46	-11.4	5.6	1808	na	na	-	INVESTIGATE		
DIV	tfrrs	27036	None	38	-11.4	4.6	1446	na	na	-	INVESTIGATE		
DIV	tfrrs	33239	None	53	-11.4	5.6	670	na	na	-	INVESTIGATE		
DIV	tfrrs	13691	None	75	-11.4	5.6	1429	na	na	-	INVESTIGATE		
DIV	anet	144067	1	38	-11.4	7.8	1316	na	na	-	INVESTIGATE		
DIV	tfrrs	28998	None	30	-11.4	8.8	1451	na	na	-	INVESTIGATE		
DIV	tfrrs	52027	None	111	-11.4	5.4	1450	na	na	-	INVESTIGATE		
DIV	tfrrs	27348	None	71	-11.4	4.5	1459	na	na	-	INVESTIGATE		
DIV	anet	282721	1	112	+12.9	5.9	1424	na	na	-	INVESTIGATE		
DIV	tfrrs	67376	None	38	-11.4	7.1	1453	na	na	-	INVESTIGATE		
DIV	tfrrs	19668	None	28	-11.4	10.9	1446	na	na	-	INVESTIGATE		
DIV	tfrrs	33016	None	20	-11.4	4.8	1465	na	na	-	INVESTIGATE		
DIV	anet	295531	1	24	-11.4	5.3	1437	na	na	-	INVESTIGATE		
DIV	tfrrs	78771	None	30	-11.4	5.4	1429	na	na	-	INVESTIGATE		
DIV	tfrrs	44651	None	18	-11.4	5.1	1444	na	na	-	INVESTIGATE		
DIV	tfrrs	37967	None	29	-11.4	4.6	1467	na	na	-	INVESTIGATE		
DIV	anet	596282	6	17	-11.4	3.4	1808	na	na	-	INVESTIGATE		
DIV	anet	402860	1	15	-11.4	11.0	646	na	na	-	INVESTIGATE		
DIV	tfrrs	44704	None	15	-11.4	6.3	1452	na	na	-	INVESTIGATE		
DIV	tfrrs	10440	None	29	-11.4	4.0	837	na	na	-	INVESTIGATE		
DIV	tfrrs	18049	None	20	-11.4	4.5	1443	na	na	-	INVESTIGATE		
DIV	tfrrs	44560	None	57	-11.4	5.4	1444	na	na	-	INVESTIGATE		
DIV	anet	168013	1	40	+12.8	5.2	1431	na	na	-	INVESTIGATE		
DIV	tfrrs	76617	None	94	-11.4	7.0	1439	na	na	-	INVESTIGATE		
DIV	anet	464195	1	29	-11.4	8.8	1420	na	na	-	INVESTIGATE		
DIV	tfrrs	61880	None	30	-11.4	14.8	1864	na	na	-	INVESTIGATE		
DIV	tfrrs	14719	None	101	-11.4	5.5	1327	na	na	-	INVESTIGATE		
DIV	anet	225955	1	29	+12.8	6.9	1435	na	na	-	INVESTIGATE		
DIV	tfrrs	69447	None	36	-11.3	7.6	1447	na	na	-	INVESTIGATE		
DIV	tfrrs	27539	None	68	-11.3	7.2	1442	na	na	-	INVESTIGATE		
DIV	tfrrs	49372	None	25	-11.3	3.6	1452	na	na	-	INVESTIGATE		
DIV	tfrrs	10398	None	50	-11.3	5.5	1455	na	na	-	INVESTIGATE		
DIV	tfrrs	44307	None	27	-11.3	5.7	654	na	na	-	INVESTIGATE		
DIV	tfrrs	86259	None	21	-11.3	9.7	1428	na	na	-	INVESTIGATE		
DIV	tfrrs	15388	None	14	-11.3	5.9	1456	na	na	-	INVESTIGATE		
DIV	tfrrs	78165	None	33	-11.3	4.5	673	na	na	-	INVESTIGATE		
DIV	tfrrs	51047	None	54	-11.3	4.8	1445	na	na	-	INVESTIGATE		
DIV	tfrrs	18584	None	36	-11.3	4.6	1440	na	na	-	INVESTIGATE		
DIV	tfrrs	86455	None	19	+12.8	16.2	1417	na	na	-	INVESTIGATE		
DIV	anet	239227	1	81	+12.8	7.3	1430	na	na	-	INVESTIGATE		
DIV	anet	439550	1	72	-11.3	7.5	2868	na	na	-	INVESTIGATE		
DIV	tfrrs	48283	None	101	-11.3	5.1	1461	na	na	-	INVESTIGATE		
DIV	tfrrs	16570	None	60	-11.3	7.2	1442	na	na	-	INVESTIGATE		
DIV	anet	460774	1	154	-11.3	12.0	1839	na	na	-	INVESTIGATE		
DIV	tfrrs	76540	None	51	-11.3	5.7	847	na	na	-	INVESTIGATE		
DIV	tfrrs	78562	None	28	-11.3	6.2	1429	na	na	-	INVESTIGATE		
DIV	anet	579814	3	58	-11.3	4.7	1808	na	na	-	INVESTIGATE		
DIV	anet	110936	1	101	-11.3	6.6	1829	na	na	-	INVESTIGATE		
DIV	tfrrs	25634	None	25	-11.3	6.8	1436	na	na	-	INVESTIGATE		
DIV	tfrrs	85734	None	16	-11.3	5.0	1428	na	na	-	INVESTIGATE		
DIV	tfrrs	46114	None	76	-11.3	5.7	1444	na	na	-	INVESTIGATE		
DIV	tfrrs	90399	None	38	-11.3	5.0	1428	na	na	-	INVESTIGATE		
DIV	tfrrs	52555	None	19	-11.3	7.3	1450	na	na	-	INVESTIGATE		
DIV	tfrrs	30174	None	31	-11.3	8.7	1442	na	na	-	INVESTIGATE		
DIV	tfrrs	50063	None	78	-11.3	5.0	1445	na	na	-	INVESTIGATE		
DIV	anet	154039	1	128	-11.3	5.3	1831	na	na	-	INVESTIGATE		
DIV	tfrrs	46370	None	19	-11.3	5.1	1452	na	na	-	INVESTIGATE		
DIV	tfrrs	79043	None	20	-11.3	5.8	1429	na	na	-	INVESTIGATE		
DIV	tfrrs	14905	None	63	-11.3	8.2	1428	na	na	-	INVESTIGATE		
DIV	tfrrs	60986	None	25	-11.3	7.1	1453	na	na	-	INVESTIGATE		
DIV	anet	295322	1	16	-11.3	11.9	1425	na	na	-	INVESTIGATE		
DIV	tfrrs	50602	None	54	-11.3	5.6	1455	na	na	-	INVESTIGATE		
DIV	anet	374085	1	13	-11.3	6.0	659	na	na	-	INVESTIGATE		
DIV	anet	100880	1	21	-11.2	11.4	822	na	na	-	INVESTIGATE		
DIV	tfrrs	54858	None	31	-11.2	6.5	1450	na	na	-	INVESTIGATE		
DIV	tfrrs	46476	None	59	-11.2	5.1	1431	na	na	-	INVESTIGATE		
DIV	anet	303578	1	74	-11.2	5.8	1834	na	na	-	INVESTIGATE		
DIV	anet	479927	1	23	-11.2	4.8	1831	na	na	-	INVESTIGATE		
DIV	anet	247315	1	16	-11.2	6.2	642	na	na	-	INVESTIGATE		
DIV	tfrrs	63669	None	13	-11.2	7.7	2919	na	na	-	INVESTIGATE		
DIV	tfrrs	35482	None	23	-11.2	7.6	1448	na	na	-	INVESTIGATE		
DIV	tfrrs	18083	None	43	-11.2	4.7	1434	na	na	-	INVESTIGATE		
DIV	anet	273243	1	77	-11.2	5.6	1832	na	na	-	INVESTIGATE		
DIV	tfrrs	51467	None	16	+12.6	3.4	1444	na	na	-	INVESTIGATE		
DIV	anet	130839	2	15	-11.2	4.1	649	na	na	-	INVESTIGATE		
DIV	tfrrs	19226	None	47	-11.2	4.7	1434	na	na	-	INVESTIGATE		
DIV	tfrrs	63754	None	14	-11.2	6.8	1350	na	na	-	INVESTIGATE		
DIV	anet	440503	1	25	-11.2	6.5	1879	na	na	-	INVESTIGATE		
DIV	tfrrs	38684	None	30	-11.2	11.8	671	na	na	-	INVESTIGATE		
DIV	tfrrs	77688	None	22	-11.2	11.4	1429	na	na	-	INVESTIGATE		
DIV	anet	83681	1	39	+12.6	2.6	1428	na	na	-	INVESTIGATE		
DIV	anet	443759	1	22	-11.2	3.5	1818	na	na	-	INVESTIGATE		
DIV	tfrrs	38796	None	49	-11.2	4.8	1458	na	na	-	INVESTIGATE		
DIV	tfrrs	73701	None	16	-11.2	3.2	1447	na	na	-	INVESTIGATE		
DIV	tfrrs	29775	None	67	-11.2	7.2	1442	na	na	-	INVESTIGATE		
DIV	tfrrs	83591	None	65	-11.2	4.4	656	na	na	-	INVESTIGATE		
DIV	tfrrs	17736	None	41	-11.2	8.2	1437	na	na	-	INVESTIGATE		
DIV	tfrrs	29013	None	52	-11.2	6.1	1431	na	na	-	INVESTIGATE		
DIV	anet	83456	1	96	+12.6	3.5	1419	na	na	-	INVESTIGATE		
DIV	anet	466927	1	17	-11.2	2.7	1818	na	na	-	INVESTIGATE		
DIV	tfrrs	84407	None	25	-11.2	6.8	1428	na	na	-	INVESTIGATE		
DIV	tfrrs	45569	None	16	-11.2	3.0	1469	na	na	-	INVESTIGATE		
DIV	anet	234856	1	59	-11.2	9.1	1822	na	na	-	INVESTIGATE		
DIV	tfrrs	41225	None	29	-11.2	5.3	1458	na	na	-	INVESTIGATE		
DIV	tfrrs	52191	None	68	-11.2	6.3	1466	na	na	-	INVESTIGATE		
DIV	tfrrs	55099	None	39	-11.2	9.6	1431	na	na	-	INVESTIGATE		
DIV	anet	425842	1	13	-11.2	13.8	1431	na	na	-	INVESTIGATE		
DIV	anet	585435	2	14	-11.2	11.7	1013	na	na	-	INVESTIGATE		
DIV	tfrrs	45608	None	13	+12.6	20.2	1430	na	na	-	INVESTIGATE		
DIV	tfrrs	16301	None	74	-11.1	6.5	1428	na	na	-	INVESTIGATE		
DIV	tfrrs	32517	None	17	-11.1	6.6	1457	na	na	-	INVESTIGATE		
DIV	anet	219721	3	26	-11.1	12.8	1038	na	na	-	INVESTIGATE		
DIV	tfrrs	11017	None	18	+12.5	28.2	1421	na	na	-	INVESTIGATE		
DIV	anet	480183	1	16	-11.1	4.1	1806	na	na	-	INVESTIGATE		
DIV	anet	205243	1	24	-11.1	4.6	1428	na	na	-	INVESTIGATE		
DIV	tfrrs	68951	None	13	-11.1	9.2	1447	na	na	-	INVESTIGATE		
DIV	anet	252521	1	15	-11.1	3.1	1834	na	na	-	INVESTIGATE		
DIV	anet	495582	1	12	-11.1	6.1	1410	na	na	-	INVESTIGATE		
DIV	anet	639288	1	20	-11.1	22.6	1411	na	na	-	INVESTIGATE		
DIV	anet	519537	2	16	-11.1	5.4	654	na	na	-	INVESTIGATE		
DIV	tfrrs	61061	None	21	-11.1	8.6	1453	na	na	-	INVESTIGATE		
DIV	tfrrs	78322	None	12	-11.1	2.9	1429	na	na	-	INVESTIGATE		
DIV	anet	125551	1	95	+12.5	3.6	1431	na	na	-	INVESTIGATE		
DIV	tfrrs	8510	None	70	-11.1	4.5	1432	na	na	-	INVESTIGATE		
DIV	anet	438605	7	15	-11.1	7.7	2885	na	na	-	INVESTIGATE		
DIV	tfrrs	24032	None	39	-11.1	7.3	1436	na	na	-	INVESTIGATE		
DIV	anet	128960	1	18	-11.1	12.0	1025	na	na	-	INVESTIGATE		
DIV	tfrrs	16609	None	32	-11.1	4.2	1442	na	na	-	INVESTIGATE		
DIV	tfrrs	7354	None	13	-11.1	4.3	649	na	na	-	INVESTIGATE		
DIV	tfrrs	19185	None	135	-11.1	4.0	1333	na	na	-	INVESTIGATE		
DIV	tfrrs	10504	None	28	-11.1	6.7	1453	na	na	-	INVESTIGATE		
DIV	tfrrs	43189	None	26	-11.1	4.1	1469	na	na	-	INVESTIGATE		
DIV	anet	317339	7	14	+12.5	8.0	655	na	na	-	INVESTIGATE		
DIV	tfrrs	39584	None	51	-11.1	8.1	1450	na	na	-	INVESTIGATE		
DIV	tfrrs	43939	None	47	-11.1	4.1	1452	na	na	-	INVESTIGATE		
DIV	tfrrs	10439	None	39	-11.1	4.8	1429	na	na	-	INVESTIGATE		
DIV	anet	272737	1	39	-11.1	6.0	1424	na	na	-	INVESTIGATE		
DIV	tfrrs	22531	None	63	-11.1	4.8	1436	na	na	-	INVESTIGATE		
DIV	tfrrs	84891	None	28	-11.1	3.6	1428	na	na	-	INVESTIGATE		
DIV	tfrrs	33462	None	25	-11.1	5.0	663	na	na	-	INVESTIGATE		
DIV	tfrrs	51276	None	13	-11.1	3.5	655	na	na	-	INVESTIGATE		
DIV	tfrrs	30683	None	74	-11.1	6.2	1442	na	na	-	INVESTIGATE		
DIV	tfrrs	846	None	26	-11.1	7.0	1406	na	na	-	INVESTIGATE		
DIV	tfrrs	75989	None	26	-11.1	3.2	1447	na	na	-	INVESTIGATE		
DIV	tfrrs	7626	None	49	-11.1	6.3	1432	na	na	-	INVESTIGATE		
DIV	tfrrs	74425	None	26	-11.0	5.1	1431	na	na	-	INVESTIGATE		
DIV	anet	261794	1	24	-11.0	9.5	654	na	na	-	INVESTIGATE		
DIV	anet	478204	2	39	-11.0	33.4	657	na	na	-	INVESTIGATE		
DIV	anet	297085	1	29	+12.4	12.8	1437	na	na	-	INVESTIGATE		
DIV	anet	105118	1	22	-11.0	8.6	1427	na	na	-	INVESTIGATE		
DIV	tfrrs	62129	None	39	-11.0	4.1	1458	na	na	-	INVESTIGATE		
DIV	anet	235515	2	20	-11.0	4.3	3093	na	na	-	INVESTIGATE		
DIV	tfrrs	3335	None	26	-11.0	7.0	1442	na	na	-	INVESTIGATE		
DIV	tfrrs	10465	None	114	-11.0	6.4	1444	na	na	-	INVESTIGATE		
DIV	tfrrs	35827	None	37	-11.0	6.6	1346	na	na	-	INVESTIGATE		
DIV	anet	546744	1	15	-11.0	14.7	641	na	na	-	INVESTIGATE		
DIV	tfrrs	3131	None	12	-11.0	9.7	1426	na	na	-	INVESTIGATE		
DIV	tfrrs	50084	None	22	-11.0	8.5	1043	na	na	-	INVESTIGATE		
DIV	tfrrs	23195	None	29	-11.0	4.3	1436	na	na	-	INVESTIGATE		
DIV	anet	118143	1	154	-11.0	6.8	633	na	na	-	INVESTIGATE		
DIV	tfrrs	60644	None	31	-11.0	9.1	1453	na	na	-	INVESTIGATE		
DIV	tfrrs	24040	None	39	-11.0	10.0	1431	na	na	-	INVESTIGATE		
DIV	tfrrs	53576	None	115	-11.0	5.3	1466	na	na	-	INVESTIGATE		
DIV	anet	377432	1	26	-11.0	6.9	2371	na	na	-	INVESTIGATE		
DIV	tfrrs	62951	None	24	-11.0	5.2	3159	na	na	-	INVESTIGATE		
DIV	tfrrs	48986	None	51	-11.0	4.4	655	na	na	-	INVESTIGATE		
DIV	anet	579412	5	14	+12.4	11.0	651	na	na	-	INVESTIGATE		
DIV	tfrrs	26627	None	39	-11.0	6.9	1442	na	na	-	INVESTIGATE		
DIV	anet	620854	1	60	-11.0	6.4	1816	na	na	-	INVESTIGATE		
DIV	tfrrs	65097	None	66	-11.0	5.8	1474	na	na	-	INVESTIGATE		
DIV	tfrrs	35446	None	29	-11.0	8.0	1346	na	na	-	INVESTIGATE		
DIV	anet	441272	1	17	-11.0	7.7	1404	na	na	-	INVESTIGATE		
DIV	tfrrs	61793	None	38	-11.0	6.1	1453	na	na	-	INVESTIGATE		
DIV	tfrrs	27088	None	67	-11.0	3.8	1449	na	na	-	INVESTIGATE		
DIV	tfrrs	11858	None	38	-11.0	15.5	1429	na	na	-	INVESTIGATE		
DIV	tfrrs	14915	None	17	-11.0	2.6	1428	na	na	-	INVESTIGATE		
DIV	tfrrs	73595	None	38	-11.0	5.8	1438	na	na	-	INVESTIGATE		
DIV	anet	263087	14	29	-11.0	23.2	1832	na	na	-	INVESTIGATE		
DIV	anet	202921	4	12	-11.0	10.4	824	na	na	-	INVESTIGATE		
DIV	tfrrs	82144	None	45	-11.0	7.2	1340	na	na	-	INVESTIGATE		
DIV	tfrrs	52036	None	60	-11.0	4.1	1445	na	na	-	INVESTIGATE		
DIV	tfrrs	58450	None	43	-11.0	5.5	1453	na	na	-	INVESTIGATE		
DIV	tfrrs	67174	None	26	-11.0	5.0	1447	na	na	-	INVESTIGATE		
DIV	tfrrs	43573	None	131	-11.0	3.1	1452	na	na	-	INVESTIGATE		
DIV	tfrrs	22232	None	93	-11.0	5.8	1434	na	na	-	INVESTIGATE		
DIV	tfrrs	78632	None	86	-11.0	4.3	657	na	na	-	INVESTIGATE		
DIV	tfrrs	39037	None	33	-11.0	5.5	1458	na	na	-	INVESTIGATE		
DIV	tfrrs	58526	None	67	-11.0	5.2	1453	na	na	-	INVESTIGATE		
DIV	anet	184965	1	33	+12.3	6.3	1435	na	na	-	INVESTIGATE		
DIV	tfrrs	33924	None	40	-11.0	7.8	1448	na	na	-	INVESTIGATE		
DIV	tfrrs	12073	None	19	-11.0	4.9	1429	na	na	-	INVESTIGATE		
DIV	tfrrs	33454	None	30	-10.9	9.2	1448	na	na	-	INVESTIGATE		
DIV	anet	338485	1	20	-10.9	7.2	1449	na	na	-	INVESTIGATE		
DIV	tfrrs	74808	None	23	-10.9	2.3	1438	na	na	-	INVESTIGATE		
DIV	tfrrs	78084	None	31	-10.9	3.6	1429	na	na	-	INVESTIGATE		
DIV	tfrrs	40613	None	36	-10.9	4.9	1450	na	na	-	INVESTIGATE		
DIV	anet	419882	1	12	-10.9	9.3	1432	na	na	-	INVESTIGATE		
DIV	tfrrs	31539	None	25	-10.9	8.5	1478	na	na	-	INVESTIGATE		
DIV	tfrrs	68700	None	53	-10.9	10.8	1447	na	na	-	INVESTIGATE		
DIV	tfrrs	28468	None	13	-10.9	6.3	1466	na	na	-	INVESTIGATE		
DIV	tfrrs	5570	None	15	-10.9	10.1	3172	na	na	-	INVESTIGATE		
DIV	tfrrs	52048	None	124	-10.9	4.4	1450	na	na	-	INVESTIGATE		
DIV	tfrrs	21184	None	100	-10.9	3.9	1440	na	na	-	INVESTIGATE		
DIV	tfrrs	72443	None	42	-10.9	5.5	1438	na	na	-	INVESTIGATE		
DIV	anet	311635	2	25	-10.9	7.0	1830	na	na	-	INVESTIGATE		
DIV	tfrrs	79149	None	32	-10.9	11.2	657	na	na	-	INVESTIGATE		
DIV	tfrrs	27372	None	32	-10.9	5.7	1458	na	na	-	INVESTIGATE		
DIV	tfrrs	19905	None	25	-10.9	6.0	1446	na	na	-	INVESTIGATE		
DIV	tfrrs	61338	None	64	-10.9	4.2	1453	na	na	-	INVESTIGATE		
DIV	anet	210242	1	32	-10.9	4.0	1833	na	na	-	INVESTIGATE		
DIV	anet	156080	1	12	-10.9	4.5	632	na	na	-	INVESTIGATE		
DIV	tfrrs	24912	None	376	-10.9	3.8	1436	na	na	-	INVESTIGATE		
DIV	tfrrs	34983	None	19	-10.9	3.6	1448	na	na	-	INVESTIGATE		
DIV	tfrrs	5728	None	31	-10.9	8.0	1426	na	na	-	INVESTIGATE		
DIV	tfrrs	15094	None	69	-10.9	5.2	1428	na	na	-	INVESTIGATE		
DIV	anet	96484	1	64	+12.2	6.3	1410	na	na	-	INVESTIGATE		
DIV	tfrrs	37129	None	52	-10.9	6.4	1450	na	na	-	INVESTIGATE		
DIV	tfrrs	44818	None	22	-10.9	10.1	1444	na	na	-	INVESTIGATE		
DIV	tfrrs	5548	None	29	-10.9	6.8	1426	na	na	-	INVESTIGATE		
DIV	tfrrs	88811	None	28	-10.9	6.6	3086	na	na	-	INVESTIGATE		
DIV	anet	221655	1	17	-10.9	8.9	1428	na	na	-	INVESTIGATE		
DIV	tfrrs	49913	None	71	-10.8	6.9	1445	na	na	-	INVESTIGATE		
DIV	tfrrs	31885	None	19	-10.8	6.4	1458	na	na	-	INVESTIGATE		
DIV	tfrrs	35088	None	89	-10.8	4.8	1448	na	na	-	INVESTIGATE		
DIV	tfrrs	46247	None	17	+12.2	13.2	1430	na	na	-	INVESTIGATE		
DIV	tfrrs	8195	None	16	-10.8	17.0	1432	na	na	-	INVESTIGATE		
DIV	anet	604707	1	62	-10.8	22.7	2880	na	na	-	INVESTIGATE		
DIV	anet	166419	1	19	+12.2	3.3	1412	na	na	-	INVESTIGATE		
DIV	anet	613907	1	25	-10.8	12.6	1436	na	na	-	INVESTIGATE		
DIV	anet	376738	1	15	-10.8	10.1	638	na	na	-	INVESTIGATE		
DIV	anet	647440	2	15	-10.8	5.6	1420	na	na	-	INVESTIGATE		
DIV	tfrrs	58199	None	46	-10.8	6.1	1463	na	na	-	INVESTIGATE		
DIV	tfrrs	74858	None	35	-10.8	8.0	1438	na	na	-	INVESTIGATE		
DIV	tfrrs	79013	None	41	-10.8	4.3	1429	na	na	-	INVESTIGATE		
DIV	anet	403810	1	36	+12.1	9.2	1422	na	na	-	INVESTIGATE		
DIV	tfrrs	24265	None	22	-10.8	4.4	1436	na	na	-	INVESTIGATE		
DIV	tfrrs	64316	None	67	-10.8	6.1	1454	na	na	-	INVESTIGATE		
DIV	anet	439584	1	53	-10.8	4.3	2860	na	na	-	INVESTIGATE		
DIV	tfrrs	20392	None	53	-10.8	3.4	1434	na	na	-	INVESTIGATE		
DIV	tfrrs	76140	None	43	-10.8	5.0	851	na	na	-	INVESTIGATE		
DIV	anet	643327	1	13	-10.8	15.4	1411	na	na	-	INVESTIGATE		
DIV	anet	427302	1	47	+12.1	4.3	1441	na	na	-	INVESTIGATE		
DIV	tfrrs	54838	None	29	-10.8	10.8	1450	na	na	-	INVESTIGATE		
DIV	tfrrs	60163	None	23	-10.8	7.1	1453	na	na	-	INVESTIGATE		
DIV	tfrrs	49022	None	193	-10.8	3.4	1445	na	na	-	INVESTIGATE		
DIV	tfrrs	39191	None	52	-10.8	10.7	1450	na	na	-	INVESTIGATE		
DIV	tfrrs	29651	None	21	-10.8	3.6	1449	na	na	-	INVESTIGATE		
DIV	anet	183413	1	38	-10.8	6.6	1029	na	na	-	INVESTIGATE		
DIV	anet	496713	1	13	-10.8	17.6	1310	na	na	-	INVESTIGATE		
DIV	tfrrs	39701	None	33	-10.8	3.6	655	na	na	-	INVESTIGATE		
DIV	tfrrs	62666	None	18	-10.8	5.3	1445	na	na	-	INVESTIGATE		
DIV	anet	159062	3	16	-10.8	6.7	649	na	na	-	INVESTIGATE		
DIV	tfrrs	67106	None	59	-10.8	5.1	1447	na	na	-	INVESTIGATE		
DIV	tfrrs	43017	None	86	-10.8	5.0	1460	na	na	-	INVESTIGATE		
DIV	tfrrs	71815	None	18	-10.8	7.8	3091	na	na	-	INVESTIGATE		
DIV	tfrrs	39357	None	15	+12.1	4.2	653	na	na	-	INVESTIGATE		
DIV	anet	158660	1	15	-10.8	5.1	2849	na	na	-	INVESTIGATE		
DIV	anet	440504	1	45	-10.8	7.4	1826	na	na	-	INVESTIGATE		
DIV	tfrrs	88580	None	42	-10.8	4.7	1428	na	na	-	INVESTIGATE		
DIV	tfrrs	3598	None	15	-10.8	5.3	1436	na	na	-	INVESTIGATE		
DIV	tfrrs	65374	None	12	-10.8	16.0	1458	na	na	-	INVESTIGATE		
DIV	tfrrs	30798	None	35	-10.8	5.3	1442	na	na	-	INVESTIGATE		
DIV	anet	92538	2	14	-10.8	4.1	1408	na	na	-	INVESTIGATE		
DIV	tfrrs	12170	None	114	-10.8	5.6	1429	na	na	-	INVESTIGATE		
DIV	tfrrs	92017	None	24	-10.7	8.0	1428	na	na	-	INVESTIGATE		
DIV	anet	559388	1	14	-10.7	26.2	1033	na	na	-	INVESTIGATE		
DIV	anet	343693	1	15	-10.7	3.7	1830	na	na	-	INVESTIGATE		
DIV	tfrrs	58807	None	68	-10.7	8.8	1453	na	na	-	INVESTIGATE		
DIV	tfrrs	28544	None	34	-10.7	9.6	1449	na	na	-	INVESTIGATE		
DIV	anet	364092	1	125	-10.7	5.3	1854	na	na	-	INVESTIGATE		
DIV	anet	325543	1	12	-10.7	11.5	636	na	na	-	INVESTIGATE		
DIV	tfrrs	59812	None	16	-10.7	4.4	668	na	na	-	INVESTIGATE		
DIV	tfrrs	12767	None	21	-10.7	3.9	1429	na	na	-	INVESTIGATE		
DIV	tfrrs	2518	None	25	-10.7	9.5	1417	na	na	-	INVESTIGATE		
DIV	anet	310519	1	25	-10.7	9.7	1853	na	na	-	INVESTIGATE		
DIV	tfrrs	62097	None	15	-10.7	21.9	1458	na	na	-	INVESTIGATE		
DIV	tfrrs	59268	None	216	-10.7	4.1	1453	na	na	-	INVESTIGATE		
DIV	anet	409819	1	28	-10.7	7.7	1427	na	na	-	INVESTIGATE		
DIV	tfrrs	39627	None	41	-10.7	2.9	1450	na	na	-	INVESTIGATE		
DIV	anet	246121	1	59	-10.7	5.4	1849	na	na	-	INVESTIGATE		
DIV	tfrrs	37127	None	85	-10.7	5.4	844	na	na	-	INVESTIGATE		
DIV	anet	142526	3	14	-10.7	8.7	983	na	na	-	INVESTIGATE		
DIV	anet	667524	4	15	+12.0	11.5	639	na	na	-	INVESTIGATE		
DIV	tfrrs	7337	None	216	-10.7	5.3	1448	na	na	-	INVESTIGATE		
DIV	tfrrs	46023	None	16	+12.0	10.1	1430	na	na	-	INVESTIGATE		
DIV	anet	520852	1	28	-10.7	8.4	1805	na	na	-	INVESTIGATE		
DIV	tfrrs	73897	None	97	-10.7	5.0	1438	na	na	-	INVESTIGATE		
DIV	anet	478958	1	17	-10.7	6.7	1425	na	na	-	INVESTIGATE		
DIV	tfrrs	35785	None	65	-10.7	8.0	1448	na	na	-	INVESTIGATE		
DIV	tfrrs	38621	None	19	-10.7	3.5	1467	na	na	-	INVESTIGATE		
DIV	anet	115408	1	13	-10.7	16.7	1819	na	na	-	INVESTIGATE		
DIV	tfrrs	38195	None	71	-10.7	4.5	1450	na	na	-	INVESTIGATE		
DIV	tfrrs	35558	None	27	-10.7	5.6	1431	na	na	-	INVESTIGATE		
DIV	tfrrs	19955	None	54	-10.7	3.8	1434	na	na	-	INVESTIGATE		
DIV	tfrrs	55729	None	20	-10.7	6.5	1450	na	na	-	INVESTIGATE		
DIV	anet	339526	1	12	+12.0	10.7	657	na	na	-	INVESTIGATE		
DIV	anet	619105	1	16	-10.7	10.2	1816	na	na	-	INVESTIGATE		
DIV	tfrrs	12993	None	23	+12.0	19.0	649	na	na	-	INVESTIGATE		
DIV	anet	377438	1	36	-10.7	4.7	2888	na	na	-	INVESTIGATE		
DIV	anet	565486	1	90	-10.7	5.1	1843	na	na	-	INVESTIGATE		
DIV	tfrrs	20690	None	27	-10.7	5.3	1434	na	na	-	INVESTIGATE		
DIV	tfrrs	63521	None	96	-10.7	5.8	1463	na	na	-	INVESTIGATE		
DIV	tfrrs	68945	None	22	-10.7	5.5	1447	na	na	-	INVESTIGATE		
DIV	tfrrs	55259	None	15	-10.7	5.8	1450	na	na	-	INVESTIGATE		
DIV	tfrrs	17203	None	13	-10.7	10.6	648	na	na	-	INVESTIGATE		
DIV	anet	541130	4	35	-10.7	5.8	1812	na	na	-	INVESTIGATE		
DIV	anet	570806	1	42	-10.7	17.8	830	na	na	-	INVESTIGATE		
DIV	tfrrs	79272	None	14	-10.6	11.4	1429	na	na	-	INVESTIGATE		
DIV	anet	285267	1	14	-10.6	9.2	1832	na	na	-	INVESTIGATE		
DIV	tfrrs	40727	None	44	-10.6	3.8	1460	na	na	-	INVESTIGATE		
DIV	tfrrs	48988	None	57	-10.6	4.5	1468	na	na	-	INVESTIGATE		
DIV	anet	103287	1	17	-10.6	10.6	646	na	na	-	INVESTIGATE		
DIV	tfrrs	80847	None	37	-10.6	4.2	1439	na	na	-	INVESTIGATE		
DIV	tfrrs	15599	None	83	-10.6	5.6	1428	na	na	-	INVESTIGATE		
DIV	tfrrs	6941	None	16	-10.6	6.1	1426	na	na	-	INVESTIGATE		
DIV	anet	226438	1	14	-10.6	68.8	829	na	na	-	INVESTIGATE		
DIV	tfrrs	32433	None	100	-10.6	5.9	1448	na	na	-	INVESTIGATE		
DIV	tfrrs	42892	None	55	-10.6	7.7	1444	na	na	-	INVESTIGATE		
DIV	tfrrs	38713	None	40	-10.6	6.8	1458	na	na	-	INVESTIGATE		
DIV	tfrrs	60358	None	14	-10.6	6.2	1455	na	na	-	INVESTIGATE		
DIV	tfrrs	27403	None	12	-10.6	10.7	1454	na	na	-	INVESTIGATE		
DIV	anet	340251	1	12	-10.6	8.7	1045	na	na	-	INVESTIGATE		
DIV	tfrrs	72450	None	53	-10.6	7.1	1438	na	na	-	INVESTIGATE		
DIV	anet	496862	2	18	-10.6	9.8	1428	na	na	-	INVESTIGATE		
DIV	tfrrs	50914	None	25	-10.6	8.7	1445	na	na	-	INVESTIGATE		
DIV	anet	40871	1	13	+11.9	10.7	1429	na	na	-	INVESTIGATE		
DIV	tfrrs	33423	None	33	-10.6	7.1	1474	na	na	-	INVESTIGATE		
DIV	tfrrs	82197	None	44	-10.6	4.4	1455	na	na	-	INVESTIGATE		
DIV	anet	556982	1	21	-10.6	5.4	1805	na	na	-	INVESTIGATE		
DIV	tfrrs	4222	None	20	+11.9	8.3	1030	na	na	-	INVESTIGATE		
DIV	anet	473429	2	44	+11.9	6.0	1437	na	na	-	INVESTIGATE		
DIV	tfrrs	3908	None	16	+11.9	9.7	1030	na	na	-	INVESTIGATE		
DIV	anet	458042	1	12	-10.6	4.0	1828	na	na	-	INVESTIGATE		
DIV	tfrrs	56198	None	74	-10.6	3.3	1450	na	na	-	INVESTIGATE		
DIV	tfrrs	30471	None	60	-10.6	4.1	1442	na	na	-	INVESTIGATE		
DIV	anet	405795	1	18	+11.8	7.5	2245	na	na	-	INVESTIGATE		
DIV	tfrrs	37314	None	90	-10.6	3.7	1458	na	na	-	INVESTIGATE		
DIV	anet	420633	1	16	-10.6	10.3	1046	na	na	-	INVESTIGATE		
DIV	tfrrs	5005	None	31	-10.6	7.4	1426	na	na	-	INVESTIGATE		
DIV	tfrrs	6176	None	31	-10.6	7.4	1426	na	na	-	INVESTIGATE		
DIV	anet	313249	1	26	+11.8	41.3	648	na	na	-	INVESTIGATE		
DIV	tfrrs	48694	None	41	-10.6	3.0	1445	na	na	-	INVESTIGATE		
DIV	tfrrs	12252	None	72	-10.6	8.1	1431	na	na	-	INVESTIGATE		
DIV	tfrrs	29578	None	367	-10.6	3.9	1442	na	na	-	INVESTIGATE		
DIV	tfrrs	30096	None	13	+11.8	9.5	650	na	na	-	INVESTIGATE		
DIV	tfrrs	9299	None	57	-10.6	6.9	1432	na	na	-	INVESTIGATE		
DIV	tfrrs	45757	None	17	-10.6	5.1	654	na	na	-	INVESTIGATE		
DIV	tfrrs	60702	None	13	-10.6	5.2	1458	na	na	-	INVESTIGATE		
DIV	tfrrs	44224	None	26	-10.6	5.2	1049	na	na	-	INVESTIGATE		
DIV	tfrrs	89015	None	23	-10.6	7.2	1428	na	na	-	INVESTIGATE		
DIV	tfrrs	55932	None	33	-10.6	4.4	1450	na	na	-	INVESTIGATE		
DIV	tfrrs	24673	None	12	-10.6	7.0	1048	na	na	-	INVESTIGATE		
DIV	anet	519118	3	24	-10.6	17.5	633	na	na	-	INVESTIGATE		
DIV	tfrrs	71507	None	53	-10.6	4.4	1438	na	na	-	INVESTIGATE		
DIV	tfrrs	42568	None	100	-10.6	4.2	1452	na	na	-	INVESTIGATE		
DIV	anet	446192	2	19	-10.6	4.0	657	na	na	-	INVESTIGATE		
DIV	anet	350167	1	33	-10.5	7.3	840	na	na	-	INVESTIGATE		
DIV	tfrrs	21293	None	15	-10.5	5.3	651	na	na	-	INVESTIGATE		
DIV	tfrrs	34872	None	24	+11.8	10.8	652	na	na	-	INVESTIGATE		
DIV	anet	301341	6	12	-10.5	16.6	640	na	na	-	INVESTIGATE		
DIV	tfrrs	28465	None	13	+11.8	9.2	1428	na	na	-	INVESTIGATE		
DIV	tfrrs	63815	None	21	-10.5	7.5	1454	na	na	-	INVESTIGATE		
DIV	tfrrs	16039	None	35	-10.5	4.8	1442	na	na	-	INVESTIGATE		
DIV	tfrrs	64095	None	47	-10.5	6.3	1463	na	na	-	INVESTIGATE		
DIV	anet	302058	1	15	-10.5	7.7	640	na	na	-	INVESTIGATE		
DIV	tfrrs	35471	None	127	-10.5	7.4	1448	na	na	-	INVESTIGATE		
DIV	tfrrs	45456	None	39	-10.5	4.7	1452	na	na	-	INVESTIGATE		
DIV	tfrrs	48455	None	64	-10.5	4.9	1468	na	na	-	INVESTIGATE		
DIV	tfrrs	68896	None	50	-10.5	9.9	1439	na	na	-	INVESTIGATE		
DIV	anet	266918	1	75	+11.8	5.4	1424	na	na	-	INVESTIGATE		
DIV	anet	614614	1	13	-10.5	12.9	1808	na	na	-	INVESTIGATE		
DIV	tfrrs	61650	None	67	-10.5	5.9	1453	na	na	-	INVESTIGATE		
DIV	anet	344230	1	33	-10.5	7.3	2884	na	na	-	INVESTIGATE		
DIV	anet	519936	1	33	+11.8	2.4	1310	na	na	-	INVESTIGATE		
DIV	anet	405849	4	47	+11.8	12.8	1445	na	na	-	INVESTIGATE		
DIV	tfrrs	56066	None	27	-10.5	3.0	1456	na	na	-	INVESTIGATE		
DIV	anet	67230	1	86	+11.7	4.5	1429	na	na	-	INVESTIGATE		
DIV	tfrrs	63900	None	70	-10.5	6.0	1454	na	na	-	INVESTIGATE		
DIV	tfrrs	16740	None	34	-10.5	11.4	1442	na	na	-	INVESTIGATE		
DIV	tfrrs	9022	None	14	-10.5	6.5	1444	na	na	-	INVESTIGATE		
DIV	tfrrs	12498	None	15	-10.5	7.2	1429	na	na	-	INVESTIGATE		
DIV	tfrrs	9547	None	40	-10.5	7.9	1444	na	na	-	INVESTIGATE		
DIV	tfrrs	68511	None	46	-10.5	10.0	1447	na	na	-	INVESTIGATE		
DIV	anet	96471	1	93	+11.7	3.9	1398	na	na	-	INVESTIGATE		
DIV	tfrrs	40609	None	30	-10.5	7.5	1458	na	na	-	INVESTIGATE		
DIV	anet	250423	1	12	+11.7	3.1	1436	na	na	-	INVESTIGATE		
DIV	anet	411057	1	12	-10.5	4.0	1133	na	na	-	INVESTIGATE		
DIV	tfrrs	84364	None	49	-10.5	7.0	1439	na	na	-	INVESTIGATE		
DIV	tfrrs	17188	None	24	+11.7	7.7	1420	na	na	-	INVESTIGATE		
DIV	anet	308338	1	12	+11.7	5.3	1049	na	na	-	INVESTIGATE		
DIV	tfrrs	41730	None	46	-10.5	8.2	1444	na	na	-	INVESTIGATE		
DIV	tfrrs	72442	None	53	-10.5	5.6	1447	na	na	-	INVESTIGATE		
DIV	tfrrs	49725	None	20	-10.5	2.8	1050	na	na	-	INVESTIGATE		
DIV	tfrrs	59189	None	56	-10.5	6.9	1453	na	na	-	INVESTIGATE		
DIV	anet	473331	1	81	+11.7	10.7	1437	na	na	-	INVESTIGATE		
DIV	tfrrs	33743	None	53	-10.5	6.9	1448	na	na	-	INVESTIGATE		
DIV	anet	530210	1	29	-10.5	6.6	1408	na	na	-	INVESTIGATE		
DIV	anet	383558	4	17	-10.5	10.1	1854	na	na	-	INVESTIGATE		
DIV	tfrrs	37315	None	56	-10.5	3.4	1450	na	na	-	INVESTIGATE		
DIV	tfrrs	14969	None	131	-10.5	6.0	1428	na	na	-	INVESTIGATE		
DIV	tfrrs	56040	None	27	-10.5	6.0	1450	na	na	-	INVESTIGATE		
DIV	tfrrs	42094	None	72	-10.5	5.3	1453	na	na	-	INVESTIGATE		
DIV	tfrrs	19002	None	57	-10.4	3.3	1434	na	na	-	INVESTIGATE		
DIV	tfrrs	73191	None	13	-10.4	4.7	1464	na	na	-	INVESTIGATE		
DIV	tfrrs	89087	None	14	-10.4	9.3	1030	na	na	-	INVESTIGATE		
DIV	tfrrs	68684	None	48	-10.4	10.9	1054	na	na	-	INVESTIGATE		
DIV	anet	536937	1	144	-10.4	9.8	1829	na	na	-	INVESTIGATE		
DIV	tfrrs	54026	None	139	-10.4	4.5	1450	na	na	-	INVESTIGATE		
DIV	anet	460797	2	12	+11.6	9.1	2242	na	na	-	INVESTIGATE		
DIV	tfrrs	35950	None	18	-10.4	7.5	1457	na	na	-	INVESTIGATE		
DIV	tfrrs	57155	None	138	-10.4	5.7	1450	na	na	-	INVESTIGATE		
DIV	tfrrs	71420	None	85	-10.4	5.1	1438	na	na	-	INVESTIGATE		
DIV	tfrrs	84033	None	24	-10.4	9.1	1439	na	na	-	INVESTIGATE		
DIV	tfrrs	38107	None	29	-10.4	9.1	1066	na	na	-	INVESTIGATE		
DIV	tfrrs	88297	None	54	-10.4	5.9	1428	na	na	-	INVESTIGATE		
DIV	tfrrs	63462	None	78	-10.4	6.3	1454	na	na	-	INVESTIGATE		
DIV	tfrrs	21281	None	55	-10.4	9.0	1446	na	na	-	INVESTIGATE		
DIV	tfrrs	90776	None	42	-10.4	6.0	1428	na	na	-	INVESTIGATE		
DIV	anet	96462	1	81	+11.6	3.5	1424	na	na	-	INVESTIGATE		
DIV	tfrrs	12120	None	29	-10.4	7.1	1429	na	na	-	INVESTIGATE		
DIV	tfrrs	55773	None	31	-10.4	5.9	1450	na	na	-	INVESTIGATE		
DIV	tfrrs	66542	None	70	-10.4	5.4	662	na	na	-	INVESTIGATE		
DIV	tfrrs	64504	None	49	-10.4	6.0	661	na	na	-	INVESTIGATE		
DIV	tfrrs	21181	None	72	-10.4	2.8	1434	na	na	-	INVESTIGATE		
DIV	tfrrs	15966	None	18	-10.4	5.8	1442	na	na	-	INVESTIGATE		
DIV	tfrrs	41428	None	101	-10.4	4.9	1450	na	na	-	INVESTIGATE		
DIV	tfrrs	34489	None	34	-10.4	6.1	1448	na	na	-	INVESTIGATE		
DIV	tfrrs	14260	None	44	-10.4	6.0	3121	na	na	-	INVESTIGATE		
DIV	anet	612473	4	18	-10.4	4.3	1817	na	na	-	INVESTIGATE		
DIV	anet	148838	6	17	-10.4	14.4	636	na	na	-	INVESTIGATE		
DIV	tfrrs	26856	None	280	-10.4	4.1	1442	na	na	-	INVESTIGATE		
DIV	anet	198766	4	15	-10.4	30.3	1824	na	na	-	INVESTIGATE		
DIV	tfrrs	24267	None	83	-10.4	4.8	1436	na	na	-	INVESTIGATE		
DIV	tfrrs	37055	None	80	-10.4	4.3	1450	na	na	-	INVESTIGATE		
DIV	anet	76990	1	21	-10.4	6.1	634	na	na	-	INVESTIGATE		
DIV	tfrrs	36647	None	44	-10.4	5.1	1467	na	na	-	INVESTIGATE		
DIV	anet	130543	1	13	-10.4	4.6	1819	na	na	-	INVESTIGATE		
DIV	tfrrs	59837	None	66	-10.4	6.7	1453	na	na	-	INVESTIGATE		
DIV	tfrrs	6572	None	49	-10.4	4.0	1426	na	na	-	INVESTIGATE		
DIV	anet	243444	1	15	-10.4	5.1	640	na	na	-	INVESTIGATE		
DIV	anet	96443	1	78	+11.6	3.5	1343	na	na	-	INVESTIGATE		
DIV	tfrrs	27297	None	13	-10.4	4.4	1466	na	na	-	INVESTIGATE		
DIV	anet	218544	2	14	+11.6	7.7	1846	na	na	-	INVESTIGATE		
DIV	tfrrs	46501	None	33	-10.4	6.8	1342	na	na	-	INVESTIGATE		
DIV	anet	242427	2	16	-10.3	26.8	994	na	na	-	INVESTIGATE		
DIV	tfrrs	33588	None	35	-10.3	9.3	1439	na	na	-	INVESTIGATE		
DIV	tfrrs	32544	None	75	-10.3	3.3	1448	na	na	-	INVESTIGATE		
DIV	tfrrs	38165	None	48	-10.3	8.3	1475	na	na	-	INVESTIGATE		
DIV	tfrrs	35655	None	19	-10.3	3.4	1448	na	na	-	INVESTIGATE		
DIV	anet	351562	1	12	-10.3	6.0	638	na	na	-	INVESTIGATE		
DIV	anet	128609	2	13	-10.3	4.1	1415	na	na	-	INVESTIGATE		
DIV	tfrrs	36261	None	107	-10.3	3.2	1448	na	na	-	INVESTIGATE		
DIV	tfrrs	43200	None	77	-10.3	6.3	1460	na	na	-	INVESTIGATE		
DIV	tfrrs	44559	None	40	-10.3	4.9	1444	na	na	-	INVESTIGATE		
DIV	tfrrs	31985	None	106	-10.3	3.6	1451	na	na	-	INVESTIGATE		
DIV	anet	74364	1	13	-10.3	13.1	1816	na	na	-	INVESTIGATE		
DIV	tfrrs	44700	None	63	-10.3	9.2	1443	na	na	-	INVESTIGATE		
DIV	tfrrs	56265	None	22	-10.3	4.0	1450	na	na	-	INVESTIGATE		
DIV	tfrrs	7253	None	122	-10.3	4.3	1426	na	na	-	INVESTIGATE		
DIV	tfrrs	78856	None	18	-10.3	5.7	1436	na	na	-	INVESTIGATE		
DIV	anet	566665	1	14	+11.5	5.8	1035	na	na	-	INVESTIGATE		
DIV	tfrrs	36502	None	19	-10.3	7.7	1450	na	na	-	INVESTIGATE		
DIV	anet	299059	1	13	-10.3	9.4	1425	na	na	-	INVESTIGATE		
DIV	anet	167757	1	93	+11.5	4.3	1416	na	na	-	INVESTIGATE		
DIV	anet	268636	2	13	-10.3	7.7	654	na	na	-	INVESTIGATE		
DIV	tfrrs	14854	None	81	-10.3	3.6	1428	na	na	-	INVESTIGATE		
DIV	tfrrs	52994	None	48	-10.3	3.8	1459	na	na	-	INVESTIGATE		
DIV	tfrrs	15830	None	39	-10.3	2.7	1428	na	na	-	INVESTIGATE		
DIV	tfrrs	5182	None	21	-10.3	9.9	1432	na	na	-	INVESTIGATE		
DIV	tfrrs	79525	None	13	-10.3	3.7	1442	na	na	-	INVESTIGATE		
DIV	tfrrs	32714	None	48	-10.3	9.5	860	na	na	-	INVESTIGATE		
DIV	tfrrs	38483	None	48	-10.3	5.5	671	na	na	-	INVESTIGATE		
DIV	tfrrs	52556	None	39	-10.3	8.4	1456	na	na	-	INVESTIGATE		
DIV	tfrrs	7543	None	114	-10.3	5.0	1432	na	na	-	INVESTIGATE		
DIV	anet	309034	1	12	-10.3	4.3	2916	na	na	-	INVESTIGATE		
DIV	tfrrs	84838	None	22	-10.3	7.0	1428	na	na	-	INVESTIGATE		
DIV	tfrrs	45337	None	76	-10.3	3.4	1444	na	na	-	INVESTIGATE		
DIV	tfrrs	50223	None	40	-10.3	5.1	1452	na	na	-	INVESTIGATE		
DIV	anet	333487	1	23	-10.3	5.1	827	na	na	-	INVESTIGATE		
DIV	tfrrs	41879	None	116	-10.3	4.0	1476	na	na	-	INVESTIGATE		
DIV	tfrrs	51032	None	77	-10.3	4.8	1445	na	na	-	INVESTIGATE		
DIV	tfrrs	5782	None	14	-10.3	12.4	1436	na	na	-	INVESTIGATE		
DIV	anet	259497	1	15	-10.3	3.5	1424	na	na	-	INVESTIGATE		
DIV	tfrrs	82704	None	26	-10.3	5.6	1433	na	na	-	INVESTIGATE		
DIV	tfrrs	24248	None	115	-10.3	6.0	1436	na	na	-	INVESTIGATE		
DIV	tfrrs	48987	None	33	-10.3	6.0	1445	na	na	-	INVESTIGATE		
DIV	tfrrs	1999	None	74	-10.3	5.2	1317	na	na	-	INVESTIGATE		
DIV	tfrrs	29542	None	17	-10.3	2.9	1442	na	na	-	INVESTIGATE		
DIV	tfrrs	50068	None	29	-10.3	5.9	655	na	na	-	INVESTIGATE		
DIV	tfrrs	72078	None	19	-10.3	9.2	660	na	na	-	INVESTIGATE		
DIV	tfrrs	73801	None	31	-10.3	9.3	660	na	na	-	INVESTIGATE		
DIV	tfrrs	40748	None	43	-10.3	4.3	1450	na	na	-	INVESTIGATE		
DIV	anet	508755	1	66	+11.4	5.9	1410	na	na	-	INVESTIGATE		
DIV	anet	517518	1	13	+11.4	4.5	1410	na	na	-	INVESTIGATE		
DIV	anet	309785	1	44	-10.3	9.0	4903	na	na	-	INVESTIGATE		
DIV	tfrrs	76397	None	51	-10.2	7.5	1447	na	na	-	INVESTIGATE		
DIV	anet	512769	2	15	+11.4	5.8	654	na	na	-	INVESTIGATE		
DIV	tfrrs	41315	None	14	+11.4	12.8	653	na	na	-	INVESTIGATE		
DIV	anet	438587	2	14	-10.2	12.4	646	na	na	-	INVESTIGATE		
DIV	tfrrs	29021	None	68	-10.2	5.5	1059	na	na	-	INVESTIGATE		
DIV	tfrrs	60994	None	39	-10.2	4.9	1453	na	na	-	INVESTIGATE		
DIV	anet	448705	1	26	+11.4	6.2	1437	na	na	-	INVESTIGATE		
DIV	tfrrs	51441	None	35	-10.2	8.5	1445	na	na	-	INVESTIGATE		
DIV	tfrrs	79147	None	31	-10.2	4.6	1429	na	na	-	INVESTIGATE		
DIV	tfrrs	14230	None	20	-10.2	4.9	3121	na	na	-	INVESTIGATE		
DIV	anet	375274	1	15	-10.2	7.2	5091	na	na	-	INVESTIGATE		
DIV	anet	168024	1	37	+11.4	7.9	1416	na	na	-	INVESTIGATE		
DIV	tfrrs	39226	None	29	-10.2	4.6	1450	na	na	-	INVESTIGATE		
DIV	tfrrs	90169	None	18	-10.2	6.2	1428	na	na	-	INVESTIGATE		
DIV	anet	608947	1	103	-10.2	6.9	2839	na	na	-	INVESTIGATE		
DIV	tfrrs	36857	None	69	-10.2	3.6	1460	na	na	-	INVESTIGATE		
DIV	anet	154578	1	18	-10.2	5.5	1431	na	na	-	INVESTIGATE		
DIV	tfrrs	33933	None	23	-10.2	13.3	1448	na	na	-	INVESTIGATE		
DIV	anet	103470	1	116	+11.4	7.7	1418	na	na	-	INVESTIGATE		
DIV	anet	608203	1	15	-10.2	6.1	2839	na	na	-	INVESTIGATE		
DIV	anet	209107	1	66	+11.4	2.7	1346	na	na	-	INVESTIGATE		
DIV	tfrrs	69926	None	15	-10.2	14.0	1447	na	na	-	INVESTIGATE		
DIV	anet	350200	1	22	-10.2	5.5	1855	na	na	-	INVESTIGATE		
DIV	tfrrs	48196	None	38	-10.2	4.0	3130	na	na	-	INVESTIGATE		
DIV	anet	570674	1	30	-10.2	21.5	1408	na	na	-	INVESTIGATE		
DIV	tfrrs	41242	None	17	-10.2	10.8	1467	na	na	-	INVESTIGATE		
DIV	tfrrs	62768	None	99	-10.2	3.2	1453	na	na	-	INVESTIGATE		
DIV	tfrrs	18703	None	190	-10.2	4.8	1434	na	na	-	INVESTIGATE		
DIV	tfrrs	76125	None	26	-10.2	3.9	843	na	na	-	INVESTIGATE		
DIV	tfrrs	62777	None	76	-10.2	5.0	1456	na	na	-	INVESTIGATE		
DIV	tfrrs	78945	None	48	-10.2	4.1	1328	na	na	-	INVESTIGATE		
DIV	tfrrs	21812	None	19	-10.2	10.3	1434	na	na	-	INVESTIGATE		
DIV	tfrrs	71292	None	13	-10.2	2.8	1454	na	na	-	INVESTIGATE		
DIV	tfrrs	7391	None	285	-10.2	7.6	1436	na	na	-	INVESTIGATE		
DIV	anet	218009	1	13	-10.2	5.0	639	na	na	-	INVESTIGATE		
DIV	anet	248713	1	14	+11.3	9.9	650	na	na	-	INVESTIGATE		
DIV	tfrrs	287	None	20	-10.2	16.8	1319	na	na	-	INVESTIGATE		
DIV	tfrrs	1867	None	14	-10.2	5.1	1417	na	na	-	INVESTIGATE		
DIV	tfrrs	69940	None	51	-10.2	4.6	1447	na	na	-	INVESTIGATE		
DIV	tfrrs	74824	None	19	+11.3	5.1	1425	na	na	-	INVESTIGATE		
DIV	anet	243840	2	13	+11.3	2.6	1449	na	na	-	INVESTIGATE		
DIV	tfrrs	61212	None	51	-10.2	4.6	1470	na	na	-	INVESTIGATE		
DIV	tfrrs	66854	None	49	-10.2	8.1	1447	na	na	-	INVESTIGATE		
DIV	anet	454685	1	12	-10.2	3.4	842	na	na	-	INVESTIGATE		
DIV	anet	514279	1	92	+11.3	69.5	823	na	na	-	INVESTIGATE		
DIV	tfrrs	28001	None	50	-10.2	3.5	1458	na	na	-	INVESTIGATE		
DIV	tfrrs	61962	None	18	-10.2	7.0	1453	na	na	-	INVESTIGATE		
DIV	tfrrs	29519	None	65	-10.2	4.6	1442	na	na	-	INVESTIGATE		
DIV	tfrrs	16254	None	169	-10.2	4.9	1428	na	na	-	INVESTIGATE		
DIV	tfrrs	59739	None	50	-10.2	6.2	1453	na	na	-	INVESTIGATE		
DIV	anet	277018	4	13	+11.3	4.0	1329	na	na	-	INVESTIGATE		
DIV	tfrrs	35018	None	61	-10.1	5.3	1448	na	na	-	INVESTIGATE		
DIV	tfrrs	44175	None	33	-10.1	3.8	1452	na	na	-	INVESTIGATE		
DIV	tfrrs	95625	None	30	-10.1	4.5	1431	na	na	-	INVESTIGATE		
DIV	anet	405849	6	17	+11.3	8.8	1443	na	na	-	INVESTIGATE		
DIV	tfrrs	14183	None	23	-10.1	4.6	3121	na	na	-	INVESTIGATE		
DIV	anet	307217	2	20	-10.1	5.6	1834	na	na	-	INVESTIGATE		
DIV	anet	243678	1	24	+11.3	6.5	1037	na	na	-	INVESTIGATE		
DIV	anet	439547	1	43	-10.1	6.8	1862	na	na	-	INVESTIGATE		
DIV	anet	344209	1	34	+11.3	7.7	1449	na	na	-	INVESTIGATE		
DIV	tfrrs	43191	None	27	-10.1	6.4	1469	na	na	-	INVESTIGATE		
DIV	anet	442153	5	14	-10.1	6.9	649	na	na	-	INVESTIGATE		
DIV	tfrrs	40769	None	32	-10.1	3.5	655	na	na	-	INVESTIGATE		
DIV	anet	85937	2	13	-10.1	3.1	2852	na	na	-	INVESTIGATE		
DIV	tfrrs	7777	None	26	-10.1	6.7	1442	na	na	-	INVESTIGATE		
DIV	anet	229779	1	13	-10.1	7.8	1430	na	na	-	INVESTIGATE		
DIV	tfrrs	85190	None	14	-10.1	4.7	1448	na	na	-	INVESTIGATE		
DIV	tfrrs	54401	None	29	-10.1	6.5	1450	na	na	-	INVESTIGATE		
DIV	anet	570851	1	20	-10.1	12.4	1024	na	na	-	INVESTIGATE		
DIV	anet	94455	1	24	-10.1	6.1	1814	na	na	-	INVESTIGATE		
DIV	tfrrs	12362	None	25	-10.1	3.3	1429	na	na	-	INVESTIGATE		
DIV	tfrrs	5210	None	12	-10.1	11.3	3153	na	na	-	INVESTIGATE		
DIV	tfrrs	91426	None	36	-10.1	5.6	1428	na	na	-	INVESTIGATE		
DIV	tfrrs	36599	None	214	-10.1	3.8	1455	na	na	-	INVESTIGATE		
DIV	anet	168026	1	55	+11.3	8.0	1416	na	na	-	INVESTIGATE		
DIV	tfrrs	61745	None	31	-10.1	3.3	1453	na	na	-	INVESTIGATE		
DIV	anet	465250	1	18	+11.2	5.1	1432	na	na	-	INVESTIGATE		
DIV	anet	490855	1	13	-10.1	11.3	1420	na	na	-	INVESTIGATE		
DIV	tfrrs	13788	None	13	-10.1	12.7	648	na	na	-	INVESTIGATE		
DIV	tfrrs	11884	None	16	-10.1	5.9	1443	na	na	-	INVESTIGATE		
DIV	anet	349269	1	27	+11.2	8.8	1449	na	na	-	INVESTIGATE		
DIV	tfrrs	66677	None	36	-10.1	4.3	662	na	na	-	INVESTIGATE		
DIV	tfrrs	42784	None	63	-10.1	3.8	1453	na	na	-	INVESTIGATE		
DIV	tfrrs	36090	None	15	-10.1	2.6	654	na	na	-	INVESTIGATE		
DIV	tfrrs	35127	None	64	-10.1	7.3	1457	na	na	-	INVESTIGATE		
DIV	tfrrs	19698	None	19	-10.1	6.8	1434	na	na	-	INVESTIGATE		
DIV	anet	274776	2	12	-10.1	7.6	1042	na	na	-	INVESTIGATE		
DIV	tfrrs	35749	None	53	-10.1	4.1	1457	na	na	-	INVESTIGATE		
DIV	tfrrs	28531	None	18	-10.1	7.9	1442	na	na	-	INVESTIGATE		
DIV	tfrrs	28991	None	36	-10.1	8.4	1442	na	na	-	INVESTIGATE		
DIV	anet	669158	1	19	+11.2	14.5	652	na	na	-	INVESTIGATE		
DIV	anet	96453	1	72	+11.2	4.0	1316	na	na	-	INVESTIGATE		
DIV	anet	226892	2	18	+11.2	6.9	1325	na	na	-	INVESTIGATE		
DIV	tfrrs	9095	None	24	-10.1	13.5	1432	na	na	-	INVESTIGATE		
DIV	tfrrs	20999	None	15	-10.1	10.1	1434	na	na	-	INVESTIGATE		
DIV	tfrrs	42817	None	99	-10.1	6.2	1444	na	na	-	INVESTIGATE		
DIV	tfrrs	62773	None	126	-10.1	4.6	1458	na	na	-	INVESTIGATE		
DIV	tfrrs	18442	None	15	-10.1	7.0	1433	na	na	-	INVESTIGATE		
DIV	anet	439777	1	13	-10.1	13.1	3097	na	na	-	INVESTIGATE		
DIV	anet	215776	1	16	-10.1	7.8	1428	na	na	-	INVESTIGATE		
DIV	anet	226892	3	18	+11.2	5.7	1340	na	na	-	INVESTIGATE		
DIV	anet	660773	1	18	-10.1	14.8	1411	na	na	-	INVESTIGATE		
DIV	tfrrs	38191	None	166	-10.1	5.3	1450	na	na	-	INVESTIGATE		
DIV	anet	268405	1	16	-10.1	3.3	639	na	na	-	INVESTIGATE		
DIV	tfrrs	22831	None	20	-10.1	10.7	1448	na	na	-	INVESTIGATE		
DIV	tfrrs	50301	None	39	-10.1	6.4	1445	na	na	-	INVESTIGATE		
DIV	tfrrs	35534	None	47	-10.1	4.0	1448	na	na	-	INVESTIGATE		
DIV	tfrrs	27001	None	70	-10.1	9.8	1446	na	na	-	INVESTIGATE		
DIV	tfrrs	26712	None	17	-10.1	2.9	1431	na	na	-	INVESTIGATE		
DIV	tfrrs	82320	None	130	-10.1	6.9	1428	na	na	-	INVESTIGATE		
DIV	anet	241030	1	57	+11.2	2.9	1430	na	na	-	INVESTIGATE		
DIV	tfrrs	72211	None	46	-10.1	6.9	660	na	na	-	INVESTIGATE		
DIV	anet	537890	1	45	-10.1	5.3	1013	na	na	-	INVESTIGATE		
DIV	tfrrs	78394	None	21	-10.0	10.8	1429	na	na	-	INVESTIGATE		
DIV	tfrrs	65292	None	29	-10.0	10.6	661	na	na	-	INVESTIGATE		
DIV	anet	652735	1	75	+11.2	4.6	1411	na	na	-	INVESTIGATE		
DIV	tfrrs	27148	None	19	-10.0	8.8	1442	na	na	-	INVESTIGATE		
DIV	tfrrs	40604	None	26	-10.0	4.5	1467	na	na	-	INVESTIGATE		
DIV	anet	105600	1	65	-10.0	9.1	1327	na	na	-	INVESTIGATE		
DIV	anet	172665	1	37	-10.0	6.9	1422	na	na	-	INVESTIGATE		
DIV	tfrrs	12179	None	21	-10.0	11.0	1443	na	na	-	INVESTIGATE		
DIV	tfrrs	66879	None	21	-10.0	3.1	1453	na	na	-	INVESTIGATE		
DIV	tfrrs	7254	None	13	-10.0	7.8	1444	na	na	-	INVESTIGATE		
DIV	tfrrs	67932	None	16	-10.0	6.0	1447	na	na	-	INVESTIGATE		
DIV	tfrrs	11367	None	17	-10.0	6.3	649	na	na	-	INVESTIGATE		
DIV	anet	52524	1	25	-10.0	7.8	648	na	na	-	INVESTIGATE		
DIV	tfrrs	57153	None	113	-10.0	5.2	1453	na	na	-	INVESTIGATE		
DIV	anet	257019	3	26	-10.0	8.0	1837	na	na	-	INVESTIGATE		
DIV	tfrrs	17193	None	143	-10.0	6.2	1428	na	na	-	INVESTIGATE		
DIV	anet	315629	1	36	-10.0	6.4	1834	na	na	-	INVESTIGATE		
DIV	anet	284804	3	16	-10.0	4.9	1329	na	na	-	INVESTIGATE		
DIV	tfrrs	60029	None	39	-10.0	7.7	1453	na	na	-	INVESTIGATE		
DIV	tfrrs	57159	None	132	-10.0	4.4	1453	na	na	-	INVESTIGATE		
DIV	tfrrs	38040	None	20	-10.0	4.5	1450	na	na	-	INVESTIGATE		
DIV	anet	340029	1	32	-10.0	7.3	1837	na	na	-	INVESTIGATE		
DIV	tfrrs	57689	None	291	-10.0	4.2	1459	na	na	-	INVESTIGATE		
DIV	anet	439879	4	12	+11.1	13.3	1345	na	na	-	INVESTIGATE		
DIV	tfrrs	19269	None	110	-10.0	4.3	1434	na	na	-	INVESTIGATE		
DIV	tfrrs	20942	None	24	-10.0	10.7	1446	na	na	-	INVESTIGATE		
DIV	tfrrs	78709	None	37	-10.0	4.7	1429	na	na	-	INVESTIGATE		
DIV	tfrrs	45807	None	54	-10.0	7.5	1444	na	na	-	INVESTIGATE		
DIV	anet	226402	1	99	+11.1	7.4	1442	na	na	-	INVESTIGATE		
DIV	anet	413104	1	14	-10.0	22.6	1326	na	na	-	INVESTIGATE		
DIV	anet	540935	1	12	-10.0	4.0	1035	na	na	-	INVESTIGATE		
DIV	tfrrs	60790	None	35	-10.0	4.4	1453	na	na	-	INVESTIGATE		
DIV	anet	172360	1	29	+11.1	18.8	1422	na	na	-	INVESTIGATE		
DIV	tfrrs	32081	None	91	-10.0	3.8	1474	na	na	-	INVESTIGATE		
DIV	anet	140034	1	81	+11.1	4.3	1431	na	na	-	INVESTIGATE		
DIV	tfrrs	43761	None	51	-10.0	6.1	1444	na	na	-	INVESTIGATE		
DIV	anet	551353	1	26	-10.0	12.3	1417	na	na	-	INVESTIGATE		
DIV	tfrrs	5915	None	14	-10.0	19.4	1426	na	na	-	INVESTIGATE		
DIV	tfrrs	20004	None	58	-10.0	4.9	1434	na	na	-	INVESTIGATE		
DIV	anet	508559	2	12	-10.0	6.1	1037	na	na	-	INVESTIGATE		
DIV	anet	422159	5	22	+11.1	9.4	1041	na	na	-	INVESTIGATE		
DIV	tfrrs	44225	None	40	-10.0	6.5	1444	na	na	-	INVESTIGATE		
DIV	tfrrs	49874	None	20	-10.0	11.1	1445	na	na	-	INVESTIGATE		
DIV	anet	512266	1	87	-10.0	7.3	2837	na	na	-	INVESTIGATE		
DIV	tfrrs	52923	None	54	-10.0	4.3	1476	na	na	-	INVESTIGATE		
DIV	anet	72880	1	199	+11.1	7.5	1409	na	na	-	INVESTIGATE		
DIV	tfrrs	48160	None	48	-10.0	5.2	1458	na	na	-	INVESTIGATE		
DIV	anet	236040	1	18	-10.0	74.6	837	na	na	-	INVESTIGATE		
DIV	anet	516034	1	14	+11.1	11.5	1420	na	na	-	INVESTIGATE		
DIV	anet	104708	2	20	-10.0	5.0	646	na	na	-	INVESTIGATE		
DIV	tfrrs	39615	None	13	-10.0	3.7	1472	na	na	-	INVESTIGATE		
DIV	anet	209096	1	88	+11.1	3.5	1428	na	na	-	INVESTIGATE		
DIV	tfrrs	46760	None	206	-10.0	4.4	1444	na	na	-	INVESTIGATE		
DIV	anet	668180	4	52	-10.0	6.3	1832	na	na	-	INVESTIGATE		
DIV	tfrrs	10313	None	56	-10.0	10.7	1429	na	na	-	INVESTIGATE		
DIV	tfrrs	18839	None	14	-10.0	5.6	3105	na	na	-	INVESTIGATE		
DIV	tfrrs	21100	None	61	-10.0	5.9	1434	na	na	-	INVESTIGATE		
DIV	tfrrs	12532	None	30	-10.0	6.2	1443	na	na	-	INVESTIGATE		
DIV	tfrrs	66795	None	36	-10.0	7.1	1439	na	na	-	INVESTIGATE		
DIV	tfrrs	7724	None	42	-10.0	8.9	1436	na	na	-	INVESTIGATE		
DIV	anet	284156	1	20	-10.0	7.9	654	na	na	-	INVESTIGATE		
DIV	anet	84001	1	82	+11.1	6.3	1428	na	na	-	INVESTIGATE		
DIV	tfrrs	48672	None	19	-10.0	6.4	1445	na	na	-	INVESTIGATE		
DIV	tfrrs	45243	None	75	-10.0	4.3	1444	na	na	-	INVESTIGATE		
DIV	tfrrs	48794	None	127	-10.0	4.4	1461	na	na	-	INVESTIGATE		
DIV	tfrrs	80027	None	37	-10.0	6.0	1429	na	na	-	INVESTIGATE		
DIV	anet	644057	6	12	-10.0	5.6	1831	na	na	-	INVESTIGATE		
DIV	anet	66143	1	83	+11.1	10.2	1312	na	na	-	INVESTIGATE		
DIV	tfrrs	69236	None	19	-10.0	2.6	1463	na	na	-	INVESTIGATE		
DIV	tfrrs	43781	None	54	-10.0	5.6	1444	na	na	-	INVESTIGATE		
DIV	tfrrs	74458	None	41	-10.0	5.4	1447	na	na	-	INVESTIGATE		
DIV	anet	500672	2	22	-10.0	6.1	644	na	na	-	INVESTIGATE		
DIV	tfrrs	11016	None	17	-10.0	5.7	665	na	na	-	INVESTIGATE		
DIV	tfrrs	33959	None	88	-10.0	5.9	1448	na	na	-	INVESTIGATE		
DIV	tfrrs	84665	None	16	-10.0	6.1	1428	na	na	-	INVESTIGATE		
DIV	tfrrs	30805	None	118	-10.0	6.3	1431	na	na	-	INVESTIGATE		
DIV	tfrrs	43610	None	39	-10.0	4.1	1460	na	na	-	INVESTIGATE		
DIV	tfrrs	60426	None	23	-10.0	7.1	1453	na	na	-	INVESTIGATE		
DIV	tfrrs	86599	None	46	-10.0	4.9	1428	na	na	-	INVESTIGATE		
DIV	tfrrs	67920	None	72	-9.9	6.4	1447	na	na	-	INVESTIGATE		
DIV	tfrrs	8398	None	18	-9.9	7.5	1458	na	na	-	INVESTIGATE		
DIV	tfrrs	38420	None	49	-9.9	7.0	655	na	na	-	INVESTIGATE		
DIV	tfrrs	54927	None	30	-9.9	4.7	1453	na	na	-	INVESTIGATE		
DIV	anet	585475	2	18	-9.9	5.4	1017	na	na	-	INVESTIGATE		
DIV	tfrrs	61710	None	53	-9.9	4.2	1453	na	na	-	INVESTIGATE		
DIV	anet	96451	1	64	+11.0	4.1	1299	na	na	-	INVESTIGATE		
DIV	tfrrs	3714	None	12	-9.9	6.3	1436	na	na	-	INVESTIGATE		
DIV	tfrrs	29307	None	83	-9.9	4.6	1442	na	na	-	INVESTIGATE		
DIV	tfrrs	7393	None	252	-9.9	7.6	1446	na	na	-	INVESTIGATE		
DIV	tfrrs	13833	None	114	-9.9	6.4	1440	na	na	-	INVESTIGATE		
DIV	tfrrs	70220	None	23	-9.9	12.3	1457	na	na	-	INVESTIGATE		
DIV	tfrrs	20026	None	69	-9.9	3.9	1446	na	na	-	INVESTIGATE		
DIV	anet	243359	1	13	-9.9	8.7	1430	na	na	-	INVESTIGATE		
DIV	tfrrs	34475	None	42	-9.9	4.6	1457	na	na	-	INVESTIGATE		
DIV	tfrrs	95711	None	50	-9.9	4.6	654	na	na	-	INVESTIGATE		
DIV	tfrrs	24360	None	59	-9.9	5.4	1463	na	na	-	INVESTIGATE		
DIV	tfrrs	8643	None	16	-9.9	8.1	1040	na	na	-	INVESTIGATE		
DIV	tfrrs	18093	None	112	-9.9	4.4	1434	na	na	-	INVESTIGATE		
DIV	anet	417610	2	33	+11.0	8.5	661	na	na	-	INVESTIGATE		
DIV	anet	652682	1	13	-9.9	7.0	1816	na	na	-	INVESTIGATE		
DIV	tfrrs	47660	None	115	-9.9	7.5	1445	na	na	-	INVESTIGATE		
DIV	tfrrs	6019	None	122	-9.9	6.0	1426	na	na	-	INVESTIGATE		
DIV	anet	422157	2	19	+11.0	5.4	661	na	na	-	INVESTIGATE		
DIV	tfrrs	8049	None	120	-9.9	5.0	1432	na	na	-	INVESTIGATE		
DIV	tfrrs	8050	None	35	-9.9	9.3	1444	na	na	-	INVESTIGATE		
DIV	tfrrs	34023	None	28	-9.9	5.0	1457	na	na	-	INVESTIGATE		
DIV	anet	48089	4	21	+11.0	5.0	1429	na	na	-	INVESTIGATE		
DIV	tfrrs	49694	None	42	-9.9	5.9	1452	na	na	-	INVESTIGATE		
DIV	anet	434264	1	13	+11.0	9.3	1431	na	na	-	INVESTIGATE		
DIV	tfrrs	29238	None	18	-9.9	7.5	1446	na	na	-	INVESTIGATE		
DIV	anet	95442	14	38	+11.0	5.7	1321	na	na	-	INVESTIGATE		
DIV	tfrrs	78556	None	35	-9.9	4.2	1429	na	na	-	INVESTIGATE		
DIV	tfrrs	50610	None	23	-9.9	10.8	1461	na	na	-	INVESTIGATE		
DIV	tfrrs	38577	None	35	-9.9	5.0	1467	na	na	-	INVESTIGATE		
DIV	tfrrs	64091	None	100	-9.9	8.8	1463	na	na	-	INVESTIGATE		
DIV	tfrrs	35614	None	52	-9.9	7.4	1448	na	na	-	INVESTIGATE		
DIV	anet	269241	4	13	+11.0	6.4	1420	na	na	-	INVESTIGATE		
DIV	tfrrs	57985	None	62	-9.9	3.5	1156	na	na	-	INVESTIGATE		
DIV	tfrrs	37630	None	76	-9.9	4.8	1450	na	na	-	INVESTIGATE		
DIV	tfrrs	18838	None	15	-9.9	2.6	3105	na	na	-	INVESTIGATE		
DIV	tfrrs	53802	None	131	-9.9	4.5	1466	na	na	-	INVESTIGATE		
DIV	tfrrs	8659	None	74	-9.9	6.2	1432	na	na	-	INVESTIGATE		
DIV	tfrrs	46063	None	14	-9.9	6.5	1452	na	na	-	INVESTIGATE		
DIV	tfrrs	39747	None	83	-9.9	9.1	1450	na	na	-	INVESTIGATE		
DIV	anet	252752	1	47	+11.0	6.9	1430	na	na	-	INVESTIGATE		
DIV	anet	96450	1	67	+11.0	4.8	1312	na	na	-	INVESTIGATE		
DIV	tfrrs	33424	None	27	-9.9	5.7	1465	na	na	-	INVESTIGATE		
DIV	tfrrs	10911	None	43	-9.9	3.7	1429	na	na	-	INVESTIGATE		
DIV	tfrrs	39041	None	41	-9.9	9.8	1450	na	na	-	INVESTIGATE		
DIV	anet	263837	1	42	+11.0	7.3	654	na	na	-	INVESTIGATE		
DIV	tfrrs	50675	None	63	-9.9	3.5	1445	na	na	-	INVESTIGATE		
DIV	anet	131382	4	20	-9.9	5.1	2857	na	na	-	INVESTIGATE		
DIV	tfrrs	93612	None	135	-9.9	5.9	1431	na	na	-	INVESTIGATE		
DIV	tfrrs	25280	None	58	-9.9	10.4	1446	na	na	-	INVESTIGATE		
DIV	tfrrs	48957	None	130	-9.9	4.5	1468	na	na	-	INVESTIGATE		
DIV	anet	445690	1	21	+10.9	5.1	1326	na	na	-	INVESTIGATE		
DIV	anet	299036	1	27	+10.9	10.7	1444	na	na	-	INVESTIGATE		
DIV	anet	122155	1	14	-9.9	7.0	1424	na	na	-	INVESTIGATE		
DIV	tfrrs	32079	None	81	-9.9	3.5	1474	na	na	-	INVESTIGATE		
DIV	tfrrs	35268	None	35	-9.9	6.2	1448	na	na	-	INVESTIGATE		
DIV	anet	449328	6	14	-9.9	7.9	652	na	na	-	INVESTIGATE		
DIV	tfrrs	58888	None	22	-9.9	6.6	659	na	na	-	INVESTIGATE		
DIV	anet	600274	1	16	-9.9	17.5	639	na	na	-	INVESTIGATE		
DIV	tfrrs	21698	None	36	-9.9	9.3	1446	na	na	-	INVESTIGATE		
DIV	tfrrs	78502	None	29	-9.9	3.4	1429	na	na	-	INVESTIGATE		
DIV	tfrrs	47279	None	328	-9.8	5.0	1454	na	na	-	INVESTIGATE		
DIV	tfrrs	14187	None	23	-9.8	4.7	1428	na	na	-	INVESTIGATE		
DIV	tfrrs	12136	None	16	-9.8	3.7	1443	na	na	-	INVESTIGATE		
DIV	tfrrs	53831	None	50	-9.8	4.4	1472	na	na	-	INVESTIGATE		
DIV	tfrrs	23410	None	18	-9.8	8.8	1436	na	na	-	INVESTIGATE		
DIV	tfrrs	14542	None	81	-9.8	3.4	1428	na	na	-	INVESTIGATE		
DIV	tfrrs	44439	None	21	-9.8	4.9	1444	na	na	-	INVESTIGATE		
DIV	anet	463392	16	32	+10.9	7.6	1425	na	na	-	INVESTIGATE		
DIV	tfrrs	89687	None	27	-9.8	5.1	1428	na	na	-	INVESTIGATE		
DIV	tfrrs	15520	None	58	-9.8	7.9	1428	na	na	-	INVESTIGATE		
DIV	tfrrs	52045	None	98	-9.8	4.6	1450	na	na	-	INVESTIGATE		
DIV	anet	543630	1	35	-9.8	15.5	641	na	na	-	INVESTIGATE		
DIV	tfrrs	34965	None	36	-9.8	6.9	1051	na	na	-	INVESTIGATE		
DIV	tfrrs	24263	None	24	-9.8	3.1	1436	na	na	-	INVESTIGATE		
DIV	tfrrs	55025	None	32	-9.8	4.0	1456	na	na	-	INVESTIGATE		
DIV	tfrrs	63769	None	75	-9.8	5.0	1470	na	na	-	INVESTIGATE		
DIV	tfrrs	42613	None	38	-9.8	3.3	1458	na	na	-	INVESTIGATE		
DIV	anet	421747	1	22	-9.8	9.2	1427	na	na	-	INVESTIGATE		
DIV	anet	470752	1	12	-9.8	10.1	1418	na	na	-	INVESTIGATE		
DIV	tfrrs	15763	None	251	-9.8	6.3	1428	na	na	-	INVESTIGATE		
DIV	anet	507453	1	16	-9.8	4.4	1420	na	na	-	INVESTIGATE		
DIV	tfrrs	74530	None	50	-9.8	6.1	1438	na	na	-	INVESTIGATE		
DIV	tfrrs	22847	None	43	-9.8	6.7	1446	na	na	-	INVESTIGATE		
DIV	anet	284486	1	26	-9.8	7.2	654	na	na	-	INVESTIGATE		
DIV	tfrrs	33082	None	53	-9.8	4.7	1448	na	na	-	INVESTIGATE		
DIV	tfrrs	78765	None	35	-9.8	5.9	1429	na	na	-	INVESTIGATE		
DIV	tfrrs	10312	None	59	-9.8	10.3	1432	na	na	-	INVESTIGATE		
DIV	tfrrs	28168	None	14	-9.8	4.5	3113	na	na	-	INVESTIGATE		
DIV	tfrrs	12717	None	17	-9.8	3.4	3128	na	na	-	INVESTIGATE		
DIV	tfrrs	16688	None	26	-9.8	4.9	1428	na	na	-	INVESTIGATE		
DIV	anet	62048	2	12	-9.8	9.1	1409	na	na	-	INVESTIGATE		
DIV	tfrrs	45197	None	24	-9.8	4.8	1444	na	na	-	INVESTIGATE		
DIV	tfrrs	47091	None	15	-9.8	6.7	1445	na	na	-	INVESTIGATE		
DIV	anet	174750	3	21	-9.8	6.1	637	na	na	-	INVESTIGATE		
DIV	tfrrs	2976	None	35	-9.8	12.9	1417	na	na	-	INVESTIGATE		
DIV	tfrrs	73602	None	90	-9.8	5.9	1438	na	na	-	INVESTIGATE		
DIV	tfrrs	32709	None	26	-9.8	8.0	1457	na	na	-	INVESTIGATE		
DIV	tfrrs	62701	None	82	-9.8	5.1	1454	na	na	-	INVESTIGATE		
DIV	tfrrs	40711	None	82	-9.8	6.2	1450	na	na	-	INVESTIGATE		
DIV	anet	284388	4	20	+10.8	21.5	1342	na	na	-	INVESTIGATE		
DIV	tfrrs	64141	None	138	-9.8	7.5	661	na	na	-	INVESTIGATE		
DIV	tfrrs	90066	None	37	-9.8	4.4	1415	na	na	-	INVESTIGATE		
DIV	tfrrs	74651	None	51	-9.8	6.3	1438	na	na	-	INVESTIGATE		
DIV	tfrrs	83607	None	61	-9.8	6.9	656	na	na	-	INVESTIGATE		
DIV	tfrrs	11398	None	41	-9.8	3.8	3100	na	na	-	INVESTIGATE		
DIV	tfrrs	10711	None	18	-9.8	9.8	1425	na	na	-	INVESTIGATE		
DIV	anet	285627	1	14	-9.8	70.0	1080	na	na	-	INVESTIGATE		
DIV	tfrrs	46742	None	112	-9.8	4.8	1444	na	na	-	INVESTIGATE		
DIV	anet	437961	1	29	+10.8	7.3	646	na	na	-	INVESTIGATE		
DIV	tfrrs	54436	None	51	-9.8	3.6	1450	na	na	-	INVESTIGATE		
DIV	tfrrs	28007	None	47	-9.8	6.0	3138	na	na	-	INVESTIGATE		
DIV	tfrrs	9746	None	17	+10.8	10.2	1405	na	na	-	INVESTIGATE		
DIV	tfrrs	28992	None	19	-9.8	11.2	1442	na	na	-	INVESTIGATE		
DIV	anet	229168	1	52	+10.8	3.6	1358	na	na	-	INVESTIGATE		
DIV	anet	661759	1	35	-9.8	16.2	1411	na	na	-	INVESTIGATE		
DIV	tfrrs	79189	None	67	-9.8	4.9	1429	na	na	-	INVESTIGATE		
DIV	tfrrs	10314	None	78	-9.8	7.0	1429	na	na	-	INVESTIGATE		
DIV	tfrrs	35677	None	65	-9.8	8.2	1448	na	na	-	INVESTIGATE		
DIV	tfrrs	71903	None	104	-9.8	4.3	1438	na	na	-	INVESTIGATE		
DIV	tfrrs	10901	None	110	-9.8	6.9	1429	na	na	-	INVESTIGATE		
DIV	anet	270581	1	15	+10.8	11.1	1443	na	na	-	INVESTIGATE		
DIV	tfrrs	28833	None	50	-9.8	5.8	1442	na	na	-	INVESTIGATE		
DIV	anet	337521	2	14	+10.8	6.1	1449	na	na	-	INVESTIGATE		
DIV	anet	602612	7	18	-9.7	3.9	2875	na	na	-	INVESTIGATE		
DIV	anet	637055	1	24	-9.7	26.0	1411	na	na	-	INVESTIGATE		
DIV	tfrrs	50346	None	14	-9.7	6.7	655	na	na	-	INVESTIGATE		
DIV	tfrrs	728	None	14	-9.7	9.2	2265	na	na	-	INVESTIGATE		
DIV	tfrrs	34767	None	78	-9.7	4.5	1448	na	na	-	INVESTIGATE		
DIV	anet	146842	1	26	+10.8	11.0	1431	na	na	-	INVESTIGATE		
DIV	tfrrs	25811	None	17	-9.7	5.2	1436	na	na	-	INVESTIGATE		
DIV	tfrrs	76541	None	48	-9.7	9.6	1439	na	na	-	INVESTIGATE		
DIV	tfrrs	14554	None	64	-9.7	7.4	1029	na	na	-	INVESTIGATE		
DIV	anet	656961	2	16	-9.7	4.0	1816	na	na	-	INVESTIGATE		
DIV	tfrrs	45143	None	35	-9.7	7.7	1452	na	na	-	INVESTIGATE		
DIV	tfrrs	8277	None	21	-9.7	5.2	1432	na	na	-	INVESTIGATE		
DIV	tfrrs	49560	None	48	-9.7	6.7	1445	na	na	-	INVESTIGATE		
DIV	anet	375250	7	18	+10.8	8.3	659	na	na	-	INVESTIGATE		
DIV	tfrrs	51480	None	38	-9.7	6.7	1455	na	na	-	INVESTIGATE		
DIV	tfrrs	79363	None	90	-9.7	7.5	1429	na	na	-	INVESTIGATE		
DIV	tfrrs	19004	None	14	-9.7	4.4	1446	na	na	-	INVESTIGATE		
DIV	tfrrs	57987	None	80	-9.7	5.4	850	na	na	-	INVESTIGATE		
DIV	tfrrs	31216	None	205	-9.7	6.5	1354	na	na	-	INVESTIGATE		
DIV	tfrrs	7854	None	105	-9.7	7.0	1441	na	na	-	INVESTIGATE		
DIV	tfrrs	19188	None	29	-9.7	12.9	1434	na	na	-	INVESTIGATE		
DIV	tfrrs	10939	None	143	-9.7	4.0	1438	na	na	-	INVESTIGATE		
DIV	anet	298794	1	13	-9.7	7.1	655	na	na	-	INVESTIGATE		
DIV	tfrrs	67721	None	22	-9.7	8.5	1447	na	na	-	INVESTIGATE		
DIV	tfrrs	30083	None	25	-9.7	5.9	1449	na	na	-	INVESTIGATE		
DIV	tfrrs	38531	None	182	-9.7	4.7	1450	na	na	-	INVESTIGATE		
DIV	tfrrs	78841	None	62	-9.7	3.4	1429	na	na	-	INVESTIGATE		
DIV	anet	96476	1	82	+10.8	3.7	1400	na	na	-	INVESTIGATE		
DIV	tfrrs	36822	None	43	-9.7	2.8	1464	na	na	-	INVESTIGATE		
DIV	tfrrs	64516	None	24	-9.7	8.0	1454	na	na	-	INVESTIGATE		
DIV	tfrrs	46735	None	72	-9.7	3.7	1444	na	na	-	INVESTIGATE		
DIV	tfrrs	65252	None	184	-9.7	5.7	1470	na	na	-	INVESTIGATE		
DIV	tfrrs	38505	None	87	-9.7	4.3	1467	na	na	-	INVESTIGATE		
DIV	anet	628852	1	22	-9.7	5.9	631	na	na	-	INVESTIGATE		
DIV	tfrrs	66517	None	91	-9.7	5.2	1447	na	na	-	INVESTIGATE		
DIV	tfrrs	52047	None	127	-9.7	5.0	1445	na	na	-	INVESTIGATE		
DIV	tfrrs	60804	None	37	-9.7	9.2	1453	na	na	-	INVESTIGATE		
DIV	tfrrs	16255	None	105	-9.7	7.1	1428	na	na	-	INVESTIGATE		
DIV	tfrrs	6848	None	24	-9.7	5.2	1325	na	na	-	INVESTIGATE		
DIV	tfrrs	12251	None	15	-9.7	6.0	1443	na	na	-	INVESTIGATE		
DIV	tfrrs	55959	None	20	-9.7	7.4	1450	na	na	-	INVESTIGATE		
DIV	tfrrs	90174	None	22	-9.7	4.5	1432	na	na	-	INVESTIGATE		
DIV	anet	225651	1	50	+10.7	5.2	1428	na	na	-	INVESTIGATE		
DIV	anet	334211	1	59	-9.7	4.9	1855	na	na	-	INVESTIGATE		
DIV	tfrrs	45055	None	27	-9.7	6.8	1452	na	na	-	INVESTIGATE		
DIV	tfrrs	86936	None	13	-9.7	5.6	1428	na	na	-	INVESTIGATE		
DIV	tfrrs	28816	None	32	-9.7	8.8	1442	na	na	-	INVESTIGATE		
DIV	tfrrs	17179	None	36	-9.7	5.2	1442	na	na	-	INVESTIGATE		
DIV	tfrrs	67809	None	22	-9.7	4.7	1453	na	na	-	INVESTIGATE		
DIV	tfrrs	11832	None	51	-9.7	5.3	1429	na	na	-	INVESTIGATE		
DIV	tfrrs	34521	None	16	-9.7	10.8	1448	na	na	-	INVESTIGATE		
DIV	anet	648862	1	18	-9.7	24.8	1411	na	na	-	INVESTIGATE		
DIV	anet	659433	1	70	-9.7	5.2	2851	na	na	-	INVESTIGATE		
DIV	anet	99878	1	20	-9.7	10.5	626	na	na	-	INVESTIGATE		
DIV	anet	434067	2	27	+10.7	11.7	661	na	na	-	INVESTIGATE		
DIV	anet	474223	1	18	-9.7	4.6	1839	na	na	-	INVESTIGATE		
DIV	tfrrs	95894	None	30	-9.7	4.4	1431	na	na	-	INVESTIGATE		
DIV	anet	84468	1	98	+10.7	12.7	1398	na	na	-	INVESTIGATE		
DIV	anet	296455	1	67	+10.7	4.7	1425	na	na	-	INVESTIGATE		
DIV	anet	242427	1	22	-9.7	20.3	653	na	na	-	INVESTIGATE		
DIV	tfrrs	60668	None	21	-9.7	3.0	1453	na	na	-	INVESTIGATE		
DIV	tfrrs	19962	None	127	-9.7	6.6	1444	na	na	-	INVESTIGATE		
DIV	tfrrs	16907	None	19	-9.7	4.2	1442	na	na	-	INVESTIGATE		
DIV	tfrrs	41807	None	36	-9.7	4.8	1460	na	na	-	INVESTIGATE		
DIV	anet	667793	1	21	-9.7	5.2	2851	na	na	-	INVESTIGATE		
DIV	anet	197881	1	17	-9.7	6.7	4870	na	na	-	INVESTIGATE		
DIV	tfrrs	52855	None	29	-9.7	8.1	1343	na	na	-	INVESTIGATE		
DIV	tfrrs	53665	None	28	-9.7	3.4	1450	na	na	-	INVESTIGATE		
DIV	tfrrs	10831	None	16	-9.7	6.6	3153	na	na	-	INVESTIGATE		
DIV	tfrrs	59110	None	18	-9.7	4.4	3139	na	na	-	INVESTIGATE		
DIV	tfrrs	55115	None	18	-9.7	9.4	1450	na	na	-	INVESTIGATE		
DIV	tfrrs	19845	None	55	-9.7	4.1	1434	na	na	-	INVESTIGATE		
DIV	tfrrs	85479	None	26	-9.7	5.0	1428	na	na	-	INVESTIGATE		
DIV	tfrrs	32880	None	28	-9.7	4.6	1474	na	na	-	INVESTIGATE		
DIV	anet	282740	1	54	+10.7	8.9	1424	na	na	-	INVESTIGATE		
DIV	tfrrs	27076	None	140	-9.7	4.9	1458	na	na	-	INVESTIGATE		
DIV	tfrrs	75681	None	27	-9.7	6.2	657	na	na	-	INVESTIGATE		
DIV	tfrrs	60098	None	12	-9.7	1.4	1453	na	na	-	INVESTIGATE		
DIV	tfrrs	74267	None	41	-9.6	4.5	1447	na	na	-	INVESTIGATE		
DIV	tfrrs	76255	None	91	-9.6	6.2	1328	na	na	-	INVESTIGATE		
DIV	tfrrs	34795	None	41	-9.6	5.6	1457	na	na	-	INVESTIGATE		
DIV	tfrrs	13779	None	224	-9.6	4.2	1428	na	na	-	INVESTIGATE		
DIV	tfrrs	24219	None	18	-9.6	6.9	1335	na	na	-	INVESTIGATE		
DIV	tfrrs	24220	None	18	-9.6	6.9	1335	na	na	-	INVESTIGATE		
DIV	tfrrs	37076	None	90	-9.6	5.3	1450	na	na	-	INVESTIGATE		
DIV	tfrrs	11273	None	97	-9.6	6.3	1429	na	na	-	INVESTIGATE		
DIV	tfrrs	34929	None	32	-9.6	6.1	1457	na	na	-	INVESTIGATE		
DIV	anet	503600	2	24	+10.7	9.4	656	na	na	-	INVESTIGATE		
DIV	tfrrs	90586	None	21	-9.6	9.5	1428	na	na	-	INVESTIGATE		
DIV	tfrrs	9443	None	27	-9.6	7.3	1432	na	na	-	INVESTIGATE		
DIV	tfrrs	88908	None	51	-9.6	6.4	1428	na	na	-	INVESTIGATE		
DIV	tfrrs	34671	None	69	-9.6	4.1	1439	na	na	-	INVESTIGATE		
DIV	tfrrs	42929	None	25	-9.6	7.2	1444	na	na	-	INVESTIGATE		
DIV	tfrrs	37215	None	62	-9.6	4.6	1485	na	na	-	INVESTIGATE		
DIV	tfrrs	89196	None	35	-9.6	7.3	1428	na	na	-	INVESTIGATE		
DIV	tfrrs	50465	None	60	-9.6	6.5	1445	na	na	-	INVESTIGATE		
DIV	anet	438015	1	50	+10.7	4.8	1427	na	na	-	INVESTIGATE		
DIV	tfrrs	78215	None	18	-9.6	1.5	1446	na	na	-	INVESTIGATE		
DIV	tfrrs	11399	None	83	-9.6	8.8	1429	na	na	-	INVESTIGATE		
DIV	tfrrs	64733	None	64	-9.6	10.1	1454	na	na	-	INVESTIGATE		
DIV	tfrrs	55065	None	37	-9.6	4.7	1456	na	na	-	INVESTIGATE		
DIV	anet	229384	8	16	-9.6	34.8	1333	na	na	-	INVESTIGATE		
DIV	tfrrs	7105	None	51	-9.6	4.7	1426	na	na	-	INVESTIGATE		
DIV	tfrrs	68509	None	64	-9.6	5.5	1453	na	na	-	INVESTIGATE		
DIV	tfrrs	52927	None	43	-9.6	4.6	1476	na	na	-	INVESTIGATE		
DIV	tfrrs	59726	None	31	-9.6	7.0	1453	na	na	-	INVESTIGATE		
DIV	tfrrs	80888	None	22	-9.6	6.1	1436	na	na	-	INVESTIGATE		
DIV	tfrrs	6386	None	25	-9.6	7.0	3109	na	na	-	INVESTIGATE		
DIV	tfrrs	89298	None	22	-9.6	15.7	1415	na	na	-	INVESTIGATE		
DIV	anet	336167	1	47	-9.6	9.5	1434	na	na	-	INVESTIGATE		
DIV	anet	47133	1	12	+10.6	4.8	2251	na	na	-	INVESTIGATE		
DIV	anet	354820	1	27	-9.6	6.2	1433	na	na	-	INVESTIGATE		
DIV	anet	84000	1	90	+10.6	5.3	1409	na	na	-	INVESTIGATE		
DIV	tfrrs	18547	None	47	-9.6	5.8	1434	na	na	-	INVESTIGATE		
DIV	tfrrs	17301	None	64	-9.6	7.5	1428	na	na	-	INVESTIGATE		
DIV	anet	77860	1	17	-9.6	2.7	823	na	na	-	INVESTIGATE		
DIV	tfrrs	60390	None	40	-9.6	7.1	1453	na	na	-	INVESTIGATE		
DIV	tfrrs	82870	None	25	-9.6	9.2	1428	na	na	-	INVESTIGATE		
DIV	tfrrs	63341	None	54	-9.6	6.0	1454	na	na	-	INVESTIGATE		
DIV	anet	113333	1	123	+10.6	4.6	1408	na	na	-	INVESTIGATE		
DIV	tfrrs	22896	None	18	-9.6	3.0	1440	na	na	-	INVESTIGATE		
DIV	tfrrs	40255	None	45	-9.6	5.6	1450	na	na	-	INVESTIGATE		
DIV	tfrrs	47872	None	13	-9.6	3.1	1452	na	na	-	INVESTIGATE		
DIV	tfrrs	72427	None	47	-9.6	10.3	1425	na	na	-	INVESTIGATE		
DIV	tfrrs	76388	None	20	-9.6	4.2	1429	na	na	-	INVESTIGATE		
DIV	tfrrs	60895	None	85	-9.6	4.5	1431	na	na	-	INVESTIGATE		
DIV	tfrrs	78589	None	39	-9.6	6.4	1429	na	na	-	INVESTIGATE		
DIV	tfrrs	10065	None	24	-9.6	3.3	1036	na	na	-	INVESTIGATE		
DIV	tfrrs	14468	None	212	-9.6	4.1	1428	na	na	-	INVESTIGATE		
DIV	tfrrs	34020	None	69	-9.6	3.1	1448	na	na	-	INVESTIGATE		
DIV	tfrrs	63828	None	124	-9.6	7.1	1052	na	na	-	INVESTIGATE		
DIV	tfrrs	73923	None	66	-9.6	9.6	1438	na	na	-	INVESTIGATE		
DIV	anet	510726	3	15	+10.6	8.8	654	na	na	-	INVESTIGATE		
DIV	tfrrs	94506	None	40	-9.6	6.7	654	na	na	-	INVESTIGATE		
DIV	tfrrs	45056	None	28	-9.6	1.5	1444	na	na	-	INVESTIGATE		
DIV	tfrrs	66964	None	52	-9.6	4.8	1447	na	na	-	INVESTIGATE		
DIV	tfrrs	29052	None	43	-9.6	6.8	1451	na	na	-	INVESTIGATE		
DIV	tfrrs	59756	None	76	-9.6	5.7	1458	na	na	-	INVESTIGATE		
DIV	tfrrs	42958	None	46	-9.6	4.4	1452	na	na	-	INVESTIGATE		
DIV	tfrrs	84984	None	64	-9.6	6.8	1428	na	na	-	INVESTIGATE		
DIV	tfrrs	50393	None	57	-9.6	3.9	1452	na	na	-	INVESTIGATE		
DIV	anet	425241	1	18	-9.6	13.2	1427	na	na	-	INVESTIGATE		
DIV	tfrrs	67390	None	59	-9.6	4.9	1447	na	na	-	INVESTIGATE		
DIV	tfrrs	74220	None	13	-9.6	3.6	1438	na	na	-	INVESTIGATE		
DIV	tfrrs	66492	None	20	-9.6	7.7	1051	na	na	-	INVESTIGATE		
DIV	tfrrs	96222	None	52	-9.6	5.0	1431	na	na	-	INVESTIGATE		
DIV	anet	369414	1	12	-9.6	13.1	1452	na	na	-	INVESTIGATE		
DIV	anet	47203	2	25	-9.6	9.2	1412	na	na	-	INVESTIGATE		
DIV	tfrrs	4649	None	42	-9.6	2.4	1436	na	na	-	INVESTIGATE		
DIV	anet	244345	1	20	+10.6	8.2	653	na	na	-	INVESTIGATE		
DIV	tfrrs	56041	None	29	-9.6	8.9	1450	na	na	-	INVESTIGATE		
DIV	anet	29528	1	40	-9.6	5.9	2860	na	na	-	INVESTIGATE		
DIV	anet	614613	5	55	-9.6	6.4	1827	na	na	-	INVESTIGATE		
DIV	tfrrs	66455	None	61	-9.6	6.3	1447	na	na	-	INVESTIGATE		
DIV	tfrrs	46761	None	198	-9.6	3.1	1444	na	na	-	INVESTIGATE		
DIV	anet	548099	5	12	-9.6	4.0	652	na	na	-	INVESTIGATE		
DIV	tfrrs	5350	None	15	-9.6	12.5	1426	na	na	-	INVESTIGATE		
DIV	anet	606689	9	14	-9.6	4.8	1558	na	na	-	INVESTIGATE		
DIV	tfrrs	64663	None	96	-9.6	5.6	1470	na	na	-	INVESTIGATE		
DIV	anet	652118	1	45	+10.6	5.1	1411	na	na	-	INVESTIGATE		
DIV	tfrrs	40281	None	12	-9.6	2.2	1450	na	na	-	INVESTIGATE		
DIV	anet	544460	1	20	+10.6	6.1	647	na	na	-	INVESTIGATE		
DIV	tfrrs	40761	None	52	-9.5	3.0	3131	na	na	-	INVESTIGATE		
DIV	tfrrs	3072	None	49	-9.5	10.6	1436	na	na	-	INVESTIGATE		
DIV	tfrrs	14380	None	31	-9.5	7.1	3121	na	na	-	INVESTIGATE		
DIV	tfrrs	10265	None	40	-9.5	4.4	1441	na	na	-	INVESTIGATE		
DIV	tfrrs	3808	None	12	-9.5	8.1	1431	na	na	-	INVESTIGATE		
DIV	anet	165977	7	14	-9.5	9.9	638	na	na	-	INVESTIGATE		
DIV	tfrrs	30067	None	27	-9.5	8.1	1442	na	na	-	INVESTIGATE		
DIV	tfrrs	73506	None	19	-9.5	2.5	1438	na	na	-	INVESTIGATE		
DIV	anet	666421	4	35	-9.5	6.8	1816	na	na	-	INVESTIGATE		
DIV	anet	404014	1	12	-9.5	6.0	1034	na	na	-	INVESTIGATE		
DIV	anet	646927	1	23	-9.5	30.5	1411	na	na	-	INVESTIGATE		
DIV	tfrrs	56811	None	31	-9.5	4.0	1450	na	na	-	INVESTIGATE		
DIV	anet	334212	1	91	-9.5	5.4	1837	na	na	-	INVESTIGATE		
DIV	anet	209100	1	82	+10.5	4.4	1435	na	na	-	INVESTIGATE		
DIV	anet	399907	1	16	-9.5	11.8	1435	na	na	-	INVESTIGATE		
DIV	tfrrs	8861	None	17	+10.5	17.1	1422	na	na	-	INVESTIGATE		
DIV	tfrrs	14312	None	44	-9.5	5.2	3128	na	na	-	INVESTIGATE		
DIV	anet	512860	2	18	-9.5	9.8	1806	na	na	-	INVESTIGATE		
DIV	anet	403810	2	36	+10.5	7.2	1422	na	na	-	INVESTIGATE		
DIV	tfrrs	81739	None	70	-9.5	6.6	1428	na	na	-	INVESTIGATE		
DIV	tfrrs	89577	None	14	-9.5	10.3	1327	na	na	-	INVESTIGATE		
DIV	tfrrs	31486	None	203	-9.5	9.7	654	na	na	-	INVESTIGATE		
DIV	tfrrs	10819	None	14	-9.5	17.1	1453	na	na	-	INVESTIGATE		
DIV	tfrrs	55277	None	21	-9.5	7.0	1450	na	na	-	INVESTIGATE		
DIV	tfrrs	37145	None	13	-9.5	12.0	1467	na	na	-	INVESTIGATE		
DIV	tfrrs	28851	None	23	-9.5	11.1	1442	na	na	-	INVESTIGATE		
DIV	tfrrs	15857	None	132	-9.5	3.8	1437	na	na	-	INVESTIGATE		
DIV	tfrrs	88812	None	18	-9.5	11.1	1428	na	na	-	INVESTIGATE		
DIV	tfrrs	54470	None	15	-9.5	9.3	1456	na	na	-	INVESTIGATE		
DIV	tfrrs	85331	None	26	-9.5	6.4	1428	na	na	-	INVESTIGATE		
DIV	tfrrs	38766	None	141	-9.5	4.8	1450	na	na	-	INVESTIGATE		
DIV	anet	202920	2	12	-9.5	6.0	820	na	na	-	INVESTIGATE		
DIV	anet	261166	1	281	-9.5	8.9	1026	na	na	-	INVESTIGATE		
DIV	tfrrs	67751	None	24	-9.5	5.9	662	na	na	-	INVESTIGATE		
DIV	tfrrs	56482	None	64	-9.5	3.1	1450	na	na	-	INVESTIGATE		
DIV	tfrrs	54625	None	105	-9.5	4.0	1466	na	na	-	INVESTIGATE		
DIV	tfrrs	24000	None	34	-9.5	3.1	1436	na	na	-	INVESTIGATE		
DIV	anet	131490	2	20	-9.5	8.3	649	na	na	-	INVESTIGATE		
DIV	anet	434624	1	15	-9.5	10.7	1422	na	na	-	INVESTIGATE		
DIV	anet	200041	3	17	+10.5	7.7	641	na	na	-	INVESTIGATE		
DIV	tfrrs	14961	None	212	-9.5	6.6	1428	na	na	-	INVESTIGATE		
DIV	tfrrs	81436	None	116	-9.5	5.1	1439	na	na	-	INVESTIGATE		
DIV	tfrrs	78125	None	86	-9.5	4.5	657	na	na	-	INVESTIGATE		
DIV	tfrrs	65228	None	25	-9.5	5.3	1474	na	na	-	INVESTIGATE		
DIV	tfrrs	67426	None	46	-9.5	7.8	1447	na	na	-	INVESTIGATE		
DIV	tfrrs	14548	None	65	-9.5	4.0	1437	na	na	-	INVESTIGATE		
DIV	tfrrs	43018	None	93	-9.5	3.2	1470	na	na	-	INVESTIGATE		
DIV	anet	607395	1	33	+10.5	3.4	1408	na	na	-	INVESTIGATE		
DIV	anet	583864	1	14	+10.5	6.4	1415	na	na	-	INVESTIGATE		
DIV	tfrrs	7529	None	150	-9.5	5.1	1448	na	na	-	INVESTIGATE		
DIV	anet	113487	2	14	-9.5	13.5	2860	na	na	-	INVESTIGATE		
DIV	tfrrs	65091	None	54	-9.5	4.6	1458	na	na	-	INVESTIGATE		
DIV	tfrrs	67042	None	74	-9.5	6.8	1447	na	na	-	INVESTIGATE		
DIV	anet	302895	8	13	+10.5	5.7	655	na	na	-	INVESTIGATE		
DIV	tfrrs	18911	None	37	-9.5	7.5	1451	na	na	-	INVESTIGATE		
DIV	tfrrs	40247	None	66	-9.5	6.3	1460	na	na	-	INVESTIGATE		
DIV	anet	205243	2	12	-9.5	9.1	1442	na	na	-	INVESTIGATE		
DIV	tfrrs	74475	None	31	-9.5	4.6	1447	na	na	-	INVESTIGATE		
DIV	anet	471944	1	18	-9.5	11.3	652	na	na	-	INVESTIGATE		
DIV	tfrrs	79278	None	42	-9.5	4.6	1429	na	na	-	INVESTIGATE		
DIV	tfrrs	79366	None	42	-9.5	4.6	1429	na	na	-	INVESTIGATE		
DIV	tfrrs	60008	None	22	-9.5	5.3	1453	na	na	-	INVESTIGATE		
DIV	tfrrs	74240	None	36	-9.5	5.9	1431	na	na	-	INVESTIGATE		
DIV	anet	232050	1	16	-9.5	11.6	1430	na	na	-	INVESTIGATE		
DIV	tfrrs	20256	None	34	+10.5	8.4	1431	na	na	-	INVESTIGATE		
DIV	tfrrs	64012	None	48	-9.5	7.0	1158	na	na	-	INVESTIGATE		
DIV	tfrrs	48512	None	60	-9.5	4.3	1445	na	na	-	INVESTIGATE		
DIV	tfrrs	56856	None	33	-9.5	8.3	657	na	na	-	INVESTIGATE		
DIV	anet	653031	1	31	-9.5	31.3	1424	na	na	-	INVESTIGATE		
DIV	tfrrs	49862	None	84	-9.5	3.1	1452	na	na	-	INVESTIGATE		
DIV	anet	213934	1	16	-9.5	9.7	1441	na	na	-	INVESTIGATE		
DIV	tfrrs	59814	None	37	-9.5	3.7	1474	na	na	-	INVESTIGATE		
DIV	tfrrs	38194	None	52	-9.5	4.4	1475	na	na	-	INVESTIGATE		
DIV	tfrrs	49595	None	18	-9.5	2.8	1445	na	na	-	INVESTIGATE		
DIV	tfrrs	52836	None	17	-9.4	8.0	1466	na	na	-	INVESTIGATE		
DIV	tfrrs	8794	None	19	-9.4	5.3	1432	na	na	-	INVESTIGATE		
DIV	tfrrs	41955	None	62	-9.4	7.1	1444	na	na	-	INVESTIGATE		
DIV	tfrrs	41956	None	62	-9.4	7.1	1444	na	na	-	INVESTIGATE		
DIV	tfrrs	38555	None	71	-9.4	5.3	1450	na	na	-	INVESTIGATE		
DIV	tfrrs	43027	None	60	-9.4	7.3	1444	na	na	-	INVESTIGATE		
DIV	tfrrs	50279	None	49	-9.4	7.1	1478	na	na	-	INVESTIGATE		
DIV	tfrrs	32543	None	42	-9.4	9.1	1448	na	na	-	INVESTIGATE		
DIV	tfrrs	58606	None	63	-9.4	6.1	1453	na	na	-	INVESTIGATE		
DIV	tfrrs	69756	None	33	-9.4	6.7	1345	na	na	-	INVESTIGATE		
DIV	tfrrs	48982	None	20	-9.4	2.0	1063	na	na	-	INVESTIGATE		
DIV	tfrrs	34692	None	46	-9.4	6.8	1462	na	na	-	INVESTIGATE		
DIV	tfrrs	47874	None	38	-9.4	4.9	1448	na	na	-	INVESTIGATE		
DIV	tfrrs	54021	None	61	-9.4	6.2	1450	na	na	-	INVESTIGATE		
DIV	tfrrs	39792	None	12	-9.4	9.9	1356	na	na	-	INVESTIGATE		
DIV	tfrrs	54864	None	85	-9.4	6.5	1450	na	na	-	INVESTIGATE		
DIV	tfrrs	20548	None	13	-9.4	1.2	1460	na	na	-	INVESTIGATE		
DIV	tfrrs	77506	None	22	-9.4	10.1	1429	na	na	-	INVESTIGATE		
DIV	tfrrs	88167	None	59	-9.4	9.9	654	na	na	-	INVESTIGATE		
DIV	tfrrs	14527	None	78	-9.4	9.4	1435	na	na	-	INVESTIGATE		
DIV	tfrrs	25004	None	27	-9.4	14.3	1446	na	na	-	INVESTIGATE		
DIV	tfrrs	76372	None	43	-9.4	6.6	1447	na	na	-	INVESTIGATE		
DIV	tfrrs	59191	None	64	-9.4	9.1	1453	na	na	-	INVESTIGATE		
DIV	tfrrs	61332	None	41	-9.4	5.3	1470	na	na	-	INVESTIGATE		
DIV	tfrrs	14476	None	45	-9.4	4.4	1428	na	na	-	INVESTIGATE		
DIV	tfrrs	37146	None	20	-9.4	4.7	1467	na	na	-	INVESTIGATE		
DIV	tfrrs	35024	None	23	-9.4	3.3	1448	na	na	-	INVESTIGATE		
DIV	anet	443416	2	31	-9.4	13.9	1418	na	na	-	INVESTIGATE		
DIV	tfrrs	45108	None	49	-9.4	3.2	1444	na	na	-	INVESTIGATE		
DIV	tfrrs	7231	None	29	-9.4	8.9	1432	na	na	-	INVESTIGATE		
DIV	anet	177058	1	58	+10.4	5.3	1345	na	na	-	INVESTIGATE		
DIV	tfrrs	32493	None	44	-9.4	3.4	1458	na	na	-	INVESTIGATE		
DIV	anet	360639	1	23	-9.4	3.9	2925	na	na	-	INVESTIGATE		
DIV	tfrrs	14929	None	61	-9.4	7.2	1442	na	na	-	INVESTIGATE		
DIV	anet	612037	3	31	+10.4	6.8	1427	na	na	-	INVESTIGATE		
DIV	tfrrs	74509	None	48	-9.4	5.5	1447	na	na	-	INVESTIGATE		
DIV	tfrrs	12012	None	45	-9.4	7.0	1429	na	na	-	INVESTIGATE		
DIV	tfrrs	70372	None	21	-9.4	13.0	1463	na	na	-	INVESTIGATE		
DIV	tfrrs	15116	None	129	-9.4	4.2	1428	na	na	-	INVESTIGATE		
DIV	anet	588322	1	27	-9.4	11.1	1408	na	na	-	INVESTIGATE		
DIV	anet	183351	2	37	-9.4	7.0	1422	na	na	-	INVESTIGATE		
DIV	tfrrs	44081	None	47	-9.4	5.4	1444	na	na	-	INVESTIGATE		
DIV	anet	345642	1	26	-9.4	5.5	1837	na	na	-	INVESTIGATE		
DIV	tfrrs	86146	None	16	-9.4	5.0	1439	na	na	-	INVESTIGATE		
DIV	anet	177059	1	72	+10.4	4.2	1345	na	na	-	INVESTIGATE		
DIV	tfrrs	61713	None	42	-9.4	4.3	1458	na	na	-	INVESTIGATE		
DIV	tfrrs	8415	None	35	-9.4	6.8	1432	na	na	-	INVESTIGATE		
DIV	anet	96441	1	57	+10.4	4.5	1325	na	na	-	INVESTIGATE		
DIV	anet	456359	1	22	-9.4	11.1	1418	na	na	-	INVESTIGATE		
DIV	tfrrs	18643	None	56	-9.4	6.3	1446	na	na	-	INVESTIGATE		
DIV	tfrrs	43938	None	63	-9.4	5.1	1460	na	na	-	INVESTIGATE		
DIV	anet	256270	3	17	-9.4	12.5	828	na	na	-	INVESTIGATE		
DIV	tfrrs	14972	None	21	-9.4	4.8	1444	na	na	-	INVESTIGATE		
DIV	tfrrs	13223	None	51	-9.4	15.0	1429	na	na	-	INVESTIGATE		
DIV	anet	58406	1	24	-9.4	10.7	985	na	na	-	INVESTIGATE		
DIV	tfrrs	35993	None	32	-9.4	3.2	1448	na	na	-	INVESTIGATE		
DIV	tfrrs	29150	None	49	-9.4	6.3	1442	na	na	-	INVESTIGATE		
DIV	anet	210397	2	29	-9.4	7.8	1428	na	na	-	INVESTIGATE		
DIV	tfrrs	45102	None	39	-9.4	7.7	1444	na	na	-	INVESTIGATE		
DIV	tfrrs	17059	None	116	-9.4	10.8	1442	na	na	-	INVESTIGATE		
DIV	tfrrs	71561	None	21	-9.4	3.7	3102	na	na	-	INVESTIGATE		
DIV	tfrrs	30108	None	92	-9.4	4.9	1442	na	na	-	INVESTIGATE		
DIV	anet	111315	1	27	+10.4	4.8	1406	na	na	-	INVESTIGATE		
DIV	tfrrs	58438	None	91	-9.4	8.7	1453	na	na	-	INVESTIGATE		
DIV	anet	415238	1	13	-9.4	12.4	646	na	na	-	INVESTIGATE		
DIV	tfrrs	48675	None	64	-9.4	3.5	1452	na	na	-	INVESTIGATE		
DIV	tfrrs	52043	None	76	-9.4	5.0	1445	na	na	-	INVESTIGATE		
DIV	tfrrs	30877	None	51	-9.4	5.7	1448	na	na	-	INVESTIGATE		
DIV	tfrrs	16608	None	54	-9.4	3.3	1428	na	na	-	INVESTIGATE		
DIV	tfrrs	62411	None	13	-9.4	18.5	659	na	na	-	INVESTIGATE		
DIV	tfrrs	10311	None	63	-9.4	9.9	1432	na	na	-	INVESTIGATE		
DIV	tfrrs	33944	None	33	-9.4	5.1	1448	na	na	-	INVESTIGATE		
DIV	tfrrs	7628	None	24	-9.4	9.6	1438	na	na	-	INVESTIGATE		
DIV	tfrrs	73295	None	44	-9.4	4.2	1049	na	na	-	INVESTIGATE		
DIV	tfrrs	3046	None	173	-9.4	5.1	1442	na	na	-	INVESTIGATE		
DIV	anet	360770	1	16	-9.4	5.3	2901	na	na	-	INVESTIGATE		
DIV	tfrrs	31812	None	22	-9.4	4.3	1457	na	na	-	INVESTIGATE		
DIV	tfrrs	5283	None	22	+10.3	7.2	1031	na	na	-	INVESTIGATE		
DIV	tfrrs	84314	None	20	-9.4	5.4	1428	na	na	-	INVESTIGATE		
DIV	anet	438417	1	13	-9.4	7.0	1431	na	na	-	INVESTIGATE		
DIV	tfrrs	76791	None	95	-9.4	13.0	1328	na	na	-	INVESTIGATE		
DIV	tfrrs	49486	None	63	-9.4	5.1	1445	na	na	-	INVESTIGATE		
DIV	anet	562387	1	12	-9.4	20.8	1408	na	na	-	INVESTIGATE		
DIV	tfrrs	38423	None	72	-9.4	6.3	1450	na	na	-	INVESTIGATE		
DIV	tfrrs	5325	None	34	-9.4	9.5	1426	na	na	-	INVESTIGATE		
DIV	tfrrs	14463	None	118	-9.4	5.4	1428	na	na	-	INVESTIGATE		
DIV	tfrrs	70982	None	326	-9.4	5.9	1438	na	na	-	INVESTIGATE		
DIV	tfrrs	55406	None	41	-9.4	5.2	1450	na	na	-	INVESTIGATE		
DIV	tfrrs	77137	None	50	-9.4	4.6	1043	na	na	-	INVESTIGATE		
DIV	tfrrs	28935	None	43	-9.3	4.0	1458	na	na	-	INVESTIGATE		
DIV	tfrrs	50283	None	50	-9.3	4.9	1445	na	na	-	INVESTIGATE		
DIV	tfrrs	38932	None	129	-9.3	3.5	1475	na	na	-	INVESTIGATE		
DIV	tfrrs	13817	None	53	-9.3	4.3	1458	na	na	-	INVESTIGATE		
DIV	tfrrs	74192	None	17	-9.3	7.3	1438	na	na	-	INVESTIGATE		
DIV	tfrrs	55019	None	22	-9.3	4.8	1450	na	na	-	INVESTIGATE		
DIV	tfrrs	67362	None	29	-9.3	3.9	1447	na	na	-	INVESTIGATE		
DIV	tfrrs	14973	None	12	-9.3	2.7	3097	na	na	-	INVESTIGATE		
DIV	anet	84469	1	36	+10.3	9.4	1412	na	na	-	INVESTIGATE		
DIV	anet	581555	1	18	-9.3	19.3	1408	na	na	-	INVESTIGATE		
DIV	anet	434992	2	25	+10.3	9.7	1430	na	na	-	INVESTIGATE		
DIV	tfrrs	67190	None	90	-9.3	6.7	1447	na	na	-	INVESTIGATE		
DIV	tfrrs	73507	None	22	-9.3	4.4	1438	na	na	-	INVESTIGATE		
DIV	tfrrs	75441	None	128	-9.3	6.0	1429	na	na	-	INVESTIGATE		
DIV	tfrrs	68329	None	21	-9.3	4.4	1447	na	na	-	INVESTIGATE		
DIV	anet	84845	1	89	+10.3	10.9	1309	na	na	-	INVESTIGATE		
DIV	tfrrs	12087	None	19	-9.3	7.4	1443	na	na	-	INVESTIGATE		
DIV	tfrrs	59515	None	31	-9.3	7.6	1453	na	na	-	INVESTIGATE		
DIV	tfrrs	81742	None	169	-9.3	4.6	1428	na	na	-	INVESTIGATE		
DIV	tfrrs	59288	None	42	-9.3	4.3	1453	na	na	-	INVESTIGATE		
DIV	tfrrs	9052	None	28	-9.3	9.9	1444	na	na	-	INVESTIGATE		
DIV	anet	596343	1	20	-9.3	5.8	1808	na	na	-	INVESTIGATE		
DIV	tfrrs	71877	None	48	-9.3	6.8	1431	na	na	-	INVESTIGATE		
DIV	tfrrs	80571	None	55	-9.3	6.4	1429	na	na	-	INVESTIGATE		
DIV	tfrrs	13041	None	17	-9.3	13.7	1429	na	na	-	INVESTIGATE		
DIV	tfrrs	55050	None	37	-9.3	5.1	1450	na	na	-	INVESTIGATE		
DIV	tfrrs	51225	None	122	-9.3	3.6	1445	na	na	-	INVESTIGATE		
DIV	tfrrs	32318	None	32	-9.3	7.7	1467	na	na	-	INVESTIGATE		
DIV	tfrrs	57163	None	108	-9.3	3.6	1454	na	na	-	INVESTIGATE		
DIV	anet	381288	1	19	+10.3	9.4	1436	na	na	-	INVESTIGATE		
DIV	tfrrs	28800	None	89	-9.3	5.5	1458	na	na	-	INVESTIGATE		
DIV	tfrrs	78181	None	30	-9.3	3.9	1429	na	na	-	INVESTIGATE		
DIV	tfrrs	32651	None	47	-9.3	7.4	1448	na	na	-	INVESTIGATE		
DIV	tfrrs	66448	None	80	-9.3	3.3	3136	na	na	-	INVESTIGATE		
DIV	anet	84466	1	12	+10.3	13.9	3086	na	na	-	INVESTIGATE		
DIV	tfrrs	24325	None	36	-9.3	5.4	1446	na	na	-	INVESTIGATE		
DIV	tfrrs	35159	None	20	-9.3	5.4	1448	na	na	-	INVESTIGATE		
DIV	tfrrs	44001	None	53	-9.3	4.7	1444	na	na	-	INVESTIGATE		
DIV	tfrrs	47632	None	15	-9.3	5.4	1486	na	na	-	INVESTIGATE		
DIV	tfrrs	29045	None	15	-9.3	15.9	1442	na	na	-	INVESTIGATE		
DIV	anet	218973	1	20	+10.3	4.4	1428	na	na	-	INVESTIGATE		
DIV	tfrrs	89083	None	37	-9.3	3.2	844	na	na	-	INVESTIGATE		
DIV	tfrrs	15180	None	33	-9.3	7.8	1428	na	na	-	INVESTIGATE		
DIV	anet	428347	1	16	-9.3	8.5	1427	na	na	-	INVESTIGATE		
DIV	tfrrs	78772	None	22	-9.3	3.0	1442	na	na	-	INVESTIGATE		
DIV	anet	470425	6	27	-9.3	13.2	1331	na	na	-	INVESTIGATE		
DIV	tfrrs	44250	None	26	-9.3	7.3	1460	na	na	-	INVESTIGATE		
DIV	tfrrs	3472	None	141	-9.3	6.7	1335	na	na	-	INVESTIGATE		
DIV	tfrrs	76139	None	30	-9.3	3.9	851	na	na	-	INVESTIGATE		
DIV	tfrrs	20998	None	69	-9.3	5.4	1434	na	na	-	INVESTIGATE		
DIV	tfrrs	73009	None	29	-9.3	14.1	1438	na	na	-	INVESTIGATE		
DIV	tfrrs	51831	None	37	-9.3	4.6	1455	na	na	-	INVESTIGATE		
DIV	anet	572214	1	52	-9.3	8.2	1422	na	na	-	INVESTIGATE		
DIV	tfrrs	59616	None	173	-9.3	4.4	1470	na	na	-	INVESTIGATE		
DIV	tfrrs	19103	None	58	-9.3	7.0	1462	na	na	-	INVESTIGATE		
DIV	tfrrs	46632	None	28	-9.3	5.2	1460	na	na	-	INVESTIGATE		
DIV	tfrrs	45802	None	95	-9.3	3.3	1444	na	na	-	INVESTIGATE		
DIV	anet	594327	1	24	+10.2	7.1	3094	na	na	-	INVESTIGATE		
DIV	tfrrs	90081	None	17	-9.3	6.1	1428	na	na	-	INVESTIGATE		
DIV	tfrrs	29079	None	60	-9.3	7.2	1442	na	na	-	INVESTIGATE		
DIV	tfrrs	82066	None	41	-9.3	4.7	3081	na	na	-	INVESTIGATE		
DIV	anet	97278	3	14	-9.3	5.6	1308	na	na	-	INVESTIGATE		
DIV	tfrrs	61097	None	18	-9.3	3.4	1453	na	na	-	INVESTIGATE		
DIV	tfrrs	89125	None	27	-9.3	3.9	1428	na	na	-	INVESTIGATE		
DIV	anet	459697	1	29	-9.3	7.9	1432	na	na	-	INVESTIGATE		
DIV	tfrrs	71537	None	170	-9.3	4.5	1438	na	na	-	INVESTIGATE		
DIV	tfrrs	41084	None	50	-9.3	6.9	1450	na	na	-	INVESTIGATE		
DIV	tfrrs	33028	None	99	-9.3	7.7	1448	na	na	-	INVESTIGATE		
DIV	tfrrs	54346	None	47	-9.3	6.0	1450	na	na	-	INVESTIGATE		
DIV	anet	221490	1	17	+10.2	9.2	1447	na	na	-	INVESTIGATE		
DIV	anet	470346	2	32	+10.2	8.3	1420	na	na	-	INVESTIGATE		
DIV	tfrrs	32654	None	13	-9.3	5.6	1346	na	na	-	INVESTIGATE		
DIV	anet	524778	1	33	-9.3	13.8	5013	na	na	-	INVESTIGATE		
DIV	anet	548490	1	12	-9.3	13.3	2118	na	na	-	INVESTIGATE		
DIV	tfrrs	90175	None	22	-9.3	4.3	1437	na	na	-	INVESTIGATE		
DIV	tfrrs	58921	None	41	-9.3	10.1	1453	na	na	-	INVESTIGATE		
DIV	anet	332592	1	13	-9.3	6.0	657	na	na	-	INVESTIGATE		
DIV	anet	340024	1	36	-9.3	6.1	1430	na	na	-	INVESTIGATE		
DIV	tfrrs	31769	None	20	-9.3	4.3	1465	na	na	-	INVESTIGATE		
DIV	anet	220712	7	26	-9.3	8.5	641	na	na	-	INVESTIGATE		
DIV	anet	548092	1	21	-9.3	9.2	641	na	na	-	INVESTIGATE		
DIV	anet	70732	1	35	+10.2	5.6	1409	na	na	-	INVESTIGATE		
DIV	tfrrs	33871	None	63	-9.3	8.5	1474	na	na	-	INVESTIGATE		
DIV	tfrrs	7669	None	28	-9.3	9.3	1460	na	na	-	INVESTIGATE		
DIV	tfrrs	72870	None	39	-9.3	3.7	660	na	na	-	INVESTIGATE		
DIV	tfrrs	50280	None	47	-9.3	9.4	1461	na	na	-	INVESTIGATE		
DIV	tfrrs	12242	None	32	-9.3	4.6	1429	na	na	-	INVESTIGATE		
DIV	tfrrs	42540	None	44	-9.3	4.7	1444	na	na	-	INVESTIGATE		
DIV	tfrrs	90581	None	12	-9.3	5.9	1428	na	na	-	INVESTIGATE		
DIV	tfrrs	89271	None	20	-9.3	4.7	1428	na	na	-	INVESTIGATE		
DIV	tfrrs	55653	None	25	-9.3	9.4	1450	na	na	-	INVESTIGATE		
DIV	anet	73635	1	32	-9.2	6.1	2888	na	na	-	INVESTIGATE		
DIV	tfrrs	14977	None	22	-9.2	3.4	3097	na	na	-	INVESTIGATE		
DIV	tfrrs	49093	None	48	-9.2	5.1	1461	na	na	-	INVESTIGATE		
DIV	tfrrs	19387	None	105	-9.2	2.4	1446	na	na	-	INVESTIGATE		
DIV	tfrrs	55320	None	15	-9.2	8.2	1450	na	na	-	INVESTIGATE		
DIV	anet	330548	1	48	-9.2	5.8	1430	na	na	-	INVESTIGATE		
DIV	tfrrs	78814	None	26	-9.2	5.5	1429	na	na	-	INVESTIGATE		
DIV	tfrrs	8961	None	90	-9.2	9.5	1432	na	na	-	INVESTIGATE		
DIV	tfrrs	84099	None	34	-9.2	6.0	1433	na	na	-	INVESTIGATE		
DIV	tfrrs	42680	None	81	-9.2	4.6	1444	na	na	-	INVESTIGATE		
DIV	anet	270331	1	93	+10.2	7.9	1424	na	na	-	INVESTIGATE		
DIV	tfrrs	82609	None	68	-9.2	7.8	1428	na	na	-	INVESTIGATE		
DIV	anet	84468	2	71	+10.2	11.5	1412	na	na	-	INVESTIGATE		
DIV	tfrrs	8224	None	85	-9.2	9.8	1432	na	na	-	INVESTIGATE		
DIV	anet	282758	1	23	+10.2	5.6	1443	na	na	-	INVESTIGATE		
DIV	anet	513228	3	17	+10.2	5.3	656	na	na	-	INVESTIGATE		
DIV	tfrrs	79140	None	45	-9.2	4.4	1429	na	na	-	INVESTIGATE		
DIV	anet	86083	1	42	-9.2	6.1	1025	na	na	-	INVESTIGATE		
DIV	anet	146848	1	19	-9.2	14.3	1416	na	na	-	INVESTIGATE		
DIV	tfrrs	58682	None	70	-9.2	7.5	1453	na	na	-	INVESTIGATE		
DIV	tfrrs	16980	None	95	-9.2	10.7	1428	na	na	-	INVESTIGATE		
DIV	anet	510533	3	16	-9.2	8.3	654	na	na	-	INVESTIGATE		
DIV	tfrrs	71964	None	79	-9.2	8.8	1437	na	na	-	INVESTIGATE		
DIV	anet	557465	1	66	+10.2	5.2	1408	na	na	-	INVESTIGATE		
DIV	anet	130539	1	18	-9.2	3.9	1851	na	na	-	INVESTIGATE		
DIV	anet	96478	1	48	+10.2	4.4	1385	na	na	-	INVESTIGATE		
DIV	tfrrs	8087	None	37	-9.2	11.6	1432	na	na	-	INVESTIGATE		
DIV	tfrrs	92520	None	16	+10.2	13.9	1415	na	na	-	INVESTIGATE		
DIV	tfrrs	45967	None	81	-9.2	3.2	1444	na	na	-	INVESTIGATE		
DIV	anet	340340	1	13	-9.2	5.5	1441	na	na	-	INVESTIGATE		
DIV	tfrrs	95499	None	32	-9.2	2.9	1431	na	na	-	INVESTIGATE		
DIV	tfrrs	68023	None	18	-9.2	3.9	1054	na	na	-	INVESTIGATE		
DIV	tfrrs	85112	None	31	-9.2	8.4	1439	na	na	-	INVESTIGATE		
DIV	tfrrs	47389	None	212	-9.2	4.8	1445	na	na	-	INVESTIGATE		
DIV	tfrrs	24093	None	49	-9.2	5.8	1452	na	na	-	INVESTIGATE		
DIV	anet	504346	1	20	-9.2	6.8	1410	na	na	-	INVESTIGATE		
DIV	anet	449713	1	81	-9.2	6.6	1418	na	na	-	INVESTIGATE		
DIV	tfrrs	84292	None	126	-9.2	3.6	1428	na	na	-	INVESTIGATE		
DIV	tfrrs	74448	None	12	-9.2	9.2	1442	na	na	-	INVESTIGATE		
DIV	tfrrs	66692	None	54	-9.2	3.8	662	na	na	-	INVESTIGATE		
DIV	anet	127367	1	48	-9.2	5.2	1415	na	na	-	INVESTIGATE		
DIV	tfrrs	82619	None	91	-9.2	4.1	656	na	na	-	INVESTIGATE		
DIV	tfrrs	27623	None	153	-9.2	4.1	1451	na	na	-	INVESTIGATE		
DIV	tfrrs	68566	None	12	-9.2	8.7	662	na	na	-	INVESTIGATE		
DIV	tfrrs	73023	None	56	-9.2	4.9	1438	na	na	-	INVESTIGATE		
DIV	tfrrs	49511	None	71	-9.2	4.6	1445	na	na	-	INVESTIGATE		
DIV	anet	142520	2	23	-9.2	5.6	646	na	na	-	INVESTIGATE		
DIV	tfrrs	10496	None	106	-9.2	5.4	1429	na	na	-	INVESTIGATE		
DIV	tfrrs	86118	None	20	-9.2	3.6	656	na	na	-	INVESTIGATE		
DIV	tfrrs	18332	None	87	-9.2	3.5	1434	na	na	-	INVESTIGATE		
DIV	tfrrs	17613	None	65	-9.2	5.0	1428	na	na	-	INVESTIGATE		
DIV	tfrrs	81776	None	45	-9.2	4.9	1431	na	na	-	INVESTIGATE		
DIV	tfrrs	49605	None	104	-9.2	3.9	1445	na	na	-	INVESTIGATE		
DIV	tfrrs	46935	None	135	-9.2	12.4	5000	na	na	-	INVESTIGATE		
DIV	tfrrs	56696	None	66	-9.2	6.8	1459	na	na	-	INVESTIGATE		
DIV	tfrrs	60182	None	122	-9.2	7.2	1453	na	na	-	INVESTIGATE		
DIV	tfrrs	50601	None	85	-9.2	7.4	1455	na	na	-	INVESTIGATE		
DIV	anet	410969	1	15	-9.2	9.0	1427	na	na	-	INVESTIGATE		
DIV	tfrrs	63664	None	199	-9.2	5.9	1456	na	na	-	INVESTIGATE		
DIV	tfrrs	86876	None	54	-9.2	6.8	1428	na	na	-	INVESTIGATE		
DIV	tfrrs	59717	None	21	+10.1	7.2	1433	na	na	-	INVESTIGATE		
DIV	tfrrs	86154	None	25	-9.2	6.2	1439	na	na	-	INVESTIGATE		
DIV	tfrrs	64815	None	20	-9.2	5.2	3133	na	na	-	INVESTIGATE		
DIV	tfrrs	80486	None	73	-9.2	6.0	1439	na	na	-	INVESTIGATE		
DIV	tfrrs	79887	None	13	-9.2	6.9	1442	na	na	-	INVESTIGATE		
DIV	tfrrs	80489	None	13	-9.2	6.9	1442	na	na	-	INVESTIGATE		
DIV	tfrrs	81926	None	66	-9.2	6.4	656	na	na	-	INVESTIGATE		
DIV	anet	253582	2	16	-9.2	10.9	655	na	na	-	INVESTIGATE		
DIV	anet	165311	3	15	-9.2	6.4	1316	na	na	-	INVESTIGATE		
DIV	tfrrs	4052	None	27	-9.2	4.4	1426	na	na	-	INVESTIGATE		
DIV	tfrrs	76044	None	155	-9.2	5.1	1429	na	na	-	INVESTIGATE		
DIV	tfrrs	35052	None	45	-9.2	7.9	1448	na	na	-	INVESTIGATE		
DIV	anet	146305	1	26	-9.2	6.5	1026	na	na	-	INVESTIGATE		
DIV	tfrrs	84313	None	54	-9.2	4.3	1428	na	na	-	INVESTIGATE		
DIV	tfrrs	76706	None	114	-9.2	5.0	1429	na	na	-	INVESTIGATE		
DIV	tfrrs	58673	None	64	-9.2	7.8	1453	na	na	-	INVESTIGATE		
DIV	anet	272216	1	31	-9.2	8.8	1424	na	na	-	INVESTIGATE		
DIV	tfrrs	45754	None	47	-9.2	7.2	1452	na	na	-	INVESTIGATE		
DIV	tfrrs	80846	None	42	-9.2	11.2	1439	na	na	-	INVESTIGATE		
DIV	anet	613139	1	83	+10.1	3.3	1422	na	na	-	INVESTIGATE		
DIV	tfrrs	14131	None	67	-9.2	6.5	1437	na	na	-	INVESTIGATE		
DIV	tfrrs	19242	None	36	-9.2	5.7	1450	na	na	-	INVESTIGATE		
DIV	tfrrs	9297	None	17	-9.2	5.2	1444	na	na	-	INVESTIGATE		
DIV	tfrrs	66198	None	214	-9.2	5.5	1447	na	na	-	INVESTIGATE		
DIV	anet	73115	1	21	+10.1	4.6	1428	na	na	-	INVESTIGATE		
DIV	tfrrs	53100	None	26	-9.2	3.4	1450	na	na	-	INVESTIGATE		
DIV	tfrrs	13780	None	72	-9.2	6.4	1428	na	na	-	INVESTIGATE		
DIV	anet	132949	1	16	-9.2	16.2	1423	na	na	-	INVESTIGATE		
DIV	tfrrs	73538	None	31	-9.2	8.2	1438	na	na	-	INVESTIGATE		
DIV	tfrrs	8014	None	103	-9.2	7.8	1432	na	na	-	INVESTIGATE		
DIV	anet	451912	1	68	+10.1	3.9	1427	na	na	-	INVESTIGATE		
DIV	tfrrs	43814	None	33	-9.2	7.1	1469	na	na	-	INVESTIGATE		
DIV	anet	563292	1	50	+10.1	3.6	1424	na	na	-	INVESTIGATE		
DIV	tfrrs	80493	None	25	-9.2	2.2	1429	na	na	-	INVESTIGATE		
DIV	anet	410299	1	30	-9.2	6.8	1427	na	na	-	INVESTIGATE		
DIV	anet	311755	1	132	-9.2	6.0	1853	na	na	-	INVESTIGATE		
DIV	anet	595195	1	12	-9.2	16.5	1421	na	na	-	INVESTIGATE		
DIV	anet	64713	1	37	+10.1	9.6	1425	na	na	-	INVESTIGATE		
DIV	tfrrs	78663	None	78	-9.2	5.4	1431	na	na	-	INVESTIGATE		
DIV	tfrrs	54528	None	135	-9.2	4.5	1472	na	na	-	INVESTIGATE		
DIV	tfrrs	95956	None	20	-9.2	4.6	654	na	na	-	INVESTIGATE		
DIV	tfrrs	11339	None	115	-9.2	6.3	1429	na	na	-	INVESTIGATE		
DIV	anet	410297	1	20	-9.2	5.9	1427	na	na	-	INVESTIGATE		
DIV	anet	222079	1	28	-9.2	12.1	1327	na	na	-	INVESTIGATE		
DIV	anet	270980	1	15	-9.2	5.6	1323	na	na	-	INVESTIGATE		
DIV	anet	246312	1	67	-9.2	10.4	1420	na	na	-	INVESTIGATE		
DIV	tfrrs	73437	None	78	-9.2	6.0	1438	na	na	-	INVESTIGATE		
DIV	anet	444025	1	12	-9.2	9.7	637	na	na	-	INVESTIGATE		
DIV	tfrrs	14916	None	28	-9.2	3.2	1428	na	na	-	INVESTIGATE		
DIV	tfrrs	7785	None	294	-9.2	6.3	1432	na	na	-	INVESTIGATE		
DIV	tfrrs	7384	None	23	-9.2	8.8	1455	na	na	-	INVESTIGATE		
DIV	anet	472792	1	16	-9.1	17.3	1425	na	na	-	INVESTIGATE		
DIV	tfrrs	64752	None	72	-9.1	5.0	1470	na	na	-	INVESTIGATE		
DIV	tfrrs	86768	None	29	-9.1	5.8	1428	na	na	-	INVESTIGATE		
DIV	tfrrs	84157	None	45	-9.1	6.0	1428	na	na	-	INVESTIGATE		
DIV	tfrrs	34133	None	25	-9.1	8.6	1457	na	na	-	INVESTIGATE		
DIV	tfrrs	29344	None	82	-9.1	4.7	1442	na	na	-	INVESTIGATE		
DIV	tfrrs	76755	None	16	-9.1	3.2	3083	na	na	-	INVESTIGATE		
DIV	tfrrs	45479	None	81	-9.1	4.5	1452	na	na	-	INVESTIGATE		
DIV	tfrrs	92213	None	13	-9.1	3.5	1428	na	na	-	INVESTIGATE		
DIV	tfrrs	79361	None	26	-9.1	3.7	1429	na	na	-	INVESTIGATE		
DIV	tfrrs	74148	None	36	-9.1	6.7	1438	na	na	-	INVESTIGATE		
DIV	anet	250470	1	30	+10.1	9.5	1443	na	na	-	INVESTIGATE		
DIV	tfrrs	34048	None	29	-9.1	2.8	1448	na	na	-	INVESTIGATE		
DIV	tfrrs	12056	None	133	-9.1	4.9	1429	na	na	-	INVESTIGATE		
DIV	anet	639597	2	12	+10.1	24.5	652	na	na	-	INVESTIGATE		
DIV	tfrrs	56046	None	12	-9.1	7.7	1057	na	na	-	INVESTIGATE		
DIV	tfrrs	59877	None	21	-9.1	6.6	659	na	na	-	INVESTIGATE		
DIV	tfrrs	44385	None	61	-9.1	3.4	1460	na	na	-	INVESTIGATE		
DIV	tfrrs	42972	None	27	-9.1	3.9	1444	na	na	-	INVESTIGATE		
DIV	anet	496996	1	14	-9.1	8.4	654	na	na	-	INVESTIGATE		
DIV	tfrrs	50271	None	26	-9.1	3.3	1452	na	na	-	INVESTIGATE		
DIV	anet	261794	2	28	-9.1	10.8	654	na	na	-	INVESTIGATE		
DIV	tfrrs	54748	None	22	-9.1	8.0	1450	na	na	-	INVESTIGATE		
DIV	anet	52793	1	23	+10.1	2.2	1412	na	na	-	INVESTIGATE		
DIV	tfrrs	53520	None	38	-9.1	3.6	1450	na	na	-	INVESTIGATE		
DIV	tfrrs	78547	None	31	-9.1	7.1	1429	na	na	-	INVESTIGATE		
DIV	anet	540778	1	42	+10.0	4.9	1408	na	na	-	INVESTIGATE		
DIV	tfrrs	33701	None	105	-9.1	7.0	1448	na	na	-	INVESTIGATE		
DIV	anet	96438	1	69	+10.0	4.6	1324	na	na	-	INVESTIGATE		
DIV	anet	649493	1	12	+10.0	12.1	1424	na	na	-	INVESTIGATE		
DIV	tfrrs	85667	None	26	-9.1	5.1	1428	na	na	-	INVESTIGATE		
DIV	tfrrs	71532	None	202	-9.1	6.4	1438	na	na	-	INVESTIGATE		
DIV	anet	379556	1	15	-9.1	3.3	1854	na	na	-	INVESTIGATE		
DIV	tfrrs	48484	None	21	-9.1	3.8	3169	na	na	-	INVESTIGATE		
DIV	tfrrs	34173	None	27	-9.1	7.0	1448	na	na	-	INVESTIGATE		
DIV	tfrrs	38349	None	34	-9.1	5.8	1450	na	na	-	INVESTIGATE		
DIV	tfrrs	11901	None	56	-9.1	8.5	1429	na	na	-	INVESTIGATE		
DIV	tfrrs	90493	None	18	-9.1	6.5	3086	na	na	-	INVESTIGATE		
DIV	tfrrs	67040	None	56	-9.1	7.1	1447	na	na	-	INVESTIGATE		
DIV	anet	190939	1	31	+10.0	7.2	650	na	na	-	INVESTIGATE		
DIV	tfrrs	13760	None	85	-9.1	5.6	1469	na	na	-	INVESTIGATE		
DIV	tfrrs	85531	None	30	-9.1	7.3	1443	na	na	-	INVESTIGATE		
DIV	tfrrs	48714	None	64	-9.1	4.5	1461	na	na	-	INVESTIGATE		
DIV	anet	430142	1	12	-9.1	7.7	996	na	na	-	INVESTIGATE		
DIV	anet	459442	1	17	-9.1	5.6	1425	na	na	-	INVESTIGATE		
DIV	anet	417334	1	16	-9.1	5.9	2896	na	na	-	INVESTIGATE		
DIV	anet	84167	1	17	-9.1	10.2	2852	na	na	-	INVESTIGATE		
DIV	tfrrs	32942	None	18	-9.1	6.7	1448	na	na	-	INVESTIGATE		
DIV	tfrrs	50719	None	18	-9.1	5.5	1445	na	na	-	INVESTIGATE		
DIV	tfrrs	42435	None	22	-9.1	3.1	1444	na	na	-	INVESTIGATE		
DIV	anet	219313	1	12	-9.1	9.0	3084	na	na	-	INVESTIGATE		
DIV	anet	315016	1	14	-9.1	9.2	656	na	na	-	INVESTIGATE		
DIV	tfrrs	34340	None	58	-9.1	7.3	1448	na	na	-	INVESTIGATE		
DIV	tfrrs	48815	None	71	-9.1	4.9	1445	na	na	-	INVESTIGATE		
DIV	anet	524538	2	13	-9.1	3.9	1336	na	na	-	INVESTIGATE		
DIV	anet	319534	3	31	-9.1	6.5	1430	na	na	-	INVESTIGATE		
DIV	tfrrs	79179	None	61	-9.1	4.8	1429	na	na	-	INVESTIGATE		
DIV	tfrrs	44690	None	21	-9.1	3.9	1444	na	na	-	INVESTIGATE		
DIV	tfrrs	15123	None	352	-9.1	4.7	1428	na	na	-	INVESTIGATE		
DIV	tfrrs	44306	None	37	-9.1	2.9	1444	na	na	-	INVESTIGATE		
DIV	anet	81647	1	85	+10.0	4.2	1428	na	na	-	INVESTIGATE		
DIV	tfrrs	62512	None	55	-9.1	4.2	1453	na	na	-	INVESTIGATE		
DIV	tfrrs	61900	None	141	-9.1	5.9	1453	na	na	-	INVESTIGATE		
DIV	anet	593880	7	22	-9.1	4.3	2875	na	na	-	INVESTIGATE		
DIV	tfrrs	94202	None	110	-9.1	4.6	1437	na	na	-	INVESTIGATE		
DIV	tfrrs	85741	None	25	-9.1	6.4	1439	na	na	-	INVESTIGATE		
DIV	anet	522271	2	13	-9.1	3.3	1328	na	na	-	INVESTIGATE		
DIV	anet	251961	2	36	+10.0	7.1	1430	na	na	-	INVESTIGATE		
DIV	anet	362428	1	26	-9.1	3.6	1433	na	na	-	INVESTIGATE		
DIV	tfrrs	91058	None	13	-9.1	5.5	654	na	na	-	INVESTIGATE		
DIV	anet	427354	1	32	-9.1	9.4	661	na	na	-	INVESTIGATE		
DIV	tfrrs	63237	None	464	-9.1	7.1	1431	na	na	-	INVESTIGATE		
DIV	anet	186929	1	12	-9.1	2.7	637	na	na	-	INVESTIGATE		
DIV	anet	311663	1	23	+10.0	7.0	655	na	na	-	INVESTIGATE		
DIV	tfrrs	13429	None	45	-9.1	6.7	1443	na	na	-	INVESTIGATE		
DIV	tfrrs	72118	None	93	-9.1	5.9	1438	na	na	-	INVESTIGATE		
DIV	tfrrs	21003	None	19	-9.1	10.8	1451	na	na	-	INVESTIGATE		
DIV	tfrrs	47107	None	183	-9.1	4.9	1457	na	na	-	INVESTIGATE		
DIV	tfrrs	33543	None	43	-9.1	6.1	1457	na	na	-	INVESTIGATE		
DIV	tfrrs	39509	None	29	-9.1	7.1	1450	na	na	-	INVESTIGATE		
DIV	anet	84466	2	15	+10.0	11.0	3086	na	na	-	INVESTIGATE		
DIV	tfrrs	59757	None	75	-9.1	6.8	1453	na	na	-	INVESTIGATE		
DIV	tfrrs	62255	None	18	-9.1	4.9	1455	na	na	-	INVESTIGATE		
DIV	anet	225915	1	13	+10.0	6.5	1442	na	na	-	INVESTIGATE		
DIV	anet	507832	1	12	-9.1	9.6	1037	na	na	-	INVESTIGATE		
DIV	tfrrs	61363	None	98	-9.1	4.7	1453	na	na	-	INVESTIGATE		
DIV	tfrrs	77616	None	13	-9.1	4.5	1429	na	na	-	INVESTIGATE		
DIV	tfrrs	26750	None	242	-9.1	3.8	1450	na	na	-	INVESTIGATE		
DIV	tfrrs	65093	None	41	-9.1	3.7	1454	na	na	-	INVESTIGATE		
DIV	anet	65645	1	80	+10.0	6.0	1428	na	na	-	INVESTIGATE		
DIV	tfrrs	54299	None	87	-9.1	5.4	1450	na	na	-	INVESTIGATE		
DIV	tfrrs	95562	None	45	-9.1	5.4	1431	na	na	-	INVESTIGATE		
DIV	anet	436069	1	27	-9.1	6.5	1427	na	na	-	INVESTIGATE		
DIV	tfrrs	27039	None	46	-9.1	9.6	1442	na	na	-	INVESTIGATE		
DIV	tfrrs	78593	None	71	-9.1	7.6	1429	na	na	-	INVESTIGATE		
DIV	tfrrs	13623	None	68	-9.1	3.1	1453	na	na	-	INVESTIGATE		
DIV	anet	100635	1	24	-9.1	7.6	633	na	na	-	INVESTIGATE		
DIV	anet	653552	1	29	-9.1	9.1	1411	na	na	-	INVESTIGATE		
DIV	anet	632727	2	19	-9.1	8.9	1411	na	na	-	INVESTIGATE		
DIV	tfrrs	46737	None	108	-9.1	4.5	1444	na	na	-	INVESTIGATE		
DIV	tfrrs	41434	None	79	-9.1	3.7	1460	na	na	-	INVESTIGATE		
DIV	anet	310992	2	21	+10.0	8.1	1444	na	na	-	INVESTIGATE		
DIV	tfrrs	45120	None	12	-9.1	4.8	1466	na	na	-	INVESTIGATE		
DIV	tfrrs	50507	None	36	-9.1	2.8	1445	na	na	-	INVESTIGATE		
DIV	anet	133543	1	14	-9.1	5.9	1025	na	na	-	INVESTIGATE		
DIV	tfrrs	71698	None	103	-9.1	3.3	1464	na	na	-	INVESTIGATE		
DIV	tfrrs	65370	None	67	-9.1	6.1	1454	na	na	-	INVESTIGATE		
DIV	anet	218927	1	15	-9.1	4.1	1428	na	na	-	INVESTIGATE		
DIV	tfrrs	52577	None	23	-9.1	3.7	3135	na	na	-	INVESTIGATE		
DIV	tfrrs	15745	None	23	-9.1	6.3	1442	na	na	-	INVESTIGATE		
DIV	tfrrs	11053	None	17	-9.1	6.7	1443	na	na	-	INVESTIGATE		
DIV	tfrrs	68570	None	12	-9.1	3.6	3136	na	na	-	INVESTIGATE		
DIV	anet	372491	1	13	-9.1	5.4	1436	na	na	-	INVESTIGATE		
DIV	tfrrs	38319	None	47	-9.1	5.3	1467	na	na	-	INVESTIGATE		
DIV	tfrrs	56695	None	48	-9.1	5.9	1459	na	na	-	INVESTIGATE		
DIV	anet	85788	1	38	-9.1	5.9	1843	na	na	-	INVESTIGATE		
DIV	anet	337160	8	16	+10.0	7.8	1449	na	na	-	INVESTIGATE		
DIV	tfrrs	80283	None	13	-9.1	8.0	3083	na	na	-	INVESTIGATE		
DIV	tfrrs	29472	None	22	-9.1	7.6	1449	na	na	-	INVESTIGATE		
DIV	anet	223377	4	18	-9.1	56.8	834	na	na	-	INVESTIGATE		
DIV	tfrrs	17208	None	73	-9.1	5.3	1428	na	na	-	INVESTIGATE		
DIV	anet	279335	1	14	+10.0	8.2	1430	na	na	-	INVESTIGATE		
DIV	anet	420255	1	50	+10.0	6.9	1441	na	na	-	INVESTIGATE		
DIV	tfrrs	24617	None	32	-9.1	8.7	1436	na	na	-	INVESTIGATE		
DIV	tfrrs	79973	None	16	-9.0	10.6	1431	na	na	-	INVESTIGATE		
DIV	anet	408315	1	14	+10.0	4.2	1332	na	na	-	INVESTIGATE		
DIV	tfrrs	50761	None	15	-9.0	3.9	1445	na	na	-	INVESTIGATE		
DIV	tfrrs	53666	None	19	-9.0	3.4	1450	na	na	-	INVESTIGATE		
DIV	tfrrs	7258	None	32	-9.0	8.8	3111	na	na	-	INVESTIGATE		
DIV	tfrrs	47378	None	138	-9.0	5.2	1461	na	na	-	INVESTIGATE		
DIV	tfrrs	10118	None	38	-9.0	6.8	1441	na	na	-	INVESTIGATE		
DIV	anet	197487	1	21	+9.9	4.6	650	na	na	-	INVESTIGATE		
DIV	tfrrs	60640	None	46	-9.0	3.7	1470	na	na	-	INVESTIGATE		
DIV	anet	474580	1	12	-9.0	5.7	1839	na	na	-	INVESTIGATE		
DIV	anet	317979	6	13	-9.0	13.6	1329	na	na	-	INVESTIGATE		
DIV	anet	388686	1	24	-9.0	4.5	836	na	na	-	INVESTIGATE		
DIV	tfrrs	27557	None	23	-9.0	6.5	1459	na	na	-	INVESTIGATE		
DIV	anet	202922	3	16	-9.0	8.7	1082	na	na	-	INVESTIGATE		
DIV	tfrrs	79083	None	79	-9.0	3.6	1429	na	na	-	INVESTIGATE		
DIV	anet	153913	1	16	-9.0	11.7	825	na	na	-	INVESTIGATE		
DIV	tfrrs	55027	None	42	-9.0	3.8	1450	na	na	-	INVESTIGATE		
DIV	tfrrs	82280	None	16	-9.0	7.6	3081	na	na	-	INVESTIGATE		
DIV	anet	378671	1	15	-9.0	7.9	1854	na	na	-	INVESTIGATE		
DIV	tfrrs	46560	None	29	-9.0	8.9	654	na	na	-	INVESTIGATE		
DIV	anet	445119	1	12	-9.0	7.1	981	na	na	-	INVESTIGATE		
DIV	anet	459269	1	37	-9.0	6.9	644	na	na	-	INVESTIGATE		
DIV	tfrrs	8372	None	193	-9.0	5.5	1331	na	na	-	INVESTIGATE		
DIV	anet	451836	2	21	+9.9	7.3	1425	na	na	-	INVESTIGATE		
DIV	tfrrs	43149	None	31	-9.0	2.6	3151	na	na	-	INVESTIGATE		
DIV	tfrrs	84844	None	17	-9.0	3.7	647	na	na	-	INVESTIGATE		
DIV	tfrrs	91269	None	22	-9.0	5.5	1428	na	na	-	INVESTIGATE		
DIV	tfrrs	82869	None	39	-9.0	10.2	656	na	na	-	INVESTIGATE		
DIV	tfrrs	49264	None	21	-9.0	4.1	655	na	na	-	INVESTIGATE		
DIV	tfrrs	67013	None	42	-9.0	10.1	1448	na	na	-	INVESTIGATE		
DIV	tfrrs	67017	None	42	-9.0	10.1	1448	na	na	-	INVESTIGATE		
DIV	tfrrs	9990	None	53	-9.0	5.1	1444	na	na	-	INVESTIGATE		
DIV	tfrrs	37380	None	45	-9.0	6.3	1467	na	na	-	INVESTIGATE		
DIV	anet	157709	1	14	-9.0	5.1	1416	na	na	-	INVESTIGATE		
DIV	anet	652872	1	102	+9.9	5.2	1411	na	na	-	INVESTIGATE		
DIV	tfrrs	49099	None	28	-9.0	7.6	1468	na	na	-	INVESTIGATE		
DIV	anet	99098	2	30	+9.9	6.3	1420	na	na	-	INVESTIGATE		
DIV	tfrrs	28614	None	94	-9.0	4.5	1457	na	na	-	INVESTIGATE		
DIV	tfrrs	20339	None	101	-9.0	4.2	1434	na	na	-	INVESTIGATE		
DIV	tfrrs	80725	None	40	-9.0	7.8	1429	na	na	-	INVESTIGATE		
DIV	tfrrs	77623	None	39	-9.0	7.0	1429	na	na	-	INVESTIGATE		
DIV	anet	125554	2	65	+9.9	4.1	846	na	na	-	INVESTIGATE		
DIV	tfrrs	92047	None	26	-9.0	6.5	1428	na	na	-	INVESTIGATE		
DIV	tfrrs	78278	None	33	-9.0	3.2	1442	na	na	-	INVESTIGATE		
DIV	anet	134368	1	12	-9.0	4.9	1415	na	na	-	INVESTIGATE		
DIV	anet	302815	1	18	-9.0	8.5	1033	na	na	-	INVESTIGATE		
DIV	tfrrs	14166	None	18	-9.0	5.1	739	na	na	-	INVESTIGATE		
DIV	anet	177074	1	94	+9.9	4.0	1345	na	na	-	INVESTIGATE		
DIV	tfrrs	66205	None	22	-9.0	6.9	3136	na	na	-	INVESTIGATE		
DIV	tfrrs	63357	None	21	-9.0	4.0	1439	na	na	-	INVESTIGATE		
DIV	tfrrs	56119	None	55	-9.0	8.9	1450	na	na	-	INVESTIGATE		
DIV	tfrrs	79190	None	64	-9.0	3.2	1429	na	na	-	INVESTIGATE		
DIV	tfrrs	76634	None	130	-9.0	6.4	1429	na	na	-	INVESTIGATE		
DIV	anet	103051	2	42	-9.0	5.7	2849	na	na	-	INVESTIGATE		
DIV	tfrrs	25323	None	27	-9.0	5.0	1436	na	na	-	INVESTIGATE		
DIV	anet	435534	1	15	-9.0	16.1	1438	na	na	-	INVESTIGATE		
DIV	tfrrs	32879	None	98	-9.0	6.0	1474	na	na	-	INVESTIGATE		
DIV	anet	238818	1	44	+9.9	5.9	1449	na	na	-	INVESTIGATE		
DIV	anet	501664	1	20	+9.9	7.6	1037	na	na	-	INVESTIGATE		
DIV	anet	374083	1	12	-9.0	3.8	659	na	na	-	INVESTIGATE		
DIV	tfrrs	71363	None	146	-9.0	6.1	1438	na	na	-	INVESTIGATE		
DIV	tfrrs	74457	None	27	-9.0	6.7	1457	na	na	-	INVESTIGATE		
DIV	tfrrs	47542	None	42	-9.0	5.3	1452	na	na	-	INVESTIGATE		
DIV	tfrrs	11585	None	23	-9.0	6.4	1429	na	na	-	INVESTIGATE		
DIV	tfrrs	38057	None	14	-9.0	7.0	1475	na	na	-	INVESTIGATE		
DIV	tfrrs	68681	None	84	-9.0	6.1	1447	na	na	-	INVESTIGATE		
DIV	tfrrs	3573	None	15	-9.0	3.6	1436	na	na	-	INVESTIGATE		
DIV	tfrrs	29535	None	45	-9.0	4.8	1442	na	na	-	INVESTIGATE		
DIV	anet	439318	1	23	+9.9	6.9	1427	na	na	-	INVESTIGATE		
DIV	tfrrs	88440	None	83	-9.0	4.1	1441	na	na	-	INVESTIGATE		
DIV	tfrrs	91370	None	24	-9.0	3.9	1428	na	na	-	INVESTIGATE		
DIV	anet	84467	1	152	+9.9	12.4	1398	na	na	-	INVESTIGATE		
DIV	anet	278788	2	25	-9.0	5.8	1323	na	na	-	INVESTIGATE		
DIV	tfrrs	54211	None	41	-9.0	8.4	1450	na	na	-	INVESTIGATE		
DIV	tfrrs	10872	None	191	-9.0	7.8	1429	na	na	-	INVESTIGATE		
DIV	tfrrs	50722	None	27	-9.0	3.5	1445	na	na	-	INVESTIGATE		
DIV	anet	615378	1	45	+9.9	4.1	1408	na	na	-	INVESTIGATE		
DIV	tfrrs	10993	None	13	-9.0	10.9	1443	na	na	-	INVESTIGATE		
DIV	tfrrs	55731	None	23	-9.0	4.8	1450	na	na	-	INVESTIGATE		
DIV	anet	231207	4	18	-9.0	24.4	1340	na	na	-	INVESTIGATE		
DIV	tfrrs	75463	None	121	-9.0	3.0	1446	na	na	-	INVESTIGATE		
DIV	anet	336130	1	58	+9.9	6.8	1430	na	na	-	INVESTIGATE		
DIV	anet	551547	1	20	+9.9	8.2	652	na	na	-	INVESTIGATE		
DIV	tfrrs	67605	None	30	-9.0	5.7	1447	na	na	-	INVESTIGATE		
DIV	tfrrs	50179	None	31	-9.0	4.4	1452	na	na	-	INVESTIGATE		
DIV	tfrrs	73017	None	33	-9.0	10.2	660	na	na	-	INVESTIGATE		
DIV	anet	352415	3	39	-9.0	5.3	646	na	na	-	INVESTIGATE		
DIV	tfrrs	32017	None	77	-9.0	7.0	1448	na	na	-	INVESTIGATE		
DIV	anet	246395	1	13	-9.0	8.2	653	na	na	-	INVESTIGATE		
DIV	anet	388624	1	13	-9.0	5.5	656	na	na	-	INVESTIGATE		
DIV	tfrrs	4800	None	139	-9.0	4.8	1426	na	na	-	INVESTIGATE		
DIV	anet	478106	1	17	-9.0	10.6	633	na	na	-	INVESTIGATE		
DIV	tfrrs	82405	None	22	-9.0	11.0	1428	na	na	-	INVESTIGATE		
DIV	tfrrs	50100	None	23	-9.0	10.1	1445	na	na	-	INVESTIGATE		
DIV	tfrrs	7863	None	43	-9.0	9.6	1460	na	na	-	INVESTIGATE		
DIV	tfrrs	8593	None	20	-9.0	5.2	1444	na	na	-	INVESTIGATE		
DIV	tfrrs	86784	None	23	-9.0	4.1	1428	na	na	-	INVESTIGATE		
DIV	tfrrs	83819	None	21	-8.9	4.6	1428	na	na	-	INVESTIGATE		
DIV	anet	216705	1	12	-8.9	4.3	1034	na	na	-	INVESTIGATE		
DIV	tfrrs	78903	None	25	-8.9	1.9	1340	na	na	-	INVESTIGATE		
DIV	tfrrs	43174	None	131	-8.9	2.0	1460	na	na	-	INVESTIGATE		
DIV	tfrrs	43173	None	27	-8.9	3.2	1452	na	na	-	INVESTIGATE		
DIV	tfrrs	61340	None	34	-8.9	3.5	1458	na	na	-	INVESTIGATE		
DIV	anet	355585	1	21	-8.9	10.7	1328	na	na	-	INVESTIGATE		
DIV	tfrrs	78351	None	23	-8.9	7.7	1429	na	na	-	INVESTIGATE		
DIV	tfrrs	21624	None	22	-8.9	5.8	1338	na	na	-	INVESTIGATE		
DIV	anet	256617	4	42	+9.8	7.3	1447	na	na	-	INVESTIGATE		
DIV	tfrrs	33203	None	42	-8.9	5.1	1474	na	na	-	INVESTIGATE		
DIV	tfrrs	45088	None	13	-8.9	2.8	649	na	na	-	INVESTIGATE		
DIV	tfrrs	92514	None	51	-8.9	3.4	1428	na	na	-	INVESTIGATE		
DIV	tfrrs	1774	None	38	-8.9	9.0	1420	na	na	-	INVESTIGATE		
DIV	tfrrs	51679	None	102	-8.9	5.6	1455	na	na	-	INVESTIGATE		
DIV	tfrrs	92793	None	15	-8.9	2.4	1440	na	na	-	INVESTIGATE		
DIV	tfrrs	46570	None	68	-8.9	3.9	1461	na	na	-	INVESTIGATE		
DIV	tfrrs	15566	None	14	-8.9	10.8	1428	na	na	-	INVESTIGATE		
DIV	tfrrs	8319	None	69	-8.9	7.1	1432	na	na	-	INVESTIGATE		
DIV	tfrrs	40578	None	37	-8.9	6.2	1450	na	na	-	INVESTIGATE		
DIV	tfrrs	68359	None	38	-8.9	6.4	1046	na	na	-	INVESTIGATE		
DIV	anet	419607	1	20	-8.9	6.2	1038	na	na	-	INVESTIGATE		
DIV	tfrrs	72901	None	19	-8.9	6.6	1438	na	na	-	INVESTIGATE		
DIV	anet	448990	2	27	-8.9	6.0	1425	na	na	-	INVESTIGATE		
DIV	anet	409292	1	20	-8.9	5.1	1427	na	na	-	INVESTIGATE		
DIV	tfrrs	40317	None	30	-8.9	3.7	1454	na	na	-	INVESTIGATE		
DIV	anet	256617	2	17	+9.8	8.2	648	na	na	-	INVESTIGATE		
DIV	anet	348561	1	94	+9.8	3.9	1426	na	na	-	INVESTIGATE		
DIV	tfrrs	48199	None	36	-8.9	7.6	1461	na	na	-	INVESTIGATE		
DIV	anet	253084	9	12	-8.9	8.8	1341	na	na	-	INVESTIGATE		
DIV	tfrrs	31053	None	32	-8.9	4.2	1442	na	na	-	INVESTIGATE		
DIV	anet	482223	3	15	-8.9	6.0	829	na	na	-	INVESTIGATE		
DIV	tfrrs	26626	None	55	-8.9	3.2	1458	na	na	-	INVESTIGATE		
DIV	anet	107691	1	13	+9.8	8.9	646	na	na	-	INVESTIGATE		
DIV	anet	343947	2	41	+9.8	9.1	654	na	na	-	INVESTIGATE		
DIV	anet	502711	2	16	-8.9	3.3	654	na	na	-	INVESTIGATE		
DIV	tfrrs	80805	None	93	-8.9	3.4	1429	na	na	-	INVESTIGATE		
DIV	anet	225924	1	23	+9.8	4.8	1442	na	na	-	INVESTIGATE		
DIV	tfrrs	49331	None	67	-8.9	4.8	1461	na	na	-	INVESTIGATE		
DIV	tfrrs	95560	None	178	-8.9	4.6	1431	na	na	-	INVESTIGATE		
DIV	tfrrs	96229	None	21	-8.9	4.5	654	na	na	-	INVESTIGATE		
DIV	tfrrs	19434	None	18	+9.8	11.9	1037	na	na	-	INVESTIGATE		
DIV	tfrrs	59882	None	31	-8.9	7.2	1453	na	na	-	INVESTIGATE		
DIV	tfrrs	18610	None	75	-8.9	5.8	1446	na	na	-	INVESTIGATE		
DIV	tfrrs	19981	None	14	-8.9	3.4	1434	na	na	-	INVESTIGATE		
DIV	tfrrs	54293	None	46	-8.9	8.1	1456	na	na	-	INVESTIGATE		
DIV	tfrrs	66476	None	90	-8.9	5.8	1447	na	na	-	INVESTIGATE		
DIV	tfrrs	27145	None	19	-8.9	6.3	1442	na	na	-	INVESTIGATE		
DIV	anet	344851	4	13	+9.8	7.2	657	na	na	-	INVESTIGATE		
DIV	tfrrs	59343	None	47	-8.9	9.4	1453	na	na	-	INVESTIGATE		
DIV	tfrrs	54659	None	56	-8.9	5.3	1466	na	na	-	INVESTIGATE		
DIV	anet	153406	1	103	+9.8	4.6	1416	na	na	-	INVESTIGATE		
DIV	tfrrs	9412	None	122	-8.9	6.1	1441	na	na	-	INVESTIGATE		
DIV	anet	76588	1	38	+9.8	6.9	1409	na	na	-	INVESTIGATE		
DIV	tfrrs	90670	None	58	-8.9	6.4	1428	na	na	-	INVESTIGATE		
DIV	anet	445160	10	15	-8.9	8.1	663	na	na	-	INVESTIGATE		
DIV	tfrrs	16051	None	30	-8.9	5.9	1428	na	na	-	INVESTIGATE		
DIV	tfrrs	43396	None	73	-8.9	3.8	654	na	na	-	INVESTIGATE		
DIV	tfrrs	72219	None	38	-8.9	4.1	1438	na	na	-	INVESTIGATE		
DIV	tfrrs	60498	None	21	-8.9	5.2	654	na	na	-	INVESTIGATE		
DIV	anet	71773	1	84	+9.8	4.5	1429	na	na	-	INVESTIGATE		
DIV	tfrrs	16957	None	16	-8.9	9.6	1442	na	na	-	INVESTIGATE		
DIV	tfrrs	50167	None	68	-8.9	4.7	1461	na	na	-	INVESTIGATE		
DIV	anet	472058	1	13	-8.9	12.8	657	na	na	-	INVESTIGATE		
DIV	tfrrs	57049	None	42	-8.9	6.1	1459	na	na	-	INVESTIGATE		
DIV	anet	615261	4	15	-8.9	7.2	1827	na	na	-	INVESTIGATE		
DIV	tfrrs	41177	None	29	-8.9	5.7	1450	na	na	-	INVESTIGATE		
DIV	anet	289161	4	13	+9.8	6.5	1444	na	na	-	INVESTIGATE		
DIV	anet	206422	1	32	-8.9	12.3	1428	na	na	-	INVESTIGATE		
DIV	tfrrs	13943	None	35	-8.9	4.7	3121	na	na	-	INVESTIGATE		
DIV	anet	626840	1	19	-8.9	4.7	639	na	na	-	INVESTIGATE		
DIV	tfrrs	13815	None	36	-8.9	5.6	3128	na	na	-	INVESTIGATE		
DIV	tfrrs	29064	None	61	-8.9	4.9	1442	na	na	-	INVESTIGATE		
DIV	tfrrs	26874	None	34	-8.9	4.9	1442	na	na	-	INVESTIGATE		
DIV	tfrrs	19885	None	16	-8.9	3.3	1434	na	na	-	INVESTIGATE		
DIV	anet	94991	1	104	+9.8	6.1	1408	na	na	-	INVESTIGATE		
DIV	tfrrs	84720	None	22	-8.9	4.4	1433	na	na	-	INVESTIGATE		
DIV	tfrrs	91761	None	35	-8.9	5.5	1428	na	na	-	INVESTIGATE		
DIV	tfrrs	71757	None	13	-8.9	11.8	5013	na	na	-	INVESTIGATE		
DIV	tfrrs	94735	None	59	-8.9	8.1	1431	na	na	-	INVESTIGATE		
DIV	tfrrs	56844	None	24	-8.9	6.6	1051	na	na	-	INVESTIGATE		
DIV	tfrrs	42883	None	30	-8.9	4.4	3164	na	na	-	INVESTIGATE		
DIV	anet	64343	1	24	-8.9	20.8	1309	na	na	-	INVESTIGATE		
DIV	tfrrs	73530	None	22	-8.9	1.7	3102	na	na	-	INVESTIGATE		
DIV	tfrrs	73197	None	59	-8.9	2.4	1447	na	na	-	INVESTIGATE		
DIV	anet	557848	2	18	+9.8	7.2	652	na	na	-	INVESTIGATE		
DIV	tfrrs	13841	None	13	-8.9	9.2	826	na	na	-	INVESTIGATE		
DIV	tfrrs	52049	None	124	-8.9	5.8	1445	na	na	-	INVESTIGATE		
DIV	anet	384907	1	27	-8.9	8.6	659	na	na	-	INVESTIGATE		
DIV	tfrrs	91452	None	13	-8.9	5.3	1428	na	na	-	INVESTIGATE		
DIV	tfrrs	47065	None	54	-8.9	5.7	1461	na	na	-	INVESTIGATE		
DIV	anet	663793	4	33	-8.9	4.1	1816	na	na	-	INVESTIGATE		
DIV	tfrrs	46743	None	97	-8.9	5.2	1444	na	na	-	INVESTIGATE		
DIV	tfrrs	41201	None	50	-8.9	3.8	1444	na	na	-	INVESTIGATE		
DIV	anet	203557	1	71	-8.9	6.0	1428	na	na	-	INVESTIGATE		
DIV	anet	252059	2	21	-8.9	58.6	1830	na	na	-	INVESTIGATE		
DIV	anet	510394	3	21	+9.7	9.3	654	na	na	-	INVESTIGATE		
DIV	anet	503581	1	15	-8.9	6.9	1410	na	na	-	INVESTIGATE		
DIV	tfrrs	51528	None	32	-8.9	4.8	1343	na	na	-	INVESTIGATE		
DIV	tfrrs	73018	None	44	-8.9	10.6	660	na	na	-	INVESTIGATE		
DIV	tfrrs	50437	None	40	-8.9	4.2	1452	na	na	-	INVESTIGATE		
DIV	anet	298284	2	64	+9.7	9.9	1444	na	na	-	INVESTIGATE		
DIV	anet	505102	2	14	-8.9	9.6	654	na	na	-	INVESTIGATE		
DIV	anet	129101	1	17	-8.9	12.0	825	na	na	-	INVESTIGATE		
DIV	tfrrs	60114	None	25	-8.9	7.7	659	na	na	-	INVESTIGATE		
DIV	anet	422558	2	12	-8.9	3.6	2268	na	na	-	INVESTIGATE		
DIV	tfrrs	39342	None	63	-8.9	6.2	1431	na	na	-	INVESTIGATE		
DIV	tfrrs	33741	None	48	-8.9	3.2	1448	na	na	-	INVESTIGATE		
DIV	tfrrs	80541	None	31	-8.9	4.9	1429	na	na	-	INVESTIGATE		
DIV	tfrrs	15855	None	72	-8.9	7.8	1428	na	na	-	INVESTIGATE		
DIV	tfrrs	20235	None	15	-8.9	7.1	1434	na	na	-	INVESTIGATE		
DIV	tfrrs	43815	None	41	-8.9	7.0	1460	na	na	-	INVESTIGATE		
DIV	tfrrs	35017	None	33	-8.9	4.7	1448	na	na	-	INVESTIGATE		
DIV	anet	154354	1	15	-8.9	3.6	649	na	na	-	INVESTIGATE		
DIV	anet	469901	1	86	+9.7	6.4	1418	na	na	-	INVESTIGATE		
DIV	tfrrs	40902	None	15	-8.9	5.3	655	na	na	-	INVESTIGATE		
DIV	anet	231658	2	19	-8.9	12.5	840	na	na	-	INVESTIGATE		
DIV	anet	460727	2	31	+9.7	3.0	657	na	na	-	INVESTIGATE		
DIV	anet	384321	1	15	+9.7	9.0	659	na	na	-	INVESTIGATE		
DIV	anet	336793	2	15	+9.7	8.1	657	na	na	-	INVESTIGATE		
DIV	tfrrs	30584	None	29	-8.9	6.9	1442	na	na	-	INVESTIGATE		
DIV	tfrrs	49993	None	131	-8.9	4.7	1445	na	na	-	INVESTIGATE		
DIV	anet	159062	4	12	-8.9	3.8	1031	na	na	-	INVESTIGATE		
DIV	anet	52025	2	13	-8.9	4.1	648	na	na	-	INVESTIGATE		
DIV	tfrrs	8173	None	21	-8.9	4.9	1444	na	na	-	INVESTIGATE		
DIV	tfrrs	68659	None	34	-8.9	3.9	1447	na	na	-	INVESTIGATE		
DIV	tfrrs	73991	None	26	-8.9	8.2	1438	na	na	-	INVESTIGATE		
DIV	tfrrs	23907	None	22	-8.9	15.0	1037	na	na	-	INVESTIGATE		
DIV	tfrrs	13408	None	18	-8.9	4.8	1438	na	na	-	INVESTIGATE		
DIV	anet	489621	1	16	-8.9	4.9	987	na	na	-	INVESTIGATE		
DIV	anet	335608	1	35	-8.9	7.5	1430	na	na	-	INVESTIGATE		
DIV	tfrrs	18364	None	208	-8.9	5.8	1446	na	na	-	INVESTIGATE		
DIV	tfrrs	13239	None	37	-8.9	5.3	1429	na	na	-	INVESTIGATE		
DIV	tfrrs	37050	None	103	-8.8	6.3	1462	na	na	-	INVESTIGATE		
DIV	tfrrs	48962	None	19	-8.8	3.4	1445	na	na	-	INVESTIGATE		
DIV	anet	416246	1	33	-8.8	9.0	1427	na	na	-	INVESTIGATE		
DIV	anet	418086	1	17	-8.8	8.3	1326	na	na	-	INVESTIGATE		
DIV	tfrrs	86560	None	67	-8.8	7.2	1432	na	na	-	INVESTIGATE		
DIV	tfrrs	32703	None	130	-8.8	5.0	1457	na	na	-	INVESTIGATE		
DIV	tfrrs	72459	None	51	-8.8	5.9	660	na	na	-	INVESTIGATE		
DIV	tfrrs	89239	None	69	-8.8	5.4	1428	na	na	-	INVESTIGATE		
DIV	tfrrs	67321	None	46	-8.8	8.7	1447	na	na	-	INVESTIGATE		
DIV	tfrrs	39594	None	28	-8.8	4.2	1450	na	na	-	INVESTIGATE		
DIV	anet	392709	1	19	+9.7	7.0	1435	na	na	-	INVESTIGATE		
DIV	tfrrs	59242	None	217	-8.8	4.5	1453	na	na	-	INVESTIGATE		
DIV	tfrrs	32381	None	21	-8.8	5.0	1457	na	na	-	INVESTIGATE		
DIV	tfrrs	56125	None	15	-8.8	4.0	1450	na	na	-	INVESTIGATE		
DIV	tfrrs	46506	None	105	-8.8	4.6	1453	na	na	-	INVESTIGATE		
DIV	tfrrs	12106	None	87	-8.8	11.8	1429	na	na	-	INVESTIGATE		
DIV	anet	96871	1	16	-8.8	8.2	2243	na	na	-	INVESTIGATE		
DIV	tfrrs	58953	None	29	-8.8	3.3	3139	na	na	-	INVESTIGATE		
DIV	tfrrs	79897	None	28	-8.8	3.6	756	na	na	-	INVESTIGATE		
DIV	anet	188224	4	14	+9.7	3.8	1441	na	na	-	INVESTIGATE		
DIV	tfrrs	14168	None	39	-8.8	7.8	1437	na	na	-	INVESTIGATE		
DIV	tfrrs	37965	None	83	-8.8	4.8	1450	na	na	-	INVESTIGATE		
DIV	tfrrs	59828	None	23	-8.8	3.6	3139	na	na	-	INVESTIGATE		
DIV	tfrrs	72623	None	43	-8.8	6.6	1447	na	na	-	INVESTIGATE		
DIV	tfrrs	55726	None	31	-8.8	4.5	1450	na	na	-	INVESTIGATE		
DIV	tfrrs	78861	None	21	-8.8	3.3	1429	na	na	-	INVESTIGATE		
DIV	tfrrs	21192	None	14	-8.8	3.9	1434	na	na	-	INVESTIGATE		
DIV	tfrrs	27694	None	124	-8.8	4.8	1442	na	na	-	INVESTIGATE		
DIV	tfrrs	22256	None	22	-8.8	4.0	1436	na	na	-	INVESTIGATE		
DIV	tfrrs	61178	None	55	-8.8	6.8	1453	na	na	-	INVESTIGATE		
DIV	anet	119956	1	131	+9.7	5.7	626	na	na	-	INVESTIGATE		
DIV	anet	429573	1	12	-8.8	5.6	640	na	na	-	INVESTIGATE		
DIV	anet	651711	1	64	+9.7	5.1	640	na	na	-	INVESTIGATE		
DIV	anet	167598	1	19	+9.7	6.4	1422	na	na	-	INVESTIGATE		
DIV	tfrrs	82394	None	56	-8.8	4.8	1428	na	na	-	INVESTIGATE		
DIV	tfrrs	52715	None	149	-8.8	4.6	1471	na	na	-	INVESTIGATE		
DIV	tfrrs	77009	None	31	-8.8	4.1	847	na	na	-	INVESTIGATE		
DIV	tfrrs	68643	None	23	-8.8	4.7	1446	na	na	-	INVESTIGATE		
DIV	tfrrs	24997	None	13	-8.8	6.2	1436	na	na	-	INVESTIGATE		
DIV	anet	405214	1	35	+9.7	2.9	1427	na	na	-	INVESTIGATE		
DIV	tfrrs	44820	None	13	-8.8	7.1	1452	na	na	-	INVESTIGATE		
DIV	tfrrs	69647	None	17	-8.8	18.5	1453	na	na	-	INVESTIGATE		
DIV	tfrrs	76887	None	66	-8.8	6.1	1429	na	na	-	INVESTIGATE		
DIV	tfrrs	81085	None	61	-8.8	4.1	657	na	na	-	INVESTIGATE		
DIV	tfrrs	49954	None	33	-8.8	8.7	1445	na	na	-	INVESTIGATE		
DIV	anet	626238	5	14	-8.8	4.5	1830	na	na	-	INVESTIGATE		
DIV	tfrrs	60674	None	38	-8.8	6.9	1453	na	na	-	INVESTIGATE		
DIV	tfrrs	91328	None	29	-8.8	4.6	1437	na	na	-	INVESTIGATE		
DIV	anet	174742	1	12	-8.8	10.5	1416	na	na	-	INVESTIGATE		
DIV	anet	119956	2	55	+9.7	5.2	1398	na	na	-	INVESTIGATE		
DIV	tfrrs	52044	None	89	-8.8	4.9	1449	na	na	-	INVESTIGATE		
DIV	tfrrs	78607	None	57	-8.8	8.1	1429	na	na	-	INVESTIGATE		
DIV	anet	255909	1	22	-8.8	12.8	1422	na	na	-	INVESTIGATE		
DIV	tfrrs	84816	None	17	-8.8	6.5	1428	na	na	-	INVESTIGATE		
DIV	tfrrs	33629	None	79	-8.8	5.5	1465	na	na	-	INVESTIGATE		
DIV	tfrrs	44167	None	128	-8.8	4.7	1444	na	na	-	INVESTIGATE		
DIV	tfrrs	29023	None	26	-8.8	10.5	1442	na	na	-	INVESTIGATE		
DIV	tfrrs	71295	None	14	-8.8	6.9	3127	na	na	-	INVESTIGATE		
DIV	tfrrs	76993	None	88	-8.8	5.0	1439	na	na	-	INVESTIGATE		
DIV	tfrrs	63120	None	218	-8.8	5.3	1454	na	na	-	INVESTIGATE		
DIV	anet	311394	1	34	+9.6	3.5	1425	na	na	-	INVESTIGATE		
DIV	tfrrs	44267	None	25	-8.8	3.7	1452	na	na	-	INVESTIGATE		
DIV	anet	163058	1	17	+9.6	6.1	649	na	na	-	INVESTIGATE		
DIV	anet	595706	2	14	-8.8	9.2	1033	na	na	-	INVESTIGATE		
DIV	anet	81637	1	74	+9.6	6.1	1409	na	na	-	INVESTIGATE		
DIV	tfrrs	80981	None	16	-8.8	2.8	1442	na	na	-	INVESTIGATE		
DIV	tfrrs	56032	None	57	-8.8	4.9	1450	na	na	-	INVESTIGATE		
DIV	tfrrs	71963	None	29	-8.8	5.7	660	na	na	-	INVESTIGATE		
DIV	anet	209179	2	31	+9.6	5.0	1357	na	na	-	INVESTIGATE		
DIV	tfrrs	5689	None	22	-8.8	9.6	1426	na	na	-	INVESTIGATE		
DIV	tfrrs	77142	None	45	-8.8	6.4	1429	na	na	-	INVESTIGATE		
DIV	anet	281510	2	12	+9.6	9.0	1048	na	na	-	INVESTIGATE		
DIV	tfrrs	16455	None	106	-8.8	6.5	1428	na	na	-	INVESTIGATE		
DIV	anet	163276	1	18	-8.8	6.6	628	na	na	-	INVESTIGATE		
DIV	anet	397531	2	18	+9.6	9.1	1434	na	na	-	INVESTIGATE		
DIV	tfrrs	55033	None	42	-8.8	8.5	1450	na	na	-	INVESTIGATE		
DIV	anet	150760	2	19	-8.8	5.3	1416	na	na	-	INVESTIGATE		
DIV	tfrrs	76891	None	57	-8.8	9.5	1429	na	na	-	INVESTIGATE		
DIV	anet	161121	1	20	-8.8	8.8	2896	na	na	-	INVESTIGATE		
DIV	tfrrs	10053	None	27	-8.8	5.7	1432	na	na	-	INVESTIGATE		
DIV	tfrrs	32732	None	54	-8.8	7.5	1346	na	na	-	INVESTIGATE		
DIV	tfrrs	48368	None	35	-8.8	1.8	3130	na	na	-	INVESTIGATE		
DIV	anet	372831	4	31	+9.6	4.3	1452	na	na	-	INVESTIGATE		
DIV	anet	430931	1	12	-8.8	4.1	646	na	na	-	INVESTIGATE		
DIV	anet	375232	1	34	-8.8	14.1	1355	na	na	-	INVESTIGATE		
DIV	tfrrs	11596	None	19	-8.8	3.9	1443	na	na	-	INVESTIGATE		
DIV	tfrrs	19037	None	177	-8.8	3.9	1434	na	na	-	INVESTIGATE		
DIV	tfrrs	7291	None	24	-8.8	5.6	1436	na	na	-	INVESTIGATE		
DIV	anet	177072	1	90	+9.6	3.6	1345	na	na	-	INVESTIGATE		
DIV	tfrrs	18630	None	31	-8.8	4.1	1451	na	na	-	INVESTIGATE		
DIV	tfrrs	21559	None	86	-8.8	6.4	1434	na	na	-	INVESTIGATE		
DIV	tfrrs	50325	None	74	-8.8	5.4	1445	na	na	-	INVESTIGATE		
DIV	tfrrs	707	None	30	-8.8	9.4	1307	na	na	-	INVESTIGATE		
DIV	tfrrs	57454	None	24	-8.8	8.8	1470	na	na	-	INVESTIGATE		
DIV	tfrrs	51128	None	12	+9.6	17.2	3106	na	na	-	INVESTIGATE		
DIV	tfrrs	46911	None	68	-8.8	5.0	1461	na	na	-	INVESTIGATE		
DIV	tfrrs	78620	None	45	-8.8	4.5	1429	na	na	-	INVESTIGATE		
DIV	tfrrs	50228	None	30	-8.8	6.8	1445	na	na	-	INVESTIGATE		
DIV	tfrrs	61973	None	82	-8.8	4.0	659	na	na	-	INVESTIGATE		
DIV	tfrrs	75837	None	161	-8.8	6.1	1431	na	na	-	INVESTIGATE		
DIV	tfrrs	33893	None	61	-8.8	5.8	1448	na	na	-	INVESTIGATE		
DIV	anet	300740	1	17	+9.6	8.9	1444	na	na	-	INVESTIGATE		
DIV	anet	65144	1	44	+9.6	6.2	1409	na	na	-	INVESTIGATE		
DIV	anet	315377	3	26	-8.8	5.5	1425	na	na	-	INVESTIGATE		
DIV	tfrrs	24594	None	58	-8.8	5.1	1436	na	na	-	INVESTIGATE		
DIV	anet	284156	3	38	-8.8	6.4	1326	na	na	-	INVESTIGATE		
DIV	tfrrs	60251	None	23	-8.8	5.4	1453	na	na	-	INVESTIGATE		
DIV	anet	645263	4	17	-8.8	2.9	1417	na	na	-	INVESTIGATE		
DIV	tfrrs	71695	None	88	-8.8	9.6	1438	na	na	-	INVESTIGATE		
DIV	tfrrs	31321	None	100	-8.8	7.1	1431	na	na	-	INVESTIGATE		
DIV	anet	43379	3	14	+9.6	9.8	1412	na	na	-	INVESTIGATE		
DIV	anet	251961	1	66	+9.6	2.9	1443	na	na	-	INVESTIGATE		
DIV	tfrrs	3130	None	17	-8.8	8.9	1426	na	na	-	INVESTIGATE		
DIV	tfrrs	11708	None	12	-8.8	6.9	1429	na	na	-	INVESTIGATE		
DIV	anet	46276	1	19	-8.8	7.1	1412	na	na	-	INVESTIGATE		
DIV	anet	558291	4	70	-8.8	6.8	1829	na	na	-	INVESTIGATE		
DIV	tfrrs	50672	None	17	-8.8	5.6	3130	na	na	-	INVESTIGATE		
DIV	tfrrs	74653	None	43	-8.8	8.2	1438	na	na	-	INVESTIGATE		
DIV	tfrrs	3385	None	20	-8.8	5.1	3185	na	na	-	INVESTIGATE		
DIV	tfrrs	32374	None	67	-8.8	14.1	1448	na	na	-	INVESTIGATE		
DIV	tfrrs	37379	None	60	-8.8	4.5	1460	na	na	-	INVESTIGATE		
DIV	tfrrs	27890	None	58	-8.8	3.5	1459	na	na	-	INVESTIGATE		
DIV	tfrrs	19766	None	33	-8.8	9.7	651	na	na	-	INVESTIGATE		
DIV	tfrrs	87468	None	104	-8.8	3.4	1428	na	na	-	INVESTIGATE		
DIV	anet	226087	1	53	+9.6	6.9	1435	na	na	-	INVESTIGATE		
DIV	tfrrs	57493	None	19	-8.8	8.8	662	na	na	-	INVESTIGATE		
DIV	tfrrs	66504	None	17	-8.8	6.2	1447	na	na	-	INVESTIGATE		
DIV	tfrrs	87497	None	56	-8.8	6.9	1437	na	na	-	INVESTIGATE		
DIV	anet	490428	1	15	-8.7	7.8	833	na	na	-	INVESTIGATE		
DIV	anet	301069	2	17	-8.7	5.9	656	na	na	-	INVESTIGATE		
DIV	tfrrs	46413	None	41	-8.7	4.9	1444	na	na	-	INVESTIGATE		
DIV	tfrrs	55417	None	30	-8.7	7.0	1450	na	na	-	INVESTIGATE		
DIV	tfrrs	14472	None	112	-8.7	7.4	1440	na	na	-	INVESTIGATE		
DIV	tfrrs	79805	None	20	-8.7	5.3	1429	na	na	-	INVESTIGATE		
DIV	tfrrs	20421	None	47	-8.7	8.6	1446	na	na	-	INVESTIGATE		
DIV	tfrrs	12777	None	33	-8.7	3.9	1429	na	na	-	INVESTIGATE		
DIV	anet	644870	1	29	-8.7	6.9	1411	na	na	-	INVESTIGATE		
DIV	anet	96456	1	42	+9.6	8.0	1340	na	na	-	INVESTIGATE		
DIV	anet	468069	1	39	-8.7	7.1	1830	na	na	-	INVESTIGATE		
DIV	tfrrs	47915	None	25	-8.7	5.0	1452	na	na	-	INVESTIGATE		
DIV	tfrrs	9138	None	93	-8.7	5.8	1432	na	na	-	INVESTIGATE		
DIV	anet	259967	1	74	+9.6	4.9	1358	na	na	-	INVESTIGATE		
DIV	tfrrs	66672	None	245	-8.7	3.3	1447	na	na	-	INVESTIGATE		
DIV	tfrrs	84024	None	133	-8.7	4.5	1428	na	na	-	INVESTIGATE		
DIV	anet	418171	4	13	+9.6	6.3	1446	na	na	-	INVESTIGATE		
DIV	tfrrs	44627	None	59	-8.7	5.5	1444	na	na	-	INVESTIGATE		
DIV	anet	341513	1	15	-8.7	8.5	657	na	na	-	INVESTIGATE		
DIV	tfrrs	31770	None	18	-8.7	4.3	1465	na	na	-	INVESTIGATE		
DIV	tfrrs	71648	None	91	-8.7	8.3	1438	na	na	-	INVESTIGATE		
DIV	tfrrs	49232	None	135	-8.7	3.0	1461	na	na	-	INVESTIGATE		
DIV	anet	221790	1	38	+9.6	8.1	1435	na	na	-	INVESTIGATE		
DIV	tfrrs	10269	None	35	-8.7	3.6	1453	na	na	-	INVESTIGATE		
DIV	tfrrs	23431	None	36	-8.7	5.4	1436	na	na	-	INVESTIGATE		
DIV	tfrrs	10555	None	59	-8.7	5.8	1429	na	na	-	INVESTIGATE		
DIV	anet	192663	5	18	+9.6	9.1	650	na	na	-	INVESTIGATE		
DIV	anet	177073	1	74	+9.6	3.3	1345	na	na	-	INVESTIGATE		
DIV	anet	427673	1	13	-8.7	11.3	1431	na	na	-	INVESTIGATE		
DIV	tfrrs	43195	None	52	-8.7	7.2	654	na	na	-	INVESTIGATE		
DIV	tfrrs	39725	None	31	-8.7	8.6	664	na	na	-	INVESTIGATE		
DIV	anet	559752	5	17	-8.7	5.4	1322	na	na	-	INVESTIGATE		
DIV	tfrrs	26175	None	25	-8.7	5.8	1436	na	na	-	INVESTIGATE		
DIV	tfrrs	74734	None	50	-8.7	6.1	1447	na	na	-	INVESTIGATE		
DIV	anet	315270	1	53	+9.5	5.1	1425	na	na	-	INVESTIGATE		
DIV	tfrrs	13816	None	74	-8.7	5.6	1458	na	na	-	INVESTIGATE		
DIV	anet	130839	3	17	-8.7	7.9	1424	na	na	-	INVESTIGATE		
DIV	tfrrs	9361	None	12	+9.5	11.0	1422	na	na	-	INVESTIGATE		
DIV	anet	104212	1	19	-8.7	6.9	1408	na	na	-	INVESTIGATE		
DIV	tfrrs	73541	None	13	-8.7	5.5	1447	na	na	-	INVESTIGATE		
DIV	anet	439081	1	13	-8.7	17.9	3097	na	na	-	INVESTIGATE		
DIV	anet	34358	2	15	-8.7	4.1	1406	na	na	-	INVESTIGATE		
DIV	anet	196863	1	62	+9.5	4.3	1428	na	na	-	INVESTIGATE		
DIV	tfrrs	33894	None	21	-8.7	4.2	1448	na	na	-	INVESTIGATE		
DIV	anet	372229	1	18	+9.5	9.6	659	na	na	-	INVESTIGATE		
DIV	tfrrs	5466	None	18	-8.7	6.7	1432	na	na	-	INVESTIGATE		
DIV	anet	155074	1	65	+9.5	6.6	1416	na	na	-	INVESTIGATE		
DIV	tfrrs	80848	None	60	-8.7	3.6	1439	na	na	-	INVESTIGATE		
DIV	anet	327219	1	12	+9.5	2.0	1449	na	na	-	INVESTIGATE		
DIV	tfrrs	90835	None	50	-8.7	5.4	1428	na	na	-	INVESTIGATE		
DIV	tfrrs	90774	None	39	-8.7	4.2	654	na	na	-	INVESTIGATE		
DIV	tfrrs	87207	None	12	-8.7	7.1	1033	na	na	-	INVESTIGATE		
DIV	tfrrs	15959	None	40	-8.7	5.6	1428	na	na	-	INVESTIGATE		
DIV	anet	437964	1	19	+9.5	5.9	646	na	na	-	INVESTIGATE		
DIV	tfrrs	21087	None	28	-8.7	5.3	1446	na	na	-	INVESTIGATE		
DIV	anet	326496	2	15	-8.7	8.1	642	na	na	-	INVESTIGATE		
DIV	tfrrs	42596	None	58	-8.7	10.6	1444	na	na	-	INVESTIGATE		
DIV	tfrrs	88968	None	27	-8.7	8.6	1428	na	na	-	INVESTIGATE		
DIV	tfrrs	54912	None	32	-8.7	5.2	1450	na	na	-	INVESTIGATE		
DIV	tfrrs	83656	None	40	-8.7	5.0	1428	na	na	-	INVESTIGATE		
DIV	tfrrs	5872	None	70	-8.7	10.7	1426	na	na	-	INVESTIGATE		
DIV	tfrrs	14994	None	30	-8.7	4.5	1446	na	na	-	INVESTIGATE		
DIV	anet	378258	1	36	-8.7	5.9	2888	na	na	-	INVESTIGATE		
DIV	tfrrs	14307	None	58	-8.7	10.4	1428	na	na	-	INVESTIGATE		
DIV	tfrrs	42231	None	66	-8.7	4.2	1470	na	na	-	INVESTIGATE		
DIV	anet	559983	3	45	+9.5	7.6	1420	na	na	-	INVESTIGATE		
DIV	tfrrs	73486	None	60	-8.7	6.4	1447	na	na	-	INVESTIGATE		
DIV	tfrrs	87163	None	21	-8.7	4.9	4982	na	na	-	INVESTIGATE		
DIV	anet	284467	1	101	+9.5	4.6	1424	na	na	-	INVESTIGATE		
DIV	tfrrs	51723	None	25	-8.7	9.1	1445	na	na	-	INVESTIGATE		
DIV	anet	310221	1	43	+9.5	6.2	1437	na	na	-	INVESTIGATE		
DIV	tfrrs	35568	None	46	-8.7	4.9	1448	na	na	-	INVESTIGATE		
DIV	anet	615346	1	70	+9.5	7.2	1408	na	na	-	INVESTIGATE		
DIV	tfrrs	82957	None	30	-8.7	4.8	1428	na	na	-	INVESTIGATE		
DIV	tfrrs	71795	None	85	-8.7	5.3	1464	na	na	-	INVESTIGATE		
DIV	tfrrs	11318	None	12	+9.5	16.1	1425	na	na	-	INVESTIGATE		
DIV	anet	253081	2	15	+9.5	6.0	653	na	na	-	INVESTIGATE		
DIV	tfrrs	56900	None	35	-8.7	4.3	1450	na	na	-	INVESTIGATE		
DIV	anet	561414	2	12	-8.7	6.6	1422	na	na	-	INVESTIGATE		
DIV	anet	522298	2	19	-8.7	9.7	1328	na	na	-	INVESTIGATE		
DIV	anet	53776	1	23	-8.7	4.3	1412	na	na	-	INVESTIGATE		
DIV	anet	83534	10	16	-8.7	11.1	649	na	na	-	INVESTIGATE		
DIV	tfrrs	66480	None	97	-8.7	5.4	1446	na	na	-	INVESTIGATE		
DIV	tfrrs	49691	None	53	-8.7	2.9	1445	na	na	-	INVESTIGATE		
DIV	anet	205743	3	14	+9.5	6.1	1038	na	na	-	INVESTIGATE		
DIV	anet	535084	2	23	-8.7	3.1	632	na	na	-	INVESTIGATE		
DIV	tfrrs	81889	None	109	-8.7	5.2	1444	na	na	-	INVESTIGATE		
DIV	tfrrs	72094	None	33	-8.7	5.1	1447	na	na	-	INVESTIGATE		
DIV	tfrrs	4824	None	68	-8.7	8.2	1450	na	na	-	INVESTIGATE		
DIV	tfrrs	71955	None	34	-8.7	3.7	1438	na	na	-	INVESTIGATE		
DIV	tfrrs	54366	None	39	-8.7	3.2	1466	na	na	-	INVESTIGATE		
DIV	tfrrs	80304	None	40	-8.7	7.7	1439	na	na	-	INVESTIGATE		
DIV	tfrrs	30894	None	23	-8.7	4.6	1442	na	na	-	INVESTIGATE		
DIV	anet	517554	1	40	-8.7	6.8	1818	na	na	-	INVESTIGATE		
DIV	tfrrs	67422	None	64	-8.7	8.5	1447	na	na	-	INVESTIGATE		
DIV	anet	548099	7	12	-8.7	5.4	652	na	na	-	INVESTIGATE		
DIV	anet	151590	2	80	+9.5	9.7	1431	na	na	-	INVESTIGATE		
DIV	tfrrs	5055	None	28	-8.7	3.7	1426	na	na	-	INVESTIGATE		
DIV	anet	341299	1	33	-8.7	8.6	1449	na	na	-	INVESTIGATE		
DIV	tfrrs	79244	None	73	-8.7	4.3	1429	na	na	-	INVESTIGATE		
DIV	tfrrs	56207	None	36	-8.7	4.6	1456	na	na	-	INVESTIGATE		
DIV	tfrrs	86021	None	23	-8.7	10.9	1439	na	na	-	INVESTIGATE		
DIV	anet	380565	2	36	-8.7	5.7	1839	na	na	-	INVESTIGATE		
DIV	tfrrs	76068	None	109	-8.7	6.3	1429	na	na	-	INVESTIGATE		
DIV	tfrrs	66627	None	121	-8.7	5.8	1431	na	na	-	INVESTIGATE		
DIV	tfrrs	8413	None	44	-8.7	5.3	1432	na	na	-	INVESTIGATE		
DIV	tfrrs	45993	None	28	-8.7	5.9	1460	na	na	-	INVESTIGATE		
DIV	anet	41380	1	19	-8.7	10.3	634	na	na	-	INVESTIGATE		
DIV	anet	652306	1	42	-8.7	4.7	1411	na	na	-	INVESTIGATE		
DIV	anet	545606	1	18	-8.7	8.8	652	na	na	-	INVESTIGATE		
DIV	tfrrs	71184	None	238	-8.7	6.2	660	na	na	-	INVESTIGATE		
DIV	tfrrs	71914	None	43	-8.7	2.7	660	na	na	-	INVESTIGATE		
DIV	tfrrs	6192	None	14	+9.5	11.1	1417	na	na	-	INVESTIGATE		
DIV	tfrrs	15392	None	21	-8.7	6.7	1428	na	na	-	INVESTIGATE		
DIV	tfrrs	70331	None	41	-8.7	4.6	1457	na	na	-	INVESTIGATE		
DIV	tfrrs	90766	None	57	-8.7	5.2	1428	na	na	-	INVESTIGATE		
DIV	tfrrs	72541	None	20	-8.7	2.6	1438	na	na	-	INVESTIGATE		
DIV	anet	614854	1	41	+9.5	2.8	1422	na	na	-	INVESTIGATE		
DIV	tfrrs	52602	None	257	-8.6	5.5	1466	na	na	-	INVESTIGATE		
DIV	tfrrs	45910	None	34	-8.6	3.9	1444	na	na	-	INVESTIGATE		
DIV	tfrrs	5268	None	15	-8.6	3.3	1438	na	na	-	INVESTIGATE		
DIV	tfrrs	59842	None	13	-8.6	5.3	659	na	na	-	INVESTIGATE		
DIV	tfrrs	77583	None	42	-8.6	4.0	3107	na	na	-	INVESTIGATE		
DIV	tfrrs	22543	None	123	-8.6	4.5	1436	na	na	-	INVESTIGATE		
DIV	anet	280099	2	56	+9.5	11.4	1443	na	na	-	INVESTIGATE		
DIV	tfrrs	19534	None	26	-8.6	3.0	3105	na	na	-	INVESTIGATE		
DIV	tfrrs	47325	None	19	-8.6	6.2	3130	na	na	-	INVESTIGATE		
DIV	tfrrs	78734	None	107	-8.6	6.1	1429	na	na	-	INVESTIGATE		
DIV	tfrrs	78688	None	29	-8.6	10.3	1429	na	na	-	INVESTIGATE		
DIV	anet	480840	1	16	-8.6	4.2	1322	na	na	-	INVESTIGATE		
DIV	tfrrs	58329	None	21	-8.6	9.5	1456	na	na	-	INVESTIGATE		
DIV	tfrrs	48080	None	62	-8.6	2.7	1461	na	na	-	INVESTIGATE		
DIV	tfrrs	44702	None	55	-8.6	4.6	1444	na	na	-	INVESTIGATE		
DIV	anet	300404	1	21	-8.6	7.0	1034	na	na	-	INVESTIGATE		
DIV	anet	440095	3	12	-8.6	12.4	659	na	na	-	INVESTIGATE		
DIV	tfrrs	17706	None	15	+9.5	23.7	657	na	na	-	INVESTIGATE		
DIV	anet	506671	3	22	-8.6	7.6	1420	na	na	-	INVESTIGATE		
DIV	tfrrs	13229	None	44	-8.6	6.4	1429	na	na	-	INVESTIGATE		
DIV	anet	144421	1	14	-8.6	10.3	636	na	na	-	INVESTIGATE		
DIV	tfrrs	18979	None	28	-8.6	6.0	1451	na	na	-	INVESTIGATE		
DIV	anet	592355	1	28	-8.6	7.9	631	na	na	-	INVESTIGATE		
DIV	tfrrs	80060	None	47	-8.6	3.1	1328	na	na	-	INVESTIGATE		
DIV	tfrrs	71692	None	65	-8.6	9.9	660	na	na	-	INVESTIGATE		
DIV	tfrrs	45454	None	15	-8.6	5.3	1444	na	na	-	INVESTIGATE		
DIV	tfrrs	41025	None	67	-8.6	4.8	1450	na	na	-	INVESTIGATE		
DIV	tfrrs	45090	None	37	-8.6	4.7	1460	na	na	-	INVESTIGATE		
DIV	anet	177057	1	71	+9.4	3.9	1345	na	na	-	INVESTIGATE		
DIV	tfrrs	51635	None	55	-8.6	8.6	655	na	na	-	INVESTIGATE		
DIV	anet	246741	1	20	+9.4	7.6	1420	na	na	-	INVESTIGATE		
DIV	anet	312485	1	288	+9.4	5.1	1425	na	na	-	INVESTIGATE		
DIV	tfrrs	16689	None	55	-8.6	5.4	1428	na	na	-	INVESTIGATE		
DIV	tfrrs	90695	None	67	-8.6	5.5	657	na	na	-	INVESTIGATE		
DIV	tfrrs	17462	None	36	-8.6	2.9	1038	na	na	-	INVESTIGATE		
DIV	tfrrs	33911	None	39	-8.6	3.0	3153	na	na	-	INVESTIGATE		
DIV	tfrrs	66868	None	46	-8.6	8.8	1447	na	na	-	INVESTIGATE		
DIV	tfrrs	12791	None	18	-8.6	6.6	1436	na	na	-	INVESTIGATE		
DIV	tfrrs	2711	None	22	-8.6	6.7	1029	na	na	-	INVESTIGATE		
DIV	tfrrs	30377	None	28	+9.4	14.4	1417	na	na	-	INVESTIGATE		
DIV	tfrrs	84541	None	16	-8.6	6.1	1428	na	na	-	INVESTIGATE		
DIV	tfrrs	73679	None	52	-8.6	7.5	1438	na	na	-	INVESTIGATE		
DIV	tfrrs	86572	None	18	-8.6	7.0	1428	na	na	-	INVESTIGATE		
DIV	tfrrs	15907	None	12	-8.6	12.6	3097	na	na	-	INVESTIGATE		
DIV	anet	32560	1	131	+9.4	5.5	1406	na	na	-	INVESTIGATE		
DIV	anet	593570	1	12	-8.6	13.1	644	na	na	-	INVESTIGATE		
DIV	tfrrs	71040	None	43	-8.6	4.8	1447	na	na	-	INVESTIGATE		
DIV	tfrrs	54736	None	15	-8.6	5.0	3135	na	na	-	INVESTIGATE		
DIV	tfrrs	66320	None	44	-8.6	13.4	1431	na	na	-	INVESTIGATE		
DIV	tfrrs	73924	None	96	-8.6	7.4	1431	na	na	-	INVESTIGATE		
DIV	tfrrs	59817	None	26	-8.6	5.5	1474	na	na	-	INVESTIGATE		
DIV	tfrrs	13265	None	56	-8.6	4.6	1429	na	na	-	INVESTIGATE		
DIV	tfrrs	58718	None	30	-8.6	5.9	1458	na	na	-	INVESTIGATE		
DIV	tfrrs	82333	None	109	-8.6	3.8	1428	na	na	-	INVESTIGATE		
DIV	tfrrs	53521	None	78	-8.6	3.9	1456	na	na	-	INVESTIGATE		
DIV	anet	235496	1	233	+9.4	6.1	1430	na	na	-	INVESTIGATE		
DIV	tfrrs	68115	None	115	-8.6	4.7	1447	na	na	-	INVESTIGATE		
DIV	tfrrs	29126	None	44	-8.6	3.9	1442	na	na	-	INVESTIGATE		
DIV	tfrrs	88076	None	191	-8.6	5.7	1428	na	na	-	INVESTIGATE		
DIV	tfrrs	5315	None	152	-8.6	6.9	1325	na	na	-	INVESTIGATE		
DIV	anet	52773	1	13	-8.6	6.7	648	na	na	-	INVESTIGATE		
DIV	anet	391948	2	16	-8.6	12.8	663	na	na	-	INVESTIGATE		
DIV	tfrrs	14752	None	37	-8.6	5.4	1462	na	na	-	INVESTIGATE		
DIV	tfrrs	66841	None	32	-8.6	5.0	1453	na	na	-	INVESTIGATE		
DIV	tfrrs	67398	None	31	-8.6	6.0	1447	na	na	-	INVESTIGATE		
DIV	anet	125577	2	48	+9.4	6.9	1343	na	na	-	INVESTIGATE		
DIV	tfrrs	77647	None	78	-8.6	4.7	1429	na	na	-	INVESTIGATE		
DIV	tfrrs	34867	None	13	-8.6	4.0	1457	na	na	-	INVESTIGATE		
DIV	tfrrs	50954	None	60	-8.6	3.8	1445	na	na	-	INVESTIGATE		
DIV	tfrrs	44945	None	23	-8.6	8.4	1444	na	na	-	INVESTIGATE		
DIV	tfrrs	11550	None	30	-8.6	7.3	1458	na	na	-	INVESTIGATE		
DIV	tfrrs	74880	None	23	-8.6	6.8	1464	na	na	-	INVESTIGATE		
DIV	anet	511566	1	19	-8.6	8.7	1420	na	na	-	INVESTIGATE		
DIV	tfrrs	75101	None	31	-8.6	4.2	1438	na	na	-	INVESTIGATE		
DIV	tfrrs	66860	None	45	-8.6	5.0	662	na	na	-	INVESTIGATE		
DIV	tfrrs	59256	None	27	-8.6	3.8	1453	na	na	-	INVESTIGATE		
DIV	tfrrs	78527	None	27	-8.6	6.0	1442	na	na	-	INVESTIGATE		
DIV	anet	516880	7	21	+9.4	5.7	657	na	na	-	INVESTIGATE		
DIV	anet	413356	1	42	-8.6	5.4	640	na	na	-	INVESTIGATE		
DIV	anet	164350	1	15	+9.4	5.6	1435	na	na	-	INVESTIGATE		
DIV	tfrrs	9925	None	28	-8.6	2.4	649	na	na	-	INVESTIGATE		
DIV	anet	353421	1	15	-8.6	3.2	1332	na	na	-	INVESTIGATE		
DIV	anet	436157	2	16	-8.6	15.0	661	na	na	-	INVESTIGATE		
DIV	tfrrs	13926	None	114	-8.6	7.9	1440	na	na	-	INVESTIGATE		
DIV	anet	302950	1	19	-8.6	12.9	655	na	na	-	INVESTIGATE		
DIV	tfrrs	13516	None	22	+9.4	10.9	647	na	na	-	INVESTIGATE		
DIV	anet	612900	3	36	-8.6	6.1	1830	na	na	-	INVESTIGATE		
DIV	tfrrs	69098	None	20	-8.6	2.9	1453	na	na	-	INVESTIGATE		
DIV	tfrrs	62161	None	40	+9.4	11.6	659	na	na	-	INVESTIGATE		
DIV	tfrrs	21907	None	33	-8.6	3.1	1444	na	na	-	INVESTIGATE		
DIV	tfrrs	31762	None	20	-8.6	3.5	3149	na	na	-	INVESTIGATE		
DIV	tfrrs	7965	None	53	-8.6	7.7	1441	na	na	-	INVESTIGATE		
DIV	tfrrs	80998	None	36	-8.6	5.8	1429	na	na	-	INVESTIGATE		
DIV	anet	383080	1	69	+9.4	5.9	659	na	na	-	INVESTIGATE		
DIV	anet	601266	1	18	-8.6	8.7	1415	na	na	-	INVESTIGATE		
DIV	tfrrs	42130	None	182	-8.6	5.8	1444	na	na	-	INVESTIGATE		
DIV	tfrrs	19152	None	37	-8.6	3.4	3129	na	na	-	INVESTIGATE		
DIV	anet	96455	1	50	+9.4	5.4	1288	na	na	-	INVESTIGATE		
DIV	tfrrs	75198	None	18	+9.4	5.2	1425	na	na	-	INVESTIGATE		
DIV	anet	376468	1	14	+9.4	7.1	847	na	na	-	INVESTIGATE		
DIV	anet	405702	1	69	+9.4	6.5	1409	na	na	-	INVESTIGATE		
DIV	tfrrs	50286	None	27	-8.6	6.2	1445	na	na	-	INVESTIGATE		
DIV	tfrrs	45035	None	40	-8.6	4.7	1466	na	na	-	INVESTIGATE		
DIV	anet	620363	2	28	-8.6	5.6	644	na	na	-	INVESTIGATE		
DIV	tfrrs	23091	None	67	-8.6	3.8	1446	na	na	-	INVESTIGATE		
DIV	anet	209106	1	72	+9.4	4.6	1331	na	na	-	INVESTIGATE		
DIV	tfrrs	45830	None	39	-8.6	3.2	1444	na	na	-	INVESTIGATE		
DIV	anet	513228	2	20	+9.4	6.3	654	na	na	-	INVESTIGATE		
DIV	anet	431653	1	34	-8.6	5.9	1431	na	na	-	INVESTIGATE		
DIV	anet	284388	1	13	-8.6	8.2	1329	na	na	-	INVESTIGATE		
DIV	tfrrs	95807	None	41	-8.6	8.5	1431	na	na	-	INVESTIGATE		
DIV	tfrrs	90833	None	20	-8.6	4.6	1428	na	na	-	INVESTIGATE		
DIV	tfrrs	16717	None	13	-8.6	9.4	1456	na	na	-	INVESTIGATE		
DIV	tfrrs	91490	None	23	-8.6	4.0	654	na	na	-	INVESTIGATE		
DIV	tfrrs	88356	None	34	-8.6	5.0	1428	na	na	-	INVESTIGATE		
DIV	tfrrs	62796	None	278	-8.6	3.3	1454	na	na	-	INVESTIGATE		
DIV	anet	607829	2	33	+9.4	5.5	656	na	na	-	INVESTIGATE		
DIV	tfrrs	9888	None	15	-8.6	4.8	1444	na	na	-	INVESTIGATE		
DIV	tfrrs	24125	None	131	-8.6	3.8	1436	na	na	-	INVESTIGATE		
DIV	tfrrs	20354	None	13	-8.6	6.6	1434	na	na	-	INVESTIGATE		
DIV	tfrrs	58366	None	27	-8.6	6.1	3164	na	na	-	INVESTIGATE		
DIV	anet	164139	2	39	+9.4	6.4	1435	na	na	-	INVESTIGATE		
DIV	tfrrs	6105	None	23	-8.6	5.9	1426	na	na	-	INVESTIGATE		
DIV	tfrrs	31523	None	122	-8.6	7.7	1460	na	na	-	INVESTIGATE		
DIV	anet	437998	1	17	+9.4	9.1	1427	na	na	-	INVESTIGATE		
DIV	anet	221787	1	20	+9.4	15.9	1435	na	na	-	INVESTIGATE		
DIV	tfrrs	16111	None	38	-8.6	3.3	1428	na	na	-	INVESTIGATE		
DIV	anet	284683	1	62	+9.4	5.0	1353	na	na	-	INVESTIGATE		
DIV	anet	470850	1	28	-8.5	5.9	646	na	na	-	INVESTIGATE		
DIV	tfrrs	70739	None	12	-8.5	5.6	1473	na	na	-	INVESTIGATE		
DIV	tfrrs	86874	None	51	-8.5	5.7	656	na	na	-	INVESTIGATE		
DIV	anet	669606	5	21	-8.5	5.9	1816	na	na	-	INVESTIGATE		
DIV	tfrrs	4825	None	57	-8.5	10.9	1438	na	na	-	INVESTIGATE		
DIV	tfrrs	43192	None	28	-8.5	3.4	3126	na	na	-	INVESTIGATE		
DIV	anet	240773	1	18	-8.5	3.8	1443	na	na	-	INVESTIGATE		
DIV	tfrrs	56141	None	30	-8.5	4.4	1456	na	na	-	INVESTIGATE		
DIV	tfrrs	49112	None	13	-8.5	4.3	1445	na	na	-	INVESTIGATE		
DIV	tfrrs	37695	None	45	-8.5	4.9	1467	na	na	-	INVESTIGATE		
DIV	tfrrs	16690	None	24	-8.5	5.2	1428	na	na	-	INVESTIGATE		
DIV	anet	470616	1	56	+9.3	13.2	1431	na	na	-	INVESTIGATE		
DIV	anet	312083	1	13	+9.3	5.3	1420	na	na	-	INVESTIGATE		
DIV	tfrrs	82717	None	96	-8.5	5.9	1428	na	na	-	INVESTIGATE		
DIV	anet	347406	7	17	-8.5	10.0	657	na	na	-	INVESTIGATE		
DIV	anet	75726	1	99	+9.3	9.2	1428	na	na	-	INVESTIGATE		
DIV	tfrrs	71876	None	36	-8.5	7.7	1437	na	na	-	INVESTIGATE		
DIV	tfrrs	74007	None	37	-8.5	5.1	1438	na	na	-	INVESTIGATE		
DIV	tfrrs	34007	None	26	-8.5	5.2	1465	na	na	-	INVESTIGATE		
DIV	tfrrs	88406	None	32	-8.5	5.6	1428	na	na	-	INVESTIGATE		
DIV	anet	125361	1	52	+9.3	4.4	1423	na	na	-	INVESTIGATE		
DIV	anet	590347	1	15	-8.5	4.5	2228	na	na	-	INVESTIGATE		
DIV	tfrrs	1773	None	20	-8.5	14.3	1429	na	na	-	INVESTIGATE		
DIV	tfrrs	36262	None	66	-8.5	3.8	1465	na	na	-	INVESTIGATE		
DIV	anet	453377	1	15	-8.5	7.9	1839	na	na	-	INVESTIGATE		
DIV	tfrrs	5990	None	22	-8.5	12.3	1432	na	na	-	INVESTIGATE		
DIV	anet	32237	1	40	+9.3	6.4	1406	na	na	-	INVESTIGATE		
DIV	tfrrs	44331	None	50	-8.5	5.2	1444	na	na	-	INVESTIGATE		
DIV	tfrrs	62398	None	26	-8.5	7.0	1453	na	na	-	INVESTIGATE		
DIV	tfrrs	54855	None	90	-8.5	7.5	1450	na	na	-	INVESTIGATE		
DIV	tfrrs	66232	None	12	-8.5	3.1	662	na	na	-	INVESTIGATE		
DIV	tfrrs	76742	None	68	-8.5	3.9	1439	na	na	-	INVESTIGATE		
DIV	anet	331342	2	17	-8.5	95.4	1449	na	na	-	INVESTIGATE		
DIV	tfrrs	25991	None	87	-8.5	3.9	1436	na	na	-	INVESTIGATE		
DIV	anet	229169	1	56	+9.3	2.9	1365	na	na	-	INVESTIGATE		
DIV	anet	543305	1	14	+9.3	13.8	1408	na	na	-	INVESTIGATE		
DIV	tfrrs	68014	None	43	-8.5	7.0	1447	na	na	-	INVESTIGATE		
DIV	anet	343776	1	15	-8.5	4.4	1430	na	na	-	INVESTIGATE		
DIV	anet	372826	2	31	+9.3	9.7	1452	na	na	-	INVESTIGATE		
DIV	tfrrs	34429	None	55	-8.5	7.7	1448	na	na	-	INVESTIGATE		
DIV	anet	73255	1	33	-8.5	7.4	1409	na	na	-	INVESTIGATE		
DIV	anet	306231	1	93	+9.3	4.7	1425	na	na	-	INVESTIGATE		
DIV	tfrrs	81173	None	35	-8.5	3.9	1429	na	na	-	INVESTIGATE		
DIV	anet	563261	1	53	+9.3	4.2	1424	na	na	-	INVESTIGATE		
DIV	tfrrs	37061	None	52	-8.5	5.4	3155	na	na	-	INVESTIGATE		
DIV	tfrrs	68690	None	101	-8.5	4.8	1447	na	na	-	INVESTIGATE		
DIV	tfrrs	90599	None	18	-8.5	5.6	1428	na	na	-	INVESTIGATE		
DIV	anet	183942	1	16	+9.3	7.2	1434	na	na	-	INVESTIGATE		
DIV	anet	311649	1	20	+9.3	2.6	3092	na	na	-	INVESTIGATE		
DIV	tfrrs	68892	None	33	-8.5	4.3	1453	na	na	-	INVESTIGATE		
DIV	tfrrs	54613	None	51	-8.5	3.9	1456	na	na	-	INVESTIGATE		
DIV	tfrrs	90034	None	43	-8.5	6.6	654	na	na	-	INVESTIGATE		
DIV	tfrrs	70986	None	29	-8.5	10.6	1438	na	na	-	INVESTIGATE		
DIV	tfrrs	93183	None	38	-8.5	4.5	1433	na	na	-	INVESTIGATE		
DIV	tfrrs	15747	None	12	-8.5	2.8	1442	na	na	-	INVESTIGATE		
DIV	anet	175232	3	36	-8.5	10.1	1420	na	na	-	INVESTIGATE		
DIV	tfrrs	39182	None	33	-8.5	11.5	1450	na	na	-	INVESTIGATE		
DIV	anet	240493	1	28	-8.5	28.7	1437	na	na	-	INVESTIGATE		
DIV	tfrrs	48975	None	34	-8.5	4.8	1445	na	na	-	INVESTIGATE		
DIV	anet	151590	3	57	+9.3	10.9	1416	na	na	-	INVESTIGATE		
DIV	tfrrs	29347	None	23	-8.5	3.1	3113	na	na	-	INVESTIGATE		
DIV	tfrrs	9327	None	22	-8.5	3.9	1342	na	na	-	INVESTIGATE		
DIV	tfrrs	70980	None	124	-8.5	4.1	1438	na	na	-	INVESTIGATE		
DIV	tfrrs	10818	None	30	-8.5	4.1	3124	na	na	-	INVESTIGATE		
DIV	tfrrs	78998	None	152	-8.5	5.0	1429	na	na	-	INVESTIGATE		
DIV	tfrrs	36487	None	27	-8.5	5.6	1450	na	na	-	INVESTIGATE		
DIV	tfrrs	60121	None	40	-8.5	5.6	1453	na	na	-	INVESTIGATE		
DIV	tfrrs	91553	None	35	-8.5	5.7	1428	na	na	-	INVESTIGATE		
DIV	tfrrs	66461	None	100	-8.5	6.1	1447	na	na	-	INVESTIGATE		
DIV	tfrrs	10020	None	57	-8.5	7.8	1432	na	na	-	INVESTIGATE		
DIV	tfrrs	39057	None	31	-8.5	6.9	1450	na	na	-	INVESTIGATE		
DIV	tfrrs	96315	None	53	-8.5	5.5	1431	na	na	-	INVESTIGATE		
DIV	tfrrs	76674	None	95	-8.5	6.1	1429	na	na	-	INVESTIGATE		
DIV	anet	563236	1	57	+9.3	4.5	1408	na	na	-	INVESTIGATE		
DIV	tfrrs	73276	None	85	-8.5	8.9	1425	na	na	-	INVESTIGATE		
DIV	tfrrs	20250	None	34	-8.5	3.2	1451	na	na	-	INVESTIGATE		
DIV	tfrrs	16151	None	72	-8.5	11.7	1435	na	na	-	INVESTIGATE		
DIV	tfrrs	26679	None	12	-8.5	3.5	1458	na	na	-	INVESTIGATE		
DIV	anet	423344	3	27	+9.3	7.4	661	na	na	-	INVESTIGATE		
DIV	tfrrs	81730	None	144	-8.5	6.0	1444	na	na	-	INVESTIGATE		
DIV	tfrrs	66245	None	141	-8.5	3.9	1447	na	na	-	INVESTIGATE		
DIV	tfrrs	52582	None	340	-8.5	3.7	1464	na	na	-	INVESTIGATE		
DIV	tfrrs	74141	None	17	-8.5	22.8	1447	na	na	-	INVESTIGATE		
DIV	anet	432869	1	28	-8.5	3.3	1427	na	na	-	INVESTIGATE		
DIV	tfrrs	10441	None	31	-8.5	8.9	1443	na	na	-	INVESTIGATE		
DIV	tfrrs	84963	None	19	-8.5	8.8	1428	na	na	-	INVESTIGATE		
DIV	tfrrs	71427	None	272	-8.5	6.7	1438	na	na	-	INVESTIGATE		
DIV	tfrrs	66422	None	155	-8.5	4.0	1447	na	na	-	INVESTIGATE		
DIV	tfrrs	76751	None	12	-8.5	3.3	3131	na	na	-	INVESTIGATE		
DIV	tfrrs	10031	None	79	-8.5	4.8	1444	na	na	-	INVESTIGATE		
DIV	tfrrs	22864	None	31	-8.5	9.6	1446	na	na	-	INVESTIGATE		
DIV	anet	142708	3	17	-8.5	7.6	648	na	na	-	INVESTIGATE		
DIV	tfrrs	76322	None	127	-8.5	5.4	1446	na	na	-	INVESTIGATE		
DIV	anet	599337	1	12	-8.5	40.1	639	na	na	-	INVESTIGATE		
DIV	tfrrs	33819	None	17	-8.5	10.8	1448	na	na	-	INVESTIGATE		
DIV	anet	123399	1	92	+9.3	9.4	1431	na	na	-	INVESTIGATE		
DIV	tfrrs	64563	None	44	-8.5	8.2	1463	na	na	-	INVESTIGATE		
DIV	anet	152712	1	26	-8.5	6.3	1416	na	na	-	INVESTIGATE		
DIV	anet	222911	2	41	+9.3	4.0	1428	na	na	-	INVESTIGATE		
DIV	tfrrs	14558	None	73	-8.5	5.9	1442	na	na	-	INVESTIGATE		
DIV	anet	166128	6	27	-8.5	45.4	1821	na	na	-	INVESTIGATE		
DIV	anet	433936	1	12	-8.5	7.9	1034	na	na	-	INVESTIGATE		
DIV	anet	438003	1	26	+9.2	3.1	1427	na	na	-	INVESTIGATE		
DIV	anet	376238	1	20	+9.2	8.0	1444	na	na	-	INVESTIGATE		
DIV	anet	309051	2	26	+9.2	5.6	1444	na	na	-	INVESTIGATE		
DIV	tfrrs	76422	None	34	-8.5	6.1	1038	na	na	-	INVESTIGATE		
DIV	anet	134637	1	23	+9.2	6.0	1433	na	na	-	INVESTIGATE		
DIV	tfrrs	5284	None	237	-8.5	7.4	1426	na	na	-	INVESTIGATE		
DIV	tfrrs	31452	None	124	-8.5	4.9	1448	na	na	-	INVESTIGATE		
DIV	anet	380605	1	53	+9.2	8.9	1433	na	na	-	INVESTIGATE		
DIV	tfrrs	30326	None	21	-8.5	9.8	1442	na	na	-	INVESTIGATE		
DIV	anet	263209	1	76	+9.2	5.5	850	na	na	-	INVESTIGATE		
DIV	anet	405252	1	37	+9.2	3.7	1428	na	na	-	INVESTIGATE		
DIV	anet	95997	1	175	+9.2	4.7	1408	na	na	-	INVESTIGATE		
DIV	tfrrs	19117	None	25	-8.5	6.8	1434	na	na	-	INVESTIGATE		
DIV	tfrrs	46957	None	32	-8.5	3.7	3154	na	na	-	INVESTIGATE		
DIV	tfrrs	79889	None	23	-8.5	4.0	1429	na	na	-	INVESTIGATE		
DIV	tfrrs	43578	None	66	-8.5	6.5	2325	na	na	-	INVESTIGATE		
DIV	tfrrs	30941	None	75	-8.5	4.2	1451	na	na	-	INVESTIGATE		
DIV	tfrrs	81143	None	48	-8.5	7.0	1439	na	na	-	INVESTIGATE		
DIV	anet	229303	1	50	-8.4	4.8	1035	na	na	-	INVESTIGATE		
DIV	tfrrs	63245	None	29	-8.4	4.7	3133	na	na	-	INVESTIGATE		
DIV	tfrrs	49100	None	104	-8.4	4.1	1445	na	na	-	INVESTIGATE		
DIV	tfrrs	67873	None	113	-8.4	4.5	1447	na	na	-	INVESTIGATE		
DIV	anet	492064	2	16	-8.4	7.6	654	na	na	-	INVESTIGATE		
DIV	tfrrs	15958	None	52	-8.4	8.2	1428	na	na	-	INVESTIGATE		
DIV	tfrrs	60632	None	46	-8.4	3.5	1458	na	na	-	INVESTIGATE		
DIV	anet	345594	1	13	-8.4	8.4	1420	na	na	-	INVESTIGATE		
DIV	tfrrs	66255	None	15	-8.4	10.0	1447	na	na	-	INVESTIGATE		
DIV	anet	579670	1	17	-8.4	7.2	1415	na	na	-	INVESTIGATE		
DIV	tfrrs	3024	None	41	-8.4	5.4	1438	na	na	-	INVESTIGATE		
DIV	tfrrs	10315	None	63	-8.4	9.1	1429	na	na	-	INVESTIGATE		
DIV	anet	429409	1	26	-8.4	8.1	1438	na	na	-	INVESTIGATE		
DIV	tfrrs	79457	None	75	-8.4	4.3	1442	na	na	-	INVESTIGATE		
DIV	anet	246395	2	24	-8.4	11.5	1042	na	na	-	INVESTIGATE		
DIV	anet	226587	2	17	+9.2	10.7	652	na	na	-	INVESTIGATE		
DIV	tfrrs	67033	None	71	-8.4	7.9	1447	na	na	-	INVESTIGATE		
DIV	anet	490885	2	12	-8.4	10.8	1428	na	na	-	INVESTIGATE		
DIV	tfrrs	93777	None	46	-8.4	5.9	1431	na	na	-	INVESTIGATE		
DIV	anet	277604	1	18	-8.4	5.0	1329	na	na	-	INVESTIGATE		
DIV	anet	645040	1	21	+9.2	5.7	631	na	na	-	INVESTIGATE		
DIV	tfrrs	54389	None	20	-8.4	9.1	1434	na	na	-	INVESTIGATE		
DIV	tfrrs	43933	None	51	-8.4	9.1	1460	na	na	-	INVESTIGATE		
DIV	tfrrs	56518	None	12	-8.4	4.3	1450	na	na	-	INVESTIGATE		
DIV	tfrrs	64973	None	94	-8.4	7.7	1454	na	na	-	INVESTIGATE		
DIV	anet	287692	1	76	+9.2	8.7	1425	na	na	-	INVESTIGATE		
DIV	anet	185751	1	41	-8.4	8.8	1422	na	na	-	INVESTIGATE		
DIV	anet	260144	2	12	-8.4	10.6	1443	na	na	-	INVESTIGATE		
DIV	tfrrs	77097	None	92	-8.4	6.3	1030	na	na	-	INVESTIGATE		
DIV	tfrrs	3168	None	36	-8.4	8.3	1457	na	na	-	INVESTIGATE		
DIV	tfrrs	76735	None	16	-8.4	4.8	3107	na	na	-	INVESTIGATE		
DIV	tfrrs	18961	None	103	-8.4	4.3	1434	na	na	-	INVESTIGATE		
DIV	tfrrs	55522	None	53	-8.4	5.3	1459	na	na	-	INVESTIGATE		
DIV	tfrrs	94092	None	15	-8.4	8.2	647	na	na	-	INVESTIGATE		
DIV	tfrrs	72129	None	85	-8.4	8.1	1438	na	na	-	INVESTIGATE		
DIV	anet	585549	2	17	-8.4	7.9	820	na	na	-	INVESTIGATE		
DIV	tfrrs	76319	None	91	-8.4	4.7	1429	na	na	-	INVESTIGATE		
DIV	tfrrs	39321	None	36	-8.4	8.9	1458	na	na	-	INVESTIGATE		
DIV	anet	596726	1	21	-8.4	12.7	1408	na	na	-	INVESTIGATE		
DIV	anet	548498	2	22	-8.4	8.0	1408	na	na	-	INVESTIGATE		
DIV	tfrrs	71631	None	107	-8.4	9.7	1438	na	na	-	INVESTIGATE		
DIV	tfrrs	12563	None	32	-8.4	8.1	1429	na	na	-	INVESTIGATE		
DIV	tfrrs	16103	None	14	-8.4	3.8	1442	na	na	-	INVESTIGATE		
DIV	anet	561949	2	14	+9.2	5.1	652	na	na	-	INVESTIGATE		
DIV	tfrrs	6480	None	38	-8.4	6.6	1448	na	na	-	INVESTIGATE		
DIV	anet	158783	5	16	-8.4	3.0	649	na	na	-	INVESTIGATE		
DIV	anet	377843	1	81	+9.2	8.1	1433	na	na	-	INVESTIGATE		
DIV	tfrrs	24747	None	51	-8.4	4.7	1436	na	na	-	INVESTIGATE		
DIV	tfrrs	10392	None	12	-8.4	4.2	1429	na	na	-	INVESTIGATE		
DIV	tfrrs	8830	None	58	-8.4	8.1	1446	na	na	-	INVESTIGATE		
DIV	tfrrs	9415	None	80	-8.4	5.3	1453	na	na	-	INVESTIGATE		
DIV	anet	112014	1	23	-8.4	6.2	1427	na	na	-	INVESTIGATE		
DIV	anet	554268	1	23	+9.2	11.0	1417	na	na	-	INVESTIGATE		
DIV	tfrrs	76764	None	94	-8.4	3.4	1446	na	na	-	INVESTIGATE		
DIV	tfrrs	13957	None	14	-8.4	7.0	1435	na	na	-	INVESTIGATE		
DIV	tfrrs	76377	None	72	-8.4	7.7	1429	na	na	-	INVESTIGATE		
DIV	tfrrs	77594	None	51	-8.4	5.1	1442	na	na	-	INVESTIGATE		
DIV	tfrrs	38509	None	110	-8.4	6.6	1467	na	na	-	INVESTIGATE		
DIV	anet	347433	2	16	-8.4	12.7	657	na	na	-	INVESTIGATE		
DIV	anet	469772	2	17	+9.2	6.9	1420	na	na	-	INVESTIGATE		
DIV	tfrrs	43941	None	123	-8.4	5.1	1460	na	na	-	INVESTIGATE		
DIV	tfrrs	59820	None	41	-8.4	5.0	3139	na	na	-	INVESTIGATE		
DIV	tfrrs	33699	None	47	-8.4	10.9	1448	na	na	-	INVESTIGATE		
DIV	tfrrs	3200	None	18	-8.4	10.2	1426	na	na	-	INVESTIGATE		
DIV	tfrrs	22801	None	485	-8.4	4.8	1460	na	na	-	INVESTIGATE		
DIV	tfrrs	85154	None	37	-8.4	4.7	1428	na	na	-	INVESTIGATE		
DIV	tfrrs	55004	None	42	-8.4	5.7	657	na	na	-	INVESTIGATE		
DIV	tfrrs	76454	None	47	-8.4	13.3	1429	na	na	-	INVESTIGATE		
DIV	anet	412997	1	25	+9.1	6.4	1337	na	na	-	INVESTIGATE		
DIV	tfrrs	22251	None	89	-8.4	3.8	1436	na	na	-	INVESTIGATE		
DIV	anet	143338	3	15	-8.4	4.4	1416	na	na	-	INVESTIGATE		
DIV	tfrrs	28956	None	20	-8.4	3.7	1449	na	na	-	INVESTIGATE		
DIV	tfrrs	67845	None	67	-8.4	4.3	1447	na	na	-	INVESTIGATE		
DIV	anet	40683	3	12	-8.4	2.9	2242	na	na	-	INVESTIGATE		
DIV	anet	148767	1	13	-8.4	7.1	1416	na	na	-	INVESTIGATE		
DIV	tfrrs	75651	None	51	-8.4	5.0	1429	na	na	-	INVESTIGATE		
DIV	tfrrs	37545	None	54	-8.4	4.3	1431	na	na	-	INVESTIGATE		
DIV	tfrrs	26379	None	15	-8.4	4.1	1446	na	na	-	INVESTIGATE		
DIV	tfrrs	15303	None	50	-8.4	6.1	1435	na	na	-	INVESTIGATE		
DIV	tfrrs	83988	None	87	-8.4	5.5	1428	na	na	-	INVESTIGATE		
DIV	anet	382912	2	13	+9.1	10.6	659	na	na	-	INVESTIGATE		
DIV	anet	245013	1	20	+9.1	14.2	1045	na	na	-	INVESTIGATE		
DIV	tfrrs	13734	None	35	-8.4	5.6	3121	na	na	-	INVESTIGATE		
DIV	tfrrs	16094	None	17	-8.4	3.6	3097	na	na	-	INVESTIGATE		
DIV	tfrrs	28995	None	66	-8.4	5.1	1442	na	na	-	INVESTIGATE		
DIV	anet	292938	1	33	+9.1	8.0	1353	na	na	-	INVESTIGATE		
DIV	tfrrs	82648	None	40	-8.4	4.1	1428	na	na	-	INVESTIGATE		
DIV	anet	220913	1	15	+9.1	2.8	2884	na	na	-	INVESTIGATE		
DIV	anet	125558	1	55	+9.1	4.9	1343	na	na	-	INVESTIGATE		
DIV	tfrrs	79231	None	78	-8.4	4.9	1429	na	na	-	INVESTIGATE		
DIV	anet	405794	1	29	+9.1	4.4	1428	na	na	-	INVESTIGATE		
DIV	anet	119953	1	174	+9.1	3.7	1409	na	na	-	INVESTIGATE		
DIV	tfrrs	87375	None	116	-8.4	6.7	1428	na	na	-	INVESTIGATE		
DIV	tfrrs	37737	None	29	-8.4	7.8	1467	na	na	-	INVESTIGATE		
DIV	tfrrs	8217	None	22	-8.4	8.9	3173	na	na	-	INVESTIGATE		
DIV	tfrrs	36494	None	59	-8.4	5.3	3155	na	na	-	INVESTIGATE		
DIV	anet	461527	2	13	-8.4	15.0	1425	na	na	-	INVESTIGATE		
DIV	tfrrs	85010	None	13	-8.4	4.9	1428	na	na	-	INVESTIGATE		
DIV	tfrrs	41075	None	71	-8.4	3.7	1450	na	na	-	INVESTIGATE		
DIV	tfrrs	48950	None	59	-8.4	6.6	1461	na	na	-	INVESTIGATE		
DIV	anet	379774	1	48	-8.4	13.6	1047	na	na	-	INVESTIGATE		
DIV	tfrrs	78070	None	49	-8.4	7.9	1442	na	na	-	INVESTIGATE		
DIV	tfrrs	65285	None	91	-8.4	5.0	1454	na	na	-	INVESTIGATE		
DIV	anet	337868	2	25	+9.1	10.0	1449	na	na	-	INVESTIGATE		
DIV	anet	114016	3	13	-8.4	2.7	1326	na	na	-	INVESTIGATE		
DIV	tfrrs	34736	None	29	-8.4	4.8	1471	na	na	-	INVESTIGATE		
DIV	anet	43479	1	35	-8.4	5.2	2862	na	na	-	INVESTIGATE		
DIV	anet	342720	2	17	+9.1	12.6	657	na	na	-	INVESTIGATE		
DIV	anet	275743	1	12	-8.4	4.8	654	na	na	-	INVESTIGATE		
DIV	anet	270037	1	17	-8.4	10.7	633	na	na	-	INVESTIGATE		
DIV	tfrrs	18595	None	25	-8.4	4.5	1455	na	na	-	INVESTIGATE		
DIV	tfrrs	81895	None	134	-8.4	5.9	1428	na	na	-	INVESTIGATE		
DIV	tfrrs	31584	None	56	-8.4	4.0	1457	na	na	-	INVESTIGATE		
DIV	tfrrs	71863	None	85	-8.4	3.7	1438	na	na	-	INVESTIGATE		
DIV	anet	168020	1	28	+9.1	4.9	1416	na	na	-	INVESTIGATE		
