# kind	source	meet_id	div_id	n	c_pct	iqr_pct	d_eff	seasons_flagged	seasons_total	already	proposed	decision	target
# decision <- KEEP/OVERRIDE/DROP/GENDER ; target <- metres or M/F
# c_pct = whole-field spike vs each runner's OWN bracket
DIV	anet	139716	580398	19	-63.1	3.2	1426	2	17	-	INVESTIGATE		
DIV	anet	193001	807098	180	-59.0	8.7	5131	1	22	-	INVESTIGATE		
DIV	anet	65728	284059	13	-55.5	12.1	3107	1	16	-	INVESTIGATE		
DIV	anet	62585	302185	17	-55.0	4.9	2184	1	11	-	INVESTIGATE		
DIV	anet	34600	279319	96	-54.7	4.2	2352	2	12	-	INVESTIGATE		
DIV	anet	270086	1075180	42	-53.6	2.9	1412	1	10	-	INVESTIGATE		
DIV	anet	199300	798809	12	+113.4	8.1	5122	2	7	-	INVESTIGATE		
DIV	anet	203074	814070	12	-53.0	5.9	1449	1	6	-	INVESTIGATE		
DIV	anet	112778	447458	12	-52.8	3.0	1456	3	28	-	INVESTIGATE		
DIV	anet	162731	673134	25	-52.3	5.1	1433	1	9	-	INVESTIGATE		
DIV	tfrrs	9391	1	17	-51.4	9.1	1436	na	na	-	INVESTIGATE		
DIV	anet	203074	814068	18	-51.3	16.4	1470	1	6	-	INVESTIGATE		
DIV	anet	83982	330068	12	-51.2	2.9	1458	1	13	-	INVESTIGATE		
DIV	anet	138967	575683	13	-51.2	10.8	1457	2	6	-	INVESTIGATE		
DIV	tfrrs	23429	1	21	-51.0	11.6	2923	na	na	-	INVESTIGATE		
DIV	anet	237804	950578	17	-50.5	4.1	2253	2	13	-	INVESTIGATE		
DIV	tfrrs	9177	0	25	-50.2	7.0	2844	na	na	-	INVESTIGATE		
DIV	anet	142483	597135	19	-49.9	10.2	1318	15	26	-	PERSISTENT		
DIV	tfrrs	11651	0	29	-48.4	4.3	3113	na	na	-	INVESTIGATE		
DIV	anet	35666	175628	23	-48.1	7.2	1456	5	28	-	INVESTIGATE		
DIV	anet	90197	384796	14	-46.7	5.6	1350	1	17	-	INVESTIGATE		
DIV	anet	197776	792428	13	-46.7	10.6	2915	2	15	-	INVESTIGATE		
DIV	anet	140581	585756	16	-46.7	6.2	1435	1	2	-	INVESTIGATE		
DIV	anet	142483	597136	24	-46.6	8.8	1323	15	26	-	PERSISTENT		
DIV	anet	151719	629322	55	-46.3	7.9	2891	2	13	-	INVESTIGATE		
DIV	anet	116992	468789	47	-45.8	7.8	1433	2	6	-	INVESTIGATE		
DIV	tfrrs	9640	2	41	-45.8	4.5	3114	na	na	-	INVESTIGATE		
DIV	anet	103109	452752	73	-45.5	8.4	1456	5	31	-	INVESTIGATE		
DIV	anet	52567	223756	22	-45.5	5.6	2262	1	17	-	INVESTIGATE		
DIV	anet	103109	452753	78	-45.5	7.9	1433	5	31	-	INVESTIGATE		
DIV	anet	42993	185304	21	-45.4	5.0	1431	5	28	-	INVESTIGATE		
DIV	anet	176914	724206	31	-45.3	7.2	1347	1	9	-	INVESTIGATE		
DIV	anet	151719	629323	27	-45.3	7.0	2888	2	13	-	INVESTIGATE		
DIV	tfrrs	21909	0	25	-45.2	4.0	2933	na	na	-	INVESTIGATE		
DIV	anet	197513	791358	12	+82.3	19.6	2283	1	15	OVERRIDE	REGRESSION		
DIV	tfrrs	7057	0	33	-44.8	2.7	2876	na	na	-	INVESTIGATE		
DIV	tfrrs	9756	0	28	-44.6	4.3	3182	na	na	-	INVESTIGATE		
DIV	anet	259219	1029166	12	-44.4	5.2	1424	4	15	-	INVESTIGATE		
DIV	tfrrs	7938	0	89	-44.3	3.9	1643	na	na	-	INVESTIGATE		
DIV	tfrrs	9756	1	35	-44.3	3.8	3182	na	na	-	INVESTIGATE		
DIV	anet	197776	792431	17	-44.2	4.6	2923	2	15	-	INVESTIGATE		
DIV	anet	50928	216949	29	-44.0	3.7	1324	1	18	-	INVESTIGATE		
DIV	anet	122945	494164	22	-43.8	6.6	5043	1	17	-	INVESTIGATE		
DIV	tfrrs	12792	0	14	-43.7	11.5	3192	na	na	-	INVESTIGATE		
DIV	anet	243247	969385	13	-43.7	5.5	2875	2	8	-	INVESTIGATE		
DIV	anet	119612	506390	98	-43.7	8.1	3112	2	12	-	INVESTIGATE		
DIV	tfrrs	10714	0	14	-43.7	8.8	3170	na	na	-	INVESTIGATE		
DIV	anet	142044	594644	62	-43.7	5.7	1417	11	14	OVERRIDE	REGRESSION		
DIV	anet	197776	792430	27	-43.6	5.6	2915	2	15	-	INVESTIGATE		
DIV	anet	4572	27264	33	-43.6	5.6	2921	1	9	-	INVESTIGATE		
DIV	anet	8589	40207	14	-43.6	7.2	4023	4	20	-	INVESTIGATE		
DIV	anet	4572	27265	17	-43.5	4.4	2915	1	9	-	INVESTIGATE		
DIV	anet	130490	531077	47	-43.2	5.2	1427	11	14	-	PERSISTENT		
DIV	tfrrs	10597	0	16	-43.2	2.2	2880	na	na	-	INVESTIGATE		
DIV	anet	101387	399382	23	-43.1	5.4	5056	1	8	OVERRIDE	REGRESSION		
DIV	tfrrs	11008	0	26	-42.9	4.0	2827	na	na	-	INVESTIGATE		
DIV	anet	168935	698739	32	-42.8	4.5	2260	3	19	-	INVESTIGATE		
DIV	anet	142044	594646	20	-42.8	3.3	1422	11	14	-	PERSISTENT		
DIV	tfrrs	10714	1	12	-42.8	11.9	3114	na	na	-	INVESTIGATE		
DIV	anet	198624	795850	39	-42.8	3.6	5131	1	6	-	INVESTIGATE		
DIV	tfrrs	8378	0	16	-42.7	3.2	2875	na	na	-	INVESTIGATE		
DIV	anet	168935	698743	39	-42.6	4.0	2266	3	19	-	INVESTIGATE		
DIV	anet	142146	595166	40	-42.5	3.3	1417	11	14	-	PERSISTENT		
DIV	anet	204027	818406	24	-42.5	5.2	3153	1	8	-	INVESTIGATE		
DIV	anet	219105	877148	20	-42.4	4.6	3117	1	5	-	INVESTIGATE		
DIV	tfrrs	8634	0	48	-42.3	5.7	5048	na	na	-	INVESTIGATE		
DIV	tfrrs	4876	0	52	-42.3	2.4	5055	na	na	OVERRIDE	REGRESSION		
DIV	anet	141136	589275	13	-42.3	4.2	3085	2	6	-	INVESTIGATE		
DIV	anet	256239	1051013	32	-42.1	6.4	3086	3	10	-	INVESTIGATE		
DIV	tfrrs	8905	0	14	-42.1	4.4	2875	na	na	-	INVESTIGATE		
DIV	tfrrs	8691	0	51	-41.9	4.9	5048	na	na	-	INVESTIGATE		
DIV	anet	122945	494162	50	-41.8	8.9	5054	1	17	-	INVESTIGATE		
DIV	anet	142146	595169	34	-41.7	5.2	1422	11	14	-	PERSISTENT		
DIV	anet	244377	973047	36	-41.7	7.5	1843	3	7	-	INVESTIGATE		
DIV	tfrrs	7057	1	19	-41.6	2.9	3992	na	na	-	INVESTIGATE		
DIV	anet	232597	928567	201	-41.4	6.4	5039	2	9	-	INVESTIGATE		
DIV	tfrrs	7660	0	45	-41.4	3.1	1826	na	na	-	INVESTIGATE		
DIV	tfrrs	8044	0	44	-41.4	3.3	1826	na	na	-	INVESTIGATE		
DIV	tfrrs	10064	0	33	-41.4	5.9	3990	na	na	OVERRIDE	REGRESSION		
DIV	tfrrs	17453	0	12	-41.3	3.3	5000	na	na	OVERRIDE	REGRESSION		
DIV	tfrrs	10156	0	80	-41.2	5.2	1830	na	na	-	INVESTIGATE		
DIV	tfrrs	10938	0	25	-41.2	6.1	3114	na	na	-	INVESTIGATE		
DIV	tfrrs	8494	0	23	-41.0	3.9	3985	na	na	-	INVESTIGATE		
DIV	tfrrs	8775	1	42	-41.0	7.9	3985	na	na	-	INVESTIGATE		
DIV	anet	126487	585534	15	-40.9	5.6	1850	2	7	-	INVESTIGATE		
DIV	tfrrs	5760	0	24	-40.9	3.2	2978	na	na	-	INVESTIGATE		
DIV	anet	136216	559623	19	-40.8	2.5	1724	1	22	-	INVESTIGATE		
DIV	anet	142033	594587	86	-40.8	5.0	3085	5	18	-	INVESTIGATE		
DIV	anet	136216	559620	41	-40.8	5.9	1719	1	22	-	INVESTIGATE		
DIV	anet	136216	559621	38	-40.8	5.5	1724	1	22	-	INVESTIGATE		
DIV	anet	62361	267791	16	-40.8	7.4	5055	2	7	-	INVESTIGATE		
DIV	anet	32725	141981	44	-40.7	7.4	3130	2	13	-	INVESTIGATE		
DIV	anet	130220	529755	18	-40.7	5.9	3093	1	6	-	INVESTIGATE		
DIV	anet	141892	593762	62	-40.7	4.8	1472	11	14	-	PERSISTENT		
DIV	anet	138883	575045	17	-40.5	3.3	3148	1	12	-	INVESTIGATE		
DIV	tfrrs	5760	2	47	-40.5	3.0	2978	na	na	-	INVESTIGATE		
DIV	tfrrs	8121	1	12	-40.5	6.5	4250	na	na	-	INVESTIGATE		
DIV	tfrrs	7953	1	35	-40.4	4.4	5048	na	na	-	INVESTIGATE		
DIV	anet	61405	275187	28	-40.4	7.9	1539	1	13	-	INVESTIGATE		
DIV	tfrrs	9015	0	15	-40.4	7.1	3985	na	na	-	INVESTIGATE		
DIV	tfrrs	8104	0	22	-40.4	4.8	2875	na	na	-	INVESTIGATE		
DIV	tfrrs	8366	0	31	-40.4	2.0	3985	na	na	-	INVESTIGATE		
DIV	anet	57339	271385	19	-40.4	3.9	3087	3	20	-	INVESTIGATE		
DIV	anet	38753	166556	24	-40.3	3.8	5193	2	25	-	INVESTIGATE		
DIV	tfrrs	9514	0	17	-40.2	3.6	3990	na	na	-	INVESTIGATE		
DIV	anet	58472	250310	17	-40.2	3.4	3087	1	4	-	INVESTIGATE		
DIV	anet	50280	214277	14	-40.2	5.3	1440	7	16	-	INVESTIGATE		
DIV	anet	141892	593758	54	-40.2	3.6	1467	11	14	-	PERSISTENT		
DIV	tfrrs	9351	0	27	-40.2	3.1	5048	na	na	OVERRIDE	REGRESSION		
DIV	tfrrs	8121	0	25	-40.1	5.4	2875	na	na	-	INVESTIGATE		
DIV	anet	34884	151329	12	-40.1	3.3	3130	1	12	-	INVESTIGATE		
DIV	tfrrs	8025	0	31	-40.0	5.2	5048	na	na	OVERRIDE	REGRESSION		
DIV	tfrrs	4082	0	14	-40.0	2.8	3991	na	na	-	INVESTIGATE		
DIV	tfrrs	9367	0	53	-40.0	2.7	1830	na	na	-	INVESTIGATE		
DIV	tfrrs	4752	1	25	-40.0	4.2	2875	na	na	-	INVESTIGATE		
DIV	tfrrs	7891	0	17	-40.0	2.3	2875	na	na	-	INVESTIGATE		
DIV	anet	142033	594590	25	-39.9	4.5	3091	5	18	-	INVESTIGATE		
DIV	anet	195560	786211	29	-39.9	5.7	3153	2	9	-	INVESTIGATE		
DIV	anet	174765	717166	15	-39.9	7.3	2869	9	32	-	INVESTIGATE		
DIV	tfrrs	8741	0	59	-39.9	2.5	5048	na	na	-	INVESTIGATE		
DIV	anet	116110	464290	46	-39.8	5.8	3083	5	18	-	INVESTIGATE		
DIV	anet	143949	604250	12	-39.8	5.8	3111	1	2	-	INVESTIGATE		
DIV	anet	92983	367376	100	-39.8	5.1	3089	1	11	-	INVESTIGATE		
DIV	tfrrs	8087	0	108	-39.7	4.6	3985	na	na	-	INVESTIGATE		
DIV	anet	136216	559622	26	-39.7	4.9	1719	1	22	-	INVESTIGATE		
DIV	tfrrs	10597	1	12	-39.7	1.7	3990	na	na	-	INVESTIGATE		
DIV	tfrrs	4752	0	13	-39.7	11.3	2942	na	na	-	INVESTIGATE		
DIV	anet	259219	1029167	18	-39.5	8.4	1442	4	15	-	INVESTIGATE		
DIV	tfrrs	5760	1	16	-39.5	2.4	3046	na	na	-	INVESTIGATE		
DIV	tfrrs	5760	3	22	-39.4	3.4	3046	na	na	-	INVESTIGATE		
DIV	anet	128575	522421	43	-39.4	3.8	3106	3	13	-	INVESTIGATE		
DIV	tfrrs	8783	1	65	-39.4	4.7	2875	na	na	-	INVESTIGATE		
DIV	anet	21901	96814	98	-39.3	3.2	5140	1	28	-	INVESTIGATE		
DIV	anet	117671	472872	86	-39.2	9.1	3102	3	14	-	INVESTIGATE		
DIV	tfrrs	8564	2	21	-39.2	3.9	5048	na	na	-	INVESTIGATE		
DIV	anet	251230	1009512	16	-39.2	4.5	5023	1	5	-	INVESTIGATE		
DIV	anet	41563	178604	15	-39.2	6.8	1690	1	9	-	INVESTIGATE		
DIV	anet	163795	676378	13	-39.2	9.1	1442	2	14	-	INVESTIGATE		
DIV	tfrrs	7725	0	12	-39.1	1.7	3985	na	na	-	INVESTIGATE		
DIV	anet	174759	717161	20	-39.1	6.5	2883	9	32	-	INVESTIGATE		
DIV	anet	50280	214276	14	-39.1	16.9	1463	7	16	-	INVESTIGATE		
DIV	tfrrs	8371	0	29	-39.1	4.7	3165	na	na	OVERRIDE	REGRESSION		
DIV	anet	38869	167012	54	-39.1	3.6	5176	2	25	-	INVESTIGATE		
DIV	anet	116164	464613	53	-39.0	4.8	3103	3	13	-	INVESTIGATE		
DIV	anet	52014	221473	65	-39.0	4.0	5080	1	10	-	INVESTIGATE		
DIV	tfrrs	7953	0	91	-38.9	3.1	5048	na	na	-	INVESTIGATE		
DIV	anet	124404	500338	22	-38.9	6.0	3093	1	7	-	INVESTIGATE		
DIV	anet	116573	466934	46	-38.8	3.3	3087	2	4	-	PERSISTENT		
DIV	tfrrs	4969	0	14	-38.8	4.9	5055	na	na	-	INVESTIGATE		
DIV	anet	233695	933689	25	+63.3	8.0	3121	2	3	-	PERSISTENT		
DIV	anet	81015	361791	20	-38.7	3.6	5055	1	20	-	INVESTIGATE		
DIV	tfrrs	5584	1	29	+63.1	5.0	8294	na	na	-	INVESTIGATE		
DIV	anet	34884	151327	19	-38.6	7.8	3122	1	12	-	INVESTIGATE		
DIV	anet	71699	295014	44	-38.5	8.9	2254	2	12	-	INVESTIGATE		
DIV	tfrrs	9306	2	13	-38.5	5.7	1826	na	na	-	INVESTIGATE		
DIV	tfrrs	10206	0	26	-38.4	3.9	3990	na	na	-	INVESTIGATE		
DIV	anet	249257	990876	58	-38.4	4.8	3089	11	14	-	PERSISTENT		
DIV	tfrrs	26359	1	82	+62.0	8.7	8299	na	na	-	INVESTIGATE		
DIV	tfrrs	9306	1	14	-38.3	5.7	1826	na	na	-	INVESTIGATE		
DIV	tfrrs	5300	0	30	-38.2	3.9	5055	na	na	OVERRIDE	REGRESSION		
DIV	anet	229610	915457	39	-38.2	4.7	1851	3	7	-	INVESTIGATE		
DIV	anet	249661	992602	28	-38.2	4.9	3087	1	5	-	INVESTIGATE		
DIV	anet	243768	971156	36	-38.2	5.0	3108	1	2	-	INVESTIGATE		
DIV	tfrrs	7873	0	30	-38.2	3.5	1826	na	na	-	INVESTIGATE		
DIV	anet	105175	414043	24	-38.1	6.7	2239	2	11	-	INVESTIGATE		
DIV	anet	229610	915456	54	-38.1	6.9	1857	3	7	-	INVESTIGATE		
DIV	anet	100907	397014	87	-38.1	5.1	3089	3	10	-	INVESTIGATE		
DIV	anet	200198	802861	17	-38.1	3.0	5131	1	5	-	INVESTIGATE		
DIV	anet	143949	604248	16	-38.1	6.8	3104	1	2	-	INVESTIGATE		
DIV	anet	107122	423078	19	-38.1	7.4	836	4	5	-	PERSISTENT		
DIV	anet	163795	676377	30	-38.0	5.3	1463	2	14	-	INVESTIGATE		
DIV	tfrrs	26359	3	40	+61.0	7.2	8299	na	na	-	INVESTIGATE		
DIV	anet	215308	859187	18	-37.9	3.2	5071	2	14	-	INVESTIGATE		
DIV	anet	218958	876254	25	-37.8	8.8	1446	1	13	-	INVESTIGATE		
DIV	anet	136216	559619	17	-37.8	4.3	1731	1	22	-	INVESTIGATE		
DIV	anet	92506	365294	13	-37.8	13.1	681	7	21	-	INVESTIGATE		
DIV	tfrrs	9235	0	55	-37.8	5.5	5048	na	na	OVERRIDE	REGRESSION		
DIV	tfrrs	26359	0	56	+60.5	5.0	8206	na	na	-	INVESTIGATE		
DIV	tfrrs	14170	1	19	-37.6	11.6	1429	na	na	-	INVESTIGATE		
DIV	anet	92401	364823	19	-37.6	7.8	837	4	5	-	PERSISTENT		
DIV	anet	87089	345416	23	-37.6	4.1	3084	1	18	-	INVESTIGATE		
DIV	tfrrs	8103	0	70	-37.6	4.3	5048	na	na	-	INVESTIGATE		
DIV	anet	147090	635926	31	-37.6	5.3	1840	1	17	-	INVESTIGATE		
DIV	tfrrs	8436	1	169	-37.5	4.2	3985	na	na	OVERRIDE	REGRESSION		
DIV	anet	114228	454568	34	-37.5	3.6	3093	1	7	-	INVESTIGATE		
DIV	tfrrs	8783	0	22	-37.5	3.8	2938	na	na	-	INVESTIGATE		
DIV	anet	174765	717165	31	-37.4	9.0	2863	9	32	-	INVESTIGATE		
DIV	tfrrs	8458	0	15	-37.4	4.2	3165	na	na	OVERRIDE	REGRESSION		
DIV	tfrrs	7891	1	15	-37.4	2.1	4515	na	na	-	INVESTIGATE		
DIV	tfrrs	6941	0	30	-37.4	3.5	3170	na	na	OVERRIDE	REGRESSION		
DIV	tfrrs	15285	0	75	-37.3	3.8	4007	na	na	-	INVESTIGATE		
DIV	tfrrs	10128	0	23	-37.3	4.3	4851	na	na	-	INVESTIGATE		
DIV	anet	250197	995027	67	-37.2	5.8	2854	4	20	-	INVESTIGATE		
DIV	anet	64569	278637	15	-37.2	4.7	1851	1	11	-	INVESTIGATE		
DIV	anet	256298	1018816	14	-37.2	6.8	3073	1	3	-	INVESTIGATE		
DIV	anet	57377	245655	16	-37.1	2.6	3087	1	30	-	INVESTIGATE		
DIV	anet	234415	937486	47	-37.0	6.7	3077	5	18	-	INVESTIGATE		
DIV	anet	124839	502445	67	-37.0	4.9	3093	2	8	-	INVESTIGATE		
DIV	anet	61405	275188	13	-37.0	4.4	1541	1	13	-	INVESTIGATE		
DIV	anet	105175	414042	43	-36.9	7.1	2237	2	11	-	INVESTIGATE		
DIV	tfrrs	8916	9	190	-36.9	4.2	5048	na	na	OVERRIDE	REGRESSION		
DIV	tfrrs	9118	0	35	-36.8	2.2	5048	na	na	-	INVESTIGATE		
DIV	anet	255603	1016469	41	+58.2	5.9	2237	4	13	-	INVESTIGATE		
DIV	tfrrs	8297	0	46	-36.7	3.5	3165	na	na	OVERRIDE	REGRESSION		
DIV	anet	229091	913414	51	-36.7	5.7	3097	1	21	-	INVESTIGATE		
DIV	anet	254372	1080441	24	-36.7	2.9	3258	1	13	-	INVESTIGATE		
DIV	anet	174768	717176	15	-36.6	14.0	2865	9	32	-	INVESTIGATE		
DIV	tfrrs	8537	0	14	-36.6	5.3	3165	na	na	OVERRIDE	REGRESSION		
DIV	anet	20838	122434	16	-36.5	3.3	2478	6	20	-	INVESTIGATE		
DIV	tfrrs	9024	2	173	-36.5	3.2	5048	na	na	OVERRIDE	REGRESSION		
DIV	anet	16243	72672	21	-36.4	4.6	5134	1	15	-	INVESTIGATE		
DIV	anet	97735	389486	38	+57.3	5.6	2277	1	3	-	INVESTIGATE		
DIV	anet	27802	120956	29	-36.4	3.7	5120	1	9	-	INVESTIGATE		
DIV	anet	229091	913416	31	-36.3	5.0	3123	1	21	-	INVESTIGATE		
DIV	tfrrs	8467	1	38	-36.3	4.8	3985	na	na	OVERRIDE	REGRESSION		
DIV	anet	174759	717160	17	-36.2	10.0	2876	9	32	-	INVESTIGATE		
DIV	tfrrs	26359	2	19	+56.7	10.1	8206	na	na	-	INVESTIGATE		
DIV	anet	116605	467075	45	-36.2	4.2	3087	3	10	-	INVESTIGATE		
DIV	tfrrs	9087	0	57	-36.2	4.0	3165	na	na	OVERRIDE	REGRESSION		
DIV	anet	154306	642784	40	-36.1	3.8	5088	2	7	-	INVESTIGATE		
DIV	anet	207345	831450	14	-36.0	5.9	2891	9	32	-	INVESTIGATE		
DIV	anet	12763	58313	13	-36.0	5.6	3155	2	19	-	INVESTIGATE		
DIV	anet	79584	329625	30	-36.0	12.6	2443	2	6	-	INVESTIGATE		
DIV	tfrrs	8432	1	54	-36.0	3.6	3146	na	na	OVERRIDE	REGRESSION		
DIV	tfrrs	9279	0	50	-35.9	7.4	5048	na	na	-	INVESTIGATE		
DIV	anet	174967	733413	37	-35.9	6.7	852	1	7	-	INVESTIGATE		
DIV	tfrrs	12545	0	26	+55.9	4.4	8315	na	na	-	INVESTIGATE		
DIV	anet	144734	607566	53	-35.8	5.2	3122	1	11	-	INVESTIGATE		
DIV	anet	242673	967355	17	-35.8	7.1	2846	9	32	-	INVESTIGATE		
DIV	anet	87089	345417	14	-35.7	13.9	3084	1	18	-	INVESTIGATE		
DIV	anet	106052	444901	23	-35.7	4.3	5048	2	12	-	INVESTIGATE		
DIV	anet	170368	712909	15	-35.7	3.2	3186	10	25	-	INVESTIGATE		
DIV	anet	234415	937488	23	-35.7	5.7	3103	5	18	-	INVESTIGATE		
DIV	anet	174763	717164	13	-35.7	5.4	2880	9	32	-	INVESTIGATE		
DIV	anet	207673	845581	23	-35.7	4.2	5071	4	17	-	INVESTIGATE		
DIV	tfrrs	8228	1	20	-35.6	2.3	3985	na	na	OVERRIDE	REGRESSION		
DIV	anet	178027	728199	33	-35.5	5.4	5138	1	4	-	INVESTIGATE		
DIV	anet	192935	778189	20	-35.5	6.1	2908	9	32	-	INVESTIGATE		
DIV	anet	83252	330419	17	-35.4	12.9	677	7	21	-	INVESTIGATE		
DIV	tfrrs	8475	1	80	-35.4	6.0	3985	na	na	OVERRIDE	REGRESSION		
DIV	anet	46613	199163	19	-35.4	6.3	841	2	18	-	INVESTIGATE		
DIV	tfrrs	7293	1	85	-35.4	4.2	6657	na	na	OVERRIDE	REGRESSION		
DIV	anet	235271	940956	19	-35.3	4.0	3103	2	10	-	INVESTIGATE		
DIV	anet	225342	909110	27	-35.3	5.7	2049	3	18	-	INVESTIGATE		
DIV	anet	100572	395257	20	-35.3	7.2	1434	1	7	-	INVESTIGATE		
DIV	anet	87967	349495	27	-35.3	3.3	3084	1	2	-	INVESTIGATE		
DIV	anet	136216	559617	19	-35.1	13.5	1748	1	22	-	INVESTIGATE		
DIV	anet	135864	557798	59	-35.1	6.3	1457	2	15	-	INVESTIGATE		
DIV	tfrrs	6891	1	102	-35.1	3.7	3992	na	na	OVERRIDE	REGRESSION		
DIV	tfrrs	26323	2	20	+54.0	7.9	8206	na	na	-	INVESTIGATE		
DIV	anet	134967	572357	75	-35.0	8.7	1435	2	6	-	INVESTIGATE		
DIV	anet	135864	567682	40	-34.9	6.6	1457	2	15	-	INVESTIGATE		
DIV	anet	57804	247511	12	-34.7	2.9	1830	1	14	-	INVESTIGATE		
DIV	tfrrs	26415	1	19	+53.2	12.0	8299	na	na	-	INVESTIGATE		
DIV	tfrrs	26074	0	23	+53.1	8.3	8206	na	na	-	INVESTIGATE		
DIV	anet	234730	939212	35	-34.6	3.4	5039	1	4	-	INVESTIGATE		
DIV	anet	227761	922850	50	-34.6	10.5	1840	2	5	-	INVESTIGATE		
DIV	anet	225606	901253	19	-34.6	8.5	2856	9	32	-	INVESTIGATE		
DIV	tfrrs	26074	1	32	+52.9	10.0	8299	na	na	-	INVESTIGATE		
DIV	anet	234730	939211	13	-34.6	6.6	5039	1	4	-	INVESTIGATE		
DIV	tfrrs	8465	1	62	-34.5	3.1	3985	na	na	OVERRIDE	REGRESSION		
DIV	anet	97735	389487	27	+52.7	5.8	2259	1	3	-	INVESTIGATE		
DIV	anet	224747	898052	97	-34.4	3.5	3097	1	21	-	INVESTIGATE		
DIV	anet	226027	902686	15	-34.4	8.5	1331	5	5	-	PERSISTENT		
DIV	tfrrs	8233	1	179	-34.4	3.6	3985	na	na	OVERRIDE	REGRESSION		
DIV	anet	174768	717175	26	-34.3	6.9	2861	9	32	-	INVESTIGATE		
DIV	tfrrs	10166	1	140	-34.3	3.6	3990	na	na	-	INVESTIGATE		
DIV	anet	103004	407110	12	+52.1	4.2	2875	5	36	-	INVESTIGATE		
DIV	tfrrs	6327	0	158	+52.0	62.5	8322	na	na	-	INVESTIGATE		
DIV	anet	208358	835014	13	-34.2	5.0	3135	4	23	-	INVESTIGATE		
DIV	anet	128518	522146	55	-34.2	2.9	5054	1	3	-	INVESTIGATE		
DIV	anet	243531	970371	16	-34.1	5.7	1439	2	2	-	INVESTIGATE		
DIV	tfrrs	26415	0	17	+51.8	6.1	8206	na	na	-	INVESTIGATE		
DIV	anet	153779	640252	21	-34.1	7.2	3122	3	20	-	INVESTIGATE		
DIV	anet	76680	304948	13	-34.1	8.4	1860	1	14	-	INVESTIGATE		
DIV	anet	247633	982613	53	+51.4	16.8	2875	10	35	-	INVESTIGATE		
DIV	anet	174682	716983	20	-33.9	8.2	2912	9	32	-	INVESTIGATE		
DIV	tfrrs	8504	1	15	-33.8	3.4	4176	na	na	OVERRIDE	REGRESSION		
DIV	anet	226196	911402	45	-33.7	3.7	3123	1	6	-	INVESTIGATE		
DIV	anet	239958	958443	20	-33.6	4.3	3087	2	14	-	INVESTIGATE		
DIV	anet	174763	717163	22	-33.6	8.2	2884	9	32	-	INVESTIGATE		
DIV	tfrrs	7880	1	21	-33.5	4.6	3985	na	na	OVERRIDE	REGRESSION		
DIV	anet	100693	395985	47	-33.5	4.3	3089	2	4	-	PERSISTENT		
DIV	tfrrs	25409	1	41	+50.2	12.3	8299	na	na	-	INVESTIGATE		
DIV	anet	48597	207278	25	-33.4	6.0	3098	2	14	-	INVESTIGATE		
DIV	anet	6252	30796	22	-33.2	6.7	1857	4	27	-	INVESTIGATE		
DIV	anet	207345	831449	21	-33.2	6.2	2874	9	32	-	INVESTIGATE		
DIV	anet	247121	989911	25	+49.6	6.0	3083	1	13	-	INVESTIGATE		
DIV	anet	263519	1048978	16	-33.1	5.7	2859	2	22	-	INVESTIGATE		
DIV	anet	154441	643502	16	-33.0	6.3	1629	11	14	-	PERSISTENT		
DIV	anet	92508	395664	17	-32.9	14.0	655	7	21	-	INVESTIGATE		
DIV	anet	246671	978424	14	-32.9	6.8	1434	4	15	-	INVESTIGATE		
DIV	anet	164853	680324	23	-32.9	7.4	2153	1	2	-	INVESTIGATE		
DIV	anet	260890	1035860	12	+48.6	5.5	3065	1	5	-	INVESTIGATE		
DIV	anet	260890	1035858	19	+48.5	5.4	3069	1	5	-	INVESTIGATE		
DIV	tfrrs	9756	3	24	+48.4	5.7	5078	na	na	-	INVESTIGATE		
DIV	tfrrs	8827	2	41	-32.5	4.1	3985	na	na	OVERRIDE	REGRESSION		
DIV	tfrrs	8664	1	21	-32.5	5.0	4176	na	na	OVERRIDE	REGRESSION		
DIV	tfrrs	26933	0	33	+48.0	8.2	8289	na	na	-	INVESTIGATE		
DIV	anet	64102	276523	36	-32.1	6.1	3087	2	4	-	PERSISTENT		
DIV	anet	246955	979697	35	+47.3	5.7	4847	1	15	-	INVESTIGATE		
DIV	anet	118162	473981	63	-32.1	2.7	3112	1	1	-	INVESTIGATE		
DIV	anet	78732	311476	16	+47.1	6.6	2891	2	5	-	INVESTIGATE		
DIV	anet	80961	337116	12	-31.9	10.2	2870	4	22	-	INVESTIGATE		
DIV	anet	227761	922851	89	-31.8	10.7	1845	2	5	-	INVESTIGATE		
DIV	tfrrs	26200	1	37	+46.6	8.7	8299	na	na	-	INVESTIGATE		
DIV	tfrrs	14266	0	13	-31.8	4.2	4817	na	na	-	INVESTIGATE		
DIV	anet	51347	218773	40	-31.7	10.0	3969	3	17	OVERRIDE	REGRESSION		
DIV	tfrrs	6790	1	52	-31.7	6.2	4182	na	na	OVERRIDE	REGRESSION		
DIV	anet	87658	348045	12	+46.4	9.5	3101	1	3	OVERRIDE	REGRESSION		
DIV	anet	41258	177260	22	-31.7	4.5	2247	5	36	-	INVESTIGATE		
DIV	tfrrs	25409	3	65	+46.4	9.2	8299	na	na	-	INVESTIGATE		
DIV	anet	48570	207175	36	-31.6	15.3	5057	1	5	-	INVESTIGATE		
DIV	anet	264579	1051520	12	-31.6	11.5	1831	1	2	-	INVESTIGATE		
DIV	anet	6252	30795	16	-31.6	12.0	1883	4	27	-	INVESTIGATE		
DIV	tfrrs	26933	1	44	+45.7	6.4	8383	na	na	-	INVESTIGATE		
DIV	anet	10481	51504	25	-31.3	14.7	4941	6	11	-	PERSISTENT		
DIV	anet	116491	466483	54	-31.2	12.5	3099	1	13	-	INVESTIGATE		
DIV	anet	217913	871664	32	+45.2	7.7	3133	2	5	-	INVESTIGATE		
DIV	anet	136872	563689	18	-31.0	9.4	4854	5	21	-	INVESTIGATE		
DIV	anet	179474	733951	51	-30.9	5.2	3158	4	4	-	PERSISTENT		
DIV	anet	194614	789024	39	+44.2	11.7	3140	1	2	-	INVESTIGATE		
DIV	tfrrs	25409	2	62	+44.2	9.4	8206	na	na	-	INVESTIGATE		
DIV	anet	76944	307108	17	+44.2	6.0	3086	2	10	-	INVESTIGATE		
DIV	anet	248803	992106	17	-30.5	8.7	1831	2	23	-	INVESTIGATE		
DIV	anet	250234	999402	23	-30.5	7.8	1831	2	5	-	INVESTIGATE		
DIV	anet	226027	902685	22	-30.4	9.6	1345	5	5	-	PERSISTENT		
DIV	anet	217969	871933	45	-30.4	4.6	3117	1	3	-	INVESTIGATE		
DIV	anet	236256	944610	36	-30.3	6.4	5039	1	4	-	INVESTIGATE		
DIV	tfrrs	6901	0	17	-30.3	4.7	6124	na	na	OVERRIDE	REGRESSION		
DIV	tfrrs	26200	0	29	+43.5	6.0	8206	na	na	-	INVESTIGATE		
DIV	anet	8111	37987	32	-30.2	10.3	4033	10	18	-	PERSISTENT		
DIV	anet	249940	993725	44	-30.2	11.7	3169	1	3	-	INVESTIGATE		
DIV	anet	142026	594540	28	+43.1	6.9	4861	1	2	-	INVESTIGATE		
DIV	anet	126535	515645	56	-30.0	10.7	1851	1	6	-	INVESTIGATE		
DIV	anet	151966	630426	12	-30.0	7.8	1441	3	10	-	INVESTIGATE		
DIV	anet	181354	741118	20	-30.0	8.8	4405	1	11	-	INVESTIGATE		
DIV	anet	230033	917528	28	-29.8	7.2	2359	1	17	-	INVESTIGATE		
DIV	anet	126535	515646	52	-29.6	9.1	1834	1	6	-	INVESTIGATE		
DIV	anet	34981	151689	51	-29.4	6.0	3103	1	6	-	INVESTIGATE		
DIV	tfrrs	24911	0	15	-29.4	9.1	5023	na	na	-	INVESTIGATE		
DIV	anet	136103	569481	26	-29.4	5.8	1376	3	19	-	INVESTIGATE		
DIV	anet	210509	842076	12	-29.4	7.0	2899	1	4	-	INVESTIGATE		
DIV	anet	92508	395670	23	-29.3	15.7	681	7	21	-	INVESTIGATE		
DIV	tfrrs	27070	0	15	-29.3	9.9	5000	na	na	-	INVESTIGATE		
DIV	anet	178027	728200	15	-29.3	7.1	5122	1	4	-	INVESTIGATE		
DIV	anet	89457	352833	22	-29.3	2.8	4724	2	5	-	INVESTIGATE		
DIV	anet	214962	857461	32	-29.3	12.5	1847	2	3	-	PERSISTENT		
DIV	anet	217969	871934	36	-29.3	3.2	3135	1	3	-	INVESTIGATE		
DIV	anet	62885	273791	18	+41.3	16.3	2677	1	9	OVERRIDE	REGRESSION		
DIV	anet	18386	82247	14	-29.2	6.6	1455	3	8	-	INVESTIGATE		
DIV	anet	233507	932805	23	-29.1	5.7	2243	2	4	-	PERSISTENT		
DIV	tfrrs	7025	1	44	-29.1	3.4	4182	na	na	OVERRIDE	REGRESSION		
DIV	anet	117430	470701	12	-29.1	7.3	2263	1	3	-	INVESTIGATE		
DIV	tfrrs	7589	1	57	+40.8	3.0	8307	na	na	-	INVESTIGATE		
DIV	anet	264844	1051073	34	-29.0	6.5	2252	1	6	OVERRIDE	REGRESSION		
DIV	anet	59678	255507	27	+40.8	3.4	5034	1	11	-	INVESTIGATE		
DIV	anet	62278	267353	22	-29.0	8.4	2891	4	22	-	INVESTIGATE		
DIV	anet	92506	395634	15	-28.9	6.2	681	7	21	-	INVESTIGATE		
DIV	anet	181489	741659	59	-28.9	8.4	1882	1	3	-	INVESTIGATE		
DIV	anet	156998	654333	18	+40.5	4.1	3119	3	10	-	INVESTIGATE		
DIV	anet	110241	436454	23	+40.4	11.6	2363	3	5	OVERRIDE	REGRESSION		
DIV	anet	120699	504998	12	-28.7	6.2	1427	3	8	-	INVESTIGATE		
DIV	anet	64423	277946	14	-28.6	3.2	3087	1	2	-	INVESTIGATE		
DIV	anet	243310	988305	16	+40.0	3.6	3107	2	2	-	INVESTIGATE		
DIV	anet	34532	149896	14	-28.6	3.5	3654	1	21	-	INVESTIGATE		
DIV	anet	24704	115844	12	+39.9	10.3	2928	5	24	-	INVESTIGATE		
DIV	anet	111747	442809	26	-28.5	4.2	2868	1	11	-	INVESTIGATE		
DIV	anet	44517	191145	30	-28.5	4.4	4046	1	4	-	INVESTIGATE		
DIV	anet	248803	992105	14	-28.4	7.7	1840	2	23	-	INVESTIGATE		
DIV	anet	117275	503713	13	-28.4	4.5	2352	3	5	-	PERSISTENT		
DIV	anet	71741	295229	40	-28.4	10.0	2254	1	5	-	INVESTIGATE		
DIV	anet	259217	1029163	41	+39.6	6.2	3073	4	15	-	INVESTIGATE		
DIV	anet	163852	676165	16	-28.4	16.6	1463	3	10	-	INVESTIGATE		
DIV	anet	117525	471138	32	-28.3	4.4	3106	2	21	-	INVESTIGATE		
DIV	anet	86848	344147	18	+39.4	6.8	3122	1	1	-	INVESTIGATE		
DIV	anet	182541	745114	21	-28.3	5.4	2300	1	9	-	INVESTIGATE		
DIV	anet	58941	252291	50	-28.2	5.8	1824	6	7	-	PERSISTENT		
DIV	anet	92508	395672	15	-28.1	7.6	681	7	21	-	INVESTIGATE		
DIV	anet	41184	176798	22	+39.1	8.0	2905	5	18	-	INVESTIGATE		
DIV	anet	107022	435012	15	+39.0	10.5	1424	1	21	-	INVESTIGATE		
DIV	anet	208394	835124	26	+38.9	7.3	6180	1	4	-	INVESTIGATE		
DIV	anet	195182	784871	12	-28.0	8.8	2298	2	10	-	INVESTIGATE		
DIV	anet	200841	806113	18	+38.9	6.6	2934	2	9	-	INVESTIGATE		
DIV	tfrrs	8963	1	15	-28.0	5.3	6114	na	na	OVERRIDE	REGRESSION		
DIV	anet	72887	296997	50	-27.9	5.2	1824	6	7	-	PERSISTENT		
DIV	anet	118499	475461	16	-27.9	2.4	3087	1	2	-	INVESTIGATE		
DIV	anet	175276	721415	19	+38.6	22.0	5122	1	2	-	INVESTIGATE		
DIV	anet	193224	796892	15	+38.5	3.3	3334	3	38	-	INVESTIGATE		
DIV	anet	180543	738225	19	-27.8	18.4	2300	1	10	-	INVESTIGATE		
DIV	anet	40917	175571	13	-27.7	9.3	1356	3	19	-	INVESTIGATE		
DIV	anet	132957	561477	13	-27.7	7.4	2261	5	22	-	INVESTIGATE		
DIV	anet	112871	448004	15	-27.6	18.0	1849	2	7	-	INVESTIGATE		
DIV	anet	246671	978417	15	-27.5	7.7	1448	4	15	-	INVESTIGATE		
DIV	anet	38575	165906	28	-27.5	12.3	2905	4	5	-	PERSISTENT		
DIV	anet	258411	1026599	68	+37.8	6.7	3069	1	10	-	INVESTIGATE		
DIV	anet	120781	492779	13	+37.7	4.5	1851	2	9	-	INVESTIGATE		
DIV	anet	243999	971859	28	-27.3	8.8	1597	5	9	-	PERSISTENT		
DIV	anet	201141	807890	19	+37.6	6.5	2311	3	7	-	INVESTIGATE		
DIV	anet	185574	754596	14	+37.5	8.7	2938	1	1	-	INVESTIGATE		
DIV	anet	194359	782415	12	-27.3	7.6	2915	6	21	-	INVESTIGATE		
DIV	anet	132957	561476	13	-27.3	6.1	2275	5	22	-	INVESTIGATE		
DIV	anet	180777	739032	24	-27.3	5.3	2298	1	2	-	INVESTIGATE		
DIV	anet	180543	738227	26	-27.3	4.9	2283	1	10	-	INVESTIGATE		
DIV	anet	113709	451843	14	+37.5	16.0	3099	1	10	-	INVESTIGATE		
DIV	tfrrs	9640	3	55	+37.4	5.4	4857	na	na	-	INVESTIGATE		
DIV	anet	92506	395636	12	-27.2	6.3	681	7	21	-	INVESTIGATE		
DIV	anet	217668	870361	77	-27.2	12.7	1960	5	24	-	INVESTIGATE		
DIV	anet	176524	722703	13	-27.2	8.1	2300	1	7	-	INVESTIGATE		
DIV	tfrrs	5337	1	15	-27.2	4.0	6122	na	na	OVERRIDE	REGRESSION		
DIV	anet	48797	208135	12	-27.2	7.3	5034	1	5	-	INVESTIGATE		
DIV	anet	217668	870362	46	-27.2	6.9	1951	5	24	-	INVESTIGATE		
DIV	anet	154814	645446	108	+37.3	10.6	2910	1	10	OVERRIDE	REGRESSION		
DIV	anet	35955	155567	40	-27.2	7.1	1844	4	10	-	INVESTIGATE		
DIV	tfrrs	9921	0	16	-27.2	7.5	3957	na	na	-	INVESTIGATE		
DIV	anet	258411	1026600	54	+37.3	4.3	3065	1	10	-	INVESTIGATE		
DIV	anet	126523	511747	33	-27.1	22.3	2890	2	10	-	INVESTIGATE		
DIV	tfrrs	9263	1	60	+37.3	4.4	8302	na	na	-	INVESTIGATE		
DIV	anet	181489	750047	12	-27.1	6.8	1862	1	3	-	INVESTIGATE		
DIV	anet	270427	1076949	16	-27.1	4.3	3054	1	11	-	INVESTIGATE		
DIV	anet	117799	509864	32	+37.1	22.6	4865	2	10	-	INVESTIGATE		
DIV	anet	85708	337474	23	+37.0	5.2	5055	2	5	-	INVESTIGATE		
DIV	anet	235938	943753	81	+36.9	6.6	6627	1	4	-	INVESTIGATE		
DIV	anet	156998	654335	17	+36.8	7.0	3125	3	10	-	INVESTIGATE		
DIV	anet	100835	396681	18	+36.8	13.5	2891	2	10	-	INVESTIGATE		
DIV	tfrrs	8772	1	31	-26.9	3.5	6114	na	na	OVERRIDE	REGRESSION		
DIV	anet	83315	327350	14	-26.9	2.6	3107	5	9	-	PERSISTENT		
DIV	anet	106672	446458	29	-26.8	6.2	1424	2	18	-	INVESTIGATE		
DIV	anet	44472	191037	71	-26.7	5.4	4010	1	19	-	INVESTIGATE		
DIV	anet	180537	738214	12	-26.7	8.0	2283	1	10	-	INVESTIGATE		
DIV	anet	85708	337476	20	+36.4	5.1	5028	2	5	-	INVESTIGATE		
DIV	anet	204810	821404	15	-26.7	3.8	2269	1	18	-	INVESTIGATE		
DIV	anet	219086	876940	124	+36.3	4.2	8378	1	9	-	INVESTIGATE		
DIV	anet	35955	155566	49	-26.6	6.9	1860	4	10	-	INVESTIGATE		
DIV	anet	35764	170690	14	-26.6	3.4	4005	3	27	-	INVESTIGATE		
DIV	anet	189228	766383	13	-26.6	2.7	2402	2	18	-	INVESTIGATE		
DIV	anet	118499	475462	49	-26.6	5.7	3087	1	2	-	INVESTIGATE		
DIV	anet	32841	142494	19	+36.1	5.4	2886	7	15	-	INVESTIGATE		
DIV	anet	80583	319210	16	-26.5	11.7	2236	1	10	-	INVESTIGATE		
DIV	anet	214439	855424	17	-26.5	2.1	2279	1	4	-	INVESTIGATE		
DIV	anet	139304	577866	12	-26.5	6.5	2255	1	18	-	INVESTIGATE		
DIV	tfrrs	5321	1	25	+36.0	4.1	8292	na	na	-	INVESTIGATE		
DIV	anet	207813	833297	19	-26.4	5.5	1951	1	6	-	INVESTIGATE		
DIV	anet	259217	1029162	18	+35.9	10.0	3086	4	15	-	INVESTIGATE		
DIV	anet	236734	946744	17	+35.9	5.6	5254	5	7	-	PERSISTENT		
DIV	anet	100743	396233	12	+35.8	4.8	2782	7	18	-	INVESTIGATE		
DIV	tfrrs	7039	0	31	-26.3	4.8	6124	na	na	OVERRIDE	REGRESSION		
DIV	anet	124651	508593	34	+35.7	8.2	2262	1	2	OVERRIDE	REGRESSION		
DIV	anet	47330	202038	19	-26.2	3.6	3993	1	10	-	INVESTIGATE		
DIV	tfrrs	16289	1	12	-26.2	5.9	6614	na	na	OVERRIDE	REGRESSION		
DIV	anet	154848	645601	36	+35.5	10.6	2888	1	9	-	INVESTIGATE		
DIV	anet	95462	389643	16	-26.2	8.5	2028	5	28	-	INVESTIGATE		
DIV	anet	96757	396703	17	-26.2	4.2	3088	1	11	-	INVESTIGATE		
DIV	anet	258426	1027383	16	-26.2	4.6	2088	3	11	-	INVESTIGATE		
DIV	anet	91888	371786	20	-26.2	12.3	2277	7	20	-	INVESTIGATE		
DIV	tfrrs	9836	1	19	-26.2	10.2	6588	na	na	OVERRIDE	REGRESSION		
DIV	tfrrs	8817	0	14	-26.2	4.4	6114	na	na	OVERRIDE	REGRESSION		
DIV	tfrrs	7312	1	46	+35.4	3.1	8307	na	na	-	INVESTIGATE		
DIV	tfrrs	15980	1	21	+35.4	4.0	6615	na	na	-	INVESTIGATE		
DIV	anet	243310	988311	35	+35.4	6.9	3107	2	2	-	INVESTIGATE		
DIV	anet	220601	882786	59	+35.3	5.8	8378	2	15	-	INVESTIGATE		
DIV	anet	228396	910870	30	-26.1	17.0	3121	2	18	-	INVESTIGATE		
DIV	tfrrs	8089	2	29	-26.1	3.8	6114	na	na	OVERRIDE	REGRESSION		
DIV	anet	107567	425000	32	-26.0	3.8	1824	6	7	-	PERSISTENT		
DIV	anet	206323	827103	14	+35.2	5.2	5131	2	9	-	INVESTIGATE		
DIV	anet	111283	448483	31	-26.0	6.0	1456	3	8	-	INVESTIGATE		
DIV	tfrrs	15110	1	23	-26.0	5.9	4007	na	na	OVERRIDE	REGRESSION		
DIV	anet	136939	567127	16	-26.0	9.6	2339	3	7	-	INVESTIGATE		
DIV	anet	36416	166088	12	-26.0	10.8	680	7	21	-	INVESTIGATE		
DIV	anet	154848	645600	34	+35.1	10.9	2910	1	9	-	INVESTIGATE		
DIV	anet	180537	738212	18	-26.0	6.0	2300	1	10	-	INVESTIGATE		
DIV	anet	113551	451155	15	-25.9	7.7	2887	1	17	-	INVESTIGATE		
DIV	anet	227627	908039	32	-25.9	6.4	2360	1	4	-	INVESTIGATE		
DIV	anet	142026	594542	13	+35.0	6.9	4854	1	2	-	INVESTIGATE		
DIV	tfrrs	5116	2	31	-25.9	3.0	6122	na	na	OVERRIDE	REGRESSION		
DIV	anet	230033	917532	30	-25.9	5.0	2359	1	17	-	INVESTIGATE		
DIV	anet	138764	574402	21	-25.9	5.7	5041	1	6	-	INVESTIGATE		
DIV	anet	145692	610594	28	-25.8	7.6	1840	3	20	-	INVESTIGATE		
DIV	anet	220325	881868	41	+34.8	4.0	8378	2	6	-	INVESTIGATE		
DIV	anet	230033	917539	19	-25.8	8.6	2360	1	17	-	INVESTIGATE		
DIV	anet	112957	448352	31	-25.8	4.2	3950	1	8	-	INVESTIGATE		
DIV	anet	20709	92373	23	-25.8	6.6	1870	4	27	-	INVESTIGATE		
DIV	anet	151966	630425	19	-25.8	11.9	1467	3	10	-	INVESTIGATE		
DIV	anet	149010	621665	13	+34.7	6.6	2382	3	8	-	INVESTIGATE		
DIV	anet	111283	448484	20	-25.7	5.3	1433	3	8	-	INVESTIGATE		
DIV	tfrrs	17758	1	29	-25.7	10.7	6687	na	na	OVERRIDE	REGRESSION		
DIV	anet	271357	1080926	20	+34.6	4.4	3084	2	43	-	INVESTIGATE		
DIV	anet	271943	1084500	17	+34.5	7.0	2237	1	7	-	INVESTIGATE		
DIV	anet	235888	943617	28	-25.7	9.5	5039	3	21	-	INVESTIGATE		
DIV	anet	250515	996803	25	+34.5	6.1	3087	1	10	-	INVESTIGATE		
DIV	anet	39112	167971	16	-25.6	10.8	2288	2	7	-	INVESTIGATE		
DIV	anet	135661	572893	15	-25.6	8.1	2364	1	9	-	INVESTIGATE		
DIV	anet	120699	504914	20	-25.6	8.0	1449	3	8	-	INVESTIGATE		
DIV	anet	216583	864832	22	-25.5	11.9	5071	4	8	-	PERSISTENT		
DIV	anet	154814	645447	73	+34.2	9.3	2888	1	10	-	INVESTIGATE		
DIV	tfrrs	15276	1	20	-25.5	7.2	6630	na	na	OVERRIDE	REGRESSION		
DIV	tfrrs	3978	2	49	-25.5	5.9	6123	na	na	OVERRIDE	REGRESSION		
DIV	anet	115059	459173	32	-25.4	8.0	1820	1	2	OVERRIDE	REGRESSION		
DIV	anet	203617	816331	48	+34.1	4.6	8448	2	15	-	INVESTIGATE		
DIV	tfrrs	7810	5	72	-25.4	3.7	6114	na	na	OVERRIDE	REGRESSION		
DIV	anet	109380	432869	19	-25.3	2.4	3087	2	6	-	INVESTIGATE		
DIV	anet	270993	1079360	14	-25.3	7.2	2237	2	4	-	PERSISTENT		
DIV	anet	215232	858831	35	-25.3	6.1	1453	1	3	-	INVESTIGATE		
DIV	anet	238640	978109	13	-25.3	5.5	2260	2	6	-	INVESTIGATE		
DIV	anet	36413	159400	12	-25.3	8.2	656	7	21	-	INVESTIGATE		
DIV	anet	215232	858832	16	-25.3	3.8	1437	1	3	-	INVESTIGATE		
DIV	anet	79615	330019	44	-25.3	5.5	1822	6	7	-	PERSISTENT		
DIV	anet	117799	509865	13	+33.8	5.0	4854	2	10	-	INVESTIGATE		
DIV	anet	245107	984899	12	-25.2	2.7	2245	1	2	-	INVESTIGATE		
DIV	anet	138993	575907	56	-25.2	6.1	2247	1	20	-	INVESTIGATE		
DIV	anet	264844	1051074	21	-25.2	8.1	2243	1	6	-	INVESTIGATE		
DIV	anet	152199	642638	13	-25.2	4.9	1604	5	9	-	PERSISTENT		
DIV	anet	206323	827104	25	+33.6	4.4	5122	2	9	-	INVESTIGATE		
DIV	anet	136939	567128	24	-25.2	5.0	2346	3	7	-	INVESTIGATE		
DIV	anet	270427	1076950	14	-25.2	6.2	3066	1	11	-	INVESTIGATE		
DIV	tfrrs	11726	1	21	-25.1	7.7	5041	na	na	-	INVESTIGATE		
DIV	anet	271943	1084499	25	+33.5	4.6	2226	1	7	-	INVESTIGATE		
DIV	anet	231342	929241	12	-25.1	7.5	2270	1	3	-	INVESTIGATE		
DIV	anet	211291	844419	33	-25.0	6.9	2279	2	10	-	INVESTIGATE		
DIV	anet	256559	1019793	49	-25.0	9.1	1818	5	37	-	INVESTIGATE		
DIV	anet	135661	572895	13	-25.0	3.5	2351	1	9	-	INVESTIGATE		
DIV	anet	234252	936667	34	+33.3	9.7	2881	4	11	-	INVESTIGATE		
DIV	anet	31784	151709	54	-25.0	14.9	4889	6	11	-	PERSISTENT		
DIV	anet	200382	805925	20	-25.0	6.0	1808	1	5	-	INVESTIGATE		
DIV	tfrrs	7055	2	36	-25.0	5.6	6124	na	na	OVERRIDE	REGRESSION		
DIV	anet	54536	232360	47	+33.3	13.0	2900	5	28	-	INVESTIGATE		
DIV	anet	112957	448351	25	-25.0	3.8	3950	1	8	-	INVESTIGATE		
DIV	anet	101744	400920	16	+33.2	6.8	2891	1	7	-	INVESTIGATE		
DIV	anet	138993	575906	77	-24.9	5.4	2261	1	20	-	INVESTIGATE		
DIV	anet	257759	1024199	19	-24.9	9.9	2340	2	14	-	INVESTIGATE		
DIV	anet	125001	514161	37	-24.9	6.1	3092	4	13	-	INVESTIGATE		
DIV	anet	181354	741117	29	-24.9	8.6	4400	1	11	-	INVESTIGATE		
DIV	tfrrs	9265	0	53	-24.9	2.9	6114	na	na	OVERRIDE	REGRESSION		
DIV	anet	54536	232361	15	+33.0	5.3	2887	5	28	-	INVESTIGATE		
DIV	anet	135439	555162	13	+33.0	5.5	3527	2	14	-	INVESTIGATE		
DIV	anet	44458	191006	18	-24.8	5.6	2284	6	21	-	INVESTIGATE		
DIV	anet	243673	970839	89	-24.8	4.6	3087	2	6	-	INVESTIGATE		
DIV	anet	76803	305505	29	+33.0	5.9	5034	1	21	-	INVESTIGATE		
DIV	anet	246596	987004	29	+33.0	7.0	2875	2	4	-	PERSISTENT		
DIV	anet	152297	632047	50	-24.8	10.8	2126	10	35	-	INVESTIGATE		
DIV	anet	48863	208433	36	-24.8	6.3	1839	4	27	-	INVESTIGATE		
DIV	anet	43750	188314	50	-24.8	3.4	6226	2	18	-	INVESTIGATE		
DIV	anet	47330	202036	17	-24.8	5.5	3994	1	10	-	INVESTIGATE		
DIV	tfrrs	8916	8	60	-24.7	4.0	6114	na	na	OVERRIDE	REGRESSION		
DIV	anet	130201	556964	58	-24.7	12.7	2877	6	16	-	INVESTIGATE		
DIV	anet	143215	629133	41	+32.7	11.5	2910	3	14	-	INVESTIGATE		
DIV	tfrrs	10737	1	18	-24.6	2.0	6588	na	na	OVERRIDE	REGRESSION		
DIV	anet	96757	385540	17	-24.6	5.4	3089	1	11	-	INVESTIGATE		
DIV	anet	85208	335347	12	+32.7	2.5	2891	1	19	-	INVESTIGATE		
DIV	anet	199011	797546	20	-24.6	11.6	5122	1	3	-	INVESTIGATE		
DIV	anet	110241	436455	13	+32.7	12.0	2348	3	5	OVERRIDE	REGRESSION		
DIV	tfrrs	27124	0	14	+32.7	6.5	2856	na	na	-	INVESTIGATE		
DIV	anet	148199	617605	12	-24.6	16.8	2292	3	16	-	INVESTIGATE		
DIV	anet	141341	593322	13	+32.6	12.2	2888	2	21	-	INVESTIGATE		
DIV	anet	242980	968248	23	-24.6	4.3	2260	3	4	-	PERSISTENT		
DIV	anet	235422	941615	12	-24.5	4.6	3097	4	10	-	INVESTIGATE		
DIV	anet	76646	304759	31	+32.4	8.5	3128	1	6	-	INVESTIGATE		
DIV	tfrrs	7096	5	22	-24.5	6.5	6124	na	na	OVERRIDE	REGRESSION		
DIV	anet	19477	86929	28	-24.4	14.0	4928	6	11	-	PERSISTENT		
DIV	anet	97416	388176	52	+32.3	9.6	2875	3	7	-	INVESTIGATE		
DIV	anet	125030	503410	12	+32.3	7.9	2879	2	14	-	INVESTIGATE		
DIV	tfrrs	10488	0	21	-24.4	1.6	6588	na	na	OVERRIDE	REGRESSION		
DIV	anet	92508	395673	12	-24.4	11.5	681	7	21	-	INVESTIGATE		
DIV	tfrrs	11543	2	37	+32.2	8.4	4854	na	na	-	INVESTIGATE		
DIV	anet	78167	309350	15	-24.4	8.8	1863	1	18	-	INVESTIGATE		
DIV	anet	250679	997618	15	-24.3	7.1	3107	2	3	-	PERSISTENT		
DIV	tfrrs	14668	1	37	-24.3	15.3	2962	na	na	-	INVESTIGATE		
DIV	anet	250011	994097	27	+32.1	3.3	2875	1	13	-	INVESTIGATE		
DIV	anet	235938	943752	110	-24.3	4.9	4855	1	4	-	INVESTIGATE		
DIV	anet	149237	620132	12	-24.3	15.7	2292	1	3	-	INVESTIGATE		
DIV	tfrrs	14666	0	14	-24.3	2.3	6177	na	na	OVERRIDE	REGRESSION		
DIV	tfrrs	12843	1	12	+32.0	4.0	8240	na	na	-	INVESTIGATE		
DIV	anet	271357	1080908	15	+32.0	8.6	3088	2	43	-	INVESTIGATE		
DIV	anet	162962	672752	45	-24.2	6.7	2662	10	18	-	PERSISTENT		
DIV	anet	84934	334141	21	-24.2	6.8	2366	2	9	-	INVESTIGATE		
DIV	anet	226824	905333	29	-24.2	4.9	2256	1	7	-	INVESTIGATE		
DIV	anet	242980	968247	30	-24.2	5.9	2262	3	4	-	PERSISTENT		
DIV	anet	206673	828418	41	+31.8	2.7	5122	2	12	-	INVESTIGATE		
DIV	anet	120781	485326	64	-24.1	5.6	1851	2	9	-	INVESTIGATE		
DIV	anet	119333	510613	28	-24.0	4.8	2890	4	22	-	INVESTIGATE		
DIV	tfrrs	14170	3	21	-24.0	7.1	2890	na	na	-	INVESTIGATE		
DIV	tfrrs	9691	2	23	+31.5	7.3	6502	na	na	-	INVESTIGATE		
DIV	tfrrs	10482	1	25	-23.9	11.2	6654	na	na	OVERRIDE	REGRESSION		
DIV	anet	90209	356159	32	-23.9	5.5	3956	1	4	-	INVESTIGATE		
DIV	anet	200096	802360	14	-23.9	4.4	2402	1	5	-	INVESTIGATE		
DIV	anet	18311	81897	15	-23.9	6.8	1859	2	7	-	INVESTIGATE		
DIV	anet	230674	920233	22	-23.8	5.3	2270	1	3	-	INVESTIGATE		
DIV	tfrrs	25527	0	15	-23.8	4.3	3923	na	na	-	INVESTIGATE		
DIV	anet	111532	441880	25	-23.8	4.1	2091	1	9	-	INVESTIGATE		
DIV	anet	140767	586858	25	+31.2	7.4	4854	1	9	-	INVESTIGATE		
DIV	tfrrs	7320	5	97	-23.8	4.3	6124	na	na	OVERRIDE	REGRESSION		
DIV	anet	46448	198461	26	+31.2	7.4	2882	7	15	-	INVESTIGATE		
DIV	anet	234038	935365	24	+31.1	9.7	2881	2	2	-	INVESTIGATE		
DIV	anet	90147	355793	13	+31.1	6.2	3122	1	4	-	INVESTIGATE		
DIV	anet	243648	970745	17	-23.7	8.8	3087	1	6	-	INVESTIGATE		
DIV	anet	163474	674421	18	-23.7	4.8	3649	4	10	-	INVESTIGATE		
DIV	tfrrs	26785	0	71	-23.6	30.8	6077	na	na	OVERRIDE	REGRESSION		
DIV	tfrrs	22839	5	90	-23.6	31.4	6103	na	na	OVERRIDE	REGRESSION		
DIV	anet	214067	853965	91	+30.9	5.6	8378	1	19	-	INVESTIGATE		
DIV	anet	168268	696272	47	+30.9	4.6	6155	5	34	-	INVESTIGATE		
DIV	anet	136616	579901	20	-23.6	11.6	2275	3	16	-	INVESTIGATE		
DIV	anet	270547	1077394	14	+30.8	8.6	2854	1	14	-	INVESTIGATE		
DIV	anet	183741	748973	69	-23.5	11.1	1967	1	7	OVERRIDE	REGRESSION		
DIV	anet	196061	787137	16	-23.5	7.6	1862	1	5	-	INVESTIGATE		
DIV	tfrrs	22284	0	14	-23.5	4.0	5039	na	na	-	INVESTIGATE		
DIV	tfrrs	6055	1	22	-23.5	3.7	3991	na	na	OVERRIDE	REGRESSION		
DIV	tfrrs	8468	0	30	-23.5	6.5	5034	na	na	-	INVESTIGATE		
DIV	tfrrs	13575	0	119	-23.5	12.9	3171	na	na	-	INVESTIGATE		
DIV	anet	72762	296345	55	-23.4	8.4	1433	1	17	-	INVESTIGATE		
DIV	anet	52179	222145	14	-23.4	5.9	2900	1	1	-	INVESTIGATE		
DIV	anet	163474	674420	23	-23.3	5.0	3644	4	10	-	INVESTIGATE		
DIV	tfrrs	10212	0	40	-23.3	4.8	6122	na	na	OVERRIDE	REGRESSION		
DIV	tfrrs	4637	0	16	-23.3	3.4	6123	na	na	OVERRIDE	REGRESSION		
DIV	anet	177279	726271	16	+30.4	12.6	2314	2	5	-	INVESTIGATE		
DIV	anet	97642	389106	67	+30.4	7.4	2891	1	15	-	INVESTIGATE		
DIV	anet	260254	1033611	17	+30.4	4.1	2854	5	5	-	PERSISTENT		
DIV	anet	146305	623113	63	+30.4	6.0	2910	2	19	-	INVESTIGATE		
DIV	anet	44020	189479	22	-23.3	7.3	2900	3	14	-	INVESTIGATE		
DIV	anet	152199	642637	25	-23.3	5.7	1629	5	9	-	PERSISTENT		
DIV	anet	130300	530190	20	-23.3	11.7	2250	15	26	-	PERSISTENT		
DIV	anet	125001	514160	48	-23.3	8.6	3102	4	13	-	INVESTIGATE		
DIV	anet	15652	70188	13	-23.3	4.9	1858	2	22	-	INVESTIGATE		
DIV	anet	237514	949530	26	+30.3	8.9	1448	2	6	-	INVESTIGATE		
DIV	tfrrs	15249	1	25	-23.3	4.9	4007	na	na	OVERRIDE	REGRESSION		
DIV	anet	241504	991489	12	-23.2	8.9	1831	2	5	-	INVESTIGATE		
DIV	tfrrs	9682	1	13	-23.1	14.7	3114	na	na	-	INVESTIGATE		
DIV	anet	270255	1079573	23	+30.1	9.0	3918	1	16	OVERRIDE	REGRESSION		
DIV	anet	233869	934482	13	+30.1	6.1	5039	2	16	-	INVESTIGATE		
DIV	tfrrs	5431	4	25	+30.1	3.2	8246	na	na	OVERRIDE	REGRESSION		
DIV	anet	86648	342092	44	-23.1	5.9	3084	6	20	-	INVESTIGATE		
DIV	anet	255698	1016832	16	+30.0	7.3	669	7	21	-	INVESTIGATE		
DIV	anet	241659	964262	26	+30.0	4.7	3083	1	3	-	INVESTIGATE		
DIV	anet	127991	519620	63	+30.0	5.9	3087	5	18	-	INVESTIGATE		
DIV	anet	36413	159399	12	-23.1	9.8	680	7	21	-	INVESTIGATE		
DIV	anet	268738	1068645	14	-23.1	2.4	2237	2	4	-	PERSISTENT		
DIV	anet	142594	597684	20	-23.1	11.1	2931	1	16	-	INVESTIGATE		
DIV	tfrrs	26557	0	42	-23.0	16.7	5000	na	na	-	INVESTIGATE		
DIV	tfrrs	14664	1	13	-23.0	14.1	6647	na	na	OVERRIDE	REGRESSION		
DIV	anet	144965	608612	23	-23.0	2.6	6163	1	1	-	INVESTIGATE		
DIV	anet	97153	387082	28	+29.9	5.3	5036	1	7	-	INVESTIGATE		
DIV	anet	240652	961260	73	-23.0	9.5	3083	1	7	-	INVESTIGATE		
DIV	anet	270547	1077392	33	+29.9	10.8	2854	1	14	OVERRIDE	REGRESSION		
DIV	tfrrs	15404	1	41	-23.0	6.1	6614	na	na	OVERRIDE	REGRESSION		
DIV	tfrrs	4707	1	46	-23.0	5.6	6588	na	na	OVERRIDE	REGRESSION		
DIV	tfrrs	24565	1	16	+29.8	6.3	8220	na	na	-	INVESTIGATE		
DIV	anet	140767	586859	16	+29.8	5.5	4861	1	9	-	INVESTIGATE		
DIV	anet	101195	398573	50	-22.9	5.8	3952	1	18	-	INVESTIGATE		
DIV	anet	266657	1059501	49	-22.9	6.9	5000	1	18	-	INVESTIGATE		
DIV	anet	203430	815624	20	-22.9	6.6	2374	1	12	-	INVESTIGATE		
DIV	anet	79220	313513	38	-22.9	10.3	1449	2	18	-	INVESTIGATE		
DIV	anet	24841	108974	14	+29.7	11.5	3152	1	2	-	INVESTIGATE		
DIV	anet	244749	974464	14	+29.6	6.4	3107	2	3	-	PERSISTENT		
DIV	anet	78167	309351	12	-22.9	4.9	1840	1	18	-	INVESTIGATE		
DIV	anet	241504	991488	13	-22.9	7.8	1840	2	5	-	INVESTIGATE		
DIV	anet	250011	994101	15	+29.6	4.5	2875	1	13	-	INVESTIGATE		
DIV	anet	35440	304735	88	+29.6	4.5	5071	1	3	-	INVESTIGATE		
DIV	anet	230253	918337	40	-22.9	6.0	2359	1	5	-	INVESTIGATE		
DIV	anet	13938	63182	15	-22.8	15.3	2384	4	22	-	INVESTIGATE		
DIV	tfrrs	7477	4	23	-22.8	4.4	6124	na	na	OVERRIDE	REGRESSION		
DIV	anet	19921	88782	25	+29.5	4.8	2909	7	15	-	INVESTIGATE		
DIV	anet	155514	648536	24	-22.8	2.3	4033	2	18	-	INVESTIGATE		
DIV	anet	120822	524617	13	+29.5	40.8	3293	2	11	-	INVESTIGATE		
DIV	anet	48321	206120	25	-22.7	7.8	3643	1	3	-	INVESTIGATE		
DIV	anet	49278	237800	14	-22.7	9.5	1768	5	34	-	INVESTIGATE		
DIV	anet	26663	219610	33	+29.3	5.5	5120	1	6	-	INVESTIGATE		
DIV	anet	241937	974582	39	+29.3	6.7	2872	5	5	-	PERSISTENT		
DIV	anet	124207	499447	42	+29.3	11.7	2879	1	3	-	INVESTIGATE		
DIV	tfrrs	4327	2	41	-22.6	6.4	6123	na	na	OVERRIDE	REGRESSION		
DIV	anet	270255	1079574	13	+29.2	9.0	3917	1	16	-	INVESTIGATE		
DIV	anet	142595	597688	17	-22.6	4.8	2931	1	16	-	INVESTIGATE		
DIV	tfrrs	15462	0	96	-22.6	11.4	3163	na	na	-	INVESTIGATE		
DIV	tfrrs	9308	1	24	+29.2	6.1	10334	na	na	OVERRIDE	REGRESSION		
DIV	anet	78764	311605	13	+29.2	5.4	2870	2	16	-	INVESTIGATE		
DIV	anet	87320	346496	15	+29.1	4.1	4110	1	26	-	INVESTIGATE		
DIV	anet	138250	571477	22	-22.6	3.8	2870	2	5	-	INVESTIGATE		
DIV	tfrrs	27152	0	31	-22.5	14.3	5000	na	na	-	INVESTIGATE		
DIV	anet	217323	868635	12	-22.5	9.4	1847	4	10	-	INVESTIGATE		
DIV	tfrrs	13575	1	111	-22.5	9.3	3104	na	na	-	INVESTIGATE		
DIV	anet	39003	167538	57	-22.5	3.3	4010	1	21	-	INVESTIGATE		
DIV	anet	60364	258544	19	+29.0	7.5	2258	1	9	OVERRIDE	REGRESSION		
DIV	anet	72827	296698	90	-22.5	3.9	3956	1	7	-	INVESTIGATE		
DIV	anet	144192	605550	21	-22.5	7.1	2891	5	7	-	PERSISTENT		
DIV	tfrrs	20536	1	14	-22.5	10.6	5131	na	na	-	INVESTIGATE		
DIV	anet	73937	299229	15	+29.0	5.7	6056	2	5	-	INVESTIGATE		
DIV	anet	188631	764313	12	-22.4	6.6	3161	1	2	-	INVESTIGATE		
DIV	anet	127721	518256	15	+28.9	17.2	2890	1	21	-	INVESTIGATE		
DIV	anet	237448	1001577	18	+28.9	6.9	3087	2	20	-	INVESTIGATE		
DIV	anet	240133	959189	16	-22.4	4.8	4834	2	17	-	INVESTIGATE		
DIV	tfrrs	14471	1	38	-22.4	7.1	6642	na	na	OVERRIDE	REGRESSION		
DIV	tfrrs	16306	1	23	-22.4	4.4	6614	na	na	OVERRIDE	REGRESSION		
DIV	anet	262939	1043065	14	-22.4	9.3	2243	3	4	-	PERSISTENT		
DIV	anet	63854	275374	22	-22.3	7.8	3087	6	20	-	INVESTIGATE		
DIV	anet	61457	263442	41	+28.7	8.5	2252	10	18	-	PERSISTENT		
DIV	anet	140714	586531	21	-22.2	6.8	3104	2	9	-	INVESTIGATE		
DIV	anet	185574	754597	14	+28.6	3.9	2924	1	1	-	INVESTIGATE		
DIV	tfrrs	9351	2	71	-22.2	3.5	6580	na	na	OVERRIDE	REGRESSION		
DIV	anet	238447	969435	16	-22.2	6.6	3089	1	6	-	INVESTIGATE		
DIV	anet	42757	184177	30	-22.2	8.5	2900	6	11	-	PERSISTENT		
DIV	anet	4995	35828	13	-22.2	5.6	2285	8	16	-	PERSISTENT		
DIV	anet	72762	296344	78	-22.2	8.1	1458	1	17	-	INVESTIGATE		
DIV	anet	121214	487180	50	+28.5	7.9	2879	3	18	-	INVESTIGATE		
DIV	anet	26330	114936	12	-22.2	3.4	5120	4	15	-	INVESTIGATE		
DIV	anet	230253	918339	21	-22.2	6.3	2360	1	5	-	INVESTIGATE		
DIV	anet	161302	670786	35	-22.1	4.4	2376	1	2	-	INVESTIGATE		
DIV	anet	95263	378167	16	-22.1	11.9	4335	3	6	-	PERSISTENT		
DIV	anet	188631	764311	19	-22.1	7.5	3153	1	2	-	INVESTIGATE		
DIV	anet	36945	165839	15	+28.4	4.9	2261	1	18	-	INVESTIGATE		
DIV	tfrrs	14668	2	35	-22.1	10.3	2890	na	na	-	INVESTIGATE		
DIV	anet	161939	678217	16	+28.3	6.9	1463	5	18	-	INVESTIGATE		
DIV	anet	58648	251030	30	+28.3	7.8	4865	1	4	-	INVESTIGATE		
DIV	tfrrs	16035	0	90	-22.1	3.3	6147	na	na	OVERRIDE	REGRESSION		
DIV	anet	250472	996659	19	+28.3	8.2	3102	2	3	-	PERSISTENT		
DIV	anet	159183	685110	22	-22.0	5.7	3997	1	10	-	INVESTIGATE		
DIV	anet	232597	928568	159	-22.0	5.4	5060	2	9	-	INVESTIGATE		
DIV	anet	150144	622998	30	+28.2	7.2	2910	1	11	-	INVESTIGATE		
DIV	anet	196097	800588	45	-22.0	4.4	5131	1	9	-	INVESTIGATE		
DIV	anet	260967	1057778	14	-22.0	3.5	1818	2	5	-	INVESTIGATE		
DIV	tfrrs	8318	1	34	-22.0	12.7	5034	na	na	-	INVESTIGATE		
DIV	anet	159183	661282	20	-21.9	8.0	3999	1	10	-	INVESTIGATE		
DIV	anet	141947	594059	24	+28.1	7.1	3100	4	18	OVERRIDE	REGRESSION		
DIV	anet	78764	311604	13	+28.0	5.5	2891	2	16	-	INVESTIGATE		
DIV	anet	132537	540454	19	-21.9	12.1	2261	2	14	-	INVESTIGATE		
DIV	anet	63838	275279	15	-21.8	3.8	1830	4	27	-	INVESTIGATE		
DIV	anet	164668	679563	28	+27.9	7.1	2286	5	9	-	PERSISTENT		
DIV	anet	113176	449466	29	+27.9	6.2	3105	2	11	-	INVESTIGATE		
DIV	anet	234038	935366	17	+27.9	3.2	2889	2	2	-	INVESTIGATE		
DIV	anet	177827	728515	14	+27.9	4.2	2298	1	3	-	INVESTIGATE		
DIV	anet	260254	1033612	30	+27.9	5.2	2859	5	5	-	PERSISTENT		
DIV	anet	257868	1044820	42	-21.8	6.6	1748	2	2	-	INVESTIGATE		
DIV	tfrrs	14449	0	16	-21.8	8.1	4017	na	na	OVERRIDE	REGRESSION		
DIV	anet	1006	4864	12	-21.8	7.7	3897	3	19	-	INVESTIGATE		
DIV	anet	148162	623443	28	+27.8	7.0	2888	5	16	-	INVESTIGATE		
DIV	anet	75397	302493	35	+27.8	4.2	5057	1	5	-	INVESTIGATE		
DIV	anet	43838	188669	77	-21.8	3.9	3980	4	11	-	INVESTIGATE		
DIV	tfrrs	14878	1	33	-21.7	3.7	6632	na	na	OVERRIDE	REGRESSION		
DIV	anet	144726	607509	39	-21.7	4.6	3103	2	16	-	INVESTIGATE		
DIV	anet	250207	995071	53	+27.7	8.3	2681	1	8	OVERRIDE	REGRESSION		
DIV	anet	250011	994098	13	+27.7	4.7	2872	1	13	-	INVESTIGATE		
DIV	anet	119655	492529	53	-21.7	5.0	3958	1	9	-	INVESTIGATE		
DIV	anet	250207	995070	52	+27.7	8.7	2679	1	8	OVERRIDE	REGRESSION		
DIV	anet	190215	769480	17	-21.7	9.5	3161	1	1	-	INVESTIGATE		
DIV	anet	203430	815625	26	-21.7	4.3	2369	1	12	-	INVESTIGATE		
DIV	anet	200636	826748	21	+27.6	15.8	2934	2	21	-	INVESTIGATE		
DIV	anet	191048	772255	36	-21.7	5.4	4015	1	6	-	INVESTIGATE		
DIV	anet	148162	623441	41	+27.6	8.5	2910	5	16	-	INVESTIGATE		
DIV	anet	33119	143743	16	+27.6	9.3	2378	5	11	-	INVESTIGATE		
DIV	tfrrs	19944	1	12	-21.6	5.3	3311	na	na	-	INVESTIGATE		
DIV	anet	70580	292398	22	-21.6	15.4	2891	2	10	-	INVESTIGATE		
DIV	anet	23893	104797	47	-21.6	2.9	8503	2	10	-	INVESTIGATE		
DIV	tfrrs	15426	1	15	-21.6	7.9	4007	na	na	OVERRIDE	REGRESSION		
DIV	tfrrs	9691	0	18	-21.6	11.6	3903	na	na	-	INVESTIGATE		
DIV	anet	211743	846091	13	-21.6	10.2	3969	1	6	-	INVESTIGATE		
DIV	tfrrs	9961	1	46	-21.6	6.7	5043	na	na	-	INVESTIGATE		
DIV	anet	250472	996653	16	+27.5	3.7	1448	2	3	-	PERSISTENT		
DIV	anet	247066	980281	17	+27.5	7.6	2872	1	7	-	INVESTIGATE		
DIV	anet	119655	492845	65	-21.6	2.8	3956	1	9	-	INVESTIGATE		
DIV	tfrrs	16294	0	14	-21.6	7.2	5064	na	na	-	INVESTIGATE		
DIV	tfrrs	21389	1	12	-21.6	9.3	5060	na	na	-	INVESTIGATE		
DIV	anet	179427	733744	14	-21.6	9.0	2300	1	7	-	INVESTIGATE		
DIV	anet	136527	561454	13	-21.6	5.6	1457	2	10	-	INVESTIGATE		
DIV	anet	57289	245278	47	-21.6	7.1	2251	8	16	-	PERSISTENT		
DIV	anet	217924	871714	12	+27.5	3.5	3986	5	18	-	INVESTIGATE		
DIV	anet	57808	273702	13	-21.5	8.9	1851	1	18	-	INVESTIGATE		
DIV	tfrrs	9389	2	19	+27.4	8.5	5066	na	na	-	INVESTIGATE		
DIV	anet	64108	276555	14	-21.5	5.1	1830	2	9	-	INVESTIGATE		
DIV	anet	80935	320688	51	-21.5	5.1	3107	2	7	-	INVESTIGATE		
DIV	tfrrs	10245	0	42	-21.5	5.0	5051	na	na	-	INVESTIGATE		
DIV	anet	59514	259264	50	-21.5	4.8	3087	1	15	-	INVESTIGATE		
DIV	anet	56728	245063	17	-21.5	8.0	2891	2	21	-	INVESTIGATE		
DIV	anet	188545	763710	15	-21.5	13.1	2402	2	18	-	INVESTIGATE		
DIV	tfrrs	11177	1	23	+27.3	2.8	8246	na	na	-	INVESTIGATE		
DIV	tfrrs	16076	1	29	+27.3	5.3	8279	na	na	-	INVESTIGATE		
DIV	anet	89630	353624	26	-21.4	10.4	2870	8	37	-	INVESTIGATE		
DIV	anet	44600	191363	13	-21.4	2.6	8386	1	4	-	INVESTIGATE		
DIV	tfrrs	8741	1	80	-21.4	4.0	5034	na	na	-	INVESTIGATE		
DIV	anet	272120	1084660	110	+27.2	5.2	2226	1	6	-	INVESTIGATE		
DIV	anet	45452	201448	25	+27.2	7.5	2900	1	9	-	INVESTIGATE		
DIV	anet	183898	749433	16	+27.2	12.6	3173	1	3	-	INVESTIGATE		
DIV	anet	226868	905474	16	+27.1	3.5	2889	2	22	-	INVESTIGATE		
DIV	anet	272120	1084661	38	+27.1	10.3	2237	1	6	-	INVESTIGATE		
DIV	tfrrs	23699	1	61	-21.3	5.2	6546	na	na	OVERRIDE	REGRESSION		
DIV	anet	213784	852878	19	-21.3	8.2	1845	1	13	-	INVESTIGATE		
DIV	anet	111758	442890	41	-21.3	4.5	2244	1	7	-	INVESTIGATE		
DIV	tfrrs	9389	5	29	-21.3	16.0	5066	na	na	-	INVESTIGATE		
DIV	anet	75155	301234	61	-21.3	2.6	3950	1	9	-	INVESTIGATE		
DIV	anet	46426	232861	24	+27.0	11.8	2269	5	37	-	INVESTIGATE		
DIV	anet	113837	452434	26	-21.3	14.3	1849	2	12	-	INVESTIGATE		
DIV	anet	220918	884050	176	-21.3	4.0	5079	1	6	-	INVESTIGATE		
DIV	anet	26368	115071	23	-21.2	4.6	6202	1	4	-	INVESTIGATE		
DIV	anet	105219	414328	33	-21.2	10.4	2341	3	18	-	INVESTIGATE		
DIV	anet	198746	796443	15	+26.9	6.7	2311	1	8	-	INVESTIGATE		
DIV	anet	4995	31854	17	-21.2	4.6	2289	8	16	-	PERSISTENT		
DIV	tfrrs	13277	3	12	-21.2	39.3	3286	na	na	-	INVESTIGATE		
DIV	anet	25137	110167	37	-21.2	1.8	8472	2	22	-	INVESTIGATE		
DIV	anet	126565	515855	13	+26.9	5.8	3122	1	6	-	INVESTIGATE		
DIV	anet	15478	75460	13	+26.9	5.2	2824	3	19	-	INVESTIGATE		
DIV	anet	197575	791535	26	+26.9	5.1	1862	5	13	-	INVESTIGATE		
DIV	anet	127360	518058	26	-21.2	3.1	3956	2	9	OVERRIDE	REGRESSION		
DIV	tfrrs	14170	2	13	-21.2	6.5	2962	na	na	-	INVESTIGATE		
DIV	anet	35433	302759	20	+26.9	4.0	5071	1	9	-	INVESTIGATE		
DIV	tfrrs	9422	2	17	-21.2	11.7	5054	na	na	-	INVESTIGATE		
DIV	anet	15478	75459	17	+26.9	4.7	2806	3	19	-	INVESTIGATE		
DIV	anet	38859	166964	178	-21.2	3.1	8456	1	11	-	INVESTIGATE		
DIV	tfrrs	12952	0	30	-21.2	13.7	2940	na	na	-	INVESTIGATE		
DIV	anet	96420	384137	24	-21.2	9.9	4326	1	12	-	INVESTIGATE		
DIV	tfrrs	10812	0	21	+26.8	31.0	6553	na	na	-	INVESTIGATE		
DIV	anet	112870	448003	15	-21.1	8.9	1830	1	5	-	INVESTIGATE		
DIV	anet	138250	571478	21	-21.1	4.4	2877	2	5	-	INVESTIGATE		
DIV	anet	212897	849189	14	-21.1	5.5	3115	5	21	-	INVESTIGATE		
DIV	tfrrs	10052	1	66	-21.1	6.4	3107	na	na	-	INVESTIGATE		
DIV	anet	176773	734581	12	-21.1	9.2	4932	1	6	-	INVESTIGATE		
DIV	tfrrs	8925	3	16	-21.1	2.8	6579	na	na	OVERRIDE	REGRESSION		
DIV	tfrrs	27070	1	14	-21.1	10.3	5000	na	na	-	INVESTIGATE		
DIV	anet	49278	237801	13	-21.1	13.6	1787	5	34	-	INVESTIGATE		
DIV	anet	96959	386317	26	-21.1	6.1	1825	6	7	-	PERSISTENT		
DIV	anet	95614	379722	15	+26.7	5.7	2875	1	3	OVERRIDE	REGRESSION		
DIV	tfrrs	10400	7	66	-21.1	7.1	4634	na	na	-	INVESTIGATE		
DIV	anet	257868	1044823	36	-21.1	5.0	1762	2	2	-	INVESTIGATE		
DIV	anet	111106	440009	15	-21.0	2.5	3677	1	8	-	INVESTIGATE		
DIV	anet	164668	679564	31	+26.7	5.9	2272	5	9	-	PERSISTENT		
DIV	anet	49432	210762	23	-21.0	7.7	1839	4	27	-	INVESTIGATE		
DIV	tfrrs	13855	3	13	-21.0	12.4	1438	na	na	-	INVESTIGATE		
DIV	anet	57289	245280	27	-21.0	6.9	2252	8	16	-	PERSISTENT		
DIV	anet	46809	199923	14	+26.6	8.0	2900	2	14	-	INVESTIGATE		
DIV	anet	236593	946246	19	-21.0	5.9	5122	2	6	-	INVESTIGATE		
DIV	anet	217667	870342	13	-21.0	18.6	1857	1	12	-	INVESTIGATE		
DIV	anet	144965	608610	13	-21.0	2.3	6163	1	1	-	INVESTIGATE		
DIV	anet	46809	199924	12	+26.6	9.8	2887	2	14	-	INVESTIGATE		
DIV	anet	45071	192835	17	+26.6	3.3	5112	1	9	-	INVESTIGATE		
DIV	anet	96664	385141	63	-21.0	7.5	2875	4	10	-	INVESTIGATE		
DIV	anet	182341	744455	18	-21.0	13.6	2314	3	5	-	PERSISTENT		
DIV	anet	142585	597621	47	-21.0	3.2	3104	3	19	-	INVESTIGATE		
DIV	anet	147836	629085	34	-21.0	5.9	2888	5	24	-	INVESTIGATE		
DIV	anet	241497	985630	69	-21.0	7.1	2872	3	7	-	INVESTIGATE		
DIV	anet	153236	636946	62	-21.0	3.3	3971	1	5	-	INVESTIGATE		
DIV	anet	248629	988020	43	-21.0	3.4	5037	2	13	-	INVESTIGATE		
DIV	anet	6215	29650	15	-20.9	9.7	2274	1	3	-	INVESTIGATE		
DIV	anet	76806	305517	13	+26.5	4.9	5034	1	19	-	INVESTIGATE		
DIV	anet	14124	64025	12	-20.9	8.2	3155	1	4	-	INVESTIGATE		
DIV	anet	111758	442888	46	-20.9	5.6	2259	1	7	-	INVESTIGATE		
DIV	anet	52608	223978	16	-20.9	8.1	3555	3	6	-	PERSISTENT		
DIV	anet	250011	994096	14	+26.4	3.2	2872	1	13	-	INVESTIGATE		
DIV	anet	34678	301399	109	+26.4	5.4	5080	1	11	-	INVESTIGATE		
DIV	anet	47437	202472	20	+26.4	3.6	1952	4	22	-	INVESTIGATE		
DIV	anet	123734	513691	38	-20.9	11.7	2242	3	8	-	INVESTIGATE		
DIV	anet	70581	292414	23	-20.9	9.3	2887	2	10	-	INVESTIGATE		
DIV	anet	116395	465986	19	-20.9	7.6	2248	3	8	-	INVESTIGATE		
DIV	anet	233423	932413	32	-20.9	4.6	3971	1	4	-	INVESTIGATE		
DIV	anet	136527	561455	14	-20.9	4.8	1435	2	10	-	INVESTIGATE		
DIV	tfrrs	13855	1	15	-20.9	12.9	1531	na	na	-	INVESTIGATE		
DIV	anet	123738	530256	52	-20.9	4.9	2250	3	18	-	INVESTIGATE		
DIV	anet	61700	264550	15	+26.4	7.2	5039	2	44	-	INVESTIGATE		
DIV	anet	241497	985629	37	-20.9	5.1	2875	3	7	-	INVESTIGATE		
DIV	tfrrs	8664	0	56	-20.8	4.2	3734	na	na	-	INVESTIGATE		
DIV	anet	229557	915215	21	-20.8	18.7	5039	3	5	-	PERSISTENT		
DIV	anet	194295	782272	74	-20.8	12.3	3159	2	9	-	INVESTIGATE		
DIV	tfrrs	10052	0	76	-20.8	5.2	3107	na	na	-	INVESTIGATE		
DIV	anet	237614	978427	24	-20.8	7.6	2872	2	5	-	INVESTIGATE		
DIV	tfrrs	15512	1	22	-20.8	7.3	6614	na	na	OVERRIDE	REGRESSION		
DIV	anet	268322	1066670	48	+26.3	5.0	4116	1	2	-	INVESTIGATE		
DIV	anet	95994	382378	81	+26.2	4.4	4850	4	13	-	INVESTIGATE		
DIV	anet	32395	140546	26	+26.2	5.5	3301	2	11	-	INVESTIGATE		
DIV	anet	206228	826787	27	+26.2	8.2	5122	2	14	-	INVESTIGATE		
DIV	anet	47213	201553	27	-20.7	3.7	3969	2	15	-	INVESTIGATE		
DIV	anet	223534	893830	22	+26.1	7.5	674	7	21	-	INVESTIGATE		
DIV	anet	125522	505917	12	+26.1	3.2	1862	3	27	-	INVESTIGATE		
DIV	anet	266663	1059089	14	-20.7	10.0	2226	15	26	-	PERSISTENT		
DIV	anet	222970	892045	24	+26.1	4.6	5259	5	7	-	PERSISTENT		
DIV	anet	105219	414330	12	-20.7	7.2	2343	3	18	-	INVESTIGATE		
DIV	anet	103161	408006	58	-20.7	3.3	3952	1	17	-	INVESTIGATE		
DIV	anet	217924	871713	35	+26.1	6.8	3969	5	18	-	INVESTIGATE		
DIV	anet	46426	232860	37	+26.0	7.5	2284	5	37	-	INVESTIGATE		
DIV	anet	1081	5215	16	-20.6	5.6	2935	1	30	-	INVESTIGATE		
DIV	anet	57459	246044	45	-20.6	4.7	4865	2	5	-	INVESTIGATE		
DIV	tfrrs	11726	0	36	-20.6	7.4	5051	na	na	-	INVESTIGATE		
DIV	anet	61163	262132	13	-20.6	9.4	1433	2	20	-	INVESTIGATE		
DIV	anet	136527	561460	40	-20.6	5.9	1435	2	10	-	INVESTIGATE		
DIV	anet	231084	921994	15	-20.6	7.5	3123	2	2	-	INVESTIGATE		
DIV	anet	165534	683080	19	-20.6	9.7	2272	2	5	-	INVESTIGATE		
DIV	tfrrs	10052	4	42	-20.6	3.5	3113	na	na	-	INVESTIGATE		
DIV	anet	191048	772256	19	-20.6	9.2	4019	1	6	-	INVESTIGATE		
DIV	anet	262887	1043107	34	-20.6	8.1	3923	1	5	-	INVESTIGATE		
DIV	anet	5262	38053	18	+25.9	6.1	2804	3	19	-	INVESTIGATE		
DIV	anet	94801	375221	24	-20.6	8.8	3087	1	9	-	INVESTIGATE		
DIV	anet	151275	627152	41	-20.6	12.9	2888	3	22	-	INVESTIGATE		
DIV	anet	11662	61007	28	-20.6	6.3	2286	8	16	-	PERSISTENT		
DIV	anet	28009	121942	26	-20.6	2.2	5120	1	5	-	INVESTIGATE		
DIV	anet	201568	810028	24	+25.9	10.0	3159	1	2	OVERRIDE	REGRESSION		
DIV	anet	225210	899682	32	-20.5	7.4	3102	1	13	-	INVESTIGATE		
DIV	anet	268322	1066674	25	+25.8	5.3	4114	1	2	-	INVESTIGATE		
DIV	anet	249038	989336	12	-20.5	10.6	2248	3	7	-	INVESTIGATE		
DIV	anet	182341	744453	46	-20.5	6.6	2314	3	5	-	PERSISTENT		
DIV	anet	212551	848348	12	-20.5	10.2	2284	2	14	-	INVESTIGATE		
DIV	anet	57808	273703	14	-20.5	7.7	1830	1	18	-	INVESTIGATE		
DIV	anet	110288	443306	15	-20.5	7.2	5048	4	20	-	INVESTIGATE		
DIV	anet	96745	385471	25	-20.5	5.9	3089	5	15	-	INVESTIGATE		
DIV	anet	264186	1048069	14	-20.4	4.3	1433	1	11	-	INVESTIGATE		
DIV	anet	191976	775274	15	+25.7	10.1	2142	3	18	-	INVESTIGATE		
DIV	anet	62954	281984	12	+25.7	14.0	2589	1	25	-	INVESTIGATE		
DIV	anet	46354	198017	33	-20.4	5.4	3101	6	20	-	INVESTIGATE		
DIV	tfrrs	8276	0	50	-20.4	8.6	4779	na	na	-	INVESTIGATE		
DIV	anet	251128	1000006	42	-20.4	5.7	3068	4	8	-	PERSISTENT		
DIV	anet	161302	670788	26	-20.4	5.0	2362	1	2	-	INVESTIGATE		
DIV	anet	18997	84798	15	-20.4	6.3	2371	12	19	-	PERSISTENT		
DIV	anet	92283	399293	42	-20.4	11.7	1434	6	36	-	INVESTIGATE		
DIV	anet	234783	938985	17	+25.6	6.6	3103	1	14	-	INVESTIGATE		
DIV	anet	145111	609140	18	+25.6	13.7	2277	1	1	-	INVESTIGATE		
DIV	anet	4995	36160	13	-20.4	3.9	2285	8	16	-	PERSISTENT		
DIV	tfrrs	15240	1	12	-20.3	2.3	6614	na	na	OVERRIDE	REGRESSION		
DIV	anet	248821	996039	21	+25.5	11.8	2872	1	1	-	INVESTIGATE		
DIV	anet	141551	591843	142	-20.3	4.0	5041	1	13	-	INVESTIGATE		
DIV	tfrrs	8276	1	74	-20.3	6.2	4760	na	na	-	INVESTIGATE		
DIV	tfrrs	19435	4	25	-20.3	11.0	5079	na	na	-	INVESTIGATE		
DIV	anet	32395	140545	55	+25.5	9.3	3310	2	11	-	INVESTIGATE		
DIV	anet	130201	556961	19	-20.3	20.6	2870	6	16	-	INVESTIGATE		
DIV	anet	47437	202473	17	+25.5	3.9	1934	4	22	-	INVESTIGATE		
DIV	anet	70510	291991	20	+25.5	6.6	2244	1	17	-	INVESTIGATE		
DIV	anet	96981	386397	14	+25.5	7.6	2875	3	16	-	INVESTIGATE		
DIV	anet	84546	332505	17	-20.3	4.1	3946	1	3	-	INVESTIGATE		
DIV	anet	138744	581164	13	+25.4	4.2	2878	2	14	-	INVESTIGATE		
DIV	tfrrs	20075	0	56	+25.4	39.6	7168	na	na	OVERRIDE	REGRESSION		
DIV	anet	216596	864939	73	-20.3	9.9	2900	1	8	-	INVESTIGATE		
DIV	anet	239511	956667	61	-20.3	10.4	2875	2	11	-	INVESTIGATE		
DIV	anet	142449	596941	33	-20.2	6.5	5041	1	19	-	INVESTIGATE		
DIV	anet	57289	245279	16	-20.2	3.1	2252	8	16	-	PERSISTENT		
DIV	anet	57915	247968	19	-20.2	3.1	1851	1	5	-	INVESTIGATE		
DIV	anet	35774	154828	17	+25.3	3.1	2886	2	19	-	INVESTIGATE		
DIV	anet	141474	591421	28	+25.3	9.3	2878	1	6	-	INVESTIGATE		
DIV	anet	42757	184178	16	-20.2	10.8	2887	6	11	-	PERSISTENT		
DIV	anet	81696	323863	19	+25.3	3.8	2345	5	11	-	INVESTIGATE		
DIV	anet	158997	660732	50	-20.2	5.5	3124	2	21	-	INVESTIGATE		
DIV	anet	259692	1031173	95	+25.3	7.5	2852	1	6	-	INVESTIGATE		
DIV	tfrrs	18170	0	24	+25.3	33.0	7184	na	na	-	INVESTIGATE		
DIV	anet	70580	292397	21	-20.1	11.0	2874	2	10	-	INVESTIGATE		
DIV	anet	191425	773461	46	-20.1	12.6	2923	6	16	-	INVESTIGATE		
DIV	anet	263008	1043324	17	-20.1	3.9	3923	1	15	-	INVESTIGATE		
DIV	anet	111870	443388	12	+25.2	5.7	2981	1	14	-	INVESTIGATE		
DIV	anet	149599	632915	20	-20.1	12.5	2292	2	17	-	INVESTIGATE		
DIV	anet	11662	61013	26	-20.1	8.6	2286	8	16	-	PERSISTENT		
DIV	anet	23890	104787	89	-20.1	4.3	8386	2	23	-	INVESTIGATE		
DIV	anet	135025	552830	93	-20.1	11.5	5041	2	42	-	INVESTIGATE		
DIV	tfrrs	10052	3	38	-20.1	4.5	3107	na	na	-	INVESTIGATE		
DIV	anet	717	8652	41	-20.0	4.6	2397	12	19	-	PERSISTENT		
DIV	tfrrs	4024	0	44	-20.0	11.4	4785	na	na	-	INVESTIGATE		
DIV	anet	164030	676759	18	-20.0	8.3	2902	3	5	-	PERSISTENT		
DIV	tfrrs	24284	1	12	-20.0	3.7	5037	na	na	-	INVESTIGATE		
DIV	anet	228115	928859	160	-20.0	4.1	5060	1	21	-	INVESTIGATE		
DIV	anet	112975	457291	30	-20.0	12.2	2887	1	9	-	INVESTIGATE		
DIV	anet	22401	98814	36	+25.0	4.3	6212	1	6	-	INVESTIGATE		
DIV	anet	17362	77612	12	+25.0	6.6	2403	5	11	-	INVESTIGATE		
DIV	anet	211137	844008	12	-20.0	8.0	1446	1	6	-	INVESTIGATE		
DIV	anet	232678	928873	42	+25.0	3.5	6151	6	22	-	INVESTIGATE		
DIV	anet	261461	1059424	24	-19.9	4.6	2229	2	4	-	PERSISTENT		
DIV	anet	2211	10407	13	+24.9	2.4	2847	3	19	-	INVESTIGATE		
DIV	anet	147836	629088	62	-19.9	6.6	2910	5	24	-	INVESTIGATE		
DIV	anet	83900	329667	13	+24.8	4.7	5028	7	19	-	INVESTIGATE		
DIV	anet	114029	465060	83	-19.9	4.8	2233	3	8	-	INVESTIGATE		
DIV	anet	201141	807900	12	+24.8	9.6	2298	3	7	-	INVESTIGATE		
DIV	anet	259399	1029966	52	+24.8	4.9	1831	5	13	-	INVESTIGATE		
DIV	anet	50962	217104	31	-19.9	6.5	3110	4	11	-	INVESTIGATE		
DIV	anet	120729	485093	18	+24.8	5.4	3956	1	9	-	INVESTIGATE		
DIV	anet	130201	556958	187	-19.8	18.8	5051	6	16	-	INVESTIGATE		
DIV	tfrrs	13215	3	12	-19.8	37.1	3286	na	na	-	INVESTIGATE		
DIV	anet	15790	70795	14	-19.8	10.2	7692	10	18	-	PERSISTENT		
DIV	anet	127950	519359	40	-19.8	5.5	5043	1	5	-	INVESTIGATE		
DIV	anet	262939	1043066	28	-19.8	6.4	2252	3	4	-	PERSISTENT		
DIV	anet	70510	291989	13	+24.7	7.4	2262	1	17	-	INVESTIGATE		
DIV	anet	163531	679581	24	-19.8	8.2	3469	3	20	-	INVESTIGATE		
DIV	anet	92967	367297	12	-19.8	6.2	2891	1	10	-	INVESTIGATE		
DIV	anet	243750	971054	43	+24.7	4.9	1831	5	13	-	INVESTIGATE		
DIV	tfrrs	10052	2	67	-19.8	5.3	3113	na	na	-	INVESTIGATE		
DIV	anet	94570	374266	37	+24.6	12.7	2891	2	11	-	INVESTIGATE		
DIV	anet	111526	441860	20	-19.8	6.7	2258	1	7	-	INVESTIGATE		
DIV	tfrrs	16076	0	32	+24.6	3.7	6155	na	na	-	INVESTIGATE		
DIV	anet	11122	51189	30	-19.8	5.0	6218	5	16	-	INVESTIGATE		
DIV	tfrrs	26381	0	36	-19.8	19.9	5000	na	na	-	INVESTIGATE		
DIV	anet	256749	1020602	25	-19.8	12.1	3069	5	7	-	PERSISTENT		
DIV	anet	46401	198235	33	+24.6	6.0	2900	1	14	-	INVESTIGATE		
DIV	anet	243713	970985	23	+24.6	9.2	3088	1	2	-	INVESTIGATE		
DIV	anet	206345	827174	20	-19.7	4.8	5131	1	4	OVERRIDE	REGRESSION		
DIV	anet	260640	1058660	17	-19.7	5.5	3913	1	4	-	INVESTIGATE		
DIV	anet	243972	983732	30	+24.6	5.1	3088	1	1	-	INVESTIGATE		
DIV	anet	198254	794313	56	-19.7	10.2	2934	1	5	-	INVESTIGATE		
DIV	anet	112720	468873	45	-19.7	5.7	1824	4	13	-	INVESTIGATE		
DIV	anet	226868	905470	39	+24.6	5.0	2881	2	22	-	INVESTIGATE		
DIV	anet	13938	63181	13	-19.7	14.0	2403	4	22	-	INVESTIGATE		
DIV	anet	150144	623000	23	+24.5	7.9	2888	1	11	-	INVESTIGATE		
DIV	tfrrs	4666	4	20	-19.7	9.5	4760	na	na	-	INVESTIGATE		
DIV	tfrrs	12399	0	19	-19.7	5.5	3988	na	na	OVERRIDE	REGRESSION		
DIV	anet	226146	906986	77	-19.6	7.3	2889	1	10	-	INVESTIGATE		
DIV	anet	198254	794314	30	-19.6	5.4	2924	1	5	-	INVESTIGATE		
DIV	anet	270547	1077393	19	+24.4	7.5	2859	1	14	OVERRIDE	REGRESSION		
DIV	anet	17205	79263	17	-19.6	12.2	2928	7	18	-	INVESTIGATE		
DIV	anet	94570	374267	32	+24.4	6.9	2875	2	11	-	INVESTIGATE		
DIV	anet	184789	752246	15	+24.4	15.4	3140	1	2	OVERRIDE	REGRESSION		
DIV	anet	269176	1070766	36	-19.6	7.7	2252	1	4	-	INVESTIGATE		
DIV	tfrrs	9745	2	15	-19.6	8.1	3094	na	na	-	INVESTIGATE		
DIV	anet	207559	832298	48	+24.4	5.8	3117	1	4	-	INVESTIGATE		
DIV	anet	204371	819879	14	+24.4	6.2	5131	1	4	-	INVESTIGATE		
DIV	anet	127589	517667	15	-19.6	7.1	2878	1	3	-	INVESTIGATE		
DIV	anet	50174	213805	38	-19.6	2.7	2284	1	1	-	INVESTIGATE		
DIV	anet	4995	31861	17	-19.6	8.0	2289	8	16	-	PERSISTENT		
DIV	anet	223131	892648	60	+24.4	7.4	2270	3	14	-	INVESTIGATE		
DIV	anet	159183	661281	27	-19.6	3.9	3997	1	10	-	INVESTIGATE		
DIV	tfrrs	9422	4	27	-19.6	5.9	5054	na	na	-	INVESTIGATE		
DIV	anet	23426	103083	34	-19.6	2.6	5107	5	28	-	INVESTIGATE		
DIV	tfrrs	12952	1	26	-19.6	16.2	2879	na	na	-	INVESTIGATE		
DIV	anet	259809	1031596	24	-19.6	4.4	2243	2	6	-	INVESTIGATE		
DIV	anet	33832	146984	12	-19.5	14.2	2378	5	20	-	INVESTIGATE		
DIV	anet	251128	1000007	23	-19.5	5.5	3089	4	8	-	PERSISTENT		
DIV	anet	222154	888959	14	+24.3	18.4	2900	3	3	-	PERSISTENT		
DIV	anet	50174	213806	27	-19.5	4.9	2269	1	1	-	INVESTIGATE		
DIV	anet	26663	219611	13	+24.3	8.3	5112	1	6	-	INVESTIGATE		
DIV	anet	136527	561461	68	-19.5	4.5	1457	2	10	-	INVESTIGATE		
DIV	anet	176773	734580	16	-19.5	6.6	4945	1	6	-	INVESTIGATE		
DIV	tfrrs	13624	2	35	+24.2	4.3	4872	na	na	-	INVESTIGATE		
DIV	anet	90858	358346	65	+24.2	3.8	6111	2	22	-	INVESTIGATE		
DIV	anet	45796	195693	48	-19.5	8.7	1839	2	18	-	INVESTIGATE		
DIV	anet	64439	278021	16	+24.2	4.9	5072	4	4	-	PERSISTENT		
DIV	anet	261461	1059426	29	-19.5	4.0	2229	2	4	-	PERSISTENT		
DIV	anet	198496	795175	19	-19.5	14.9	3169	1	2	-	INVESTIGATE		
DIV	anet	194562	807146	13	-19.5	3.9	1480	1	3	-	INVESTIGATE		
DIV	anet	109944	435218	20	-19.5	7.9	2887	4	15	-	INVESTIGATE		
DIV	anet	43106	185804	77	-19.5	4.6	8444	2	10	-	INVESTIGATE		
DIV	anet	149488	621569	17	-19.5	5.6	2292	5	15	-	INVESTIGATE		
DIV	anet	121486	505240	20	+24.2	12.8	2890	5	9	-	PERSISTENT		
DIV	tfrrs	19538	1	36	-19.5	12.8	5079	na	na	-	INVESTIGATE		
DIV	tfrrs	8148	0	34	-19.4	10.6	3146	na	na	-	INVESTIGATE		
DIV	anet	46119	196979	14	+24.1	8.5	2374	5	11	-	INVESTIGATE		
DIV	anet	86234	356246	14	-19.4	4.7	2446	1	10	-	INVESTIGATE		
DIV	anet	226483	904086	43	+24.1	5.9	1845	5	13	-	INVESTIGATE		
DIV	anet	60847	260705	29	-19.4	4.2	4865	1	12	-	INVESTIGATE		
DIV	anet	96664	385140	91	-19.4	9.2	2891	4	10	-	INVESTIGATE		
DIV	anet	208187	872434	35	+24.1	3.6	3117	1	22	-	INVESTIGATE		
DIV	anet	120478	484108	26	-19.4	10.0	3958	8	12	-	PERSISTENT		
DIV	anet	60847	260707	21	-19.4	5.9	4848	1	12	-	INVESTIGATE		
DIV	anet	47907	204394	19	-19.4	7.2	2886	4	6	-	PERSISTENT		
DIV	anet	35222	152658	67	-19.4	3.7	3980	1	8	-	INVESTIGATE		
DIV	tfrrs	10328	0	17	-19.4	4.7	5063	na	na	-	INVESTIGATE		
DIV	anet	118775	476742	58	-19.4	7.0	2879	4	17	-	INVESTIGATE		
DIV	anet	115277	460134	59	-19.4	5.8	3950	3	18	-	INVESTIGATE		
DIV	anet	227226	906642	14	+24.0	4.3	3121	1	2	-	INVESTIGATE		
DIV	anet	240453	960623	14	+24.0	5.7	3088	2	7	-	INVESTIGATE		
DIV	anet	176011	729359	29	-19.4	8.0	1862	2	18	-	INVESTIGATE		
DIV	anet	27354	119184	23	+24.0	4.2	6202	1	6	-	INVESTIGATE		
DIV	anet	50911	216898	19	-19.4	5.3	2258	8	16	-	PERSISTENT		
DIV	anet	237514	949531	14	+24.0	12.6	1434	2	6	-	INVESTIGATE		
DIV	anet	260967	1057777	18	-19.3	3.5	1831	2	5	-	INVESTIGATE		
DIV	anet	24148	105795	31	-19.3	3.4	8375	2	22	-	INVESTIGATE		
DIV	tfrrs	4024	1	20	-19.3	4.1	4760	na	na	-	INVESTIGATE		
DIV	anet	75627	303624	82	+24.0	5.6	5057	2	12	-	INVESTIGATE		
DIV	anet	122620	492833	18	-19.3	11.8	3958	5	21	-	INVESTIGATE		
DIV	anet	128385	521502	28	-19.3	4.7	5043	1	4	-	INVESTIGATE		
DIV	anet	30055	130643	16	+23.9	6.0	4037	1	12	-	INVESTIGATE		
DIV	anet	20894	102733	59	-19.3	2.7	8375	3	20	-	INVESTIGATE		
DIV	anet	250679	997616	32	-19.3	6.6	3102	2	3	-	PERSISTENT		
DIV	tfrrs	15823	2	51	-19.3	10.9	5064	na	na	-	INVESTIGATE		
DIV	anet	122859	517914	12	-19.3	9.5	2277	3	18	-	INVESTIGATE		
DIV	anet	136646	576525	16	+23.9	3.7	2878	1	29	-	INVESTIGATE		
DIV	anet	150992	636883	17	-19.3	22.4	2888	5	15	-	INVESTIGATE		
DIV	anet	136454	560987	19	+23.9	5.0	2878	3	16	-	INVESTIGATE		
DIV	anet	12110	55394	23	-19.3	11.5	3687	1	12	-	INVESTIGATE		
DIV	anet	72800	296544	40	-19.3	8.2	1449	1	4	-	INVESTIGATE		
DIV	anet	195806	786322	20	+23.8	8.1	3169	1	5	-	INVESTIGATE		
DIV	anet	107285	432664	40	-19.2	13.6	1433	5	20	-	INVESTIGATE		
DIV	anet	135959	588668	68	-19.2	16.1	1448	5	24	-	INVESTIGATE		
DIV	anet	47672	203484	25	+23.8	5.3	5057	7	19	-	INVESTIGATE		
DIV	anet	44055	189643	74	-19.2	4.7	5156	1	7	-	INVESTIGATE		
DIV	anet	177879	727728	57	-19.2	11.1	2298	3	18	-	INVESTIGATE		
DIV	anet	162215	670508	43	-19.2	7.5	1405	10	18	-	PERSISTENT		
DIV	tfrrs	11987	2	71	-19.2	8.6	5041	na	na	-	INVESTIGATE		
DIV	anet	196	828	17	-19.2	6.6	5183	10	24	-	INVESTIGATE		
DIV	anet	139819	580993	21	-19.2	3.2	5041	1	13	-	INVESTIGATE		
DIV	anet	147075	614737	14	+23.8	3.7	3982	1	7	-	INVESTIGATE		
DIV	anet	149425	620571	42	-19.2	12.8	1467	2	11	-	INVESTIGATE		
DIV	anet	120889	485788	14	-19.2	3.8	3093	1	6	-	INVESTIGATE		
DIV	anet	57289	245277	35	-19.2	5.1	2251	8	16	-	PERSISTENT		
DIV	anet	24839	112283	12	-19.2	9.9	2306	3	19	-	INVESTIGATE		
DIV	tfrrs	4289	0	52	+23.7	3.5	6118	na	na	-	INVESTIGATE		
DIV	anet	164005	676673	24	-19.2	15.7	1859	2	7	OVERRIDE	REGRESSION		
DIV	tfrrs	14668	10	58	-19.2	10.1	5060	na	na	-	INVESTIGATE		
DIV	tfrrs	20043	0	74	-19.2	11.4	5071	na	na	-	INVESTIGATE		
DIV	anet	92283	399292	48	-19.2	9.8	1458	6	36	-	INVESTIGATE		
DIV	anet	137142	565154	212	-19.2	3.8	5034	1	15	-	INVESTIGATE		
DIV	anet	260617	1034746	12	-19.2	8.5	2841	1	1	-	INVESTIGATE		
DIV	anet	108733	429938	28	-19.2	6.5	1433	3	17	-	INVESTIGATE		
DIV	anet	26954	118493	13	-19.2	6.7	3153	1	15	-	INVESTIGATE		
DIV	tfrrs	25778	0	41	-19.1	6.3	5000	na	na	-	INVESTIGATE		
DIV	anet	48321	206118	32	-19.1	7.0	3642	1	3	-	INVESTIGATE		
DIV	anet	20589	91821	17	-19.1	4.7	2287	8	16	-	PERSISTENT		
DIV	anet	61314	262780	15	-19.1	8.3	1830	7	16	-	INVESTIGATE		
DIV	anet	51905	221047	13	+23.7	14.1	2900	2	10	-	INVESTIGATE		
DIV	anet	261461	1059423	38	-19.1	4.6	2238	2	4	-	PERSISTENT		
DIV	anet	261165	1036900	15	+23.6	5.5	6517	1	11	-	INVESTIGATE		
DIV	anet	60847	260709	65	-19.1	4.2	4865	1	12	-	INVESTIGATE		
DIV	anet	4787	36511	18	-19.1	13.5	3152	3	10	-	INVESTIGATE		
DIV	tfrrs	11726	4	39	-19.1	7.2	5041	na	na	-	INVESTIGATE		
DIV	anet	78529	310609	29	-19.1	5.6	2251	8	16	-	PERSISTENT		
DIV	tfrrs	9682	0	18	-19.1	17.9	3170	na	na	-	INVESTIGATE		
DIV	anet	134393	549507	77	-19.1	10.1	1780	2	21	-	INVESTIGATE		
DIV	anet	233507	932806	15	-19.1	13.2	3103	2	4	OVERRIDE	REGRESSION		
DIV	anet	196607	788618	26	+23.6	4.3	4015	1	1	-	INVESTIGATE		
DIV	anet	193354	806054	19	-19.1	10.9	5122	2	14	-	INVESTIGATE		
DIV	anet	268322	1066675	28	+23.6	8.0	4114	1	2	-	INVESTIGATE		
DIV	anet	105689	428676	13	+23.6	2.8	6114	1	16	-	INVESTIGATE		
DIV	anet	218417	873662	22	+23.6	2.8	6174	1	12	-	INVESTIGATE		
DIV	anet	216222	863412	93	-19.1	5.8	2272	1	14	-	INVESTIGATE		
DIV	anet	43912	188987	109	-19.0	4.9	3980	1	2	-	INVESTIGATE		
DIV	anet	233421	932419	42	+23.5	4.5	2889	2	7	-	INVESTIGATE		
DIV	anet	219490	878926	21	+23.5	15.5	3132	1	4	-	INVESTIGATE		
DIV	anet	85111	334971	13	-19.0	7.8	1458	4	16	-	INVESTIGATE		
DIV	anet	133749	591356	13	-19.0	2.0	4066	1	16	-	INVESTIGATE		
DIV	anet	241009	962333	39	-19.0	11.5	5023	2	20	-	INVESTIGATE		
DIV	anet	60847	260706	42	-19.0	3.8	4848	1	12	-	INVESTIGATE		
DIV	tfrrs	4024	3	35	-19.0	5.3	4760	na	na	-	INVESTIGATE		
DIV	anet	63838	275278	33	-19.0	6.7	1851	4	27	-	INVESTIGATE		
DIV	anet	70581	292413	30	-19.0	17.5	2900	2	10	-	INVESTIGATE		
DIV	anet	203359	815412	35	-19.0	5.3	3141	4	8	-	PERSISTENT		
DIV	anet	112868	447998	24	-19.0	19.9	1845	1	5	-	INVESTIGATE		
DIV	anet	72878	296955	20	+23.5	8.6	3950	2	3	-	PERSISTENT		
DIV	tfrrs	22493	1	42	-19.0	5.9	5000	na	na	-	INVESTIGATE		
DIV	anet	161078	667372	13	-19.0	6.6	3125	3	17	-	INVESTIGATE		
DIV	anet	16696	74543	14	-19.0	5.6	5111	1	6	-	INVESTIGATE		
DIV	anet	240133	959182	14	-19.0	10.0	3108	2	17	-	INVESTIGATE		
DIV	tfrrs	24911	1	13	-19.0	6.7	5037	na	na	-	INVESTIGATE		
DIV	anet	160107	664834	54	-19.0	7.3	2272	1	14	-	INVESTIGATE		
DIV	anet	259809	1031595	30	-18.9	5.4	2252	2	6	-	INVESTIGATE		
DIV	anet	124350	500116	28	+23.4	13.5	3122	3	19	OVERRIDE	REGRESSION		
DIV	tfrrs	9873	1	15	-18.9	3.2	5031	na	na	-	INVESTIGATE		
DIV	anet	136934	575642	60	-18.9	5.4	2249	1	10	-	INVESTIGATE		
DIV	anet	146278	652182	19	+23.3	7.7	2910	1	25	-	INVESTIGATE		
DIV	anet	243713	970984	21	+23.3	18.0	3083	1	2	-	INVESTIGATE		
DIV	anet	216117	862835	156	-18.9	7.7	2258	2	24	-	INVESTIGATE		
DIV	tfrrs	22564	0	17	-18.9	9.8	5090	na	na	-	INVESTIGATE		
DIV	tfrrs	20849	1	40	-18.9	4.8	5079	na	na	-	INVESTIGATE		
DIV	tfrrs	25898	1	12	-18.9	5.0	5000	na	na	-	INVESTIGATE		
DIV	anet	46401	198236	22	+23.3	6.9	2887	1	14	-	INVESTIGATE		
DIV	anet	87965	349488	17	+23.3	4.8	2870	1	2	-	INVESTIGATE		
DIV	anet	27710	120612	158	-18.9	3.5	5112	3	15	-	INVESTIGATE		
DIV	anet	145685	637448	17	-18.9	7.2	3108	2	20	-	INVESTIGATE		
DIV	anet	233991	935164	62	+23.2	7.6	5039	1	5	-	INVESTIGATE		
DIV	anet	40703	174593	12	-18.8	7.9	2895	3	9	-	INVESTIGATE		
DIV	anet	138250	571484	15	-18.8	5.3	3956	2	5	-	INVESTIGATE		
DIV	tfrrs	19944	3	48	-18.8	3.4	5079	na	na	-	INVESTIGATE		
DIV	anet	32	1354	21	-18.8	3.5	5156	6	16	-	INVESTIGATE		
DIV	anet	45094	192887	41	+23.2	2.8	6294	15	26	-	PERSISTENT		
DIV	anet	180198	736763	26	+23.2	8.1	3140	4	8	-	PERSISTENT		
DIV	tfrrs	13502	3	24	-18.8	5.6	5060	na	na	-	INVESTIGATE		
DIV	anet	134403	549583	13	-18.8	8.0	5041	2	23	-	INVESTIGATE		
DIV	tfrrs	24284	0	22	-18.8	11.7	5023	na	na	-	INVESTIGATE		
DIV	anet	260550	1034470	13	-18.8	6.4	1424	5	20	-	INVESTIGATE		
DIV	anet	116524	466680	35	-18.8	6.2	3103	1	9	-	INVESTIGATE		
DIV	anet	45094	192885	89	+23.1	2.9	6294	15	26	-	PERSISTENT		
DIV	anet	19987	305555	102	+23.1	5.0	5112	3	33	-	INVESTIGATE		
DIV	anet	166853	689469	16	-18.8	8.3	3115	5	24	-	INVESTIGATE		
DIV	anet	196735	797815	44	+23.1	6.3	1862	1	8	OVERRIDE	REGRESSION		
DIV	tfrrs	24565	0	21	+23.1	5.5	6151	na	na	-	INVESTIGATE		
DIV	anet	237614	978430	22	-18.8	6.5	2872	2	5	-	INVESTIGATE		
DIV	anet	207401	831695	24	-18.7	9.2	2279	1	19	-	INVESTIGATE		
DIV	anet	227226	906643	19	+23.0	2.2	3112	1	2	-	INVESTIGATE		
DIV	tfrrs	9422	3	17	-18.7	9.9	5054	na	na	-	INVESTIGATE		
DIV	anet	44972	192464	49	+23.0	3.0	5071	1	9	-	INVESTIGATE		
DIV	anet	64191	276873	62	+23.0	8.2	1433	5	21	-	INVESTIGATE		
DIV	anet	140686	586353	30	+23.0	14.2	3119	3	19	-	INVESTIGATE		
DIV	anet	56547	241667	14	-18.7	4.4	5219	6	12	-	PERSISTENT		
DIV	tfrrs	19361	5	183	-18.7	9.3	5000	na	na	-	INVESTIGATE		
DIV	anet	205682	824766	35	-18.7	14.7	1449	2	4	-	PERSISTENT		
DIV	anet	128104	520193	61	-18.7	3.2	5043	2	12	-	INVESTIGATE		
DIV	tfrrs	8318	0	68	-18.7	18.0	5048	na	na	-	INVESTIGATE		
DIV	anet	64191	276872	42	+23.0	7.8	1458	5	21	-	INVESTIGATE		
DIV	anet	45541	194686	57	-18.7	6.3	3101	10	24	-	INVESTIGATE		
DIV	tfrrs	5278	3	41	-18.7	7.5	4754	na	na	-	INVESTIGATE		
DIV	anet	144558	606948	43	-18.7	5.5	4522	3	22	-	INVESTIGATE		
DIV	anet	63771	274960	16	-18.6	9.5	2874	3	7	-	INVESTIGATE		
DIV	tfrrs	21389	0	14	-18.6	12.0	5039	na	na	-	INVESTIGATE		
DIV	anet	57169	244738	40	+22.9	7.4	2891	6	11	-	PERSISTENT		
DIV	anet	140686	586355	21	+22.9	5.9	3109	3	19	-	INVESTIGATE		
DIV	anet	239277	955785	48	+22.9	3.4	2236	1	2	-	INVESTIGATE		
DIV	anet	217687	870479	33	+22.9	5.5	3115	11	14	OVERRIDE	REGRESSION		
DIV	anet	114029	465061	42	-18.6	6.5	2238	3	8	-	INVESTIGATE		
DIV	anet	40699	174580	87	-18.6	2.8	5142	3	20	-	INVESTIGATE		
DIV	anet	380	15627	38	-18.6	5.5	5142	6	16	-	INVESTIGATE		
DIV	anet	207559	852422	25	+22.8	7.8	3135	1	4	-	INVESTIGATE		
DIV	anet	97468	388396	14	-18.6	6.6	3108	4	19	-	INVESTIGATE		
DIV	anet	170604	704306	26	+22.8	11.4	2314	3	5	-	PERSISTENT		
DIV	anet	237723	950246	13	-18.6	11.2	3102	5	46	-	INVESTIGATE		
DIV	anet	107566	424995	42	-18.6	5.4	1824	5	8	-	PERSISTENT		
DIV	anet	233421	932418	49	+22.8	17.4	2881	2	7	-	INVESTIGATE		
DIV	anet	57915	247970	23	-18.6	4.4	1830	1	5	-	INVESTIGATE		
DIV	tfrrs	20043	1	52	-18.6	8.3	5079	na	na	-	INVESTIGATE		
DIV	tfrrs	9873	0	16	-18.6	3.5	5043	na	na	-	INVESTIGATE		
DIV	anet	259440	1030108	26	-18.6	7.5	1831	1	1	-	INVESTIGATE		
DIV	anet	259399	1029968	65	+22.8	4.1	1831	5	13	-	INVESTIGATE		
DIV	anet	96695	385262	15	+22.8	4.0	5056	2	17	-	INVESTIGATE		
DIV	anet	227105	906229	13	-18.5	9.0	5039	1	3	-	INVESTIGATE		
DIV	tfrrs	13855	4	21	-18.5	10.7	3191	na	na	-	INVESTIGATE		
DIV	anet	236902	961764	16	-18.5	7.3	3102	2	28	-	INVESTIGATE		
DIV	anet	55419	236470	21	-18.5	6.8	1056	5	28	-	INVESTIGATE		
DIV	anet	136934	575643	59	-18.5	7.2	2255	1	10	-	INVESTIGATE		
DIV	tfrrs	6999	1	17	-18.5	4.4	5056	na	na	-	INVESTIGATE		
DIV	tfrrs	9961	0	84	-18.5	6.2	5054	na	na	-	INVESTIGATE		
DIV	anet	133992	595170	20	+22.7	21.5	3100	1	13	-	INVESTIGATE		
DIV	anet	218376	873520	98	+22.7	4.3	6174	1	18	-	INVESTIGATE		
DIV	anet	7952	41305	13	-18.5	4.1	2908	7	18	-	INVESTIGATE		
DIV	anet	159147	661145	24	+22.7	5.7	2605	2	13	-	INVESTIGATE		
DIV	anet	136931	564049	13	+22.7	6.1	2888	2	15	-	INVESTIGATE		
DIV	anet	107712	457921	17	-18.5	4.6	3103	3	13	-	INVESTIGATE		
DIV	anet	201621	810342	77	-18.4	4.3	5122	2	9	-	INVESTIGATE		
DIV	anet	217068	867264	62	-18.4	7.5	2369	4	4	-	PERSISTENT		
DIV	anet	90123	355707	14	-18.4	7.0	4319	3	8	-	INVESTIGATE		
DIV	anet	120822	524618	15	+22.6	19.7	3283	2	11	-	INVESTIGATE		
DIV	tfrrs	15611	6	174	-18.4	10.2	5000	na	na	-	INVESTIGATE		
DIV	anet	200624	805100	20	-18.4	9.2	4932	1	3	-	INVESTIGATE		
DIV	tfrrs	15201	0	65	-18.4	9.8	5064	na	na	-	INVESTIGATE		
DIV	anet	49973	212993	12	-18.4	4.4	5072	2	5	-	INVESTIGATE		
DIV	anet	234932	939632	110	-18.4	10.5	1845	1	5	-	INVESTIGATE		
DIV	anet	244005	994886	21	+22.6	9.2	3088	1	1	-	INVESTIGATE		
DIV	anet	269411	1071948	16	+22.6	5.9	3255	1	2	-	INVESTIGATE		
DIV	anet	112870	448002	29	-18.4	16.3	1842	1	5	-	INVESTIGATE		
DIV	anet	115273	460118	45	-18.4	3.8	3950	2	12	-	INVESTIGATE		
DIV	anet	228564	911433	25	+22.5	3.5	2360	1	1	-	INVESTIGATE		
DIV	tfrrs	23429	3	15	-18.4	8.0	5037	na	na	-	INVESTIGATE		
DIV	anet	63692	274541	14	+22.5	5.0	2258	6	13	-	INVESTIGATE		
DIV	anet	200636	826746	13	+22.5	3.6	2934	2	21	-	INVESTIGATE		
DIV	anet	122911	494014	33	-18.4	11.6	4332	1	7	-	INVESTIGATE		
DIV	anet	262216	1040512	73	-18.4	6.4	3054	5	20	-	INVESTIGATE		
DIV	anet	148746	618869	115	-18.4	6.1	1441	1	9	-	INVESTIGATE		
DIV	anet	179432	733770	18	+22.5	8.2	2405	1	1	-	INVESTIGATE		
DIV	anet	151607	628775	17	+22.5	8.1	2270	5	9	-	PERSISTENT		
DIV	tfrrs	22543	3	22	-18.4	4.4	5060	na	na	-	INVESTIGATE		
DIV	tfrrs	25930	7	30	-18.4	4.9	5000	na	na	-	INVESTIGATE		
DIV	anet	51899	221012	65	+22.5	7.2	4436	10	18	-	PERSISTENT		
DIV	anet	211388	844819	17	+22.5	7.0	1857	5	13	-	INVESTIGATE		
DIV	anet	103482	409425	18	-18.3	5.8	2348	1	12	-	INVESTIGATE		
DIV	anet	52110	221851	17	+22.5	16.9	2900	1	5	-	INVESTIGATE		
DIV	anet	91053	359235	66	-18.3	4.2	5028	1	11	-	INVESTIGATE		
DIV	tfrrs	14352	0	16	-18.3	3.9	4017	na	na	OVERRIDE	REGRESSION		
DIV	anet	134499	550055	34	-18.3	5.4	3956	8	12	-	PERSISTENT		
DIV	anet	139632	579793	18	+22.4	6.2	3100	1	16	-	INVESTIGATE		
DIV	anet	213289	850698	13	+22.4	5.0	3133	1	15	-	INVESTIGATE		
DIV	anet	152636	633843	41	-18.3	7.6	1840	2	11	-	INVESTIGATE		
DIV	anet	26105	114055	18	-18.3	7.6	1804	5	34	-	INVESTIGATE		
DIV	anet	226563	904284	13	-18.3	11.6	5060	2	20	-	INVESTIGATE		
DIV	anet	110436	437206	16	-18.3	19.6	2887	4	13	-	INVESTIGATE		
DIV	anet	21340	94758	18	-18.3	10.5	2384	1	3	-	INVESTIGATE		
DIV	anet	261461	1059425	41	-18.3	3.8	2238	2	4	-	PERSISTENT		
DIV	anet	89629	353620	28	-18.3	9.3	2870	1	2	-	INVESTIGATE		
DIV	anet	90651	357749	139	-18.3	3.5	5028	1	7	-	INVESTIGATE		
DIV	anet	233991	935165	53	+22.4	11.7	5060	1	5	-	INVESTIGATE		
DIV	anet	106645	436150	24	-18.3	13.2	2874	10	16	-	PERSISTENT		
DIV	anet	198440	795951	25	-18.3	12.4	1480	2	14	-	INVESTIGATE		
DIV	anet	4367	31012	29	-18.3	22.0	2382	2	22	-	INVESTIGATE		
DIV	tfrrs	9389	0	37	-18.3	6.7	3114	na	na	-	INVESTIGATE		
DIV	anet	91643	361483	138	-18.3	7.5	3088	10	24	-	INVESTIGATE		
DIV	anet	211388	844822	36	+22.3	5.7	1847	5	13	OVERRIDE	REGRESSION		
DIV	anet	11122	51187	33	-18.3	6.2	4018	5	16	-	INVESTIGATE		
DIV	tfrrs	8413	0	60	-18.3	6.9	5048	na	na	-	INVESTIGATE		
DIV	anet	32057	139200	19	-18.2	11.4	3479	4	19	-	INVESTIGATE		
DIV	anet	180968	739686	22	-18.2	8.5	4932	1	5	-	INVESTIGATE		
DIV	anet	166363	686959	26	+22.3	5.1	5064	15	26	-	PERSISTENT		
DIV	anet	115267	460094	49	-18.2	4.6	3950	3	18	-	INVESTIGATE		
DIV	anet	78667	311192	25	-18.2	3.4	3578	1	9	-	INVESTIGATE		
DIV	tfrrs	24767	0	15	-18.2	4.8	5023	na	na	-	INVESTIGATE		
DIV	anet	157656	656867	13	-18.2	15.0	1936	6	36	-	INVESTIGATE		
DIV	tfrrs	19361	4	92	-18.2	10.6	5000	na	na	-	INVESTIGATE		
DIV	anet	231084	921988	12	-18.2	6.2	3123	2	2	-	INVESTIGATE		
DIV	anet	269176	1070767	60	-18.2	5.8	2243	1	4	-	INVESTIGATE		
DIV	anet	125618	506528	93	-18.2	6.3	2256	2	24	-	INVESTIGATE		
DIV	anet	177019	725333	12	-18.2	3.1	2924	1	14	-	INVESTIGATE		
DIV	tfrrs	15725	1	36	-18.2	5.0	5064	na	na	-	INVESTIGATE		
DIV	anet	211388	844821	37	+22.2	7.8	1857	5	13	OVERRIDE	REGRESSION		
DIV	anet	144743	618609	23	-18.2	10.8	1864	8	37	-	INVESTIGATE		
DIV	anet	51899	237860	34	+22.2	6.8	4431	10	18	-	PERSISTENT		
DIV	anet	122775	493503	40	-18.2	7.7	6618	5	23	OVERRIDE	REGRESSION		
DIV	anet	7952	41304	17	-18.2	5.2	2932	7	18	-	INVESTIGATE		
DIV	anet	161692	689587	58	+22.2	9.3	3115	3	15	OVERRIDE	REGRESSION		
DIV	tfrrs	20004	1	47	-18.2	10.1	5079	na	na	-	INVESTIGATE		
DIV	anet	130013	528847	76	+22.2	5.1	5054	3	17	-	INVESTIGATE		
DIV	tfrrs	22480	1	34	-18.2	6.6	5060	na	na	-	INVESTIGATE		
DIV	anet	211388	844820	21	+22.2	4.5	1847	5	13	-	INVESTIGATE		
DIV	tfrrs	10424	1	25	-18.1	9.6	5095	na	na	-	INVESTIGATE		
DIV	tfrrs	19944	2	74	-18.1	7.7	5071	na	na	-	INVESTIGATE		
DIV	anet	23285	102520	16	-18.1	5.5	2306	8	16	-	PERSISTENT		
DIV	anet	134393	549508	54	-18.1	8.3	1762	2	21	-	INVESTIGATE		
DIV	tfrrs	20011	1	38	-18.1	10.4	5079	na	na	-	INVESTIGATE		
DIV	anet	208870	862022	35	+22.1	9.5	1857	1	14	OVERRIDE	REGRESSION		
DIV	anet	23091	121920	19	+22.1	10.4	4748	1	12	-	INVESTIGATE		
DIV	anet	163831	676110	57	-18.1	14.9	5064	1	10	-	INVESTIGATE		
DIV	anet	64436	278011	31	+22.1	4.2	5055	4	4	-	PERSISTENT		
DIV	anet	235048	940270	27	+22.1	9.2	2888	3	14	-	INVESTIGATE		
DIV	anet	153801	640372	13	-18.1	7.6	3108	1	6	-	INVESTIGATE		
DIV	tfrrs	3724	1	65	-18.1	8.4	4785	na	na	-	INVESTIGATE		
DIV	anet	178870	731414	56	+22.0	7.0	3154	4	13	-	INVESTIGATE		
DIV	anet	145872	611275	13	+22.0	4.2	1752	5	24	-	INVESTIGATE		
DIV	anet	239276	955783	15	+22.0	4.8	3001	2	4	-	PERSISTENT		
DIV	anet	50790	216410	16	+22.0	4.6	3132	4	13	-	INVESTIGATE		
DIV	tfrrs	8276	6	99	-18.0	5.4	4760	na	na	-	INVESTIGATE		
DIV	anet	259693	1031181	168	-18.0	5.4	2340	2	9	-	INVESTIGATE		
DIV	anet	147016	614587	20	+22.0	8.5	2265	4	15	-	INVESTIGATE		
DIV	anet	15397	112555	167	+22.0	3.6	6212	1	17	-	INVESTIGATE		
DIV	anet	26168	114356	135	-18.0	4.9	1455	2	11	-	INVESTIGATE		
DIV	anet	161646	668983	22	-18.0	6.9	655	5	15	-	INVESTIGATE		
DIV	tfrrs	25565	0	31	-18.0	9.2	4988	na	na	-	INVESTIGATE		
DIV	tfrrs	19944	0	36	-18.0	10.7	3349	na	na	-	INVESTIGATE		
DIV	tfrrs	25578	0	43	-18.0	23.6	5000	na	na	-	INVESTIGATE		
DIV	anet	234932	939631	73	-18.0	9.0	1840	1	5	-	INVESTIGATE		
DIV	anet	257916	1025139	25	+22.0	5.3	2988	2	4	-	PERSISTENT		
DIV	anet	265034	1052238	18	+22.0	8.3	1442	1	12	-	INVESTIGATE		
DIV	anet	90877	358411	41	+22.0	11.9	3107	11	14	-	PERSISTENT		
DIV	anet	61546	263853	38	-18.0	16.0	2891	2	19	-	INVESTIGATE		
DIV	tfrrs	10775	0	58	-18.0	5.2	5043	na	na	-	INVESTIGATE		
DIV	anet	243750	971052	45	+21.9	3.9	1831	5	13	-	INVESTIGATE		
DIV	tfrrs	19944	5	112	-18.0	6.5	5079	na	na	-	INVESTIGATE		
DIV	anet	45541	194684	83	-18.0	6.2	3098	10	24	-	INVESTIGATE		
DIV	anet	212826	848986	12	-18.0	11.6	1610	2	12	-	INVESTIGATE		
DIV	tfrrs	18289	4	23	-18.0	7.0	3939	na	na	-	INVESTIGATE		
DIV	anet	13842	63593	17	+21.9	7.7	2403	2	7	-	INVESTIGATE		
DIV	anet	135959	588669	45	-18.0	8.2	1426	5	24	-	INVESTIGATE		
DIV	anet	59916	256512	13	-18.0	4.1	5034	2	15	-	INVESTIGATE		
DIV	anet	115275	460126	50	-18.0	4.5	3950	1	11	-	INVESTIGATE		
DIV	anet	256749	1020603	27	-18.0	6.6	3065	5	7	-	PERSISTENT		
DIV	anet	51187	218108	32	+21.9	8.7	2887	1	11	-	INVESTIGATE		
DIV	anet	43740	188276	19	+21.9	11.7	2640	1	2	-	INVESTIGATE		
DIV	anet	138889	575095	91	-18.0	3.9	5041	1	12	-	INVESTIGATE		
DIV	anet	79947	316500	94	-18.0	7.7	3103	3	20	-	INVESTIGATE		
DIV	anet	60847	260704	52	-17.9	4.3	4865	1	12	-	INVESTIGATE		
DIV	anet	112975	457292	47	-17.9	11.5	2874	1	9	-	INVESTIGATE		
DIV	anet	161646	668985	12	-17.9	6.3	655	5	15	-	INVESTIGATE		
DIV	anet	161646	668982	15	-17.9	9.4	679	5	15	-	INVESTIGATE		
DIV	anet	243629	970682	60	-17.9	6.7	5023	1	2	-	INVESTIGATE		
DIV	anet	5028	24182	14	-17.9	5.1	4918	1	11	-	INVESTIGATE		
DIV	anet	21340	94757	17	-17.9	12.3	2397	1	3	-	INVESTIGATE		
DIV	anet	226228	911915	13	-17.9	5.8	2256	3	8	-	INVESTIGATE		
DIV	anet	72839	296765	18	-17.9	7.5	2348	4	11	-	INVESTIGATE		
DIV	anet	18672	83450	14	-17.9	5.6	5120	1	16	-	INVESTIGATE		
DIV	anet	153316	637569	19	+21.8	4.4	5060	1	27	-	INVESTIGATE		
DIV	tfrrs	24094	0	14	-17.9	17.3	2882	na	na	-	INVESTIGATE		
DIV	anet	46153	226275	19	-17.9	5.2	1432	3	30	-	INVESTIGATE		
DIV	anet	259399	1029965	45	+21.8	3.7	1818	5	13	-	INVESTIGATE		
DIV	anet	137941	569703	45	-17.9	13.8	3109	3	22	-	INVESTIGATE		
DIV	anet	72800	296543	24	-17.9	8.7	1424	1	4	-	INVESTIGATE		
DIV	tfrrs	26087	1	93	-17.9	7.0	5000	na	na	-	INVESTIGATE		
DIV	anet	44895	192261	44	-17.9	3.8	5162	2	8	-	INVESTIGATE		
DIV	anet	113583	451297	31	-17.9	5.4	3950	1	5	-	INVESTIGATE		
DIV	tfrrs	22077	1	14	-17.9	6.3	5060	na	na	-	INVESTIGATE		
DIV	anet	36674	158454	23	+21.8	6.9	5080	5	24	-	INVESTIGATE		
DIV	anet	20834	108492	46	-17.9	8.3	2384	3	13	-	INVESTIGATE		
DIV	tfrrs	12952	15	35	-17.9	8.0	5041	na	na	-	INVESTIGATE		
DIV	anet	204238	819294	13	+21.7	12.4	2934	1	4	-	INVESTIGATE		
DIV	anet	232614	928575	14	-17.8	7.7	3121	1	24	-	INVESTIGATE		
DIV	tfrrs	21763	0	40	-17.8	13.7	5000	na	na	-	INVESTIGATE		
DIV	anet	220050	880883	22	+21.7	24.3	3132	3	6	-	PERSISTENT		
DIV	anet	178751	730907	45	-17.8	11.1	2483	2	9	-	INVESTIGATE		
DIV	anet	25145	110190	63	+21.7	4.0	6274	2	23	-	INVESTIGATE		
DIV	anet	247486	982119	15	-17.8	12.5	3107	3	9	-	INVESTIGATE		
DIV	anet	213289	850696	19	+21.7	7.1	3132	1	15	-	INVESTIGATE		
DIV	anet	140140	582873	48	-17.8	4.8	5041	2	24	-	INVESTIGATE		
DIV	anet	105765	416907	40	-17.8	11.4	5048	2	9	-	INVESTIGATE		
DIV	tfrrs	14365	0	55	-17.8	9.0	3103	na	na	-	INVESTIGATE		
DIV	tfrrs	23018	1	34	-17.8	16.0	2933	na	na	OVERRIDE	REGRESSION		
DIV	anet	32585	141364	19	-17.8	4.8	2269	8	16	-	PERSISTENT		
DIV	anet	191142	772608	15	-17.8	11.2	5122	1	3	-	INVESTIGATE		
DIV	anet	50962	217103	55	-17.8	5.6	3103	4	11	-	INVESTIGATE		
DIV	anet	115274	460122	50	-17.8	5.4	3950	1	15	-	INVESTIGATE		
DIV	anet	226483	904087	51	+21.6	8.5	1840	5	13	OVERRIDE	REGRESSION		
DIV	anet	210862	843153	12	-17.8	12.0	2284	2	7	-	INVESTIGATE		
DIV	tfrrs	4024	2	72	-17.8	7.3	4785	na	na	-	INVESTIGATE		
DIV	anet	139475	579096	87	-17.8	4.2	5041	1	8	-	INVESTIGATE		
DIV	anet	94569	374260	35	+21.6	13.6	2891	2	11	-	INVESTIGATE		
DIV	anet	174461	716564	20	-17.8	14.7	5122	1	14	-	INVESTIGATE		
DIV	anet	111531	443150	20	+21.6	5.9	3118	3	19	-	INVESTIGATE		
DIV	anet	179801	735139	32	+21.6	15.9	3154	2	5	-	INVESTIGATE		
DIV	anet	86222	355867	13	-17.7	3.5	1822	1	1	-	INVESTIGATE		
DIV	anet	79947	319379	55	-17.7	7.2	3103	3	20	-	INVESTIGATE		
DIV	anet	235048	940265	25	+21.6	6.3	2863	3	14	-	INVESTIGATE		
DIV	anet	144743	618610	21	-17.7	8.2	1840	8	37	-	INVESTIGATE		
DIV	anet	84683	333086	135	-17.7	4.0	5028	1	8	-	INVESTIGATE		
DIV	anet	225257	907171	31	+21.6	4.4	2359	2	13	-	INVESTIGATE		
DIV	tfrrs	4678	0	29	+21.5	4.9	6118	na	na	-	INVESTIGATE		
DIV	anet	185880	755742	23	+21.5	3.5	6225	1	15	-	INVESTIGATE		
DIV	anet	97642	389107	51	+21.5	5.6	2875	1	15	-	INVESTIGATE		
DIV	anet	14858	66874	17	-17.7	3.8	4761	10	16	-	PERSISTENT		
DIV	tfrrs	4020	0	45	-17.7	6.6	4785	na	na	-	INVESTIGATE		
DIV	anet	201319	809858	18	+21.5	5.8	2924	1	12	-	INVESTIGATE		
DIV	anet	56550	241679	12	-17.7	7.3	5219	6	12	-	PERSISTENT		
DIV	anet	110797	438797	41	-17.7	7.5	3950	8	12	-	PERSISTENT		
DIV	anet	83103	326488	28	+21.5	7.4	2277	1	19	-	INVESTIGATE		
DIV	tfrrs	14011	2	54	-17.7	4.1	4828	na	na	-	INVESTIGATE		
DIV	tfrrs	8254	1	28	-17.7	5.7	4760	na	na	-	INVESTIGATE		
DIV	anet	180055	736052	18	-17.7	10.8	1862	1	2	-	INVESTIGATE		
DIV	anet	193287	779219	29	-17.7	4.9	2389	3	19	-	INVESTIGATE		
DIV	anet	15652	70187	13	-17.7	3.8	1880	2	22	-	INVESTIGATE		
DIV	anet	197511	792081	12	+21.5	9.5	2311	2	4	-	PERSISTENT		
DIV	anet	163881	676275	17	+21.5	8.2	2902	2	19	-	INVESTIGATE		
DIV	anet	6842	32452	12	+21.5	3.5	5140	7	15	-	INVESTIGATE		
DIV	anet	43504	187433	45	-17.7	4.5	5071	1	10	-	INVESTIGATE		
DIV	anet	201752	811227	60	+21.4	8.6	3134	11	14	OVERRIDE	REGRESSION		
DIV	anet	128442	521812	18	-17.7	4.1	5043	1	6	-	INVESTIGATE		
DIV	anet	214748	864532	15	-17.7	17.0	2264	2	3	-	PERSISTENT		
DIV	anet	125246	504340	14	-17.7	6.5	1599	2	15	-	INVESTIGATE		
DIV	anet	154144	642210	37	-17.6	5.7	2264	3	5	-	PERSISTENT		
DIV	anet	19769	88114	18	-17.6	13.0	3155	6	21	-	INVESTIGATE		
DIV	anet	72839	296764	50	-17.6	10.3	2366	4	11	-	INVESTIGATE		
DIV	anet	151335	627535	16	+21.4	6.9	3142	1	1	-	INVESTIGATE		
DIV	anet	112191	458872	18	-17.6	9.1	2274	2	15	-	INVESTIGATE		
DIV	anet	161646	668984	15	-17.6	12.0	679	5	15	-	INVESTIGATE		
DIV	anet	257875	1024761	22	-17.6	5.2	2222	3	18	-	INVESTIGATE		
DIV	anet	38575	165907	38	-17.6	12.3	2895	4	5	-	PERSISTENT		
DIV	anet	177879	727730	51	-17.6	8.3	2314	3	18	-	INVESTIGATE		
DIV	tfrrs	25578	1	28	-17.6	18.4	5000	na	na	-	INVESTIGATE		
DIV	anet	213682	852597	13	+21.4	7.9	2374	1	6	-	INVESTIGATE		
DIV	anet	90657	357789	41	+21.4	3.1	5028	1	8	-	INVESTIGATE		
DIV	anet	169409	700415	17	-17.6	3.3	1605	3	35	-	INVESTIGATE		
DIV	anet	119333	479130	16	-17.6	3.4	5054	4	22	-	INVESTIGATE		
DIV	anet	91735	361900	113	-17.6	5.9	3108	3	20	-	INVESTIGATE		
DIV	anet	47157	201336	14	-17.6	3.7	2269	3	18	-	INVESTIGATE		
DIV	anet	240316	959969	71	-17.6	9.3	4762	1	4	-	INVESTIGATE		
DIV	anet	213391	878724	64	+21.3	5.8	4768	5	34	-	INVESTIGATE		
DIV	anet	121374	487836	34	+21.3	9.0	2879	1	11	-	INVESTIGATE		
DIV	anet	38859	166965	195	-17.6	3.3	5156	1	11	-	INVESTIGATE		
DIV	anet	50911	216900	21	-17.6	4.6	2258	8	16	-	PERSISTENT		
DIV	anet	191442	773555	34	-17.6	6.6	2298	1	3	-	INVESTIGATE		
DIV	tfrrs	25930	8	19	-17.6	3.5	5000	na	na	-	INVESTIGATE		
DIV	anet	32703	141888	13	+21.3	5.9	3193	1	4	-	INVESTIGATE		
DIV	tfrrs	25930	9	15	-17.5	4.5	5000	na	na	-	INVESTIGATE		
DIV	anet	135850	557636	22	-17.5	11.8	5051	1	2	-	INVESTIGATE		
DIV	anet	150148	623008	65	-17.5	5.8	1436	1	3	-	INVESTIGATE		
DIV	anet	185676	754905	34	+21.3	6.1	3337	3	27	-	INVESTIGATE		
DIV	anet	220978	884205	14	+21.3	17.0	2284	1	1	-	INVESTIGATE		
DIV	anet	140140	582872	19	-17.5	5.4	5041	2	24	-	INVESTIGATE		
DIV	anet	194295	782267	51	-17.5	15.1	4938	2	9	-	INVESTIGATE		
DIV	anet	225027	899008	82	-17.5	4.4	3121	1	22	-	INVESTIGATE		
DIV	anet	31062	134869	24	-17.5	4.7	5176	3	9	-	INVESTIGATE		
DIV	anet	37210	160578	20	-17.5	4.7	5071	1	12	-	INVESTIGATE		
DIV	anet	239235	955590	57	-17.5	6.2	2260	1	1	-	INVESTIGATE		
DIV	tfrrs	26121	5	23	-17.5	10.4	5000	na	na	-	INVESTIGATE		
DIV	anet	197667	791917	15	+21.2	7.8	2311	5	37	-	INVESTIGATE		
DIV	anet	195806	786323	12	+21.2	11.3	3159	1	5	-	INVESTIGATE		
DIV	anet	115263	460078	43	-17.5	7.0	3950	3	18	-	INVESTIGATE		
DIV	anet	144212	605535	41	+21.2	6.5	1752	5	24	-	INVESTIGATE		
DIV	anet	217323	868639	19	-17.5	3.5	2899	4	10	-	INVESTIGATE		
DIV	anet	51899	237859	70	+21.2	5.1	4436	10	18	-	PERSISTENT		
DIV	anet	115455	461047	62	+21.2	4.3	2887	1	6	-	INVESTIGATE		
DIV	tfrrs	11987	3	78	-17.5	7.8	5041	na	na	-	INVESTIGATE		
DIV	anet	109424	433026	26	+21.2	5.1	3099	1	7	-	INVESTIGATE		
DIV	tfrrs	8276	4	80	-17.5	5.4	4779	na	na	-	INVESTIGATE		
DIV	anet	112913	448178	15	-17.5	13.6	1830	1	15	-	INVESTIGATE		
DIV	anet	261675	1039287	76	-17.5	6.8	2238	1	4	-	INVESTIGATE		
DIV	tfrrs	20272	0	33	-17.5	6.7	5071	na	na	-	INVESTIGATE		
DIV	anet	262590	1042030	13	+21.1	5.4	3069	1	1	-	INVESTIGATE		
DIV	tfrrs	8319	1	43	-17.5	10.7	5034	na	na	-	INVESTIGATE		
DIV	anet	114655	478478	38	+21.1	8.8	1747	5	24	-	INVESTIGATE		
DIV	anet	175429	719250	12	-17.5	5.4	3161	1	10	-	INVESTIGATE		
DIV	anet	114767	457513	16	+21.1	10.1	2258	2	16	OVERRIDE	REGRESSION		
DIV	anet	116153	464536	53	-17.4	4.8	3280	1	7	-	INVESTIGATE		
DIV	anet	237723	950244	14	-17.4	16.9	3108	5	46	-	INVESTIGATE		
DIV	anet	26168	114355	147	-17.4	3.9	1477	2	11	-	INVESTIGATE		
DIV	tfrrs	22543	0	39	-17.4	4.6	5039	na	na	-	INVESTIGATE		
DIV	anet	268322	1066672	61	+21.1	10.1	4116	1	2	-	INVESTIGATE		
DIV	anet	214740	856689	15	-17.4	11.3	1453	1	16	-	INVESTIGATE		
DIV	anet	257875	1024758	49	-17.4	5.9	2212	3	18	-	INVESTIGATE		
DIV	anet	140904	589870	26	+21.1	4.9	3091	1	3	-	INVESTIGATE		
DIV	anet	151171	626660	46	-17.4	7.7	2888	2	17	-	INVESTIGATE		
DIV	anet	135318	554402	31	-17.4	10.7	2255	1	10	-	INVESTIGATE		
DIV	tfrrs	12915	0	12	-17.4	25.0	3336	na	na	-	INVESTIGATE		
DIV	anet	265034	1052240	12	+21.0	7.7	1424	1	12	-	INVESTIGATE		
DIV	tfrrs	25930	1	43	-17.4	2.6	5000	na	na	-	INVESTIGATE		
DIV	anet	220593	882744	19	+21.0	7.6	2620	2	18	-	INVESTIGATE		
DIV	anet	139475	578805	24	-17.4	3.1	5041	1	8	-	INVESTIGATE		
DIV	anet	101217	398661	29	-17.4	15.5	2891	1	13	-	INVESTIGATE		
DIV	tfrrs	4429	0	49	-17.4	3.9	5034	na	na	-	INVESTIGATE		
DIV	anet	32049	139166	97	-17.4	8.0	3110	10	24	-	INVESTIGATE		
DIV	anet	27276	118796	16	+21.0	10.9	1345	4	5	-	PERSISTENT		
DIV	anet	136842	563531	14	-17.4	5.6	2878	3	18	-	INVESTIGATE		
DIV	anet	136659	578104	13	+21.0	6.2	3119	1	16	-	INVESTIGATE		
DIV	tfrrs	19361	2	224	-17.4	7.9	5000	na	na	-	INVESTIGATE		
DIV	anet	60847	260708	33	-17.4	4.4	4848	1	12	-	INVESTIGATE		
DIV	anet	206115	826435	36	+21.0	9.2	4021	1	3	-	INVESTIGATE		
DIV	anet	118344	505328	16	+21.0	7.9	1765	5	24	-	INVESTIGATE		
DIV	tfrrs	24169	1	38	-17.3	6.7	5037	na	na	-	INVESTIGATE		
DIV	anet	177879	727727	73	-17.3	9.3	2314	3	18	-	INVESTIGATE		
DIV	tfrrs	25930	6	113	-17.3	6.3	5000	na	na	-	INVESTIGATE		
DIV	tfrrs	26087	0	175	-17.3	6.7	5000	na	na	-	INVESTIGATE		
DIV	tfrrs	9422	7	36	-17.3	6.9	5043	na	na	-	INVESTIGATE		
DIV	anet	200624	805101	39	-17.3	8.3	4938	1	3	-	INVESTIGATE		
DIV	anet	108733	429937	24	-17.3	6.2	1456	3	17	-	INVESTIGATE		
DIV	anet	2213	16837	14	-17.3	10.7	2823	1	15	-	INVESTIGATE		
DIV	anet	232634	928700	36	-17.3	11.3	2889	1	17	-	INVESTIGATE		
DIV	anet	266686	1059186	29	+21.0	4.9	2125	2	13	-	INVESTIGATE		
DIV	tfrrs	25898	0	20	-17.3	10.1	5000	na	na	-	INVESTIGATE		
DIV	tfrrs	24788	0	12	-17.3	5.7	5023	na	na	-	INVESTIGATE		
DIV	tfrrs	12806	0	16	+20.9	6.5	2940	na	na	-	INVESTIGATE		
DIV	anet	11120	51180	53	-17.3	6.5	3136	10	24	-	INVESTIGATE		
DIV	anet	130201	556963	29	-17.3	16.1	2877	6	16	-	INVESTIGATE		
DIV	anet	137190	565449	121	-17.3	3.6	5034	1	3	-	INVESTIGATE		
DIV	anet	130691	564588	20	-17.3	15.4	2888	5	7	-	PERSISTENT		
DIV	anet	110797	438796	43	-17.3	8.2	3950	8	12	-	PERSISTENT		
DIV	anet	256836	1020818	32	+20.9	8.0	2436	3	19	-	INVESTIGATE		
DIV	anet	232694	928940	44	+20.9	5.2	6620	2	2	-	INVESTIGATE		
DIV	anet	176241	721565	61	+20.9	9.9	3140	5	20	-	INVESTIGATE		
DIV	anet	199985	802101	26	-17.3	13.1	3159	1	2	-	INVESTIGATE		
DIV	tfrrs	23929	1	76	-17.3	7.8	5000	na	na	-	INVESTIGATE		
DIV	anet	94909	384345	70	-17.3	6.9	2875	1	7	-	INVESTIGATE		
DIV	anet	48417	206486	85	-17.3	6.7	5057	3	11	-	INVESTIGATE		
DIV	anet	15982	78889	12	+20.9	4.4	3136	2	12	-	INVESTIGATE		
DIV	anet	47156	201331	18	-17.3	8.5	1463	2	18	-	INVESTIGATE		
DIV	tfrrs	4646	0	12	-17.3	7.5	5034	na	na	-	INVESTIGATE		
DIV	tfrrs	18653	1	99	-17.3	5.1	5122	na	na	-	INVESTIGATE		
DIV	anet	20832	120668	15	+20.9	7.0	2397	1	3	-	INVESTIGATE		
DIV	anet	243178	969070	15	-17.3	12.3	1448	1	5	-	INVESTIGATE		
DIV	tfrrs	11726	3	43	-17.3	6.1	5051	na	na	-	INVESTIGATE		
DIV	anet	262420	1041302	12	-17.3	15.9	5000	2	26	-	INVESTIGATE		
DIV	anet	95994	382379	59	+20.8	7.2	4850	4	13	-	INVESTIGATE		
DIV	tfrrs	5217	0	13	+20.8	32.8	6553	na	na	-	INVESTIGATE		
DIV	anet	41583	178720	79	-17.2	2.7	5071	5	28	-	INVESTIGATE		
DIV	tfrrs	19367	1	112	-17.2	12.2	5079	na	na	-	INVESTIGATE		
DIV	anet	228564	911431	19	+20.8	7.4	2359	1	1	-	INVESTIGATE		
DIV	anet	214318	857685	15	+20.8	3.8	2900	7	16	-	INVESTIGATE		
DIV	anet	226880	918050	21	+20.8	4.8	2881	1	18	-	INVESTIGATE		
DIV	anet	20589	91820	30	-17.2	5.3	2280	8	16	-	PERSISTENT		
DIV	anet	254338	1045048	29	-17.2	10.5	2841	3	20	-	INVESTIGATE		
DIV	anet	257875	1024759	36	-17.2	5.7	2222	3	18	-	INVESTIGATE		
DIV	anet	231080	921971	85	-17.2	6.7	2881	1	6	-	INVESTIGATE		
DIV	anet	229095	913433	103	+20.8	8.6	3102	1	4	OVERRIDE	REGRESSION		
DIV	anet	129800	527900	29	+20.8	8.7	2951	3	8	-	INVESTIGATE		
DIV	tfrrs	26452	1	12	-17.2	8.3	5000	na	na	-	INVESTIGATE		
DIV	tfrrs	11700	1	16	-17.2	20.1	1520	na	na	-	INVESTIGATE		
DIV	anet	227649	908147	111	-17.2	8.6	1453	1	5	-	INVESTIGATE		
DIV	tfrrs	8954	0	81	+20.8	3.6	6118	na	na	-	INVESTIGATE		
DIV	anet	175079	718046	23	-17.2	11.7	1442	8	17	-	INVESTIGATE		
DIV	tfrrs	22493	0	55	-17.2	4.8	5000	na	na	-	INVESTIGATE		
DIV	anet	26368	115072	18	-17.2	3.9	4011	1	4	-	INVESTIGATE		
DIV	tfrrs	8830	1	182	-17.2	3.7	5045	na	na	-	INVESTIGATE		
DIV	anet	267864	1064623	40	-17.2	4.5	2340	4	4	-	PERSISTENT		
DIV	anet	84934	334143	30	-17.2	11.3	2366	2	9	-	INVESTIGATE		
DIV	tfrrs	22286	2	30	-17.2	9.6	5094	na	na	-	INVESTIGATE		
DIV	anet	261675	1039288	61	-17.2	7.2	2229	1	4	-	INVESTIGATE		
DIV	tfrrs	8413	2	60	-17.2	10.0	5034	na	na	-	INVESTIGATE		
DIV	tfrrs	22543	4	61	-17.2	3.9	5060	na	na	-	INVESTIGATE		
DIV	anet	140140	583011	36	-17.2	5.1	5041	2	24	-	INVESTIGATE		
DIV	tfrrs	6109	0	35	+20.7	2.4	5028	na	na	-	INVESTIGATE		
DIV	anet	219144	877316	13	+20.7	12.3	3133	1	2	-	INVESTIGATE		
DIV	tfrrs	22286	1	37	-17.1	8.8	5072	na	na	-	INVESTIGATE		
DIV	anet	133921	546624	26	+20.7	3.7	2878	3	19	-	INVESTIGATE		
DIV	anet	141885	593718	29	-17.1	4.4	5041	1	6	-	INVESTIGATE		
DIV	anet	62094	266510	47	-17.1	7.3	2874	2	5	-	INVESTIGATE		
DIV	anet	163334	674036	52	-17.1	8.3	3125	1	20	-	INVESTIGATE		
DIV	anet	123664	497283	32	-17.1	4.7	3950	1	2	-	INVESTIGATE		
DIV	anet	243091	968655	13	-17.1	15.8	4834	2	6	-	INVESTIGATE		
DIV	anet	108733	429941	20	-17.1	9.9	1456	3	17	-	INVESTIGATE		
DIV	anet	51899	221014	38	+20.6	6.4	4431	10	18	-	PERSISTENT		
DIV	anet	176241	721564	52	+20.6	9.6	3154	5	20	-	INVESTIGATE		
DIV	anet	44436	190934	151	-17.1	3.2	5107	3	15	-	INVESTIGATE		
DIV	tfrrs	19928	2	40	-17.1	7.7	5079	na	na	-	INVESTIGATE		
DIV	tfrrs	24536	4	49	-17.1	6.2	5037	na	na	-	INVESTIGATE		
DIV	anet	28839	125603	18	-17.1	3.8	4011	1	24	-	INVESTIGATE		
DIV	anet	45113	192935	84	-17.1	3.2	5176	15	26	-	PERSISTENT		
DIV	tfrrs	22389	1	49	-17.1	6.7	5072	na	na	-	INVESTIGATE		
DIV	anet	158474	673738	27	+20.6	8.2	2780	1	2	OVERRIDE	REGRESSION		
DIV	anet	223286	893091	19	+20.6	3.7	2888	4	5	-	PERSISTENT		
DIV	anet	132116	566214	72	-17.1	7.5	1435	5	20	-	INVESTIGATE		
DIV	anet	184728	752044	21	-17.1	5.2	4945	1	6	-	INVESTIGATE		
DIV	anet	42962	185106	18	-17.1	8.7	5162	6	12	-	PERSISTENT		
DIV	tfrrs	15725	0	49	-17.1	4.3	5075	na	na	-	INVESTIGATE		
DIV	anet	158426	659222	17	+20.6	5.7	3115	4	18	-	INVESTIGATE		
DIV	anet	225391	900352	45	+20.6	6.5	1851	2	4	OVERRIDE	REGRESSION		
DIV	anet	204321	819683	14	+20.6	8.8	3169	1	9	-	INVESTIGATE		
DIV	anet	5256	25274	46	-17.1	4.3	3140	10	24	-	INVESTIGATE		
DIV	anet	149425	620572	37	-17.1	14.2	1441	2	11	-	INVESTIGATE		
DIV	anet	40703	174592	12	-17.1	7.1	2905	3	9	-	INVESTIGATE		
DIV	anet	244005	994885	12	+20.6	13.2	3083	1	1	-	INVESTIGATE		
DIV	anet	217663	870317	17	-17.1	5.7	5079	1	13	-	INVESTIGATE		
DIV	tfrrs	9681	0	14	+20.6	32.1	6553	na	na	-	INVESTIGATE		
DIV	anet	216117	862836	92	-17.0	7.0	2272	2	24	-	INVESTIGATE		
DIV	anet	137675	568128	25	-17.0	9.4	2878	3	12	-	INVESTIGATE		
DIV	tfrrs	19392	1	71	-17.0	11.6	5079	na	na	-	INVESTIGATE		
DIV	anet	196882	789392	16	-17.0	9.3	2383	1	4	-	INVESTIGATE		
DIV	anet	230812	924099	44	-17.0	5.1	3123	1	3	-	INVESTIGATE		
DIV	anet	230227	918240	19	+20.5	8.6	1041	1	6	-	INVESTIGATE		
DIV	anet	31611	137254	44	-17.0	8.5	5142	6	12	-	PERSISTENT		
DIV	anet	236973	947492	16	-17.0	8.0	1442	1	13	-	INVESTIGATE		
DIV	anet	58817	251753	78	-17.0	6.7	2056	2	7	-	INVESTIGATE		
DIV	anet	86626	343907	68	-17.0	6.3	1458	4	24	-	INVESTIGATE		
DIV	anet	169773	701739	83	+20.5	4.5	6155	1	22	-	INVESTIGATE		
DIV	anet	134850	551906	34	-17.0	9.5	2878	10	24	-	INVESTIGATE		
DIV	tfrrs	18653	0	121	-17.0	4.6	5131	na	na	-	INVESTIGATE		
DIV	anet	87754	348549	30	-17.0	4.0	5162	2	44	-	INVESTIGATE		
DIV	anet	100470	394735	60	-17.0	7.2	2259	1	27	-	INVESTIGATE		
DIV	tfrrs	24147	2	14	-17.0	3.1	5023	na	na	-	INVESTIGATE		
DIV	anet	139330	578055	67	+20.5	6.9	2275	4	24	-	INVESTIGATE		
DIV	tfrrs	15823	1	55	-17.0	6.6	5075	na	na	-	INVESTIGATE		
DIV	tfrrs	24738	3	14	-17.0	10.8	5037	na	na	-	INVESTIGATE		
DIV	anet	14858	66876	13	-17.0	5.8	4744	10	16	-	PERSISTENT		
DIV	anet	172587	711496	39	-17.0	12.0	2924	3	26	-	INVESTIGATE		
DIV	anet	136646	576524	26	+20.5	4.0	2888	1	29	-	INVESTIGATE		
DIV	tfrrs	13530	7	17	-17.0	5.8	5060	na	na	-	INVESTIGATE		
DIV	anet	139475	579098	19	-17.0	3.4	5041	1	8	-	INVESTIGATE		
DIV	tfrrs	8413	3	57	-17.0	10.8	5034	na	na	-	INVESTIGATE		
DIV	anet	241982	965308	14	-17.0	4.8	1831	2	43	-	INVESTIGATE		
DIV	anet	29988	130353	16	-17.0	6.1	5120	1	8	-	INVESTIGATE		
DIV	anet	40046	171763	41	-17.0	7.9	5071	1	16	-	INVESTIGATE		
DIV	anet	134499	550053	23	-17.0	6.8	3953	8	12	-	PERSISTENT		
DIV	anet	231084	921989	13	-17.0	6.4	3097	2	2	-	INVESTIGATE		
DIV	anet	51685	220078	14	+20.4	11.5	1883	1	17	-	INVESTIGATE		
DIV	tfrrs	15611	5	251	-17.0	14.5	5000	na	na	-	INVESTIGATE		
DIV	anet	102777	405949	35	+20.4	4.7	3104	2	6	-	INVESTIGATE		
DIV	anet	163829	676102	20	-17.0	8.6	5064	1	21	-	INVESTIGATE		
DIV	anet	140140	582871	90	-16.9	5.0	5041	2	24	-	INVESTIGATE		
DIV	anet	119742	483756	20	-16.9	7.6	3547	4	19	-	INVESTIGATE		
DIV	tfrrs	6065	4	27	-16.9	6.5	4730	na	na	-	INVESTIGATE		
DIV	anet	249260	990900	49	-16.9	4.7	2349	4	4	-	PERSISTENT		
DIV	anet	188982	765211	14	-16.9	6.1	2915	1	2	-	INVESTIGATE		
DIV	anet	60200	257801	12	-16.9	15.0	2251	8	17	-	INVESTIGATE		
DIV	anet	217323	868638	20	-16.9	4.5	2900	4	10	-	INVESTIGATE		
DIV	tfrrs	19361	1	154	-16.9	12.3	5000	na	na	-	INVESTIGATE		
DIV	tfrrs	26609	1	26	-16.9	6.0	5000	na	na	-	INVESTIGATE		
DIV	anet	209108	837508	32	-16.9	7.1	2374	3	19	-	INVESTIGATE		
DIV	anet	161238	680485	37	+20.4	11.0	3307	1	7	-	INVESTIGATE		
DIV	anet	43029	185441	59	-16.9	3.3	5071	1	8	-	INVESTIGATE		
DIV	anet	149502	639619	42	+20.4	13.9	3123	3	15	-	INVESTIGATE		
DIV	anet	63692	274540	16	+20.4	8.3	2277	6	13	-	INVESTIGATE		
DIV	anet	220438	882235	20	-16.9	3.5	1857	4	13	-	INVESTIGATE		
DIV	anet	179411	733676	12	+20.4	6.6	4019	3	17	-	INVESTIGATE		
DIV	anet	161709	669057	15	-16.9	5.8	3119	2	19	-	INVESTIGATE		
DIV	anet	168088	695332	25	+20.4	7.9	3115	1	9	-	INVESTIGATE		
DIV	anet	257875	1024760	61	-16.9	5.9	2212	3	18	-	INVESTIGATE		
DIV	anet	239277	955786	45	+20.3	5.7	2253	1	2	-	INVESTIGATE		
DIV	anet	30052	130623	24	+20.3	6.5	4007	2	6	-	INVESTIGATE		
DIV	anet	19477	112746	28	-16.9	11.1	4923	6	11	-	PERSISTENT		
DIV	anet	133992	595171	20	+20.3	5.8	3090	1	13	-	INVESTIGATE		
DIV	anet	177218	725274	36	-16.9	5.7	5122	1	8	-	INVESTIGATE		
DIV	tfrrs	12412	0	61	-16.9	9.1	3103	na	na	-	INVESTIGATE		
DIV	anet	226880	918052	14	+20.3	9.8	2889	1	18	-	INVESTIGATE		
DIV	anet	40026	171682	35	-16.9	5.7	1434	10	18	-	PERSISTENT		
DIV	anet	112191	458879	14	-16.9	5.4	2258	2	15	-	INVESTIGATE		
DIV	tfrrs	10003	1	17	-16.9	8.0	4856	na	na	-	INVESTIGATE		
DIV	anet	249260	990899	32	-16.9	4.9	2351	4	4	-	PERSISTENT		
DIV	anet	37210	160576	34	-16.9	6.4	5080	1	12	-	INVESTIGATE		
DIV	anet	112869	448000	18	-16.8	14.1	1842	2	7	-	INVESTIGATE		
DIV	anet	222227	889202	63	-16.8	5.7	2354	1	8	-	INVESTIGATE		
DIV	anet	209108	837506	28	-16.8	5.2	2369	3	19	-	INVESTIGATE		
DIV	anet	56845	243210	26	+20.2	3.5	2886	2	8	-	INVESTIGATE		
DIV	anet	191956	812428	14	+20.2	6.5	3153	1	11	-	INVESTIGATE		
DIV	anet	113486	452661	19	-16.8	11.0	1849	3	19	-	INVESTIGATE		
DIV	anet	55	214	19	-16.8	4.9	5156	10	24	-	INVESTIGATE		
DIV	anet	241982	965309	36	-16.8	3.2	1840	2	43	-	INVESTIGATE		
DIV	anet	236656	946420	17	-16.8	4.0	4019	1	4	-	INVESTIGATE		
DIV	tfrrs	18221	1	12	-16.8	5.1	5174	na	na	-	INVESTIGATE		
DIV	anet	224042	895626	28	-16.8	5.3	2355	4	12	-	INVESTIGATE		
DIV	anet	124992	514615	34	-16.8	7.6	1851	1	7	-	INVESTIGATE		
DIV	anet	60609	259698	13	+20.2	3.0	4848	7	18	-	INVESTIGATE		
DIV	anet	62939	270712	13	-16.8	6.0	2056	2	10	-	INVESTIGATE		
DIV	anet	241901	984689	16	-16.8	13.4	2875	1	2	-	INVESTIGATE		
DIV	anet	123137	494973	29	-16.8	7.5	2263	5	15	-	INVESTIGATE		
DIV	anet	240451	960613	33	+20.2	7.3	3083	2	7	-	INVESTIGATE		
DIV	anet	20834	108491	56	-16.8	7.7	2397	3	13	-	INVESTIGATE		
DIV	anet	90530	357385	53	-16.8	4.1	5028	1	7	-	INVESTIGATE		
DIV	tfrrs	18773	0	12	+20.2	13.8	5131	na	na	OVERRIDE	REGRESSION		
DIV	anet	108875	430571	86	-16.8	13.8	5034	4	24	-	INVESTIGATE		
DIV	anet	193525	816447	12	+20.2	10.2	2924	3	7	-	INVESTIGATE		
DIV	anet	79615	330021	77	-16.8	4.6	2870	6	7	-	PERSISTENT		
DIV	anet	201752	811228	25	+20.2	7.2	3141	11	14	OVERRIDE	REGRESSION		
DIV	anet	191492	773683	78	-16.8	6.6	3169	1	6	-	INVESTIGATE		
DIV	tfrrs	22017	2	27	-16.8	10.0	5000	na	na	-	INVESTIGATE		
DIV	anet	97488	388478	14	+20.2	4.2	4867	2	6	-	INVESTIGATE		
DIV	tfrrs	13575	5	156	-16.8	8.5	5060	na	na	-	INVESTIGATE		
DIV	anet	199237	798369	37	-16.8	13.1	1862	2	3	-	PERSISTENT		
DIV	tfrrs	25581	1	63	-16.8	14.5	5000	na	na	-	INVESTIGATE		
DIV	anet	13842	63594	15	+20.1	7.0	2384	2	7	-	INVESTIGATE		
DIV	tfrrs	4020	3	32	-16.8	2.9	4760	na	na	-	INVESTIGATE		
DIV	anet	136647	562199	31	+20.1	12.3	2888	1	14	-	INVESTIGATE		
DIV	anet	120478	484107	27	-16.8	6.7	3956	8	12	-	PERSISTENT		
DIV	anet	51187	218107	38	+20.1	10.7	2900	1	11	-	INVESTIGATE		
DIV	anet	100797	396537	47	+20.1	8.2	2277	4	24	-	INVESTIGATE		
DIV	anet	126375	510830	80	+20.1	5.7	6130	15	26	-	PERSISTENT		
DIV	anet	178870	731415	38	+20.1	3.8	3140	4	13	-	INVESTIGATE		
DIV	anet	240453	960621	18	+20.1	6.3	3083	2	7	-	INVESTIGATE		
DIV	anet	246680	978443	68	-16.7	7.5	1933	1	3	-	INVESTIGATE		
DIV	anet	246680	978444	52	-16.7	6.6	1926	1	3	-	INVESTIGATE		
DIV	anet	32049	139164	110	-16.7	6.2	3103	10	24	-	INVESTIGATE		
DIV	anet	162217	671891	42	-16.7	8.7	5064	6	10	-	PERSISTENT		
DIV	anet	60232	280594	46	-16.7	5.4	2891	1	2	-	INVESTIGATE		
DIV	anet	20589	91819	29	-16.7	5.1	2280	8	16	-	PERSISTENT		
DIV	anet	55419	236471	30	-16.7	9.4	1029	5	28	-	INVESTIGATE		
DIV	anet	265747	1062515	16	+20.1	5.9	1585	3	7	-	INVESTIGATE		
DIV	anet	209158	849693	82	+20.1	3.7	3135	1	11	-	INVESTIGATE		
DIV	anet	151275	627150	37	-16.7	9.9	5060	3	22	-	INVESTIGATE		
DIV	anet	157648	656953	22	-16.7	7.0	4877	1	14	-	INVESTIGATE		
DIV	tfrrs	14668	14	88	-16.7	6.5	5060	na	na	-	INVESTIGATE		
DIV	anet	239511	956666	79	-16.7	7.4	2872	2	11	-	INVESTIGATE		
DIV	anet	96703	385303	56	-16.7	4.2	4850	5	15	-	INVESTIGATE		
DIV	anet	193908	781091	21	-16.7	5.1	3140	3	5	-	PERSISTENT		
DIV	anet	222970	892044	18	-16.7	4.2	3077	5	7	-	PERSISTENT		
DIV	anet	156437	652110	102	-16.7	6.2	4873	1	24	-	INVESTIGATE		
DIV	anet	15707	72559	33	-16.7	9.2	1451	10	18	-	PERSISTENT		
DIV	anet	11120	51182	37	-16.7	6.2	3134	10	24	-	INVESTIGATE		
DIV	tfrrs	25932	0	21	-16.7	21.3	5000	na	na	-	INVESTIGATE		
DIV	anet	110223	436359	25	+20.0	8.6	2274	3	17	-	INVESTIGATE		
DIV	anet	37300	160929	15	-16.7	11.4	3122	3	17	-	INVESTIGATE		
DIV	anet	204881	821800	12	+20.0	6.3	4021	4	17	-	INVESTIGATE		
DIV	tfrrs	20849	0	42	-16.7	7.3	5071	na	na	-	INVESTIGATE		
DIV	anet	36674	158456	15	+20.0	3.6	5071	5	24	-	INVESTIGATE		
DIV	anet	144964	613581	112	+20.0	5.7	3121	7	20	-	INVESTIGATE		
DIV	anet	196735	797814	36	+20.0	5.6	1879	1	8	-	INVESTIGATE		
DIV	tfrrs	18289	0	23	-16.7	8.3	2986	na	na	-	INVESTIGATE		
DIV	anet	38244	164618	12	-16.7	13.8	5071	1	15	-	INVESTIGATE		
DIV	anet	182315	744488	25	-16.6	9.3	5122	1	4	-	INVESTIGATE		
DIV	anet	56556	241703	30	-16.6	6.5	5176	6	12	-	PERSISTENT		
DIV	tfrrs	22234	1	36	-16.6	4.6	5060	na	na	-	INVESTIGATE		
DIV	anet	198403	794872	24	-16.6	9.0	2924	2	6	-	INVESTIGATE		
DIV	anet	243452	971589	53	-16.6	6.5	2428	1	23	-	INVESTIGATE		
DIV	anet	156625	652834	20	+19.9	10.4	3123	1	2	-	INVESTIGATE		
DIV	anet	151178	626710	23	-16.6	8.6	2382	2	27	-	INVESTIGATE		
DIV	anet	161205	667706	25	-16.6	7.5	3134	4	15	-	INVESTIGATE		
DIV	anet	242916	985737	19	+19.9	12.0	3083	1	5	-	INVESTIGATE		
DIV	anet	66114	285905	83	-16.6	7.3	2921	4	20	-	INVESTIGATE		
DIV	anet	106511	420493	17	-16.6	6.0	2930	1	17	-	INVESTIGATE		
DIV	anet	102777	405951	18	+19.9	6.1	3087	2	6	-	INVESTIGATE		
DIV	anet	148276	617876	46	-16.6	6.4	5060	4	24	-	INVESTIGATE		
DIV	anet	144251	605751	81	-16.6	5.2	3122	3	15	-	INVESTIGATE		
DIV	tfrrs	24240	1	29	-16.6	6.0	5037	na	na	-	INVESTIGATE		
DIV	anet	136883	563766	17	-16.6	10.6	2261	3	15	-	INVESTIGATE		
DIV	anet	52274	222544	16	+19.8	6.5	2284	2	9	-	INVESTIGATE		
DIV	anet	127976	519524	30	-16.6	3.9	5043	1	4	-	INVESTIGATE		
DIV	anet	228015	909424	46	-16.6	10.4	5060	1	9	-	INVESTIGATE		
DIV	tfrrs	14145	1	60	-16.6	5.1	4872	na	na	-	INVESTIGATE		
DIV	anet	195619	785817	20	-16.6	7.4	2924	2	14	-	INVESTIGATE		
DIV	anet	108253	427877	16	-16.5	9.5	5193	3	26	-	INVESTIGATE		
DIV	anet	44794	191924	51	-16.5	3.5	5107	2	8	-	INVESTIGATE		
DIV	tfrrs	11903	0	42	-16.5	15.7	5051	na	na	-	INVESTIGATE		
DIV	anet	1081	5214	16	-16.5	5.5	2941	1	30	-	INVESTIGATE		
DIV	anet	62974	274207	25	-16.5	14.5	2874	1	11	-	INVESTIGATE		
DIV	anet	5956	35664	16	-16.5	46.0	3152	5	22	-	INVESTIGATE		
DIV	anet	87031	345145	82	-16.5	4.5	3956	1	19	-	INVESTIGATE		
DIV	anet	145089	609093	134	-16.5	7.8	3127	2	5	-	INVESTIGATE		
DIV	tfrrs	25930	11	24	-16.5	5.5	5000	na	na	-	INVESTIGATE		
DIV	tfrrs	11903	2	56	-16.5	8.0	5041	na	na	-	INVESTIGATE		
DIV	anet	205726	825018	32	-16.5	7.0	3159	4	13	-	INVESTIGATE		
DIV	anet	31612	137256	17	-16.5	7.7	5202	6	12	-	PERSISTENT		
DIV	anet	267953	1065007	45	+19.8	10.4	4919	1	9	-	INVESTIGATE		
DIV	anet	231417	923335	15	-16.5	15.1	3121	1	4	-	INVESTIGATE		
DIV	anet	41457	181271	12	+19.8	9.0	3118	3	43	-	INVESTIGATE		
DIV	anet	223286	893090	17	+19.8	4.0	2863	4	5	-	PERSISTENT		
DIV	anet	109424	433028	33	+19.8	8.5	3086	1	7	-	INVESTIGATE		
DIV	anet	162368	670891	13	-16.5	7.2	4877	4	18	-	INVESTIGATE		
DIV	anet	75587	303424	59	+19.8	7.9	3105	1	2	-	INVESTIGATE		
DIV	anet	109428	433044	131	-16.5	11.0	4859	5	15	-	INVESTIGATE		
DIV	anet	236734	946747	17	+19.8	7.7	3088	5	7	-	PERSISTENT		
DIV	anet	159948	664284	69	+19.8	6.3	2690	1	4	-	INVESTIGATE		
DIV	anet	84016	330204	16	+19.8	9.7	2870	2	4	-	PERSISTENT		
DIV	anet	107714	457927	13	-16.5	6.1	3107	3	13	-	INVESTIGATE		
DIV	anet	146278	652183	24	+19.8	8.7	2888	1	25	-	INVESTIGATE		
DIV	tfrrs	8254	0	57	-16.5	6.8	4779	na	na	-	INVESTIGATE		
DIV	anet	264082	1047594	13	+19.8	5.8	2841	1	14	-	INVESTIGATE		
DIV	tfrrs	24517	1	27	-16.5	11.0	5037	na	na	-	INVESTIGATE		
DIV	anet	53836	229065	15	-16.5	9.4	4869	3	37	-	INVESTIGATE		
DIV	anet	24938	116875	27	-16.5	7.6	2306	1	4	-	INVESTIGATE		
DIV	anet	27584	120105	56	-16.5	5.1	5112	15	26	-	PERSISTENT		
DIV	tfrrs	12416	4	26	-16.5	3.2	5041	na	na	-	INVESTIGATE		
DIV	anet	47171	201395	39	-16.5	6.1	5072	2	8	-	INVESTIGATE		
DIV	anet	27592	120121	301	-16.5	3.7	5112	1	22	-	INVESTIGATE		
DIV	tfrrs	10424	0	24	-16.5	6.0	5106	na	na	-	INVESTIGATE		
DIV	anet	25524	111733	25	-16.5	16.2	7614	10	18	-	PERSISTENT		
DIV	anet	47788	203941	43	+19.7	4.6	2887	2	16	-	INVESTIGATE		
DIV	anet	151171	626657	54	-16.5	5.4	2891	2	17	-	INVESTIGATE		
DIV	anet	28031	121999	41	-16.5	5.8	5112	1	5	-	INVESTIGATE		
DIV	anet	72887	296999	58	-16.5	3.7	2873	6	7	-	PERSISTENT		
DIV	anet	122023	501587	13	-16.5	3.5	1458	2	13	-	INVESTIGATE		
DIV	tfrrs	3724	6	58	-16.5	8.0	4760	na	na	-	INVESTIGATE		
DIV	anet	134499	550054	32	-16.5	6.0	3956	8	12	-	PERSISTENT		
DIV	tfrrs	24120	1	42	-16.5	12.9	5037	na	na	-	INVESTIGATE		
DIV	anet	144212	605540	46	+19.7	5.0	1777	5	24	-	INVESTIGATE		
DIV	anet	259399	1029967	70	+19.7	6.3	1818	5	13	OVERRIDE	REGRESSION		
DIV	anet	148545	646639	20	+19.7	6.7	5088	3	21	-	INVESTIGATE		
DIV	anet	183498	748237	25	-16.5	4.2	4047	1	2	-	INVESTIGATE		
DIV	anet	163334	674034	72	-16.5	7.1	3119	1	20	-	INVESTIGATE		
DIV	anet	153045	636030	32	+19.7	16.7	2888	1	11	-	INVESTIGATE		
DIV	tfrrs	11851	1	20	-16.5	5.9	4766	na	na	-	INVESTIGATE		
DIV	anet	241106	962610	124	-16.5	7.6	1448	2	3	-	PERSISTENT		
DIV	anet	52912	225229	34	-16.4	5.8	4301	2	14	-	INVESTIGATE		
DIV	anet	206794	828922	13	-16.4	13.2	3135	5	46	-	INVESTIGATE		
DIV	tfrrs	4086	0	41	-16.4	7.3	5034	na	na	-	INVESTIGATE		
DIV	anet	1294	6233	15	-16.4	13.8	4952	1	10	-	INVESTIGATE		
DIV	anet	107817	426089	14	-16.4	14.1	1429	1	10	-	INVESTIGATE		
DIV	anet	60253	258024	29	-16.4	6.6	2091	2	17	-	INVESTIGATE		
DIV	anet	194054	781458	39	-16.4	4.0	2383	4	12	-	INVESTIGATE		
DIV	tfrrs	13883	1	15	-16.4	16.7	1531	na	na	-	INVESTIGATE		
DIV	anet	149599	632920	12	-16.4	5.8	2292	2	17	-	INVESTIGATE		
DIV	anet	112191	458875	29	-16.4	4.8	2258	2	15	-	INVESTIGATE		
DIV	anet	43912	188986	28	-16.4	3.3	3980	1	2	-	INVESTIGATE		
DIV	anet	121319	487611	29	-16.4	6.4	2879	10	16	-	PERSISTENT		
DIV	anet	44312	190556	35	-16.4	2.6	5111	2	6	-	INVESTIGATE		
DIV	anet	259440	1030107	18	-16.4	4.1	1818	1	1	-	INVESTIGATE		
DIV	anet	136183	559489	16	-16.4	3.2	5041	2	30	-	INVESTIGATE		
DIV	tfrrs	19411	0	21	-16.4	17.1	5000	na	na	-	INVESTIGATE		
DIV	anet	267864	1064624	30	-16.4	3.5	2332	4	4	-	PERSISTENT		
DIV	anet	31042	134773	14	-16.4	7.4	5176	1	24	-	INVESTIGATE		
DIV	tfrrs	24762	1	14	-16.4	6.7	5037	na	na	-	INVESTIGATE		
DIV	anet	237574	949711	24	-16.4	10.3	4850	1	14	-	INVESTIGATE		
DIV	anet	138949	583826	13	-16.4	9.1	2275	1	8	-	INVESTIGATE		
DIV	anet	193820	786728	18	-16.4	14.7	5122	3	20	-	INVESTIGATE		
DIV	anet	26672	116245	32	+19.6	4.3	6213	1	6	-	INVESTIGATE		
DIV	anet	106511	420495	22	-16.4	5.3	2934	1	17	-	INVESTIGATE		
DIV	anet	261515	1038162	43	+19.6	8.1	1424	2	22	-	INVESTIGATE		
DIV	anet	163599	675087	61	-16.4	5.6	3119	1	4	-	INVESTIGATE		
DIV	anet	19122	113313	31	-16.4	7.8	2384	3	13	-	INVESTIGATE		
DIV	anet	28172	122576	23	-16.4	6.7	5112	3	9	-	INVESTIGATE		
DIV	anet	139340	578114	79	-16.4	4.5	3111	2	17	-	INVESTIGATE		
DIV	anet	26855	116912	59	+19.6	4.5	6213	1	1	-	INVESTIGATE		
DIV	anet	32585	141365	18	-16.4	4.6	2269	8	16	-	PERSISTENT		
DIV	tfrrs	20166	1	54	-16.4	8.0	5079	na	na	-	INVESTIGATE		
DIV	anet	16138	72231	13	-16.4	10.2	3155	1	7	-	INVESTIGATE		
DIV	anet	137493	566993	15	-16.4	10.9	3109	3	13	-	INVESTIGATE		
DIV	anet	167886	694533	39	-16.4	7.0	3119	1	15	-	INVESTIGATE		
DIV	anet	106645	436149	25	-16.4	11.8	2887	10	16	-	PERSISTENT		
DIV	anet	31840	168082	14	-16.4	4.2	2905	2	9	-	INVESTIGATE		
DIV	anet	241614	964131	57	-16.4	9.5	3088	1	10	-	INVESTIGATE		
DIV	anet	265316	1053299	42	+19.5	6.8	5000	1	1	-	INVESTIGATE		
DIV	anet	118498	475457	69	+19.5	3.3	5054	1	2	-	INVESTIGATE		
DIV	anet	203885	818550	23	-16.3	7.5	3149	1	3	-	INVESTIGATE		
DIV	anet	32646	141627	23	-16.3	6.1	2275	3	19	-	INVESTIGATE		
DIV	anet	214748	864530	31	-16.3	16.0	2270	2	3	-	PERSISTENT		
DIV	anet	100797	396538	51	+19.5	8.3	2259	4	24	-	INVESTIGATE		
DIV	anet	152291	632046	16	-16.3	8.4	2438	2	9	-	INVESTIGATE		
DIV	anet	149753	621607	46	-16.3	5.8	2888	1	19	-	INVESTIGATE		
DIV	tfrrs	4020	1	22	-16.3	5.2	4760	na	na	-	INVESTIGATE		
DIV	anet	190888	797062	108	-16.3	10.3	2311	6	9	-	PERSISTENT		
DIV	tfrrs	14668	4	46	-16.3	18.4	5088	na	na	-	INVESTIGATE		
DIV	anet	14985	67377	13	-16.3	13.3	2312	5	15	-	INVESTIGATE		
DIV	anet	57169	244739	47	+19.5	11.6	2874	6	11	-	PERSISTENT		
DIV	anet	22605	99647	116	-16.3	4.1	8375	1	7	-	INVESTIGATE		
DIV	tfrrs	24080	1	34	-16.3	8.4	5037	na	na	-	INVESTIGATE		
DIV	anet	5256	25276	39	-16.3	7.9	3132	10	24	-	INVESTIGATE		
DIV	tfrrs	24734	0	23	-16.3	13.3	5023	na	na	-	INVESTIGATE		
DIV	anet	196882	789391	26	-16.3	4.3	2376	1	4	-	INVESTIGATE		
DIV	anet	144283	605877	13	-16.3	8.5	2270	4	17	-	INVESTIGATE		
DIV	anet	34655	150410	24	-16.3	9.3	4178	2	17	-	INVESTIGATE		
DIV	anet	218716	875109	18	+19.5	9.4	3133	1	1	-	INVESTIGATE		
DIV	anet	3998	19501	14	+19.5	6.6	5107	1	3	-	INVESTIGATE		
DIV	anet	93219	368354	50	-16.3	9.3	2875	10	16	-	PERSISTENT		
DIV	anet	262590	1042031	14	+19.5	7.5	3065	1	1	-	INVESTIGATE		
DIV	anet	96538	384591	14	-16.3	3.8	2891	3	13	-	INVESTIGATE		
DIV	tfrrs	12416	0	16	-16.3	3.1	2879	na	na	-	INVESTIGATE		
DIV	tfrrs	20166	0	39	-16.3	6.8	5071	na	na	-	INVESTIGATE		
DIV	anet	139659	580025	20	+19.5	2.5	2888	2	15	-	INVESTIGATE		
DIV	anet	140140	582867	63	-16.3	3.6	5041	2	24	-	INVESTIGATE		
DIV	anet	78529	326730	14	-16.3	5.1	2277	8	16	-	PERSISTENT		
DIV	anet	251291	1013372	18	-16.3	6.2	2860	2	16	-	INVESTIGATE		
DIV	anet	148800	619004	73	+19.5	8.1	3102	1	10	-	INVESTIGATE		
DIV	anet	200382	805928	17	-16.3	7.8	3159	1	5	-	INVESTIGATE		
DIV	anet	221581	895415	36	-16.3	8.0	1053	2	23	-	INVESTIGATE		
DIV	anet	42963	185110	21	-16.3	5.1	5162	6	12	-	PERSISTENT		
DIV	anet	147573	631933	47	-16.3	10.7	2270	2	8	-	INVESTIGATE		
DIV	anet	201889	812019	61	+19.4	18.7	2934	4	21	-	INVESTIGATE		
DIV	anet	242176	976926	14	+19.4	4.5	3102	1	1	-	INVESTIGATE		
DIV	tfrrs	14011	0	27	-16.3	4.2	4861	na	na	-	INVESTIGATE		
DIV	anet	115268	460098	64	-16.3	4.1	3950	3	18	-	INVESTIGATE		
DIV	tfrrs	20389	0	59	-16.3	6.4	5071	na	na	-	INVESTIGATE		
DIV	anet	210391	841710	31	-16.3	5.3	3986	3	7	-	INVESTIGATE		
DIV	anet	263368	1045004	12	-16.3	14.2	2854	1	3	-	INVESTIGATE		
DIV	anet	196075	787088	14	-16.3	7.7	4938	1	17	-	INVESTIGATE		
DIV	anet	108902	430678	31	+19.4	11.1	3099	2	13	-	INVESTIGATE		
DIV	anet	96959	394333	55	-16.2	5.8	2874	6	7	-	PERSISTENT		
DIV	tfrrs	9177	1	55	-16.2	7.0	4730	na	na	-	INVESTIGATE		
DIV	tfrrs	6551	1	47	-16.2	4.6	4786	na	na	-	INVESTIGATE		
DIV	anet	252316	1006010	43	+19.4	11.0	3108	1	1	-	INVESTIGATE		
DIV	anet	156436	652108	148	-16.2	7.1	4873	1	24	-	INVESTIGATE		
DIV	tfrrs	8276	5	87	-16.2	6.0	4779	na	na	-	INVESTIGATE		
DIV	anet	10481	51505	17	-16.2	10.1	4921	6	11	-	PERSISTENT		
DIV	anet	227917	911377	20	-16.2	9.3	3112	1	4	-	INVESTIGATE		
DIV	anet	191492	773685	113	-16.2	4.5	3159	1	6	-	INVESTIGATE		
DIV	anet	249783	996843	23	-16.2	3.5	2349	1	2	-	INVESTIGATE		
DIV	anet	126010	508753	34	+19.4	9.1	3102	1	11	-	INVESTIGATE		
DIV	tfrrs	13856	3	17	-16.2	5.6	3124	na	na	-	INVESTIGATE		
DIV	anet	108733	429940	35	-16.2	5.2	1433	3	17	-	INVESTIGATE		
DIV	anet	123319	495766	49	-16.2	8.8	2879	8	37	-	INVESTIGATE		
DIV	anet	31612	137258	34	-16.2	3.7	5176	6	12	-	PERSISTENT		
DIV	anet	136163	573386	42	+19.3	9.3	3119	3	19	-	INVESTIGATE		
DIV	tfrrs	22859	1	14	-16.2	7.6	2913	na	na	-	INVESTIGATE		
DIV	tfrrs	20004	0	46	-16.2	9.5	5071	na	na	-	INVESTIGATE		
DIV	anet	136354	584291	45	-16.2	10.5	1850	1	9	-	INVESTIGATE		
DIV	anet	175415	720513	19	+19.3	3.5	2405	1	1	-	INVESTIGATE		
DIV	anet	96664	388942	12	-16.2	6.9	5056	4	10	-	INVESTIGATE		
DIV	anet	83518	337625	64	+19.3	5.3	2256	2	3	-	PERSISTENT		
DIV	anet	236973	947493	19	-16.2	10.6	1424	1	13	-	INVESTIGATE		
DIV	tfrrs	25877	1	17	-16.2	11.7	5000	na	na	-	INVESTIGATE		
DIV	anet	211291	844418	48	-16.2	17.4	2284	2	10	-	INVESTIGATE		
DIV	tfrrs	10647	2	68	-16.2	5.8	5055	na	na	-	INVESTIGATE		
DIV	anet	151275	627151	24	-16.2	22.4	2910	3	22	-	INVESTIGATE		
DIV	anet	229704	915839	18	-16.2	21.7	5039	2	3	-	PERSISTENT		
DIV	tfrrs	9389	4	38	-16.2	6.6	5077	na	na	-	INVESTIGATE		
DIV	anet	216724	865458	16	-16.2	8.8	5071	3	5	-	PERSISTENT		
DIV	anet	222648	890789	31	+19.3	8.3	3112	2	21	-	INVESTIGATE		
DIV	tfrrs	13502	1	29	-16.2	4.4	5088	na	na	-	INVESTIGATE		
DIV	anet	96703	385297	77	-16.2	5.7	4850	5	15	-	INVESTIGATE		
DIV	anet	60448	262533	55	-16.2	8.3	2425	5	15	-	INVESTIGATE		
DIV	anet	157748	669317	19	-16.1	3.8	3119	1	5	-	INVESTIGATE		
DIV	tfrrs	14146	0	33	-16.1	22.4	3195	na	na	-	INVESTIGATE		
DIV	anet	153044	636035	34	+19.3	6.2	2888	1	11	-	INVESTIGATE		
DIV	anet	237455	949387	41	+19.3	5.5	3108	4	26	-	INVESTIGATE		
DIV	tfrrs	26609	0	43	-16.1	4.9	5000	na	na	-	INVESTIGATE		
DIV	anet	222648	890790	20	+19.2	8.0	3121	2	21	-	INVESTIGATE		
DIV	anet	164978	681077	75	+19.2	11.2	2902	1	11	-	INVESTIGATE		
DIV	anet	148617	618739	13	-16.1	8.2	1467	2	14	-	INVESTIGATE		
DIV	tfrrs	8276	2	73	-16.1	5.3	4779	na	na	-	INVESTIGATE		
DIV	tfrrs	25871	1	38	-16.1	7.9	5000	na	na	-	INVESTIGATE		
DIV	anet	138970	575708	22	+19.2	6.7	2768	3	7	-	INVESTIGATE		
DIV	anet	2879	13701	12	-16.1	4.1	5142	1	3	-	INVESTIGATE		
DIV	anet	264841	1051048	19	+19.2	6.5	2745	1	7	-	INVESTIGATE		
DIV	anet	120478	484106	38	-16.1	5.1	3956	8	12	-	PERSISTENT		
DIV	anet	161205	667704	23	-16.1	8.4	5064	4	15	-	INVESTIGATE		
DIV	anet	43740	188275	14	+19.2	8.8	2629	1	2	-	INVESTIGATE		
DIV	anet	208870	862021	25	+19.2	6.5	1847	1	14	-	INVESTIGATE		
DIV	anet	198004	794046	54	-16.1	6.0	1862	3	18	-	INVESTIGATE		
DIV	anet	191976	775275	19	+19.2	6.7	2128	3	18	-	INVESTIGATE		
DIV	anet	221581	895413	48	-16.1	7.8	1035	2	23	-	INVESTIGATE		
DIV	anet	107567	425004	63	+19.2	7.2	5048	6	7	-	PERSISTENT		
DIV	anet	173614	738726	16	+19.2	6.7	3159	1	14	-	INVESTIGATE		
DIV	anet	200636	826749	12	+19.2	10.7	2924	2	21	-	INVESTIGATE		
DIV	anet	20832	120666	17	+19.2	6.2	2384	1	3	-	INVESTIGATE		
DIV	anet	20878	93081	45	-16.1	4.5	4674	1	9	-	INVESTIGATE		
DIV	anet	209158	849696	37	+19.2	4.9	3135	1	11	-	INVESTIGATE		
DIV	anet	240451	960615	24	+19.2	5.2	3088	2	7	-	INVESTIGATE		
DIV	tfrrs	19392	0	63	-16.1	7.3	5071	na	na	-	INVESTIGATE		
DIV	anet	120478	484109	25	-16.1	7.2	3958	8	12	-	PERSISTENT		
DIV	anet	48088	205152	17	-16.1	4.8	5057	3	19	-	INVESTIGATE		
DIV	tfrrs	3724	3	75	-16.1	7.5	4785	na	na	-	INVESTIGATE		
DIV	anet	81238	321922	93	+19.2	6.9	2870	3	18	-	INVESTIGATE		
DIV	anet	16759	74771	24	+19.2	7.8	2293	6	13	-	INVESTIGATE		
DIV	tfrrs	22164	0	40	-16.1	13.0	5039	na	na	-	INVESTIGATE		
DIV	anet	229623	926884	15	+19.2	4.1	2694	1	8	-	INVESTIGATE		
DIV	anet	222877	891655	34	-16.1	10.7	3102	2	13	-	INVESTIGATE		
DIV	tfrrs	11846	0	35	-16.1	15.2	4417	na	na	-	INVESTIGATE		
DIV	anet	48417	206484	90	-16.1	6.7	5072	3	11	-	INVESTIGATE		
DIV	tfrrs	19493	0	50	-16.1	8.2	5079	na	na	-	INVESTIGATE		
DIV	anet	32330	140288	22	-16.1	11.2	2886	4	6	-	PERSISTENT		
DIV	anet	118224	492693	46	+19.1	6.4	1251	4	13	-	INVESTIGATE		
DIV	anet	227649	908148	103	-16.1	8.1	1441	1	5	-	INVESTIGATE		
DIV	anet	102016	402127	13	+19.1	7.8	5056	1	7	-	INVESTIGATE		
DIV	anet	213603	852291	16	-16.1	12.4	5071	3	8	-	INVESTIGATE		
DIV	anet	223112	924349	39	-16.1	7.7	2270	2	21	-	INVESTIGATE		
DIV	anet	159032	660861	55	+19.1	8.7	1442	1	2	OVERRIDE	REGRESSION		
DIV	tfrrs	20013	1	41	-16.0	9.2	5079	na	na	-	INVESTIGATE		
DIV	tfrrs	16262	1	38	-16.0	4.9	4876	na	na	-	INVESTIGATE		
DIV	anet	195610	814009	14	-16.0	6.6	3161	1	8	-	INVESTIGATE		
DIV	anet	236373	945198	18	+19.1	2.9	672	7	21	-	INVESTIGATE		
DIV	anet	96872	385997	12	-16.0	8.9	3698	2	11	-	INVESTIGATE		
DIV	anet	118871	477140	25	-16.0	11.5	5043	2	9	-	INVESTIGATE		
DIV	anet	144964	613580	121	+19.1	8.4	3142	7	20	-	INVESTIGATE		
DIV	tfrrs	10534	2	12	-16.0	7.0	5043	na	na	-	INVESTIGATE		
DIV	anet	243452	971590	32	-16.0	5.6	2427	1	23	-	INVESTIGATE		
DIV	anet	215335	859308	25	-16.0	12.3	2900	1	13	-	INVESTIGATE		
DIV	anet	64058	296568	90	-16.0	8.3	2872	1	20	-	INVESTIGATE		
DIV	anet	43373	186941	97	-16.0	3.8	5071	1	28	-	INVESTIGATE		
DIV	tfrrs	12416	3	30	-16.0	6.4	5051	na	na	-	INVESTIGATE		
DIV	anet	8337	39124	16	-16.0	8.3	2289	2	27	-	INVESTIGATE		
DIV	tfrrs	22164	1	26	-16.0	14.6	5060	na	na	-	INVESTIGATE		
DIV	tfrrs	23475	2	100	-16.0	8.3	5000	na	na	-	INVESTIGATE		
DIV	anet	195194	784903	23	-16.0	9.1	1445	8	17	-	INVESTIGATE		
DIV	anet	241536	963854	45	-16.0	6.4	3087	2	6	-	INVESTIGATE		
DIV	tfrrs	13550	1	12	-16.0	5.3	8301	na	na	-	INVESTIGATE		
DIV	anet	269411	1071947	14	+19.1	11.5	3258	1	2	-	INVESTIGATE		
DIV	anet	253915	1014924	20	-16.0	9.9	2859	2	12	-	INVESTIGATE		
DIV	anet	32	1353	21	-16.0	5.3	5156	6	16	-	INVESTIGATE		
DIV	anet	227917	911379	21	-16.0	5.1	3121	1	4	-	INVESTIGATE		
DIV	anet	145005	608763	13	-16.0	2.4	2888	2	11	-	INVESTIGATE		
DIV	anet	146401	612860	112	+19.0	8.1	3119	6	22	-	INVESTIGATE		
DIV	anet	197887	809007	15	+19.0	2.8	4932	1	27	-	INVESTIGATE		
DIV	anet	148492	618399	28	+19.0	10.6	3123	2	13	-	INVESTIGATE		
DIV	anet	237795	950541	24	+19.0	8.0	3087	4	18	-	INVESTIGATE		
DIV	anet	241106	962611	107	-16.0	7.6	1434	2	3	-	PERSISTENT		
DIV	anet	175504	719491	23	-16.0	3.5	3159	1	24	-	INVESTIGATE		
DIV	tfrrs	22543	1	72	-16.0	2.9	5039	na	na	-	INVESTIGATE		
DIV	anet	110223	436360	18	+19.0	5.8	2258	3	17	-	INVESTIGATE		
DIV	anet	196087	788085	12	-16.0	4.5	5122	1	10	-	INVESTIGATE		
DIV	anet	225775	901834	16	-16.0	7.5	2360	3	12	-	INVESTIGATE		
DIV	anet	240310	962422	14	-16.0	8.7	1448	1	3	-	INVESTIGATE		
DIV	anet	79539	332809	19	+19.0	11.1	5055	2	7	-	INVESTIGATE		
DIV	anet	65217	281612	102	+19.0	4.4	3105	5	21	-	INVESTIGATE		
DIV	anet	217747	870817	47	+19.0	6.2	3113	1	5	-	INVESTIGATE		
DIV	anet	44460	191011	30	+19.0	4.7	6250	1	3	-	INVESTIGATE		
DIV	anet	116224	506113	18	-16.0	10.7	3111	5	31	-	INVESTIGATE		
DIV	anet	40279	172862	23	-16.0	4.0	4007	3	18	-	INVESTIGATE		
DIV	anet	193908	781089	21	-16.0	6.5	3149	3	5	-	PERSISTENT		
DIV	anet	251238	1000515	106	+19.0	7.9	2872	4	21	-	INVESTIGATE		
DIV	anet	177751	743368	41	+19.0	8.2	2924	3	15	-	INVESTIGATE		
DIV	anet	23834	104541	24	-16.0	4.3	5120	1	13	-	INVESTIGATE		
DIV	anet	113306	450106	21	-16.0	6.6	2274	6	21	-	INVESTIGATE		
DIV	anet	259235	1029220	97	+19.0	5.4	3065	2	17	-	INVESTIGATE		
DIV	anet	176792	747982	15	-16.0	7.2	2314	1	1	-	INVESTIGATE		
DIV	anet	55710	237985	142	-16.0	4.0	5057	1	23	-	INVESTIGATE		
DIV	tfrrs	24169	0	42	-15.9	8.4	5023	na	na	-	INVESTIGATE		
DIV	anet	76647	336907	16	-15.9	18.5	2262	3	20	-	INVESTIGATE		
DIV	anet	22720	100167	25	-15.9	11.4	4007	1	9	-	INVESTIGATE		
DIV	anet	158995	661039	30	+19.0	8.2	3115	6	9	-	PERSISTENT		
DIV	tfrrs	14035	1	58	-15.9	4.1	5060	na	na	-	INVESTIGATE		
DIV	anet	90877	358412	52	+19.0	11.1	3107	11	14	-	PERSISTENT		
DIV	anet	196251	787603	15	+19.0	16.3	1480	2	16	-	INVESTIGATE		
DIV	tfrrs	24170	1	38	-15.9	9.7	5037	na	na	-	INVESTIGATE		
DIV	tfrrs	13641	1	16	-15.9	11.8	2890	na	na	-	INVESTIGATE		
DIV	anet	17230	76901	16	-15.9	5.6	4390	2	9	-	INVESTIGATE		
DIV	tfrrs	26020	0	36	-15.9	6.0	5000	na	na	-	INVESTIGATE		
DIV	anet	156435	652105	168	-15.9	5.9	4897	1	24	-	INVESTIGATE		
DIV	anet	16759	74770	21	+18.9	5.7	2312	6	13	-	INVESTIGATE		
DIV	anet	191442	773557	53	-15.9	7.4	2311	1	3	-	INVESTIGATE		
DIV	anet	86717	342533	13	+18.9	7.3	2612	5	20	-	INVESTIGATE		
DIV	tfrrs	24536	3	38	-15.9	5.2	5023	na	na	-	INVESTIGATE		
DIV	anet	180401	737701	15	+18.9	10.5	2389	1	2	-	INVESTIGATE		
DIV	anet	229876	924096	48	+18.9	7.8	1939	3	13	OVERRIDE	REGRESSION		
DIV	anet	134851	555180	28	-15.9	8.7	2878	2	17	-	INVESTIGATE		
DIV	anet	244389	973109	70	-15.9	6.8	3455	3	19	-	INVESTIGATE		
DIV	anet	96663	388940	14	-15.9	9.9	5056	4	20	-	INVESTIGATE		
DIV	anet	214802	856918	24	-15.9	12.9	4891	9	45	-	INVESTIGATE		
DIV	anet	46891	200268	19	-15.9	7.1	2882	3	21	-	INVESTIGATE		
DIV	tfrrs	25930	2	20	-15.9	7.8	5000	na	na	-	INVESTIGATE		
DIV	anet	111717	442683	34	-15.9	5.6	3107	1	21	-	INVESTIGATE		
DIV	anet	11368	52158	15	-15.9	4.9	5134	2	11	-	INVESTIGATE		
DIV	tfrrs	6551	6	76	-15.9	3.4	4762	na	na	-	INVESTIGATE		
DIV	anet	191920	775116	17	+18.9	8.5	2934	1	10	-	INVESTIGATE		
DIV	anet	4407	21311	17	+18.9	6.8	1779	4	22	-	INVESTIGATE		
DIV	anet	160774	670827	55	-15.9	12.8	5064	4	12	-	INVESTIGATE		
DIV	anet	44461	191013	271	-15.9	3.0	5111	1	18	-	INVESTIGATE		
DIV	anet	241947	965143	15	+18.9	10.2	2351	2	10	-	INVESTIGATE		
DIV	tfrrs	21950	1	42	-15.9	4.8	5060	na	na	-	INVESTIGATE		
DIV	tfrrs	22057	1	42	-15.9	4.8	5060	na	na	-	INVESTIGATE		
DIV	tfrrs	12359	2	224	-15.9	5.8	4781	na	na	-	INVESTIGATE		
DIV	anet	149716	621455	43	-15.9	7.3	2888	3	4	-	PERSISTENT		
DIV	anet	75032	300694	14	-15.9	4.9	2886	1	2	-	INVESTIGATE		
DIV	anet	224042	895625	86	-15.9	5.8	2333	4	12	-	INVESTIGATE		
DIV	anet	75373	302358	19	-15.9	8.9	1839	1	3	-	INVESTIGATE		
DIV	anet	243667	970820	64	+18.8	5.1	2262	6	10	-	PERSISTENT		
DIV	anet	200867	806234	12	+18.8	6.7	2298	2	10	-	INVESTIGATE		
DIV	anet	56845	243205	88	+18.8	6.5	2882	2	8	-	INVESTIGATE		
DIV	anet	51353	218800	19	-15.8	8.6	3993	1	9	-	INVESTIGATE		
DIV	tfrrs	23940	1	54	-15.8	7.0	3944	na	na	-	INVESTIGATE		
DIV	anet	118871	477138	41	-15.8	11.3	5054	2	9	-	INVESTIGATE		
DIV	anet	209403	863996	21	-15.8	10.3	2447	3	7	-	INVESTIGATE		
DIV	anet	2211	10408	12	+18.8	7.7	2823	3	19	-	INVESTIGATE		
DIV	anet	129800	527901	16	+18.8	9.4	2879	3	8	-	INVESTIGATE		
DIV	tfrrs	13260	2	27	-15.8	5.3	5041	na	na	-	INVESTIGATE		
DIV	anet	58941	252292	58	-15.8	4.4	2873	6	7	-	PERSISTENT		
DIV	tfrrs	23438	2	20	-15.8	7.5	5037	na	na	-	INVESTIGATE		
DIV	anet	110550	465614	160	-15.8	4.9	3103	1	29	-	INVESTIGATE		
DIV	anet	217752	870876	35	+18.8	6.9	3132	1	2	-	INVESTIGATE		
DIV	anet	144251	605749	143	-15.8	4.8	3127	3	15	-	INVESTIGATE		
DIV	anet	107285	432663	46	-15.8	8.0	1456	5	20	-	INVESTIGATE		
DIV	anet	85111	334970	19	-15.8	14.3	3101	4	16	-	INVESTIGATE		
DIV	anet	123665	497390	23	-15.8	5.1	3951	2	4	-	PERSISTENT		
DIV	anet	26832	116839	17	+18.8	4.6	2917	1	12	-	INVESTIGATE		
DIV	anet	241128	962699	72	+18.8	6.3	2145	2	17	-	INVESTIGATE		
DIV	anet	162150	692756	42	+18.8	7.2	1870	15	26	-	PERSISTENT		
DIV	anet	271436	1081194	16	+18.8	8.0	3924	4	13	-	INVESTIGATE		
DIV	anet	92441	364997	24	-15.8	10.3	2277	3	11	-	INVESTIGATE		
DIV	tfrrs	6065	0	41	-15.8	10.1	4730	na	na	-	INVESTIGATE		
DIV	anet	266919	1066689	30	-15.8	5.9	2229	1	1	-	INVESTIGATE		
DIV	anet	118498	475458	60	+18.8	6.3	5054	1	2	-	INVESTIGATE		
DIV	anet	107714	457925	24	-15.8	6.5	3103	3	13	-	INVESTIGATE		
DIV	anet	208672	862285	152	-15.8	9.2	2110	1	18	-	INVESTIGATE		
DIV	anet	155021	646468	39	+18.8	14.3	3123	3	6	-	PERSISTENT		
DIV	anet	215067	858087	29	-15.8	7.2	4891	1	3	-	INVESTIGATE		
DIV	anet	244986	975416	35	-15.8	4.8	2349	3	9	-	INVESTIGATE		
DIV	anet	149243	620164	84	-15.8	8.7	2606	1	27	-	INVESTIGATE		
DIV	tfrrs	8148	1	49	-15.8	9.4	3088	na	na	-	INVESTIGATE		
DIV	anet	223844	894915	36	-15.8	6.4	2571	8	12	-	PERSISTENT		
DIV	anet	97285	387656	18	+18.7	12.7	2891	1	12	-	INVESTIGATE		
DIV	tfrrs	10003	0	33	-15.8	8.0	4871	na	na	-	INVESTIGATE		
DIV	anet	266686	1059185	20	+18.7	6.7	2135	2	13	-	INVESTIGATE		
DIV	anet	197983	793340	27	-15.8	9.4	5122	2	8	-	INVESTIGATE		
DIV	tfrrs	17773	1	50	-15.8	9.5	5122	na	na	-	INVESTIGATE		
DIV	anet	112191	458869	34	-15.8	9.0	2274	2	15	-	INVESTIGATE		
DIV	anet	22566	125105	45	+18.7	9.7	4928	10	18	-	PERSISTENT		
DIV	tfrrs	11987	0	67	-15.8	13.6	5051	na	na	-	INVESTIGATE		
DIV	tfrrs	12952	12	49	-15.8	4.9	5041	na	na	-	INVESTIGATE		
DIV	anet	4807	23156	35	-15.8	16.2	4510	6	25	-	INVESTIGATE		
DIV	anet	95281	383948	87	-15.8	5.9	2367	5	28	-	INVESTIGATE		
DIV	tfrrs	26020	1	24	-15.8	5.0	5000	na	na	-	INVESTIGATE		
DIV	anet	176792	723585	14	-15.8	11.4	2314	1	1	-	INVESTIGATE		
DIV	anet	132899	555881	52	+18.7	6.3	2878	5	9	-	PERSISTENT		
DIV	anet	86626	343908	76	-15.7	9.6	1432	4	24	-	INVESTIGATE		
DIV	anet	36164	156411	30	-15.7	3.5	3122	3	18	-	INVESTIGATE		
DIV	anet	4276	20752	20	-15.7	5.8	3152	1	13	-	INVESTIGATE		
DIV	tfrrs	20741	0	26	-15.7	8.8	2952	na	na	-	INVESTIGATE		
DIV	anet	242734	967517	81	+18.7	8.5	2872	1	20	-	INVESTIGATE		
DIV	anet	167886	694532	43	-15.7	3.8	3119	1	15	-	INVESTIGATE		
DIV	anet	271164	1080818	87	-15.7	3.2	5000	15	26	-	PERSISTENT		
DIV	anet	56854	249217	20	-15.7	3.5	2258	3	11	-	INVESTIGATE		
DIV	anet	268872	1069322	13	-15.7	3.6	2340	1	3	-	INVESTIGATE		
DIV	anet	55406	236394	41	+18.7	5.9	3100	2	7	-	INVESTIGATE		
DIV	anet	234151	936019	26	+18.7	9.0	3121	3	15	-	INVESTIGATE		
DIV	anet	110550	437738	91	-15.7	4.2	3103	1	29	-	INVESTIGATE		
DIV	anet	65217	281609	139	+18.7	3.5	3122	5	21	-	INVESTIGATE		
DIV	anet	249783	996841	20	-15.7	8.1	2351	1	2	-	INVESTIGATE		
DIV	tfrrs	14668	7	72	-15.7	5.0	5088	na	na	-	INVESTIGATE		
DIV	anet	204371	819878	21	+18.7	4.0	3161	1	4	-	INVESTIGATE		
DIV	anet	204371	819877	28	+18.7	5.4	5131	1	4	-	INVESTIGATE		
DIV	tfrrs	25930	0	157	-15.7	5.9	5000	na	na	-	INVESTIGATE		
DIV	anet	111393	441289	12	-15.7	8.9	3107	1	9	-	INVESTIGATE		
DIV	anet	173614	738725	20	+18.7	9.9	3173	1	14	-	INVESTIGATE		
DIV	anet	20840	92928	96	+18.7	19.0	5120	4	6	-	PERSISTENT		
DIV	tfrrs	22781	1	18	-15.7	7.2	5060	na	na	-	INVESTIGATE		
DIV	anet	35967	155657	38	-15.7	11.7	2269	8	17	-	INVESTIGATE		
DIV	anet	19818	113314	41	-15.7	5.9	3135	10	24	-	INVESTIGATE		
DIV	anet	162443	685259	23	-15.7	15.5	1859	1	2	-	INVESTIGATE		
DIV	tfrrs	19944	4	137	-15.7	7.1	5071	na	na	-	INVESTIGATE		
DIV	anet	114488	455933	38	+18.6	11.4	2887	1	10	-	INVESTIGATE		
DIV	anet	19818	113299	77	-15.7	5.9	3127	10	24	-	INVESTIGATE		
DIV	anet	111526	441858	24	-15.7	15.6	2274	1	7	-	INVESTIGATE		
DIV	tfrrs	19493	1	66	-15.7	9.7	5071	na	na	-	INVESTIGATE		
DIV	anet	194054	781457	85	-15.7	4.5	2376	4	12	-	INVESTIGATE		
DIV	anet	199183	798131	23	-15.7	8.7	5122	2	12	-	INVESTIGATE		
DIV	anet	214423	855380	39	+18.6	8.7	3132	1	12	-	INVESTIGATE		
DIV	anet	2213	16836	14	-15.7	10.3	2847	1	15	-	INVESTIGATE		
DIV	tfrrs	22234	0	39	-15.7	5.1	5039	na	na	-	INVESTIGATE		
DIV	anet	144415	606354	34	-15.7	25.7	2292	1	17	-	INVESTIGATE		
DIV	tfrrs	15863	1	16	+18.6	4.8	5064	na	na	-	INVESTIGATE		
DIV	anet	84856	333788	14	+18.6	10.4	2891	5	16	-	INVESTIGATE		
DIV	tfrrs	19731	1	41	-15.7	5.1	3985	na	na	-	INVESTIGATE		
DIV	anet	260008	1032369	49	+18.6	5.7	3065	1	13	-	INVESTIGATE		
DIV	anet	262746	1042468	28	-15.7	5.9	2332	3	9	-	INVESTIGATE		
DIV	tfrrs	4646	1	143	-15.7	3.3	5034	na	na	-	INVESTIGATE		
DIV	anet	129917	528379	23	+18.6	15.8	3122	1	6	-	INVESTIGATE		
DIV	anet	265655	1054869	83	+18.6	4.4	3088	3	4	-	PERSISTENT		
DIV	anet	108653	429583	23	-15.7	9.6	5034	3	5	-	PERSISTENT		
DIV	anet	23834	104543	15	-15.7	4.2	5112	1	13	-	INVESTIGATE		
DIV	anet	100832	396657	20	-15.7	8.2	5036	5	21	-	INVESTIGATE		
DIV	anet	44253	190373	45	-15.7	9.7	2895	1	5	-	INVESTIGATE		
DIV	anet	236350	945063	27	+18.6	8.6	656	10	18	-	PERSISTENT		
DIV	anet	262638	1057837	15	-15.7	6.5	2226	2	12	-	INVESTIGATE		
DIV	anet	231080	921972	73	-15.7	5.9	2889	1	6	-	INVESTIGATE		
DIV	anet	149737	621510	46	-15.7	4.0	3971	3	7	-	INVESTIGATE		
DIV	anet	86771	343814	65	-15.7	8.2	2256	5	21	-	INVESTIGATE		
DIV	anet	210959	863943	18	+18.6	4.2	1847	1	12	-	INVESTIGATE		
DIV	anet	111740	442778	23	+18.6	3.1	2874	2	16	-	INVESTIGATE		
DIV	anet	250829	998425	17	-15.7	6.7	2679	3	19	-	INVESTIGATE		
DIV	anet	178751	730908	49	-15.7	10.2	2468	2	9	-	INVESTIGATE		
DIV	anet	209497	838934	99	-15.7	10.7	2279	5	9	-	PERSISTENT		
DIV	anet	265747	1062514	29	+18.6	4.8	1601	3	7	-	INVESTIGATE		
DIV	anet	57566	246507	20	-15.7	8.1	4499	2	12	-	INVESTIGATE		
DIV	anet	236656	946419	24	-15.7	6.3	4051	1	4	-	INVESTIGATE		
DIV	anet	13545	61593	30	+18.6	2.9	4018	2	7	-	INVESTIGATE		
DIV	tfrrs	13641	4	44	-15.7	8.4	5060	na	na	-	INVESTIGATE		
DIV	anet	6310	30122	12	-15.6	8.8	4008	2	13	-	INVESTIGATE		
DIV	anet	112868	447999	22	-15.6	14.4	1830	1	5	-	INVESTIGATE		
DIV	tfrrs	4085	0	53	-15.6	8.0	4699	na	na	-	INVESTIGATE		
DIV	anet	141178	589588	12	-15.6	9.9	4861	2	10	-	INVESTIGATE		
DIV	anet	259838	1031730	24	+18.5	3.9	2340	1	8	-	INVESTIGATE		
DIV	anet	267067	1061060	12	-15.6	5.9	3943	1	11	-	INVESTIGATE		
DIV	anet	136931	564050	18	+18.5	7.2	2878	2	15	-	INVESTIGATE		
DIV	anet	248330	986015	50	+18.5	4.7	2427	5	22	-	INVESTIGATE		
DIV	anet	3627	214222	27	-15.6	8.3	3161	5	36	-	INVESTIGATE		
DIV	anet	130996	533598	22	+18.5	8.8	2262	1	14	-	INVESTIGATE		
DIV	anet	14885	66983	13	-15.6	3.8	4402	3	15	-	INVESTIGATE		
DIV	anet	195799	786292	13	-15.6	8.2	3169	1	10	-	INVESTIGATE		
DIV	anet	195194	784902	28	-15.6	15.2	1440	8	17	-	INVESTIGATE		
DIV	anet	32585	141362	53	-15.6	5.1	2262	8	16	-	PERSISTENT		
DIV	anet	226600	905927	29	+18.5	5.3	3964	2	5	-	INVESTIGATE		
DIV	anet	115269	460102	68	-15.6	5.2	3950	3	18	-	INVESTIGATE		
DIV	anet	227739	915733	14	-15.6	10.6	3123	1	11	-	INVESTIGATE		
DIV	anet	7951	38879	13	+18.5	5.3	2291	1	13	-	INVESTIGATE		
DIV	anet	146017	611656	111	+18.5	9.1	2047	1	20	-	INVESTIGATE		
DIV	tfrrs	11903	3	62	-15.6	8.0	5041	na	na	-	INVESTIGATE		
DIV	anet	196637	811046	27	+18.5	3.6	4938	2	4	-	PERSISTENT		
DIV	anet	199424	799416	54	-15.6	8.4	2924	1	11	-	INVESTIGATE		
DIV	tfrrs	14145	0	71	-15.6	4.0	4903	na	na	-	INVESTIGATE		
DIV	anet	161190	667637	23	-15.6	13.7	1853	2	12	-	INVESTIGATE		
DIV	tfrrs	3887	0	18	-15.6	35.1	5000	na	na	-	INVESTIGATE		
DIV	anet	127933	519262	112	-15.6	4.2	3958	1	19	-	INVESTIGATE		
DIV	anet	29486	128233	63	-15.6	4.1	5156	1	18	-	INVESTIGATE		
DIV	anet	179941	735636	15	+18.5	5.4	2924	6	16	-	INVESTIGATE		
DIV	anet	241850	965095	29	-15.6	9.5	3107	1	3	-	INVESTIGATE		
DIV	anet	209403	863995	68	-15.6	7.4	2451	3	7	-	INVESTIGATE		
DIV	anet	112429	445889	13	-15.6	8.9	1433	6	13	-	INVESTIGATE		
DIV	anet	170393	706536	43	-15.6	11.7	4998	1	1	-	INVESTIGATE		
DIV	tfrrs	6065	2	22	-15.6	7.8	4730	na	na	-	INVESTIGATE		
DIV	anet	159769	694756	12	-15.6	4.7	4885	1	5	-	INVESTIGATE		
DIV	anet	115266	460090	57	-15.6	3.5	3950	3	18	-	INVESTIGATE		
DIV	anet	237653	949964	20	+18.4	3.4	2495	3	15	-	INVESTIGATE		
DIV	tfrrs	12359	4	63	-15.6	3.3	4781	na	na	-	INVESTIGATE		
DIV	anet	152636	633842	41	-15.6	9.2	1864	2	11	-	INVESTIGATE		
DIV	tfrrs	21891	0	26	-15.6	5.4	5060	na	na	-	INVESTIGATE		
DIV	anet	132329	539546	85	+18.4	4.3	5041	5	16	-	INVESTIGATE		
DIV	tfrrs	3724	7	105	-15.6	4.5	4760	na	na	-	INVESTIGATE		
DIV	anet	134083	547388	12	-15.6	14.8	5054	2	22	-	INVESTIGATE		
DIV	anet	49128	209555	19	-15.5	19.0	2776	3	18	-	INVESTIGATE		
DIV	anet	96695	385264	15	+18.4	3.2	5036	2	17	-	INVESTIGATE		
DIV	anet	225709	901590	12	+18.4	5.3	5039	3	8	-	INVESTIGATE		
DIV	anet	84311	331479	78	-15.5	51.0	2256	1	12	-	INVESTIGATE		
DIV	anet	37731	162572	14	-15.5	5.1	4760	9	45	-	INVESTIGATE		
DIV	anet	36964	159621	16	+18.4	4.5	2275	3	7	-	INVESTIGATE		
DIV	anet	148710	627030	41	+18.4	11.5	2910	1	3	-	INVESTIGATE		
DIV	anet	35372	153247	19	+18.4	11.1	3976	2	7	-	INVESTIGATE		
DIV	anet	149786	621760	37	-15.5	7.7	5060	3	5	-	PERSISTENT		
DIV	anet	50157	213722	18	-15.5	8.3	5072	1	22	-	INVESTIGATE		
DIV	anet	118775	476741	81	-15.5	5.8	2890	4	17	-	INVESTIGATE		
DIV	anet	40329	173073	25	+18.4	6.2	2288	6	13	-	INVESTIGATE		
DIV	anet	81565	323351	37	-15.5	14.3	1458	4	16	-	INVESTIGATE		
DIV	anet	160543	665940	20	-15.5	6.7	2890	10	35	-	INVESTIGATE		
DIV	tfrrs	12359	5	56	-15.5	3.6	4766	na	na	-	INVESTIGATE		
DIV	tfrrs	24471	0	16	-15.5	18.3	5023	na	na	-	INVESTIGATE		
DIV	tfrrs	19911	3	50	-15.5	5.2	5000	na	na	-	INVESTIGATE		
DIV	anet	111781	442991	22	-15.5	4.9	1936	1	14	-	INVESTIGATE		
DIV	anet	269964	1074571	14	-15.5	3.7	3084	1	8	-	INVESTIGATE		
DIV	tfrrs	23780	3	38	-15.5	10.9	5000	na	na	-	INVESTIGATE		
DIV	anet	148241	622584	45	+18.4	6.0	2910	7	16	-	INVESTIGATE		
DIV	anet	225391	900351	46	+18.4	7.9	1857	2	4	-	PERSISTENT		
DIV	anet	154612	644523	30	+18.4	7.2	5060	1	2	-	INVESTIGATE		
DIV	anet	218032	872163	35	+18.3	9.0	2900	2	13	-	INVESTIGATE		
DIV	anet	120104	482399	34	+18.3	9.4	2890	4	14	-	INVESTIGATE		
DIV	tfrrs	26557	1	29	-15.5	15.1	5000	na	na	-	INVESTIGATE		
DIV	anet	132499	540296	26	-15.5	10.1	5041	1	15	-	INVESTIGATE		
DIV	anet	214698	856567	19	-15.5	5.3	3304	2	10	-	INVESTIGATE		
DIV	tfrrs	24080	0	50	-15.5	9.2	5023	na	na	-	INVESTIGATE		
DIV	anet	183932	749526	17	+18.3	5.8	2298	1	4	-	INVESTIGATE		
DIV	tfrrs	8276	3	62	-15.5	5.9	4760	na	na	-	INVESTIGATE		
DIV	anet	191808	818792	89	+18.3	7.7	2402	2	12	-	INVESTIGATE		
DIV	anet	105496	415660	92	-15.5	14.7	5034	2	17	-	INVESTIGATE		
DIV	anet	62939	270711	17	-15.5	11.8	2036	2	10	-	INVESTIGATE		
DIV	anet	111740	442777	23	+18.3	5.3	2887	2	16	-	INVESTIGATE		
DIV	anet	200846	806149	21	-15.5	14.0	2311	1	1	-	INVESTIGATE		
DIV	anet	248330	986014	60	+18.3	4.7	2428	5	22	-	INVESTIGATE		
DIV	anet	236688	986393	21	+18.3	5.2	1840	2	4	-	PERSISTENT		
DIV	anet	32585	141363	32	-15.5	5.1	2262	8	16	-	PERSISTENT		
DIV	anet	179941	735634	20	+18.3	4.8	2938	6	16	-	INVESTIGATE		
DIV	anet	261515	1038158	37	+18.3	8.9	1442	2	22	-	INVESTIGATE		
DIV	anet	35202	152584	33	-15.5	8.4	2366	3	13	-	INVESTIGATE		
DIV	tfrrs	19358	1	60	-15.5	7.8	5000	na	na	-	INVESTIGATE		
DIV	anet	208672	862284	144	-15.5	10.9	2117	1	18	-	INVESTIGATE		
DIV	tfrrs	23929	2	99	-15.5	5.2	5037	na	na	-	INVESTIGATE		
DIV	anet	108584	429312	21	+18.3	10.3	2891	1	22	-	INVESTIGATE		
DIV	tfrrs	21877	3	83	-15.5	5.4	5060	na	na	-	INVESTIGATE		
DIV	anet	110875	439105	15	-15.5	6.0	5034	6	10	-	PERSISTENT		
DIV	anet	236350	945061	41	+18.3	11.9	649	10	18	-	PERSISTENT		
DIV	anet	108383	428416	147	-15.5	8.9	2053	3	18	-	INVESTIGATE		
DIV	anet	272839	1087907	17	-15.4	5.8	2243	5	15	-	INVESTIGATE		
DIV	anet	162379	670907	49	-15.4	7.4	2272	2	12	-	INVESTIGATE		
DIV	anet	231429	923337	13	+18.3	5.7	5060	1	4	-	INVESTIGATE		
DIV	anet	209403	838557	43	-15.4	5.1	2451	3	7	-	INVESTIGATE		
DIV	anet	109136	431841	12	+18.3	4.1	5034	4	10	-	INVESTIGATE		
DIV	tfrrs	13502	2	24	-15.4	7.3	5060	na	na	-	INVESTIGATE		
DIV	anet	148276	617874	41	-15.4	8.5	5088	4	24	-	INVESTIGATE		
DIV	anet	149753	621606	53	-15.4	6.5	2910	1	19	-	INVESTIGATE		
DIV	anet	112472	446094	16	+18.3	4.7	1943	2	13	-	INVESTIGATE		
DIV	anet	199644	800427	23	+18.3	6.5	2934	3	16	-	INVESTIGATE		
DIV	anet	233372	932230	16	+18.3	14.4	2270	1	6	-	INVESTIGATE		
DIV	anet	120679	484871	37	-15.4	7.8	2352	2	17	-	INVESTIGATE		
DIV	tfrrs	24162	2	69	-15.4	7.8	5037	na	na	-	INVESTIGATE		
DIV	anet	242648	967203	52	-15.4	8.2	5037	1	5	-	INVESTIGATE		
DIV	tfrrs	4084	1	20	-15.4	3.9	4673	na	na	-	INVESTIGATE		
DIV	tfrrs	10053	3	35	-15.4	3.7	3107	na	na	-	INVESTIGATE		
DIV	anet	112975	448438	25	-15.4	18.7	2887	1	9	-	INVESTIGATE		
DIV	tfrrs	18289	1	13	-15.4	9.3	2925	na	na	-	INVESTIGATE		
DIV	anet	44253	190371	37	-15.4	6.0	2905	1	5	-	INVESTIGATE		
DIV	anet	90483	357262	16	+18.2	3.3	2659	4	5	-	PERSISTENT		
DIV	tfrrs	9342	6	36	-15.4	4.1	5048	na	na	-	INVESTIGATE		
DIV	anet	19671	87706	13	-15.4	11.3	5112	1	15	-	INVESTIGATE		
DIV	anet	105178	414052	14	+18.2	2.3	6661	1	2	-	INVESTIGATE		
DIV	anet	139659	580026	20	+18.2	5.0	2878	2	15	-	INVESTIGATE		
DIV	anet	75615	303551	18	-15.4	9.0	3980	1	8	-	INVESTIGATE		
DIV	anet	261465	1049931	14	-15.4	6.1	2854	1	1	-	INVESTIGATE		
DIV	anet	240358	960233	57	-15.4	5.2	2351	1	10	-	INVESTIGATE		
DIV	anet	90123	355705	13	-15.4	4.4	4334	3	8	-	INVESTIGATE		
DIV	tfrrs	17962	2	12	-15.4	2.9	5183	na	na	-	INVESTIGATE		
DIV	tfrrs	19358	2	153	-15.4	13.5	5000	na	na	-	INVESTIGATE		
DIV	anet	243907	971633	138	-15.4	11.8	3931	1	4	-	INVESTIGATE		
DIV	anet	49278	237790	14	-15.4	6.0	1768	5	34	-	INVESTIGATE		
DIV	anet	96703	385302	78	-15.4	5.8	4867	5	15	-	INVESTIGATE		
DIV	anet	100597	402012	12	-15.4	11.3	2427	1	2	-	INVESTIGATE		
DIV	anet	132499	540294	52	-15.4	8.7	5051	1	15	-	INVESTIGATE		
DIV	anet	129217	525217	29	+18.2	8.1	3102	4	7	-	PERSISTENT		
DIV	anet	184641	751704	25	+18.2	6.0	1790	2	3	-	PERSISTENT		
DIV	anet	159769	694758	14	-15.4	4.8	4877	1	5	-	INVESTIGATE		
DIV	tfrrs	19569	3	214	-15.4	10.1	5079	na	na	-	INVESTIGATE		
DIV	anet	242235	984908	15	-15.4	11.3	2260	3	7	-	INVESTIGATE		
DIV	anet	4775	23002	15	-15.4	22.5	5107	5	26	-	INVESTIGATE		
DIV	anet	259264	1029371	17	-15.4	5.7	5000	1	1	-	INVESTIGATE		
DIV	anet	111531	443151	17	+18.2	6.2	3105	3	19	-	INVESTIGATE		
DIV	anet	109365	439711	12	-15.4	8.7	3107	1	15	-	INVESTIGATE		
DIV	anet	50882	216768	43	+18.2	6.0	2359	2	9	-	INVESTIGATE		
DIV	tfrrs	13502	0	33	-15.4	8.0	5088	na	na	-	INVESTIGATE		
DIV	anet	40091	171913	14	+18.2	7.1	2254	3	8	-	INVESTIGATE		
DIV	anet	177851	727582	13	+18.2	6.6	2511	1	10	-	INVESTIGATE		
DIV	anet	149491	621573	13	-15.4	9.1	2270	5	15	-	INVESTIGATE		
DIV	anet	88218	350673	45	-15.4	6.6	2251	3	19	-	INVESTIGATE		
DIV	anet	264519	1049611	19	+18.1	8.9	1128	1	12	-	INVESTIGATE		
DIV	anet	155022	646479	18	+18.1	11.1	3102	3	6	-	PERSISTENT		
DIV	anet	160774	666549	26	-15.4	12.1	5064	4	12	-	INVESTIGATE		
DIV	anet	100962	397371	47	-15.4	7.1	2251	11	14	-	PERSISTENT		
DIV	tfrrs	19361	0	139	-15.4	6.7	5000	na	na	-	INVESTIGATE		
DIV	tfrrs	13443	5	30	-15.3	7.1	5060	na	na	-	INVESTIGATE		
DIV	anet	231605	924104	12	+18.1	6.1	2270	3	5	-	PERSISTENT		
DIV	anet	241128	962700	88	+18.1	5.4	2141	2	17	-	INVESTIGATE		
DIV	tfrrs	21564	1	19	-15.3	6.5	5039	na	na	-	INVESTIGATE		
DIV	tfrrs	3724	5	80	-15.3	7.9	4760	na	na	-	INVESTIGATE		
DIV	tfrrs	6551	4	49	-15.3	3.6	4762	na	na	-	INVESTIGATE		
DIV	anet	223291	911278	12	-15.3	13.9	3097	1	14	-	INVESTIGATE		
DIV	anet	239304	955974	37	-15.3	8.9	1840	2	8	-	INVESTIGATE		
DIV	anet	230003	917413	18	+18.1	8.1	2975	1	3	-	INVESTIGATE		
DIV	tfrrs	13159	0	30	-15.3	6.4	4781	na	na	-	INVESTIGATE		
DIV	tfrrs	13159	1	30	-15.3	6.4	4781	na	na	-	INVESTIGATE		
DIV	anet	110550	437741	118	-15.3	4.3	3107	1	29	-	INVESTIGATE		
DIV	anet	74959	300341	15	-15.3	4.0	5055	1	5	-	INVESTIGATE		
DIV	anet	133579	545135	30	+18.1	7.2	5043	1	9	-	INVESTIGATE		
DIV	anet	161719	669102	32	-15.3	9.1	3125	3	4	-	PERSISTENT		
DIV	tfrrs	19828	3	119	-15.3	7.2	5079	na	na	-	INVESTIGATE		
DIV	tfrrs	14347	2	26	-15.3	8.5	5060	na	na	-	INVESTIGATE		
DIV	anet	140558	585565	17	+18.1	5.6	2878	5	20	-	INVESTIGATE		
DIV	anet	159948	664285	42	+18.1	6.9	2678	1	4	-	INVESTIGATE		
DIV	anet	137675	568127	28	-15.3	10.1	2888	3	12	-	INVESTIGATE		
DIV	anet	55406	236393	36	+18.1	4.6	3113	2	7	-	INVESTIGATE		
DIV	anet	127555	517476	14	+18.1	33.4	3283	2	11	-	INVESTIGATE		
DIV	anet	48190	205607	19	-15.3	10.0	3993	1	14	-	INVESTIGATE		
DIV	tfrrs	14146	2	43	-15.3	8.4	3129	na	na	-	INVESTIGATE		
DIV	anet	203977	818138	13	+18.1	7.1	3169	2	9	-	INVESTIGATE		
DIV	anet	164978	681078	59	+18.1	10.6	2891	1	11	-	INVESTIGATE		
DIV	anet	257267	1022444	13	-15.3	6.3	1818	1	5	-	INVESTIGATE		
DIV	anet	213539	852025	38	-15.3	10.1	1960	1	13	-	INVESTIGATE		
DIV	anet	156436	652107	148	-15.3	7.2	4897	1	24	-	INVESTIGATE		
DIV	anet	110986	439495	30	-15.3	4.0	3950	1	2	-	INVESTIGATE		
DIV	anet	219144	877318	21	+18.1	11.0	3133	1	2	-	INVESTIGATE		
DIV	anet	110550	437740	78	-15.3	3.8	3107	1	29	-	INVESTIGATE		
DIV	anet	137595	585270	23	+18.1	8.0	2888	1	2	-	INVESTIGATE		
DIV	anet	136106	559050	44	+18.1	5.5	5051	5	9	-	PERSISTENT		
DIV	anet	140088	591348	16	+18.1	8.8	2275	5	9	-	PERSISTENT		
DIV	anet	115865	463057	112	-15.3	6.9	3087	1	3	-	INVESTIGATE		
DIV	tfrrs	13799	5	258	-15.3	17.4	5140	na	na	-	INVESTIGATE		
DIV	tfrrs	14035	0	142	-15.3	4.0	5088	na	na	-	INVESTIGATE		
DIV	tfrrs	12806	1	19	+18.1	5.8	2879	na	na	-	INVESTIGATE		
DIV	anet	144964	613579	118	+18.0	7.1	3121	7	20	-	INVESTIGATE		
DIV	tfrrs	13159	5	21	-15.3	5.4	4766	na	na	-	INVESTIGATE		
DIV	tfrrs	13159	6	21	-15.3	5.4	4766	na	na	-	INVESTIGATE		
DIV	anet	134157	580242	23	-15.3	21.8	3119	1	4	-	INVESTIGATE		
DIV	anet	216522	864608	12	-15.3	11.4	5071	1	3	-	INVESTIGATE		
DIV	anet	265655	1054870	58	+18.0	5.0	3084	3	4	-	PERSISTENT		
DIV	anet	219704	879697	17	+18.0	9.5	2882	1	15	-	INVESTIGATE		
DIV	anet	108733	429942	22	-15.3	6.2	1433	3	17	-	INVESTIGATE		
DIV	anet	52110	221852	12	+18.0	4.4	2887	1	5	-	INVESTIGATE		
DIV	tfrrs	18328	0	31	+18.0	8.3	6225	na	na	-	INVESTIGATE		
DIV	anet	105284	414674	51	-15.3	6.9	1433	6	36	-	INVESTIGATE		
DIV	tfrrs	4666	0	29	-15.3	8.1	4785	na	na	-	INVESTIGATE		
DIV	anet	108733	429939	28	-15.3	6.5	1456	3	17	-	INVESTIGATE		
DIV	anet	28172	122574	35	-15.3	6.5	5120	3	9	-	INVESTIGATE		
DIV	anet	254490	1026114	19	+18.0	7.6	2854	4	17	-	INVESTIGATE		
DIV	anet	88218	350677	28	-15.3	9.9	2251	3	19	-	INVESTIGATE		
DIV	anet	133567	545085	17	-15.3	11.7	4854	4	15	-	INVESTIGATE		
DIV	anet	193744	780642	24	-15.3	7.5	2298	2	9	-	INVESTIGATE		
DIV	tfrrs	12952	3	149	-15.3	5.9	5051	na	na	-	INVESTIGATE		
DIV	tfrrs	11498	1	19	-15.2	6.0	3955	na	na	-	INVESTIGATE		
DIV	anet	154144	642223	36	-15.2	9.2	2270	3	5	-	PERSISTENT		
DIV	anet	39970	171451	19	+18.0	6.4	2261	3	8	-	INVESTIGATE		
DIV	tfrrs	4020	2	58	-15.2	3.6	4785	na	na	-	INVESTIGATE		
DIV	anet	96420	384135	34	-15.2	10.4	4335	1	12	-	INVESTIGATE		
DIV	anet	118224	492694	30	+18.0	7.0	1937	4	13	-	INVESTIGATE		
DIV	anet	71641	293715	36	+18.0	13.3	5034	1	10	-	INVESTIGATE		
DIV	anet	264841	1051047	51	+18.0	5.5	2751	1	7	-	INVESTIGATE		
DIV	tfrrs	6550	4	26	-15.2	4.5	4762	na	na	-	INVESTIGATE		
DIV	tfrrs	21680	1	16	-15.2	5.5	5060	na	na	-	INVESTIGATE		
DIV	tfrrs	19397	1	73	-15.2	8.3	5079	na	na	-	INVESTIGATE		
DIV	tfrrs	10053	0	62	-15.2	4.9	3107	na	na	-	INVESTIGATE		
DIV	anet	259235	1029219	134	+18.0	6.9	3069	2	17	-	INVESTIGATE		
DIV	anet	150457	627278	14	+18.0	10.8	2292	1	2	-	INVESTIGATE		
DIV	tfrrs	25930	3	46	-15.2	5.8	5000	na	na	-	INVESTIGATE		
DIV	anet	148513	637248	16	-15.2	7.3	4873	9	45	-	INVESTIGATE		
DIV	tfrrs	15462	1	98	-15.2	8.3	3107	na	na	-	INVESTIGATE		
DIV	tfrrs	14011	1	46	-15.2	3.4	4861	na	na	-	INVESTIGATE		
DIV	anet	238072	951478	19	-15.2	9.9	3107	1	22	-	INVESTIGATE		
DIV	anet	255779	1017179	31	-15.2	5.5	1831	1	5	-	INVESTIGATE		
DIV	anet	212870	859985	41	-15.2	6.3	2348	1	12	-	INVESTIGATE		
DIV	anet	232781	929470	23	+18.0	5.6	2881	2	13	-	INVESTIGATE		
DIV	anet	62695	269471	25	-15.2	9.3	4865	3	37	-	INVESTIGATE		
DIV	tfrrs	21614	1	98	-15.2	7.7	5060	na	na	-	INVESTIGATE		
DIV	anet	251238	1000516	85	+18.0	6.8	2875	4	21	-	INVESTIGATE		
DIV	anet	122621	492834	20	-15.2	9.5	5054	3	14	-	INVESTIGATE		
DIV	anet	55	212	38	-15.2	5.1	5183	10	24	-	INVESTIGATE		
DIV	tfrrs	4666	3	23	-15.2	11.8	4760	na	na	-	INVESTIGATE		
DIV	anet	136621	562057	23	-15.2	8.7	2261	3	16	-	INVESTIGATE		
DIV	anet	130691	553477	22	-15.2	6.8	2870	5	7	-	PERSISTENT		
DIV	tfrrs	13624	5	13	-15.2	5.5	5083	na	na	-	INVESTIGATE		
DIV	anet	243667	970822	58	+17.9	5.6	2260	6	10	-	PERSISTENT		
DIV	anet	113222	449707	14	-15.2	4.6	2874	4	29	-	INVESTIGATE		
DIV	anet	140978	588401	19	+17.9	17.6	3100	1	3	-	INVESTIGATE		
DIV	anet	156437	652109	123	-15.2	8.0	4897	1	24	-	INVESTIGATE		
DIV	anet	51777	220491	13	-15.2	7.4	1839	2	22	-	INVESTIGATE		
DIV	tfrrs	20200	1	36	-15.2	7.5	5079	na	na	-	INVESTIGATE		
DIV	anet	147733	634608	18	+17.9	7.7	3142	2	6	-	INVESTIGATE		
DIV	anet	55911	460350	12	+17.9	2.6	5072	3	17	-	INVESTIGATE		
DIV	anet	124852	502496	13	+17.9	3.4	3087	1	1	-	INVESTIGATE		
DIV	anet	23126	101950	12	+17.9	6.7	2928	1	11	-	INVESTIGATE		
DIV	anet	83518	337624	64	+17.9	7.2	2277	2	3	-	PERSISTENT		
DIV	anet	84293	331403	33	+17.9	9.6	2870	1	11	-	INVESTIGATE		
DIV	anet	197887	809013	38	+17.9	3.2	4938	1	27	-	INVESTIGATE		
DIV	anet	105284	414673	47	-15.2	6.4	1456	6	36	-	INVESTIGATE		
DIV	anet	130386	530603	25	+17.9	12.3	3293	1	5	-	INVESTIGATE		
DIV	anet	218544	874253	20	+17.9	5.2	5071	1	11	-	INVESTIGATE		
DIV	anet	137683	568183	33	+17.9	6.6	2878	10	16	-	PERSISTENT		
DIV	tfrrs	9342	1	30	-15.2	4.9	5034	na	na	-	INVESTIGATE		
DIV	anet	197280	790649	15	-15.2	6.1	3169	1	5	-	INVESTIGATE		
DIV	anet	233255	931620	56	+17.9	6.6	4761	2	13	-	INVESTIGATE		
DIV	anet	221636	886960	52	+17.9	3.7	3113	1	5	-	INVESTIGATE		
DIV	tfrrs	11851	0	51	-15.2	7.6	4781	na	na	-	INVESTIGATE		
DIV	tfrrs	9342	5	46	-15.2	4.1	5034	na	na	-	INVESTIGATE		
DIV	tfrrs	13159	2	57	-15.2	7.7	4781	na	na	-	INVESTIGATE		
DIV	anet	22566	99484	44	+17.9	6.1	4923	10	18	-	PERSISTENT		
DIV	anet	105892	426111	33	+17.9	5.4	1447	4	13	-	INVESTIGATE		
DIV	tfrrs	19397	0	108	-15.2	11.3	5071	na	na	-	INVESTIGATE		
DIV	tfrrs	22183	0	14	-15.2	14.2	5090	na	na	-	INVESTIGATE		
DIV	anet	219832	880057	19	-15.2	8.7	1857	4	13	-	INVESTIGATE		
DIV	anet	111717	442681	42	-15.2	13.0	3103	1	21	-	INVESTIGATE		
DIV	anet	132484	591282	82	+17.9	4.0	5051	10	18	-	PERSISTENT		
DIV	tfrrs	7532	3	77	-15.2	5.4	4762	na	na	-	INVESTIGATE		
DIV	anet	38203	164460	71	+17.9	3.2	3980	5	16	-	INVESTIGATE		
DIV	anet	151066	626393	23	+17.9	7.3	2910	3	15	-	INVESTIGATE		
DIV	anet	12311	56301	23	+17.9	6.9	1809	4	22	-	INVESTIGATE		
DIV	anet	270550	1077440	47	-15.2	4.8	1585	1	3	-	INVESTIGATE		
DIV	anet	231458	923451	38	+17.9	17.5	5039	1	3	-	INVESTIGATE		
DIV	anet	160288	665344	20	+17.9	9.6	3134	1	5	-	INVESTIGATE		
DIV	anet	55	1315	14	-15.2	5.2	4046	10	24	-	INVESTIGATE		
DIV	anet	165866	685070	27	-15.2	7.7	2362	1	12	-	INVESTIGATE		
DIV	anet	199424	799414	98	-15.2	8.8	2934	1	11	-	INVESTIGATE		
DIV	anet	125633	506605	53	-15.2	12.2	5043	2	24	-	INVESTIGATE		
DIV	anet	6233	29765	30	-15.2	5.7	2382	3	8	-	INVESTIGATE		
DIV	anet	107896	426451	20	-15.2	7.0	3280	2	13	-	INVESTIGATE		
DIV	anet	20690	125371	138	-15.2	8.4	2909	4	20	-	INVESTIGATE		
DIV	anet	231084	921991	31	-15.2	7.1	3112	2	2	-	INVESTIGATE		
DIV	anet	130201	556960	36	-15.2	19.6	2870	6	16	-	INVESTIGATE		
DIV	anet	197887	809006	30	+17.9	4.9	4938	1	27	-	INVESTIGATE		
DIV	anet	147280	615416	13	-15.1	9.7	3122	4	15	-	INVESTIGATE		
DIV	anet	48075	205092	21	-15.1	8.4	3121	1	16	-	INVESTIGATE		
DIV	anet	163334	674035	20	-15.1	4.8	5064	1	20	-	INVESTIGATE		
DIV	anet	159147	661146	19	+17.8	7.7	2593	2	13	-	INVESTIGATE		
DIV	anet	183778	749079	42	+17.8	15.3	2300	1	6	-	INVESTIGATE		
DIV	anet	132484	591284	55	+17.8	4.0	5041	10	18	-	PERSISTENT		
DIV	anet	271829	1082994	21	-15.1	4.5	3088	1	3	-	INVESTIGATE		
DIV	tfrrs	21554	1	29	-15.1	6.7	5072	na	na	-	INVESTIGATE		
DIV	anet	242734	967518	76	+17.8	6.4	2875	1	20	-	INVESTIGATE		
DIV	anet	178848	731334	35	-15.1	5.8	2938	3	7	-	INVESTIGATE		
DIV	tfrrs	20389	1	43	-15.1	5.5	5079	na	na	-	INVESTIGATE		
DIV	anet	257267	1022439	29	-15.1	6.9	1831	1	5	-	INVESTIGATE		
DIV	anet	110797	438794	43	-15.1	8.0	3951	8	12	-	PERSISTENT		
DIV	anet	24938	116876	15	-15.1	5.8	2293	1	4	-	INVESTIGATE		
DIV	anet	135646	556609	74	-15.1	7.8	3109	5	15	-	INVESTIGATE		
DIV	anet	173765	714675	13	-15.1	10.3	3138	1	8	-	INVESTIGATE		
DIV	anet	83315	327352	14	-15.1	9.5	3103	5	9	-	PERSISTENT		
DIV	anet	136354	584292	54	-15.1	6.8	1833	1	9	-	INVESTIGATE		
DIV	anet	263096	1073682	26	+17.8	3.1	3601	1	2	-	INVESTIGATE		
DIV	anet	92038	363168	15	+17.8	6.7	5056	1	3	-	INVESTIGATE		
DIV	anet	42901	184799	15	-15.1	6.4	5214	2	6	-	INVESTIGATE		
DIV	anet	135715	556969	23	-15.1	4.3	3091	1	4	-	INVESTIGATE		
DIV	anet	169757	701687	16	+17.8	28.9	2286	1	1	-	INVESTIGATE		
DIV	anet	198004	794045	50	-15.1	6.7	1879	3	18	-	INVESTIGATE		
DIV	anet	110550	437739	118	-15.1	3.7	3103	1	29	-	INVESTIGATE		
DIV	tfrrs	19928	0	34	-15.1	5.6	5071	na	na	-	INVESTIGATE		
DIV	anet	105765	416908	15	-15.1	2.9	2887	2	9	-	INVESTIGATE		
DIV	anet	173869	714991	12	+17.8	18.6	3173	1	4	-	INVESTIGATE		
DIV	anet	151607	628774	30	+17.8	6.0	2292	5	9	-	PERSISTENT		
DIV	anet	118224	474248	27	+17.8	4.3	1227	4	13	-	INVESTIGATE		
DIV	anet	159366	690998	12	+17.8	10.6	2286	3	13	-	INVESTIGATE		
DIV	tfrrs	22859	0	16	-15.1	7.4	2957	na	na	-	INVESTIGATE		
DIV	tfrrs	8319	0	81	-15.1	12.3	5048	na	na	-	INVESTIGATE		
DIV	anet	196059	787032	71	+17.8	6.3	6260	1	4	-	INVESTIGATE		
DIV	anet	61314	262778	12	-15.1	7.7	1851	7	16	-	INVESTIGATE		
DIV	anet	43192	186181	29	-15.1	4.9	5071	2	8	-	INVESTIGATE		
DIV	anet	260863	1036026	13	-15.1	5.3	3924	1	1	-	INVESTIGATE		
DIV	anet	229183	913783	19	+17.8	11.3	2772	2	3	-	PERSISTENT		
DIV	anet	241901	984686	34	-15.1	13.7	2872	1	2	-	INVESTIGATE		
DIV	anet	222227	889200	66	-15.1	4.2	2352	1	8	-	INVESTIGATE		
DIV	tfrrs	14929	3	18	-15.1	3.6	5060	na	na	-	INVESTIGATE		
DIV	tfrrs	20060	1	47	-15.1	17.7	5079	na	na	-	INVESTIGATE		
DIV	anet	138970	575707	43	+17.8	7.7	2779	3	7	-	INVESTIGATE		
DIV	anet	134499	550052	38	-15.1	4.5	3953	8	12	-	PERSISTENT		
DIV	anet	201658	810556	14	+17.8	9.8	3169	2	7	-	INVESTIGATE		
DIV	tfrrs	12359	0	40	-15.1	5.9	4781	na	na	-	INVESTIGATE		
DIV	tfrrs	19442	1	26	+17.8	17.8	2906	na	na	-	INVESTIGATE		
DIV	tfrrs	11208	0	98	-15.1	4.1	5043	na	na	-	INVESTIGATE		
DIV	anet	22345	98620	25	-15.1	3.2	4340	1	13	-	INVESTIGATE		
DIV	tfrrs	20552	1	13	+17.8	11.0	5079	na	na	-	INVESTIGATE		
DIV	tfrrs	4191	0	18	-15.1	10.7	3518	na	na	-	INVESTIGATE		
DIV	anet	47501	202736	26	-15.1	10.8	5072	1	10	-	INVESTIGATE		
DIV	tfrrs	12952	14	68	-15.1	6.9	5041	na	na	-	INVESTIGATE		
DIV	anet	260643	1034887	33	+17.7	9.2	3088	1	12	-	INVESTIGATE		
DIV	anet	151797	629665	13	-15.1	8.0	2292	2	10	-	INVESTIGATE		
DIV	anet	163331	674021	25	+17.7	5.4	2891	10	16	-	PERSISTENT		
DIV	anet	20690	99795	139	-15.1	6.7	2909	4	20	-	INVESTIGATE		
DIV	tfrrs	9389	1	33	-15.1	11.0	5077	na	na	-	INVESTIGATE		
DIV	anet	27276	118795	13	+17.7	3.3	1367	4	5	-	PERSISTENT		
DIV	anet	177751	743367	34	+17.7	6.2	2938	3	15	-	INVESTIGATE		
DIV	tfrrs	13159	8	50	-15.1	3.1	4766	na	na	-	INVESTIGATE		
DIV	tfrrs	13159	9	50	-15.1	3.1	4766	na	na	-	INVESTIGATE		
DIV	tfrrs	4666	5	61	-15.1	5.3	4760	na	na	-	INVESTIGATE		
DIV	anet	140724	586587	32	+17.7	6.7	2261	4	24	-	INVESTIGATE		
DIV	tfrrs	10647	4	53	-15.1	6.1	5055	na	na	-	INVESTIGATE		
DIV	tfrrs	19717	1	19	-15.1	3.2	5079	na	na	-	INVESTIGATE		
DIV	tfrrs	25930	10	25	-15.1	11.2	5000	na	na	-	INVESTIGATE		
DIV	tfrrs	13260	0	39	-15.1	5.5	5051	na	na	-	INVESTIGATE		
DIV	anet	259838	1031732	20	+17.7	6.8	2332	1	8	-	INVESTIGATE		
DIV	tfrrs	9342	2	54	-15.1	3.1	5048	na	na	-	INVESTIGATE		
DIV	anet	192169	775825	57	-15.1	16.5	5122	1	21	-	INVESTIGATE		
DIV	tfrrs	24109	1	15	-15.1	5.6	5025	na	na	-	INVESTIGATE		
DIV	anet	267953	1065005	82	+17.7	11.8	4918	1	9	-	INVESTIGATE		
DIV	anet	96250	383392	21	-15.0	11.8	5036	1	6	-	INVESTIGATE		
DIV	anet	153684	639597	53	+17.7	8.1	2910	3	19	-	INVESTIGATE		
DIV	tfrrs	23381	2	35	-15.0	5.8	5037	na	na	-	INVESTIGATE		
DIV	anet	147957	616897	22	-15.0	7.5	2888	10	35	-	INVESTIGATE		
DIV	tfrrs	21696	1	26	-15.0	18.7	5060	na	na	-	INVESTIGATE		
DIV	anet	109918	437366	75	-15.0	10.8	3087	1	9	-	INVESTIGATE		
DIV	anet	215624	860444	19	-15.0	8.5	3484	2	14	-	INVESTIGATE		
DIV	anet	12920	76519	18	+17.7	11.4	2936	4	9	-	INVESTIGATE		
DIV	anet	196635	788702	12	-15.0	11.6	5122	1	8	-	INVESTIGATE		
DIV	anet	242101	998183	25	+17.7	6.5	2245	1	13	-	INVESTIGATE		
DIV	tfrrs	15941	1	49	-15.0	4.7	5064	na	na	-	INVESTIGATE		
DIV	anet	183898	749432	14	+17.7	10.1	3159	1	3	-	INVESTIGATE		
DIV	tfrrs	13260	3	25	-15.0	2.0	5041	na	na	-	INVESTIGATE		
DIV	tfrrs	19358	0	106	-15.0	8.6	5000	na	na	-	INVESTIGATE		
DIV	anet	123303	495674	17	+17.7	17.4	2277	2	27	-	INVESTIGATE		
DIV	tfrrs	17933	1	29	-15.0	7.2	2949	na	na	-	INVESTIGATE		
DIV	anet	229876	924097	26	+17.7	4.5	1935	3	13	-	INVESTIGATE		
DIV	anet	90956	358726	12	-15.0	9.8	2875	2	5	-	INVESTIGATE		
DIV	anet	81621	323561	41	-15.0	9.2	5028	3	20	-	INVESTIGATE		
DIV	anet	18997	84797	144	-15.0	6.6	2371	12	19	-	PERSISTENT		
DIV	anet	122745	493365	15	-15.0	12.7	2879	1	4	-	INVESTIGATE		
DIV	anet	221435	886175	18	+17.7	6.1	2900	3	8	-	INVESTIGATE		
DIV	tfrrs	14668	8	102	-15.0	4.7	5088	na	na	-	INVESTIGATE		
DIV	anet	124454	500543	41	-15.0	12.2	5043	1	10	-	INVESTIGATE		
DIV	anet	40325	173056	15	-15.0	7.5	1444	1	9	-	INVESTIGATE		
DIV	anet	115265	460086	56	-15.0	5.4	3950	3	18	-	INVESTIGATE		
DIV	tfrrs	13799	6	156	-15.0	11.2	5111	na	na	-	INVESTIGATE		
DIV	anet	22566	99485	41	+17.7	8.1	4923	10	18	-	PERSISTENT		
DIV	anet	130873	532993	13	-15.0	11.6	2248	1	14	-	INVESTIGATE		
DIV	tfrrs	21747	3	51	-15.0	5.5	5048	na	na	-	INVESTIGATE		
DIV	tfrrs	22132	1	21	-15.0	4.8	5060	na	na	-	INVESTIGATE		
DIV	anet	265127	1052591	20	-15.0	9.2	1315	3	31	-	INVESTIGATE		
DIV	anet	29075	126562	66	+17.6	3.9	6213	1	3	-	INVESTIGATE		
DIV	tfrrs	20012	0	115	-15.0	10.3	5079	na	na	-	INVESTIGATE		
DIV	anet	163531	679577	15	-15.0	6.7	3474	3	20	-	INVESTIGATE		
DIV	anet	96552	384650	35	-15.0	6.7	3952	8	12	-	PERSISTENT		
DIV	anet	83035	326172	68	-15.0	4.7	4865	5	15	-	INVESTIGATE		
DIV	anet	181142	740408	27	+17.6	3.7	5138	2	13	-	INVESTIGATE		
DIV	anet	124350	500117	22	+17.6	9.4	3111	3	19	-	INVESTIGATE		
DIV	anet	40426	173496	29	-15.0	7.6	3122	10	18	-	PERSISTENT		
DIV	anet	175412	719153	19	-15.0	5.3	5138	1	14	-	INVESTIGATE		
DIV	tfrrs	16292	11	51	-15.0	11.0	5064	na	na	-	INVESTIGATE		
DIV	anet	206570	827946	36	+17.6	8.7	3169	2	5	-	INVESTIGATE		
DIV	tfrrs	7810	1	26	-15.0	12.7	5048	na	na	-	INVESTIGATE		
DIV	anet	49067	209314	37	-15.0	6.3	5057	3	22	-	INVESTIGATE		
DIV	tfrrs	16292	12	92	-15.0	4.2	5064	na	na	-	INVESTIGATE		
DIV	anet	227801	908697	26	-15.0	11.4	2243	1	19	-	INVESTIGATE		
DIV	tfrrs	15230	4	16	-15.0	7.4	5075	na	na	-	INVESTIGATE		
DIV	tfrrs	9342	4	43	-15.0	3.2	5048	na	na	-	INVESTIGATE		
DIV	anet	234242	936744	48	+17.6	7.8	3123	8	37	-	INVESTIGATE		
DIV	anet	116891	468259	25	-15.0	9.8	2879	1	10	-	INVESTIGATE		
DIV	tfrrs	14668	11	97	-15.0	3.9	5060	na	na	-	INVESTIGATE		
DIV	anet	52912	225234	22	-15.0	10.4	4287	2	14	-	INVESTIGATE		
DIV	anet	26565	115892	25	-15.0	2.9	5112	1	10	-	INVESTIGATE		
DIV	anet	184057	752271	21	-15.0	5.0	3158	2	4	-	PERSISTENT		
DIV	tfrrs	6550	6	34	-15.0	2.3	4762	na	na	-	INVESTIGATE		
DIV	tfrrs	6551	3	79	-15.0	4.0	4786	na	na	-	INVESTIGATE		
DIV	tfrrs	4084	0	27	-15.0	5.7	4699	na	na	-	INVESTIGATE		
DIV	tfrrs	25877	0	27	-15.0	7.9	5000	na	na	-	INVESTIGATE		
DIV	anet	229876	924095	24	+17.6	7.2	1935	3	13	-	INVESTIGATE		
DIV	tfrrs	19398	0	172	-15.0	8.3	5000	na	na	-	INVESTIGATE		
DIV	anet	51905	221048	19	+17.6	7.0	2887	2	10	-	INVESTIGATE		
DIV	tfrrs	19361	3	100	-15.0	8.5	5000	na	na	-	INVESTIGATE		
DIV	anet	232584	928420	20	+17.6	8.7	3112	2	7	-	INVESTIGATE		
DIV	tfrrs	9342	3	44	-14.9	3.0	5034	na	na	-	INVESTIGATE		
DIV	anet	172268	710713	24	+17.6	17.6	5240	1	3	-	INVESTIGATE		
DIV	anet	119604	480282	39	+17.6	4.9	3958	6	7	-	PERSISTENT		
DIV	anet	199399	799317	36	-14.9	7.0	5122	1	4	-	INVESTIGATE		
DIV	anet	197667	791918	12	+17.6	6.1	2298	5	37	-	INVESTIGATE		
DIV	anet	92441	364998	23	-14.9	6.0	2259	3	11	-	INVESTIGATE		
DIV	anet	250342	995842	23	+17.6	6.6	2875	1	1	-	INVESTIGATE		
DIV	anet	79076	335598	15	-14.9	4.1	2005	5	24	-	INVESTIGATE		
DIV	anet	212078	862480	42	+17.6	8.0	3135	1	4	-	INVESTIGATE		
DIV	anet	81025	321056	17	+17.6	3.1	4842	2	7	-	INVESTIGATE		
DIV	anet	147608	616124	26	-14.9	15.9	7623	10	18	-	PERSISTENT		
DIV	anet	1266	6099	32	+17.6	2.9	2935	4	24	-	INVESTIGATE		
DIV	tfrrs	14668	13	62	-14.9	6.5	5060	na	na	-	INVESTIGATE		
DIV	anet	178848	731333	31	-14.9	8.2	2924	3	7	-	INVESTIGATE		
DIV	tfrrs	14929	0	48	-14.9	3.6	5088	na	na	-	INVESTIGATE		
DIV	tfrrs	8566	2	29	-14.9	10.8	4730	na	na	-	INVESTIGATE		
DIV	anet	163599	675088	24	-14.9	5.1	3119	1	4	-	INVESTIGATE		
DIV	anet	150886	625793	31	+17.5	5.0	3121	1	1	-	INVESTIGATE		
DIV	anet	176449	722972	20	-14.9	14.2	5122	2	10	-	INVESTIGATE		
DIV	tfrrs	19355	2	40	-14.9	7.7	5000	na	na	-	INVESTIGATE		
DIV	tfrrs	12952	16	106	-14.9	8.5	5000	na	na	-	INVESTIGATE		
DIV	anet	197887	809012	32	+17.5	3.4	4932	1	27	-	INVESTIGATE		
DIV	tfrrs	13530	1	41	-14.9	9.9	3124	na	na	-	INVESTIGATE		
DIV	anet	106753	421488	20	-14.9	13.6	5034	2	30	-	INVESTIGATE		
DIV	anet	50679	215989	14	-14.9	7.8	5043	1	7	-	INVESTIGATE		
DIV	anet	193346	779484	28	-14.9	11.5	2985	5	21	-	INVESTIGATE		
DIV	anet	266664	1059096	40	-14.9	17.8	3084	2	7	-	INVESTIGATE		
DIV	anet	225373	900280	85	+17.5	8.0	2889	2	10	-	INVESTIGATE		
DIV	tfrrs	20410	1	95	-14.9	7.8	5079	na	na	-	INVESTIGATE		
DIV	anet	34935	151516	16	-14.9	15.8	2895	2	20	-	INVESTIGATE		
DIV	tfrrs	9342	7	48	-14.9	2.9	5034	na	na	-	INVESTIGATE		
DIV	anet	235606	942506	122	+17.5	9.2	5039	2	8	-	INVESTIGATE		
DIV	anet	228015	909421	17	-14.9	20.5	5039	1	9	-	INVESTIGATE		
DIV	anet	109136	431839	12	+17.5	2.2	5048	4	10	-	INVESTIGATE		
DIV	anet	14104	63945	32	-14.9	13.0	3155	5	9	-	PERSISTENT		
DIV	tfrrs	22639	1	46	-14.9	7.7	5060	na	na	-	INVESTIGATE		
DIV	anet	261219	1037046	41	+17.5	6.0	3065	1	6	-	INVESTIGATE		
DIV	anet	208966	837050	14	+17.5	7.6	2899	4	5	-	PERSISTENT		
DIV	anet	199237	798366	52	-14.9	10.3	1879	2	3	-	PERSISTENT		
DIV	anet	139334	578076	26	+17.5	10.2	3100	6	9	-	PERSISTENT		
DIV	anet	60911	267874	24	+17.5	10.9	2874	5	24	-	INVESTIGATE		
DIV	anet	152360	632391	31	+17.5	9.2	3123	2	4	-	PERSISTENT		
DIV	anet	135541	555932	13	-14.9	5.8	1426	2	28	-	INVESTIGATE		
DIV	anet	26400	115736	31	-14.9	5.0	2293	3	46	-	INVESTIGATE		
DIV	anet	117741	472152	44	-14.9	4.2	4158	7	18	-	INVESTIGATE		
DIV	tfrrs	19928	1	44	-14.9	2.4	5071	na	na	-	INVESTIGATE		
DIV	tfrrs	20013	0	59	-14.9	9.3	5071	na	na	-	INVESTIGATE		
DIV	anet	148545	646640	13	+17.5	5.3	5088	3	21	-	INVESTIGATE		
DIV	anet	88214	350639	171	-14.9	8.2	2251	3	19	-	INVESTIGATE		
DIV	tfrrs	13641	2	60	-14.9	5.7	5088	na	na	-	INVESTIGATE		
DIV	anet	212878	850534	69	-14.9	8.4	3484	3	19	-	INVESTIGATE		
DIV	tfrrs	12359	7	74	-14.9	5.1	4766	na	na	-	INVESTIGATE		
DIV	tfrrs	16292	15	81	-14.9	6.0	5064	na	na	-	INVESTIGATE		
DIV	anet	127360	518057	17	-14.9	6.7	2878	2	9	-	INVESTIGATE		
DIV	anet	43755	188335	14	-14.9	4.9	2273	1	4	-	INVESTIGATE		
DIV	tfrrs	23949	3	26	-14.9	5.3	5023	na	na	-	INVESTIGATE		
DIV	anet	122955	494209	13	-14.9	13.1	3286	1	10	-	INVESTIGATE		
DIV	anet	6507	39692	13	+17.5	7.3	3175	3	13	-	INVESTIGATE		
DIV	anet	197367	790927	13	-14.9	9.3	5131	3	8	-	INVESTIGATE		
DIV	anet	196871	810292	60	-14.9	6.9	3153	1	3	-	INVESTIGATE		
DIV	anet	86922	344505	97	-14.9	7.0	2870	2	19	-	INVESTIGATE		
DIV	anet	260008	1069126	44	+17.4	6.6	3065	1	13	-	INVESTIGATE		
DIV	anet	160559	665997	46	-14.9	10.7	3104	1	4	-	INVESTIGATE		
DIV	anet	196061	787136	18	-14.9	14.2	1879	1	5	-	INVESTIGATE		
DIV	tfrrs	5278	2	53	-14.9	7.3	4785	na	na	-	INVESTIGATE		
DIV	tfrrs	19911	1	66	-14.9	4.6	5000	na	na	-	INVESTIGATE		
DIV	anet	138033	570242	24	-14.9	13.3	1845	5	28	-	INVESTIGATE		
DIV	anet	178913	742876	63	-14.9	11.4	2405	2	9	-	INVESTIGATE		
DIV	anet	261675	1041661	33	+17.4	7.0	1424	1	4	-	INVESTIGATE		
DIV	anet	132899	555880	63	+17.4	9.6	2888	5	9	-	PERSISTENT		
DIV	anet	158995	661041	24	+17.4	4.1	3104	6	9	-	PERSISTENT		
DIV	tfrrs	5803	0	17	+17.4	3.2	6077	na	na	OVERRIDE	REGRESSION		
DIV	anet	227902	909014	40	-14.8	7.9	2270	2	4	-	PERSISTENT		
DIV	anet	209531	839079	64	-14.8	5.3	5079	2	2	-	INVESTIGATE		
DIV	anet	265002	1052134	31	+17.4	8.5	3258	1	12	-	INVESTIGATE		
DIV	anet	150468	624181	19	+17.4	4.2	3963	4	15	-	INVESTIGATE		
DIV	anet	75028	323098	40	+17.4	7.7	2891	6	11	-	PERSISTENT		
DIV	anet	194359	782419	16	+17.4	16.1	4021	6	21	-	INVESTIGATE		
DIV	anet	222442	912721	12	+17.4	14.0	1453	2	3	-	PERSISTENT		
DIV	anet	39620	170103	27	-14.8	6.8	2275	3	16	-	INVESTIGATE		
DIV	anet	200624	805102	39	-14.8	8.2	4932	1	3	-	INVESTIGATE		
DIV	anet	91754	397440	125	-14.8	6.0	4867	1	6	-	INVESTIGATE		
DIV	tfrrs	23461	3	130	-14.8	4.7	5000	na	na	-	INVESTIGATE		
DIV	anet	96174	383091	14	-14.8	4.7	5036	1	2	-	INVESTIGATE		
DIV	tfrrs	19435	2	32	-14.8	5.8	5071	na	na	-	INVESTIGATE		
DIV	tfrrs	24092	0	47	-14.8	8.8	5011	na	na	-	INVESTIGATE		
DIV	anet	234393	937280	21	+17.4	5.4	5060	1	6	-	INVESTIGATE		
DIV	tfrrs	6551	0	33	-14.8	5.9	4786	na	na	-	INVESTIGATE		
DIV	anet	258757	1027729	20	-14.8	8.6	5000	2	12	-	INVESTIGATE		
DIV	anet	54333	231413	12	-14.8	19.5	3113	4	29	-	INVESTIGATE		
DIV	anet	136681	562478	27	+17.4	15.1	3100	2	5	-	INVESTIGATE		
DIV	anet	130928	533255	33	-14.8	6.1	3111	1	14	-	INVESTIGATE		
DIV	anet	7954	42798	17	-14.8	7.3	2863	1	2	-	INVESTIGATE		
DIV	tfrrs	20905	5	23	-14.8	6.5	5079	na	na	-	INVESTIGATE		
DIV	anet	237653	949963	40	+17.4	3.8	2495	3	15	-	INVESTIGATE		
DIV	anet	63771	276511	13	-14.8	9.0	1830	3	7	-	INVESTIGATE		
DIV	anet	90131	355738	14	+17.4	9.2	3082	1	1	-	INVESTIGATE		
DIV	anet	206172	826627	29	-14.8	6.4	3169	3	11	-	INVESTIGATE		
DIV	anet	200379	803823	34	+17.4	13.3	3684	1	1	-	INVESTIGATE		
DIV	anet	116349	465710	36	-14.8	3.3	3951	1	5	-	INVESTIGATE		
DIV	anet	22382	98747	28	-14.8	5.5	4391	1	15	-	INVESTIGATE		
DIV	tfrrs	7532	0	44	-14.8	9.8	4786	na	na	-	INVESTIGATE		
DIV	anet	197887	809009	14	+17.4	6.0	4938	1	27	-	INVESTIGATE		
DIV	anet	94123	372406	18	-14.8	5.6	2259	1	18	-	INVESTIGATE		
DIV	anet	272839	1087908	23	-14.8	6.9	2252	5	15	-	INVESTIGATE		
DIV	anet	150358	623746	43	+17.4	7.2	2910	10	16	-	PERSISTENT		
DIV	anet	156429	652087	61	-14.8	7.9	4873	1	24	-	INVESTIGATE		
DIV	tfrrs	4086	2	55	-14.8	7.0	5034	na	na	-	INVESTIGATE		
DIV	anet	132202	579471	26	-14.8	7.6	5041	3	14	-	INVESTIGATE		
DIV	anet	7595	35878	12	+17.3	5.8	2921	2	5	-	INVESTIGATE		
DIV	anet	184319	750660	17	-14.8	8.2	2405	1	2	-	INVESTIGATE		
DIV	anet	244095	977314	49	-14.8	9.2	1840	2	18	-	INVESTIGATE		
DIV	anet	32027	148071	28	+17.3	9.9	2288	4	15	-	INVESTIGATE		
DIV	anet	231215	922508	12	+17.3	6.7	3093	1	5	-	INVESTIGATE		
DIV	anet	194295	782268	25	-14.8	8.5	4932	2	9	-	INVESTIGATE		
DIV	tfrrs	22639	0	56	-14.8	6.8	5039	na	na	-	INVESTIGATE		
DIV	anet	259264	1029373	35	-14.8	5.7	5000	1	1	-	INVESTIGATE		
DIV	anet	190888	797063	109	-14.8	11.7	2298	6	9	-	PERSISTENT		
DIV	anet	191976	775273	15	+17.3	3.1	2142	3	18	-	INVESTIGATE		
DIV	anet	18997	84799	85	-14.8	6.1	2379	12	19	-	PERSISTENT		
DIV	tfrrs	19731	3	45	-14.8	6.7	5079	na	na	-	INVESTIGATE		
DIV	anet	95281	383940	71	-14.8	4.3	2349	5	28	-	INVESTIGATE		
DIV	anet	230003	917414	26	+17.3	12.4	2984	1	3	-	INVESTIGATE		
DIV	anet	264836	1051024	19	-14.8	5.1	1128	1	1	-	INVESTIGATE		
DIV	anet	126523	511748	49	-14.8	13.0	2879	2	10	-	INVESTIGATE		
DIV	anet	174931	717570	22	-14.8	8.5	3154	5	24	-	INVESTIGATE		
DIV	anet	228835	912473	34	+17.3	7.2	1845	1	6	-	INVESTIGATE		
DIV	anet	46891	200270	12	-14.7	6.3	2886	3	21	-	INVESTIGATE		
DIV	anet	151301	627317	48	+17.3	17.2	2888	2	14	-	INVESTIGATE		
DIV	anet	223865	895020	59	+17.3	5.4	3093	5	9	-	PERSISTENT		
DIV	tfrrs	10053	4	45	-14.7	4.6	3113	na	na	-	INVESTIGATE		
DIV	anet	201319	810190	14	+17.3	6.1	2924	1	12	-	INVESTIGATE		
DIV	tfrrs	21767	0	18	-14.7	7.8	5000	na	na	-	INVESTIGATE		
DIV	tfrrs	26632	1	18	-14.7	7.6	5000	na	na	-	INVESTIGATE		
DIV	tfrrs	26754	1	18	-14.7	7.6	5000	na	na	-	INVESTIGATE		
DIV	anet	60511	259225	18	-14.7	7.7	2277	3	18	-	INVESTIGATE		
DIV	anet	25373	111108	19	-14.7	5.4	1875	2	13	-	INVESTIGATE		
DIV	anet	97488	388480	14	+17.3	3.8	4850	2	6	-	INVESTIGATE		
DIV	anet	156432	652100	94	-14.7	8.1	4873	1	24	-	INVESTIGATE		
DIV	anet	124205	499441	35	-14.7	5.0	3111	2	6	-	INVESTIGATE		
DIV	anet	201319	810189	39	+17.3	11.9	2934	1	12	-	INVESTIGATE		
DIV	anet	174240	715834	20	-14.7	3.1	4019	3	6	-	PERSISTENT		
DIV	anet	45144	193012	28	+17.3	5.2	6326	2	17	-	INVESTIGATE		
DIV	anet	174461	716562	17	-14.7	12.4	5138	1	14	-	INVESTIGATE		
DIV	anet	217638	870232	33	+17.3	5.8	2284	5	9	-	PERSISTENT		
DIV	anet	152774	634594	25	+17.3	20.4	2888	1	20	-	INVESTIGATE		
DIV	anet	91688	361667	85	-14.7	6.7	3108	1	11	-	INVESTIGATE		
DIV	anet	47657	260360	31	-14.7	12.5	2349	15	26	-	PERSISTENT		
DIV	tfrrs	12952	9	86	-14.7	4.8	5041	na	na	-	INVESTIGATE		
DIV	anet	109346	432692	28	-14.7	13.0	2425	1	6	-	INVESTIGATE		
DIV	tfrrs	13575	3	154	-14.7	6.9	5088	na	na	-	INVESTIGATE		
DIV	anet	22382	98745	31	-14.7	5.5	4390	1	15	-	INVESTIGATE		
DIV	anet	40280	172866	12	+17.3	4.4	5142	2	14	-	INVESTIGATE		
DIV	anet	52009	221442	51	-14.7	8.0	4869	9	45	-	INVESTIGATE		
DIV	anet	151818	629730	34	+17.3	2.0	5088	4	10	-	INVESTIGATE		
DIV	tfrrs	11851	3	62	-14.7	3.8	4766	na	na	-	INVESTIGATE		
DIV	anet	59401	254311	28	-14.7	7.8	5034	2	9	-	INVESTIGATE		
DIV	anet	42972	185158	14	-14.7	7.1	5178	6	12	-	PERSISTENT		
DIV	anet	206115	826436	21	+17.3	8.1	4012	1	3	-	INVESTIGATE		
DIV	anet	192262	776165	32	-14.7	7.3	3140	1	20	-	INVESTIGATE		
DIV	anet	208394	835123	26	+17.2	4.2	6188	1	4	-	INVESTIGATE		
DIV	tfrrs	8923	2	29	-14.7	8.4	5034	na	na	-	INVESTIGATE		
DIV	anet	115863	463049	46	-14.7	7.1	3087	1	3	-	INVESTIGATE		
DIV	anet	221112	885001	120	+17.2	8.3	2881	1	4	-	INVESTIGATE		
DIV	tfrrs	9177	2	52	-14.7	5.5	4730	na	na	-	INVESTIGATE		
DIV	anet	209403	838558	57	-14.7	9.3	2447	3	7	-	INVESTIGATE		
DIV	tfrrs	24092	1	35	-14.7	10.6	5025	na	na	-	INVESTIGATE		
DIV	anet	123896	518316	17	-14.7	10.7	2263	1	1	-	INVESTIGATE		
DIV	anet	270689	1078482	20	-14.7	4.0	8157	1	24	-	INVESTIGATE		
DIV	anet	191538	821185	23	+17.2	8.2	3161	3	14	-	INVESTIGATE		
DIV	tfrrs	24162	0	114	-14.7	7.1	5023	na	na	-	INVESTIGATE		
DIV	anet	174662	721685	16	-14.7	10.4	4932	1	12	-	INVESTIGATE		
DIV	anet	113499	450961	49	-14.7	6.5	2874	1	13	-	INVESTIGATE		
DIV	tfrrs	23949	6	57	-14.7	6.8	5037	na	na	-	INVESTIGATE		
DIV	anet	205154	822598	71	-14.7	6.8	2628	1	18	-	INVESTIGATE		
DIV	anet	158995	661038	25	+17.2	11.1	3115	6	9	-	PERSISTENT		
DIV	anet	228210	910202	18	+17.2	11.8	2284	1	5	-	INVESTIGATE		
DIV	tfrrs	15611	4	54	-14.7	10.6	5000	na	na	-	INVESTIGATE		
DIV	anet	270096	1076889	16	+17.2	2.6	2841	3	16	-	INVESTIGATE		
DIV	anet	229704	915825	25	-14.7	16.8	5039	2	3	-	PERSISTENT		
DIV	anet	56854	249216	16	-14.7	6.0	2277	3	11	-	INVESTIGATE		
DIV	anet	195167	804706	63	+17.2	6.1	5122	15	26	-	PERSISTENT		
DIV	anet	5251	26921	30	-14.7	9.4	4023	1	10	-	INVESTIGATE		
DIV	anet	148213	617675	39	+17.2	6.4	2799	3	7	-	INVESTIGATE		
DIV	anet	130224	529776	157	-14.7	10.4	5054	1	14	-	INVESTIGATE		
DIV	anet	217322	868617	13	-14.7	4.2	4820	1	4	-	INVESTIGATE		
DIV	anet	46393	198206	12	-14.7	3.6	2886	1	3	-	INVESTIGATE		
DIV	anet	38203	164458	42	+17.2	4.1	5080	5	16	-	INVESTIGATE		
DIV	anet	40329	173074	23	+17.2	4.3	2275	6	13	-	INVESTIGATE		
DIV	anet	176259	721666	22	-14.7	10.4	5122	1	15	-	INVESTIGATE		
DIV	tfrrs	25930	4	21	-14.7	7.5	5000	na	na	-	INVESTIGATE		
DIV	tfrrs	26101	1	85	-14.7	9.1	5000	na	na	-	INVESTIGATE		
DIV	tfrrs	8969	1	66	-14.7	6.3	5034	na	na	-	INVESTIGATE		
DIV	tfrrs	11776	1	81	-14.7	8.1	5041	na	na	-	INVESTIGATE		
DIV	anet	22988	101679	21	-14.7	11.1	2972	4	13	-	INVESTIGATE		
DIV	anet	111666	442428	52	-14.7	4.5	2594	1	13	-	INVESTIGATE		
DIV	anet	233712	933788	25	+17.2	11.1	2270	1	2	-	INVESTIGATE		
DIV	anet	20223	90088	12	-14.7	3.9	5120	1	2	-	INVESTIGATE		
DIV	anet	226091	902929	40	-14.7	7.9	2360	2	9	-	INVESTIGATE		
DIV	anet	131406	555043	26	+17.2	8.3	1850	3	13	-	INVESTIGATE		
DIV	anet	180055	736049	22	-14.6	7.0	1882	1	2	-	INVESTIGATE		
DIV	anet	35870	179409	42	-14.6	8.2	3428	6	20	-	INVESTIGATE		
DIV	tfrrs	14668	3	126	-14.6	4.1	5088	na	na	-	INVESTIGATE		
DIV	anet	161224	667769	45	-14.6	7.8	2891	1	12	-	INVESTIGATE		
DIV	anet	176340	721899	57	+17.1	5.4	4945	2	6	-	INVESTIGATE		
DIV	anet	148241	622585	32	+17.1	3.4	2888	7	16	-	INVESTIGATE		
DIV	anet	4042	19694	26	+17.1	5.2	4008	2	13	-	INVESTIGATE		
DIV	anet	132222	569245	17	+17.1	7.9	1746	5	24	-	INVESTIGATE		
DIV	tfrrs	12359	3	207	-14.6	5.3	4766	na	na	-	INVESTIGATE		
DIV	anet	83035	326174	48	-14.6	4.9	4842	5	15	-	INVESTIGATE		
DIV	anet	31925	143486	22	-14.6	13.5	1435	1	21	-	INVESTIGATE		
DIV	tfrrs	6065	3	84	-14.6	7.4	4730	na	na	-	INVESTIGATE		
DIV	anet	38652	166191	15	-14.6	4.7	2455	1	10	-	INVESTIGATE		
DIV	anet	100962	397373	56	-14.6	9.0	2251	11	14	-	PERSISTENT		
DIV	anet	209063	857477	32	-14.6	5.4	5079	1	11	-	INVESTIGATE		
DIV	anet	91888	371784	25	-14.6	7.0	2259	7	20	-	INVESTIGATE		
DIV	tfrrs	12952	8	28	-14.6	7.2	5051	na	na	-	INVESTIGATE		
DIV	anet	187850	761688	21	-14.6	7.3	5122	3	16	-	INVESTIGATE		
DIV	anet	111666	442865	61	-14.6	7.1	2594	1	13	-	INVESTIGATE		
DIV	tfrrs	6551	5	36	-14.6	4.4	4762	na	na	-	INVESTIGATE		
DIV	anet	84503	332347	143	-14.6	5.5	2277	5	21	-	INVESTIGATE		
DIV	anet	150464	624163	16	+17.1	11.3	5060	2	2	-	INVESTIGATE		
DIV	anet	217619	870166	51	+17.1	5.1	3133	1	6	-	INVESTIGATE		
DIV	tfrrs	21971	1	20	-14.6	8.1	5060	na	na	-	INVESTIGATE		
DIV	anet	57893	247879	27	-14.6	6.0	3950	1	10	-	INVESTIGATE		
DIV	anet	85286	335657	18	-14.6	7.6	5028	2	19	-	INVESTIGATE		
DIV	anet	60911	267875	26	+17.1	8.1	2891	5	24	-	INVESTIGATE		
DIV	anet	177005	724631	22	+17.1	5.7	2938	7	16	-	INVESTIGATE		
DIV	anet	122657	492989	14	-14.6	14.9	3455	5	9	-	PERSISTENT		
DIV	anet	229876	924092	37	+17.1	4.9	1935	3	13	-	INVESTIGATE		
DIV	tfrrs	12952	5	54	-14.6	3.9	5051	na	na	-	INVESTIGATE		
DIV	tfrrs	19520	2	147	-14.6	8.3	5079	na	na	-	INVESTIGATE		
DIV	anet	122067	490577	16	-14.6	16.2	1427	1	19	-	INVESTIGATE		
DIV	anet	121756	489325	12	-14.6	5.2	3106	1	13	-	INVESTIGATE		
DIV	anet	112908	456701	48	-14.6	5.9	2868	2	9	-	INVESTIGATE		
DIV	anet	28418	123693	21	+17.1	11.7	2928	1	24	-	INVESTIGATE		
DIV	tfrrs	24162	3	106	-14.6	5.2	5037	na	na	-	INVESTIGATE		
DIV	anet	234151	936018	26	+17.1	7.3	3112	3	15	-	INVESTIGATE		
DIV	anet	223865	895021	50	+17.1	4.6	3102	5	9	-	PERSISTENT		
DIV	anet	227917	911378	37	-14.6	6.6	3123	1	4	-	INVESTIGATE		
DIV	anet	212760	848856	14	+17.1	6.7	3132	1	6	-	INVESTIGATE		
DIV	tfrrs	4666	1	40	-14.6	15.1	4785	na	na	-	INVESTIGATE		
DIV	anet	141461	591339	27	+17.1	8.4	3119	2	3	-	PERSISTENT		
DIV	anet	242101	998182	24	+17.1	10.0	2248	1	13	-	INVESTIGATE		
DIV	anet	194231	782009	16	+17.1	5.6	1874	2	4	-	PERSISTENT		
DIV	tfrrs	19731	0	44	-14.6	4.8	4004	na	na	-	INVESTIGATE		
DIV	tfrrs	22206	2	52	-14.6	24.9	5039	na	na	-	INVESTIGATE		
DIV	tfrrs	22545	2	52	-14.6	24.9	5039	na	na	-	INVESTIGATE		
DIV	anet	60448	262528	44	-14.6	8.0	2443	5	15	-	INVESTIGATE		
DIV	anet	142429	596862	33	+17.1	8.3	3090	2	9	-	INVESTIGATE		
DIV	tfrrs	24240	0	36	-14.6	5.2	5023	na	na	-	INVESTIGATE		
DIV	anet	44484	191069	67	-14.6	3.1	5107	1	7	-	INVESTIGATE		
DIV	tfrrs	7532	1	78	-14.6	4.9	4786	na	na	-	INVESTIGATE		
DIV	anet	83103	326490	35	+17.1	8.3	2256	1	19	-	INVESTIGATE		
DIV	anet	199975	802236	43	+17.1	10.9	2298	2	7	-	INVESTIGATE		
DIV	anet	180173	736654	40	-14.6	4.9	4208	1	5	-	INVESTIGATE		
DIV	anet	172966	712517	81	+17.1	2.4	5138	5	24	-	INVESTIGATE		
DIV	anet	60114	278155	13	+17.1	7.7	1192	1	11	-	INVESTIGATE		
DIV	anet	172966	712520	59	+17.0	5.7	2389	5	24	-	INVESTIGATE		
DIV	tfrrs	23429	5	71	-14.6	5.9	5023	na	na	-	INVESTIGATE		
DIV	anet	86771	343813	68	-14.6	8.1	2277	5	21	-	INVESTIGATE		
DIV	anet	135715	556967	49	-14.6	4.0	3085	1	4	-	INVESTIGATE		
DIV	anet	96703	385295	122	-14.6	7.1	4867	5	15	-	INVESTIGATE		
DIV	tfrrs	11105	1	28	-14.6	8.0	5043	na	na	-	INVESTIGATE		
DIV	tfrrs	13530	3	40	-14.6	7.4	5088	na	na	-	INVESTIGATE		
DIV	anet	159753	697997	51	+17.0	3.7	5064	2	10	-	INVESTIGATE		
DIV	anet	208491	835478	52	+17.0	11.2	1776	1	19	-	INVESTIGATE		
DIV	tfrrs	13575	4	176	-14.6	5.5	5060	na	na	-	INVESTIGATE		
DIV	anet	105993	418082	24	-14.6	7.8	2274	4	17	-	INVESTIGATE		
DIV	tfrrs	12952	10	76	-14.5	6.0	5041	na	na	-	INVESTIGATE		
DIV	anet	14328	72399	28	+17.0	7.4	3171	1	9	-	INVESTIGATE		
DIV	anet	103482	409428	27	-14.5	9.1	2363	1	12	-	INVESTIGATE		
DIV	anet	147573	631932	64	-14.5	15.5	2292	2	8	-	INVESTIGATE		
DIV	anet	49400	210635	167	+17.0	9.9	3137	1	9	-	INVESTIGATE		
DIV	anet	158718	682233	20	-14.5	15.2	5064	2	9	-	INVESTIGATE		
DIV	tfrrs	24456	2	20	-14.5	14.8	5074	na	na	-	INVESTIGATE		
DIV	anet	263928	1049108	30	+17.0	5.6	2859	2	6	-	INVESTIGATE		
DIV	anet	197169	790249	28	-14.5	9.9	3140	1	7	-	INVESTIGATE		
DIV	anet	111524	441855	12	+17.0	6.1	2258	3	18	-	INVESTIGATE		
DIV	anet	72789	296521	31	-14.5	12.0	2891	3	25	-	INVESTIGATE		
DIV	anet	151494	628341	58	+17.0	5.6	3315	3	7	-	INVESTIGATE		
DIV	anet	172666	731801	37	-14.5	11.2	3140	1	8	-	INVESTIGATE		
DIV	tfrrs	4153	8	28	-14.5	9.1	5034	na	na	-	INVESTIGATE		
DIV	anet	92501	365275	12	-14.5	16.9	2891	2	16	-	INVESTIGATE		
DIV	anet	175410	719141	26	-14.5	10.5	5138	1	6	-	INVESTIGATE		
DIV	anet	193346	779486	20	-14.5	4.3	2985	5	21	-	INVESTIGATE		
DIV	anet	236688	986399	17	+17.0	2.8	1831	2	4	-	PERSISTENT		
DIV	tfrrs	25565	2	111	-14.5	6.4	5000	na	na	-	INVESTIGATE		
DIV	anet	140778	586906	15	-14.5	4.5	3111	1	5	-	INVESTIGATE		
DIV	tfrrs	13443	3	20	-14.5	7.7	5088	na	na	-	INVESTIGATE		
DIV	anet	75509	303024	13	-14.5	4.4	5034	1	6	-	INVESTIGATE		
DIV	tfrrs	19928	3	51	-14.5	5.3	5079	na	na	-	INVESTIGATE		
DIV	anet	136589	561847	21	-14.5	11.5	2877	3	20	-	INVESTIGATE		
DIV	anet	140501	585205	41	+17.0	3.2	5041	1	13	-	INVESTIGATE		
DIV	anet	149290	648097	17	-14.5	4.2	3122	3	17	-	INVESTIGATE		
DIV	anet	112908	456702	17	-14.5	8.0	2873	2	9	-	INVESTIGATE		
DIV	anet	125105	503743	14	-14.5	8.0	3092	1	4	-	INVESTIGATE		
DIV	anet	38203	164459	53	+17.0	1.7	3980	5	16	-	INVESTIGATE		
DIV	tfrrs	25871	0	49	-14.5	11.8	5000	na	na	-	INVESTIGATE		
DIV	anet	31041	134771	27	-14.5	5.8	5142	1	24	-	INVESTIGATE		
DIV	anet	174685	716995	42	-14.5	5.2	4208	1	5	-	INVESTIGATE		
DIV	anet	243907	971635	95	-14.5	10.2	3953	1	4	-	INVESTIGATE		
DIV	tfrrs	11651	2	25	-14.5	3.1	3546	na	na	-	INVESTIGATE		
DIV	anet	150926	625899	22	-14.5	12.6	1864	3	4	OVERRIDE	REGRESSION		
DIV	tfrrs	13530	0	24	-14.5	13.6	3191	na	na	-	INVESTIGATE		
DIV	tfrrs	26416	1	29	-14.5	4.8	5000	na	na	-	INVESTIGATE		
DIV	tfrrs	24862	1	22	-14.5	15.9	5037	na	na	-	INVESTIGATE		
DIV	anet	93351	368990	24	-14.5	16.3	3108	10	25	-	INVESTIGATE		
DIV	anet	233451	932597	45	+16.9	4.2	5060	7	20	-	INVESTIGATE		
DIV	anet	209531	839078	78	-14.5	7.7	5071	2	2	-	INVESTIGATE		
DIV	tfrrs	6620	0	17	-14.5	11.9	4762	na	na	-	INVESTIGATE		
DIV	anet	136106	559051	39	+16.9	3.9	5041	5	9	-	PERSISTENT		
DIV	anet	177005	724632	24	+16.9	4.6	2924	7	16	-	INVESTIGATE		
DIV	anet	129307	525650	125	+16.9	8.6	2761	3	8	-	INVESTIGATE		
DIV	tfrrs	14668	5	114	-14.5	4.4	5088	na	na	-	INVESTIGATE		
DIV	anet	132329	539545	52	+16.9	2.8	5041	5	16	-	INVESTIGATE		
DIV	anet	150464	624162	28	+16.9	6.9	5088	2	2	-	INVESTIGATE		
DIV	anet	118689	503396	24	+16.9	14.1	1851	4	19	-	INVESTIGATE		
DIV	anet	250631	998492	50	+16.9	7.8	5023	2	2	-	INVESTIGATE		
DIV	anet	63771	276510	16	-14.5	4.8	1851	3	7	-	INVESTIGATE		
DIV	anet	225257	907174	38	+16.9	9.9	2360	2	13	-	INVESTIGATE		
DIV	tfrrs	6065	1	35	-14.5	11.8	4730	na	na	-	INVESTIGATE		
DIV	anet	175415	720514	16	+16.9	3.5	2389	1	1	-	INVESTIGATE		
DIV	anet	224998	931163	64	-14.5	9.8	3121	2	15	-	INVESTIGATE		
DIV	anet	111201	451158	17	+16.9	7.3	3086	2	7	-	INVESTIGATE		
DIV	tfrrs	10400	2	165	-14.5	4.9	4653	na	na	-	INVESTIGATE		
DIV	anet	49227	209934	13	-14.5	15.0	5057	2	44	-	INVESTIGATE		
DIV	tfrrs	18279	0	68	-14.5	5.4	5000	na	na	-	INVESTIGATE		
DIV	anet	28892	125863	16	+16.9	8.4	5112	3	14	-	INVESTIGATE		
DIV	anet	58415	250072	35	+16.9	5.6	4865	2	18	-	INVESTIGATE		
DIV	anet	90109	355646	16	+16.9	5.3	2277	2	16	-	INVESTIGATE		
DIV	anet	60778	260429	14	-14.5	7.6	5055	1	7	-	INVESTIGATE		
DIV	anet	36164	156413	29	-14.5	3.4	3130	3	18	-	INVESTIGATE		
DIV	anet	63860	275415	13	+16.9	2.9	5034	1	12	-	INVESTIGATE		
DIV	anet	36926	159477	13	+16.9	3.9	5080	1	4	-	INVESTIGATE		
DIV	tfrrs	26101	0	23	-14.4	6.1	5000	na	na	-	INVESTIGATE		
DIV	tfrrs	23949	8	12	-14.4	5.4	5037	na	na	-	INVESTIGATE		
DIV	tfrrs	11640	3	12	-14.4	10.5	3113	na	na	-	INVESTIGATE		
DIV	anet	161829	669457	24	+16.9	14.8	3134	1	5	-	INVESTIGATE		
DIV	anet	116000	463956	15	-14.4	10.6	2887	1	9	-	INVESTIGATE		
DIV	anet	216591	864872	13	+16.9	6.3	5071	1	1	-	INVESTIGATE		
DIV	tfrrs	11641	0	18	-14.4	7.6	5051	na	na	-	INVESTIGATE		
DIV	anet	274559	1094459	82	+16.9	14.2	2900	2	10	-	INVESTIGATE		
DIV	anet	212878	850533	82	-14.4	5.5	3466	3	19	-	INVESTIGATE		
DIV	anet	139999	582152	16	+16.9	7.6	2888	2	20	-	INVESTIGATE		
DIV	anet	117521	471114	16	-14.4	7.6	3092	2	16	-	INVESTIGATE		
DIV	anet	17230	76899	33	-14.4	5.5	4402	2	9	-	INVESTIGATE		
DIV	tfrrs	9615	0	18	-14.4	5.6	5054	na	na	-	INVESTIGATE		
DIV	tfrrs	4974	1	12	-14.4	14.3	8330	na	na	-	INVESTIGATE		
DIV	anet	224638	929565	22	+16.9	4.9	4850	4	10	-	INVESTIGATE		
DIV	anet	268336	1070644	14	-14.4	4.9	2436	3	10	-	INVESTIGATE		
DIV	anet	272365	1085817	40	-14.4	2.5	3359	2	13	-	INVESTIGATE		
DIV	tfrrs	12952	7	78	-14.4	4.1	5051	na	na	-	INVESTIGATE		
DIV	anet	174868	730022	18	-14.4	4.8	4945	1	11	-	INVESTIGATE		
DIV	anet	41464	178169	14	+16.9	4.9	5071	1	7	-	INVESTIGATE		
DIV	anet	227917	911376	71	-14.4	6.5	3097	1	4	-	INVESTIGATE		
DIV	anet	196607	788617	62	+16.8	10.8	4019	1	1	-	INVESTIGATE		
DIV	tfrrs	14050	3	96	-14.4	6.4	5060	na	na	-	INVESTIGATE		
DIV	anet	122869	493855	29	-14.4	12.9	2366	1	21	-	INVESTIGATE		
DIV	tfrrs	24001	1	63	-14.4	9.3	5037	na	na	-	INVESTIGATE		
DIV	anet	268176	1066079	34	+16.8	6.3	5000	5	15	-	INVESTIGATE		
DIV	anet	137862	569222	45	-14.4	8.0	2888	2	11	-	INVESTIGATE		
DIV	anet	150919	642833	21	+16.8	14.8	3142	2	16	-	INVESTIGATE		
DIV	anet	193744	780641	23	-14.4	7.4	2311	2	9	-	INVESTIGATE		
DIV	anet	159688	663539	25	-14.4	10.6	5064	3	26	-	INVESTIGATE		
DIV	anet	33764	146671	13	+16.8	4.0	5112	1	16	-	INVESTIGATE		
DIV	anet	46467	198541	26	+16.8	6.1	2268	4	15	-	INVESTIGATE		
DIV	anet	192111	783079	63	+16.8	6.1	1808	1	6	-	INVESTIGATE		
DIV	anet	19122	113312	22	-14.4	14.4	2397	3	13	-	INVESTIGATE		
DIV	tfrrs	25397	5	23	-14.4	6.9	5000	na	na	-	INVESTIGATE		
DIV	anet	69449	290714	12	-14.4	5.7	3107	1	17	-	INVESTIGATE		
DIV	tfrrs	4666	2	68	-14.4	6.0	4785	na	na	-	INVESTIGATE		
DIV	anet	141509	591612	103	+16.8	13.3	3119	6	22	-	INVESTIGATE		
DIV	anet	240257	959770	70	+16.8	6.3	2875	4	8	-	PERSISTENT		
DIV	anet	22566	99483	50	+16.8	7.3	4928	10	18	-	PERSISTENT		
DIV	anet	50577	215591	12	-14.4	2.1	5057	4	24	-	INVESTIGATE		
DIV	tfrrs	16292	14	54	-14.4	3.0	5064	na	na	-	INVESTIGATE		
DIV	anet	147607	616107	21	+16.8	4.6	1436	10	18	-	PERSISTENT		
DIV	tfrrs	26362	1	33	-14.4	7.7	5000	na	na	-	INVESTIGATE		
DIV	anet	10243	47460	16	-14.4	2.6	4010	5	16	-	INVESTIGATE		
DIV	tfrrs	10647	1	76	-14.4	5.9	5066	na	na	-	INVESTIGATE		
DIV	anet	9996	46432	12	+16.8	4.6	4035	3	6	-	PERSISTENT		
DIV	tfrrs	26699	2	29	-14.4	8.1	5000	na	na	OVERRIDE	REGRESSION		
DIV	anet	197887	809005	15	+16.8	4.8	4932	1	27	-	INVESTIGATE		
DIV	anet	122234	515113	14	-14.4	7.0	2879	1	1	-	INVESTIGATE		
DIV	anet	122911	494012	39	-14.4	7.5	4334	1	7	-	INVESTIGATE		
DIV	anet	175417	719193	19	-14.4	13.0	5138	1	1	-	INVESTIGATE		
DIV	tfrrs	12359	1	38	-14.4	4.7	4766	na	na	-	INVESTIGATE		
DIV	anet	135851	561912	24	-14.4	6.4	5041	1	2	-	INVESTIGATE		
DIV	anet	37362	161168	23	-14.4	7.0	2905	1	11	-	INVESTIGATE		
DIV	anet	4775	23000	22	-14.4	10.3	5140	5	26	-	INVESTIGATE		
DIV	anet	150290	623523	45	+16.8	18.5	2292	1	3	-	INVESTIGATE		
DIV	anet	229721	915956	14	+16.8	7.4	6149	2	18	-	INVESTIGATE		
DIV	anet	197173	790258	14	-14.4	14.7	2298	1	6	-	INVESTIGATE		
DIV	anet	63771	274959	25	-14.4	4.8	2891	3	7	-	INVESTIGATE		
DIV	anet	96807	394126	57	-14.4	16.4	1425	1	8	-	INVESTIGATE		
DIV	anet	20840	92930	125	+16.8	15.7	5112	4	6	-	PERSISTENT		
DIV	anet	84503	332348	88	-14.4	5.8	2256	5	21	-	INVESTIGATE		
DIV	tfrrs	23949	2	22	-14.4	10.2	5023	na	na	-	INVESTIGATE		
DIV	anet	232109	926316	28	-14.4	6.1	2359	4	4	-	PERSISTENT		
DIV	anet	41517	178376	12	+16.8	6.5	3137	1	16	-	INVESTIGATE		
DIV	anet	213784	852872	81	-14.4	8.6	2881	1	13	-	INVESTIGATE		
DIV	anet	147957	616896	31	-14.4	7.3	2891	10	35	-	INVESTIGATE		
DIV	anet	59642	255336	40	-14.4	6.2	4989	1	14	-	INVESTIGATE		
DIV	anet	229623	926883	28	+16.8	4.8	2688	1	8	-	INVESTIGATE		
DIV	anet	250983	999752	24	-14.4	6.1	2595	1	19	-	INVESTIGATE		
DIV	anet	220399	882099	97	-14.4	3.7	5079	1	4	-	INVESTIGATE		
DIV	tfrrs	13856	2	27	-14.4	4.5	3124	na	na	-	INVESTIGATE		
DIV	anet	232966	931599	17	+16.8	14.9	3949	1	3	-	INVESTIGATE		
DIV	tfrrs	10053	1	66	-14.4	5.9	3107	na	na	-	INVESTIGATE		
DIV	anet	225373	900279	105	+16.8	6.8	2881	2	10	-	INVESTIGATE		
DIV	tfrrs	23897	1	60	-14.4	6.0	5037	na	na	-	INVESTIGATE		
DIV	anet	154539	644129	27	-14.4	5.7	8301	1	8	-	INVESTIGATE		
DIV	anet	6555	31198	12	-14.4	6.8	5107	2	21	-	INVESTIGATE		
DIV	tfrrs	24509	1	12	-14.4	12.3	5037	na	na	-	INVESTIGATE		
DIV	tfrrs	13443	2	16	-14.4	8.3	5088	na	na	-	INVESTIGATE		
DIV	anet	270236	1076131	15	+16.8	4.2	5000	1	3	-	INVESTIGATE		
DIV	anet	114818	457732	27	-14.3	8.8	2874	1	16	-	INVESTIGATE		
DIV	tfrrs	19459	1	53	-14.3	8.7	5000	na	na	-	INVESTIGATE		
DIV	tfrrs	13181	0	40	-14.3	15.1	5051	na	na	-	INVESTIGATE		
DIV	tfrrs	16292	4	118	-14.3	4.2	5075	na	na	-	INVESTIGATE		
DIV	tfrrs	14929	2	36	-14.3	3.8	5060	na	na	-	INVESTIGATE		
DIV	anet	267928	1064905	56	+16.7	6.9	5000	2	13	-	INVESTIGATE		
DIV	anet	116299	465416	22	-14.3	6.2	3107	1	14	-	INVESTIGATE		
DIV	anet	50155	213716	101	-14.3	8.4	5057	1	13	-	INVESTIGATE		
DIV	anet	188509	763636	17	-14.3	6.9	3867	5	18	-	INVESTIGATE		
DIV	anet	226231	911419	60	+16.7	8.9	2360	2	15	-	INVESTIGATE		
DIV	anet	61364	263000	14	-14.3	5.2	3087	3	17	-	INVESTIGATE		
DIV	anet	14487	76662	13	+16.7	2.4	2293	3	7	-	INVESTIGATE		
DIV	tfrrs	24162	1	143	-14.3	5.9	5023	na	na	-	INVESTIGATE		
DIV	anet	46311	197811	18	-14.3	5.2	5057	1	15	-	INVESTIGATE		
DIV	anet	227576	907855	12	-14.3	8.8	5060	1	7	-	INVESTIGATE		
DIV	tfrrs	6065	5	62	-14.3	9.3	4730	na	na	-	INVESTIGATE		
DIV	anet	156931	654035	31	-14.3	7.6	1841	8	37	-	INVESTIGATE		
DIV	anet	117498	471016	28	-14.3	10.2	3455	10	24	-	INVESTIGATE		
DIV	anet	240358	960234	88	-14.3	7.0	2349	1	10	-	INVESTIGATE		
DIV	anet	75427	302637	28	-14.3	11.6	3105	1	5	-	INVESTIGATE		
DIV	anet	247459	981903	16	+16.7	3.8	6130	2	18	-	INVESTIGATE		
DIV	tfrrs	19367	0	184	-14.3	10.8	5000	na	na	-	INVESTIGATE		
DIV	anet	225224	922760	51	-14.3	8.4	2924	1	8	-	INVESTIGATE		
DIV	anet	191703	774371	107	+16.7	7.7	2737	2	18	-	INVESTIGATE		
DIV	tfrrs	6550	0	19	-14.3	3.3	4786	na	na	-	INVESTIGATE		
DIV	anet	48268	205914	51	+16.7	4.9	1440	5	21	-	INVESTIGATE		
DIV	anet	136106	559052	34	+16.7	7.2	5041	5	9	-	PERSISTENT		
DIV	anet	123896	518314	22	-14.3	7.7	2277	1	1	-	INVESTIGATE		
DIV	anet	243952	971803	21	-14.3	10.9	5037	1	2	-	INVESTIGATE		
DIV	tfrrs	24120	0	49	-14.3	8.8	5023	na	na	-	INVESTIGATE		
DIV	anet	106499	420419	32	+16.7	9.8	3118	6	9	-	PERSISTENT		
DIV	anet	240495	960750	17	-14.3	9.5	5037	1	10	-	INVESTIGATE		
DIV	tfrrs	9342	0	18	-14.3	4.9	5048	na	na	-	INVESTIGATE		
DIV	anet	51216	218231	21	-14.3	15.8	4419	6	25	-	INVESTIGATE		
DIV	tfrrs	21801	1	55	-14.3	7.9	5060	na	na	-	INVESTIGATE		
DIV	anet	122057	490545	14	-14.3	6.2	2347	3	14	-	INVESTIGATE		
DIV	tfrrs	8368	0	18	+16.7	3.4	9916	na	na	-	INVESTIGATE		
DIV	anet	87672	348178	16	+16.7	6.6	3103	3	6	-	PERSISTENT		
DIV	anet	212813	848943	16	-14.3	6.2	5071	1	9	-	INVESTIGATE		
DIV	anet	83521	340230	67	-14.3	4.9	1458	5	37	-	INVESTIGATE		
DIV	anet	118634	476081	38	-14.3	6.7	3543	2	17	-	INVESTIGATE		
DIV	anet	197024	789795	65	-14.3	13.4	3169	3	18	-	INVESTIGATE		
DIV	anet	112705	447133	43	-14.3	9.5	5048	3	6	-	PERSISTENT		
DIV	anet	252845	1008650	20	+16.7	6.0	3102	1	1	-	INVESTIGATE		
DIV	anet	105074	413567	32	-14.3	4.2	5036	1	31	-	INVESTIGATE		
DIV	anet	40091	171912	18	+16.7	8.6	3113	3	8	-	INVESTIGATE		
DIV	anet	12311	56302	19	+16.7	5.8	1787	4	22	-	INVESTIGATE		
DIV	tfrrs	21937	2	52	-14.3	15.7	5039	na	na	-	INVESTIGATE		
DIV	anet	90118	355686	15	+16.7	6.1	3122	1	22	-	INVESTIGATE		
DIV	tfrrs	25976	0	40	-14.3	5.2	5000	na	na	-	INVESTIGATE		
DIV	anet	119602	480268	41	-14.3	5.6	1827	5	8	-	PERSISTENT		
DIV	anet	35404	153400	120	-14.3	5.8	2275	5	21	-	INVESTIGATE		
DIV	anet	96472	384364	15	-14.3	5.1	4326	3	8	-	INVESTIGATE		
DIV	tfrrs	21673	1	58	-14.3	5.1	5060	na	na	-	INVESTIGATE		
DIV	anet	242182	997684	32	+16.6	20.1	3083	1	1	-	INVESTIGATE		
DIV	tfrrs	14929	1	29	-14.3	2.8	5088	na	na	-	INVESTIGATE		
DIV	anet	3487	16908	13	-14.3	1.8	4989	4	26	-	INVESTIGATE		
DIV	anet	195782	786253	14	-14.3	7.4	5122	1	5	-	INVESTIGATE		
DIV	anet	132329	539543	54	+16.6	2.4	5051	5	16	-	INVESTIGATE		
DIV	anet	227784	908605	27	-14.3	3.9	2355	3	9	-	INVESTIGATE		
DIV	anet	2879	13699	18	-14.3	4.9	5176	1	3	-	INVESTIGATE		
DIV	anet	136723	574196	30	+16.6	12.5	2878	3	18	-	INVESTIGATE		
DIV	anet	225765	915335	62	+16.6	5.7	2255	3	5	-	PERSISTENT		
DIV	tfrrs	6551	2	36	-14.3	4.3	4786	na	na	-	INVESTIGATE		
DIV	tfrrs	19408	2	123	-14.3	8.2	5000	na	na	-	INVESTIGATE		
DIV	anet	152401	632529	34	+16.6	9.8	3102	2	5	-	INVESTIGATE		
DIV	anet	153684	639598	25	+16.6	8.1	2888	3	19	-	INVESTIGATE		
DIV	anet	380	5560	48	-14.2	6.0	5142	6	16	-	INVESTIGATE		
DIV	tfrrs	12952	4	52	-14.2	4.8	5051	na	na	-	INVESTIGATE		
DIV	anet	158783	660133	12	-14.2	6.7	1433	1	12	-	INVESTIGATE		
DIV	anet	191953	779156	33	-14.2	8.5	2042	5	24	-	INVESTIGATE		
DIV	anet	150465	624172	39	-14.2	10.3	5060	2	20	-	INVESTIGATE		
DIV	anet	176186	725195	62	-14.2	6.8	4932	2	9	-	INVESTIGATE		
DIV	anet	48353	206251	47	-14.2	4.1	2143	2	18	-	INVESTIGATE		
DIV	tfrrs	25409	0	78	-14.2	10.0	4818	na	na	OVERRIDE	REGRESSION		
DIV	tfrrs	14668	9	96	-14.2	3.6	5060	na	na	-	INVESTIGATE		
DIV	anet	104780	412110	12	+16.6	3.8	6169	3	7	-	INVESTIGATE		
DIV	anet	148800	619002	75	+16.6	8.8	3123	1	10	-	INVESTIGATE		
DIV	anet	225194	899620	20	-14.2	4.3	1432	1	3	-	INVESTIGATE		
DIV	tfrrs	11498	0	17	-14.2	3.9	3988	na	na	-	INVESTIGATE		
DIV	anet	13638	70742	25	-14.2	6.8	2331	3	8	-	INVESTIGATE		
DIV	tfrrs	23519	6	89	-14.2	10.2	5051	na	na	-	INVESTIGATE		
DIV	anet	96403	384064	47	+16.6	5.1	4326	2	19	-	INVESTIGATE		
DIV	anet	224744	898044	21	-14.2	4.1	4873	1	8	-	INVESTIGATE		
DIV	anet	32646	141626	33	-14.2	5.8	2288	3	19	-	INVESTIGATE		
DIV	anet	200552	809322	14	-14.2	13.0	1879	1	41	-	INVESTIGATE		
DIV	anet	191135	772587	13	-14.2	10.4	5131	2	12	-	INVESTIGATE		
DIV	anet	191831	774726	13	+16.6	10.3	2924	3	7	-	INVESTIGATE		
DIV	tfrrs	6550	5	15	-14.2	3.1	4762	na	na	-	INVESTIGATE		
DIV	tfrrs	4086	3	109	-14.2	4.8	5055	na	na	-	INVESTIGATE		
DIV	anet	97285	387658	19	+16.6	7.8	2875	1	12	-	INVESTIGATE		
DIV	anet	212886	870312	16	-14.2	9.0	3133	2	6	-	INVESTIGATE		
DIV	anet	57466	246078	13	-14.2	6.4	4848	10	25	-	INVESTIGATE		
DIV	anet	36964	159620	18	+16.6	6.0	2288	3	7	-	INVESTIGATE		
DIV	anet	108383	428417	143	-14.2	6.9	2036	3	18	-	INVESTIGATE		
DIV	anet	205295	823272	13	+16.6	8.6	3159	1	7	-	INVESTIGATE		
DIV	tfrrs	10400	5	56	-14.2	3.4	4634	na	na	-	INVESTIGATE		
DIV	tfrrs	20070	0	16	-14.2	15.3	5079	na	na	-	INVESTIGATE		
DIV	anet	254256	1015157	46	-14.2	10.5	3106	1	7	-	INVESTIGATE		
DIV	anet	242099	986822	47	-14.2	7.3	1831	3	3	-	PERSISTENT		
DIV	anet	157726	685204	56	+16.5	6.5	2902	6	16	-	INVESTIGATE		
DIV	anet	131406	555042	19	+16.5	9.0	1833	3	13	-	INVESTIGATE		
DIV	anet	48066	205052	17	-14.2	7.0	2284	8	16	-	PERSISTENT		
DIV	anet	58431	250144	84	-14.2	6.4	5251	10	24	-	INVESTIGATE		
DIV	anet	100458	394691	31	+16.5	7.9	2875	3	16	-	INVESTIGATE		
DIV	anet	110318	436767	27	+16.5	9.8	2363	1	4	-	INVESTIGATE		
DIV	anet	25206	110429	20	+16.5	4.5	2928	2	10	-	INVESTIGATE		
DIV	anet	48088	205150	17	-14.2	5.5	5072	3	19	-	INVESTIGATE		
DIV	anet	197024	789796	53	-14.2	11.9	3159	3	18	-	INVESTIGATE		
DIV	anet	63238	272217	13	-14.2	11.5	5055	2	7	-	INVESTIGATE		
DIV	tfrrs	9177	4	92	-14.2	4.9	4730	na	na	-	INVESTIGATE		
DIV	anet	239817	957923	17	-14.2	4.7	5037	1	6	-	INVESTIGATE		
DIV	tfrrs	12952	2	111	-14.2	5.0	5051	na	na	-	INVESTIGATE		
DIV	tfrrs	13530	6	46	-14.2	6.6	5088	na	na	-	INVESTIGATE		
DIV	anet	132329	539544	131	+16.5	4.8	5051	5	16	-	INVESTIGATE		
DIV	anet	215067	858085	26	-14.2	8.1	4881	1	3	-	INVESTIGATE		
DIV	tfrrs	21853	0	81	-14.2	5.6	5039	na	na	-	INVESTIGATE		
DIV	tfrrs	10404	0	86	-14.2	9.1	5106	na	na	-	INVESTIGATE		
DIV	tfrrs	23871	2	38	-14.2	13.7	5088	na	na	-	INVESTIGATE		
DIV	anet	212646	848605	12	+16.5	4.8	2374	6	10	-	PERSISTENT		
DIV	anet	139486	578874	14	-14.2	9.2	1435	1	3	-	INVESTIGATE		
DIV	anet	152401	632527	24	+16.5	16.0	3123	2	5	-	INVESTIGATE		
DIV	anet	53935	229947	93	-14.2	4.1	3994	1	9	-	INVESTIGATE		
DIV	anet	228509	915320	30	-14.2	8.9	2256	2	2	-	INVESTIGATE		
DIV	anet	127077	514964	12	+16.5	5.4	5054	1	10	-	INVESTIGATE		
DIV	anet	193317	779349	12	-14.2	5.8	1959	6	36	-	INVESTIGATE		
DIV	anet	57434	267709	29	-14.2	11.1	2874	4	24	-	INVESTIGATE		
DIV	anet	136270	585734	16	+16.5	10.4	3100	1	6	-	INVESTIGATE		
DIV	tfrrs	19828	1	179	-14.2	7.4	5071	na	na	-	INVESTIGATE		
DIV	anet	35404	153399	121	-14.2	4.6	2288	5	21	-	INVESTIGATE		
DIV	anet	169757	701688	12	+16.5	14.0	2272	1	1	-	INVESTIGATE		
DIV	tfrrs	12359	6	75	-14.2	4.1	4781	na	na	-	INVESTIGATE		
DIV	anet	156595	652732	41	+16.5	15.4	3142	3	17	-	INVESTIGATE		
DIV	anet	74976	300413	51	+16.5	5.0	5055	1	3	-	INVESTIGATE		
DIV	tfrrs	20200	0	44	-14.2	7.9	5071	na	na	-	INVESTIGATE		
DIV	tfrrs	22340	5	25	-14.1	4.0	5060	na	na	-	INVESTIGATE		
DIV	anet	242895	997888	43	+16.5	8.1	2875	1	8	-	INVESTIGATE		
DIV	anet	118532	475614	25	-14.1	13.2	5054	2	8	-	INVESTIGATE		
DIV	anet	175380	719028	15	-14.1	16.5	5138	1	18	-	INVESTIGATE		
DIV	tfrrs	25457	3	169	-14.1	10.6	5000	na	na	-	INVESTIGATE		
DIV	anet	137683	568182	29	+16.5	5.0	2888	10	16	-	PERSISTENT		
DIV	tfrrs	23381	0	64	-14.1	7.6	5023	na	na	-	INVESTIGATE		
DIV	tfrrs	8923	3	56	-14.1	8.1	5034	na	na	-	INVESTIGATE		
DIV	anet	48832	228213	23	+16.5	12.8	3132	1	16	-	INVESTIGATE		
DIV	anet	60253	258022	39	-14.1	5.4	2110	2	17	-	INVESTIGATE		
DIV	anet	198732	796373	40	-14.1	13.0	5122	1	12	-	INVESTIGATE		
DIV	tfrrs	12952	11	47	-14.1	4.7	5041	na	na	-	INVESTIGATE		
DIV	anet	198732	796372	53	-14.1	13.2	5131	1	12	-	INVESTIGATE		
DIV	anet	132222	569244	12	+16.4	4.8	1764	5	24	-	INVESTIGATE		
DIV	anet	135680	556791	75	+16.4	9.9	1435	3	9	-	INVESTIGATE		
DIV	anet	83121	326561	15	+16.4	3.1	5055	4	10	-	INVESTIGATE		
DIV	anet	119704	492436	16	-14.1	3.3	3958	1	3	-	INVESTIGATE		
DIV	tfrrs	25930	5	27	-14.1	6.8	5000	na	na	-	INVESTIGATE		
DIV	anet	105765	416910	17	-14.1	7.8	2874	2	9	-	INVESTIGATE		
DIV	anet	174868	731034	13	-14.1	5.9	4932	1	11	-	INVESTIGATE		
DIV	anet	255779	1017180	27	-14.1	12.4	1818	1	5	-	INVESTIGATE		
DIV	anet	232530	928106	17	-14.1	5.0	2229	11	14	-	PERSISTENT		
DIV	anet	172666	716830	12	-14.1	9.2	3141	1	8	-	INVESTIGATE		
DIV	anet	244986	975415	63	-14.1	5.4	2351	3	9	-	INVESTIGATE		
DIV	anet	215335	859307	42	-14.1	14.1	2900	1	13	-	INVESTIGATE		
DIV	anet	234457	937613	44	+16.4	11.4	5060	2	19	-	INVESTIGATE		
DIV	anet	108010	441301	16	+16.4	15.1	2887	2	15	-	INVESTIGATE		
DIV	anet	149716	621453	48	-14.1	6.6	2888	3	4	-	PERSISTENT		
DIV	anet	260069	1032692	114	-14.1	6.4	1442	2	3	-	PERSISTENT		
DIV	tfrrs	11903	1	36	-14.1	4.9	5051	na	na	-	INVESTIGATE		
DIV	tfrrs	23871	3	48	-14.1	7.9	5088	na	na	-	INVESTIGATE		
DIV	tfrrs	24495	0	42	-14.1	11.4	5074	na	na	-	INVESTIGATE		
DIV	anet	85042	334647	31	+16.4	6.8	2891	1	8	-	INVESTIGATE		
DIV	anet	97489	388483	24	-14.1	15.1	2875	1	27	-	INVESTIGATE		
DIV	anet	70587	292458	54	-14.1	12.2	2251	15	26	-	PERSISTENT		
DIV	anet	87366	346702	12	-14.1	6.7	1828	3	27	-	INVESTIGATE		
DIV	anet	244205	973052	63	-14.1	5.9	3087	1	7	-	INVESTIGATE		
DIV	anet	203339	815264	18	-14.1	12.6	2934	2	13	-	INVESTIGATE		
DIV	anet	12132	55489	15	+16.4	7.1	3151	3	20	-	INVESTIGATE		
DIV	anet	217092	867428	74	+16.4	12.4	3132	1	10	-	INVESTIGATE		
DIV	anet	87672	348182	35	+16.4	9.4	3103	3	6	-	PERSISTENT		
DIV	tfrrs	16292	3	49	-14.1	8.1	5075	na	na	-	INVESTIGATE		
DIV	anet	244727	984761	26	+16.4	5.5	2875	2	6	-	INVESTIGATE		
DIV	anet	37719	162535	16	-14.1	8.3	5071	1	8	-	INVESTIGATE		
DIV	anet	95184	376833	32	+16.4	11.8	1458	2	16	-	INVESTIGATE		
DIV	anet	28418	123694	28	+16.4	5.4	2918	1	24	-	INVESTIGATE		
DIV	anet	4787	23060	41	-14.1	13.7	3159	3	10	-	INVESTIGATE		
DIV	anet	52512	223481	16	-14.1	5.8	2269	2	20	-	INVESTIGATE		
DIV	anet	223112	924348	107	-14.1	10.7	2270	2	21	-	INVESTIGATE		
DIV	tfrrs	18289	5	18	-14.1	6.8	5131	na	na	-	INVESTIGATE		
DIV	anet	10008	46485	14	+16.4	2.9	4046	3	6	-	PERSISTENT		
DIV	anet	6068	28995	22	-14.1	5.0	4767	1	11	-	INVESTIGATE		
DIV	tfrrs	20275	1	40	-14.1	15.9	5131	na	na	-	INVESTIGATE		
DIV	anet	242648	967201	36	-14.1	5.3	5023	1	5	-	INVESTIGATE		
DIV	tfrrs	13530	9	53	-14.1	5.2	5060	na	na	-	INVESTIGATE		
DIV	anet	80214	317631	29	-14.1	5.2	5028	1	12	-	INVESTIGATE		
DIV	anet	58431	250142	159	-14.1	6.0	5276	10	24	-	INVESTIGATE		
DIV	anet	253958	1021677	25	-14.1	5.0	2859	1	4	-	INVESTIGATE		
DIV	tfrrs	23940	0	78	-14.1	8.3	3957	na	na	-	INVESTIGATE		
DIV	anet	71679	293891	43	-14.1	9.2	2256	2	9	-	INVESTIGATE		
DIV	anet	20198	92326	43	+16.4	5.1	3155	4	26	-	INVESTIGATE		
DIV	anet	81584	323415	20	-14.1	5.9	2891	3	38	-	INVESTIGATE		
DIV	tfrrs	24762	0	24	-14.1	13.5	5023	na	na	-	INVESTIGATE		
DIV	tfrrs	24451	1	40	-14.1	4.0	5037	na	na	-	INVESTIGATE		
DIV	tfrrs	19931	1	105	-14.1	3.7	5071	na	na	-	INVESTIGATE		
DIV	anet	21911	96861	34	-14.1	9.0	2293	3	11	-	INVESTIGATE		
DIV	anet	93219	368359	54	-14.1	12.2	2891	10	16	-	PERSISTENT		
DIV	anet	112472	446095	16	+16.4	6.8	1925	2	13	-	INVESTIGATE		
DIV	anet	11197	51522	12	+16.4	7.9	3175	10	24	-	INVESTIGATE		
DIV	tfrrs	9389	7	15	-14.1	4.7	5066	na	na	-	INVESTIGATE		
DIV	tfrrs	13159	7	14	-14.1	7.6	4766	na	na	-	INVESTIGATE		
DIV	anet	96130	382931	12	-14.1	4.9	3108	3	5	-	PERSISTENT		
DIV	tfrrs	8831	3	63	-14.1	4.0	5034	na	na	-	INVESTIGATE		
DIV	tfrrs	22389	0	55	-14.1	8.0	5050	na	na	-	INVESTIGATE		
DIV	anet	222770	891256	12	+16.4	3.4	2772	3	7	-	INVESTIGATE		
DIV	anet	235719	942891	105	+16.4	8.7	5060	1	10	-	INVESTIGATE		
DIV	anet	235752	942983	105	+16.4	8.7	5060	1	10	-	INVESTIGATE		
DIV	anet	150887	625796	84	-14.1	8.3	2714	1	6	-	INVESTIGATE		
DIV	anet	4787	36510	25	-14.1	33.6	3152	3	10	-	INVESTIGATE		
DIV	anet	4042	19693	14	+16.4	3.4	4008	2	13	-	INVESTIGATE		
DIV	anet	26457	115387	23	-14.1	6.8	5112	1	4	-	INVESTIGATE		
DIV	anet	158158	696482	154	+16.4	10.6	3134	6	22	-	INVESTIGATE		
DIV	anet	230166	917983	12	-14.1	6.9	3121	3	9	-	INVESTIGATE		
DIV	anet	138288	571707	14	+16.4	11.3	2261	2	11	-	INVESTIGATE		
DIV	anet	218866	875845	18	-14.1	5.6	5071	2	3	-	PERSISTENT		
DIV	anet	145303	609746	17	-14.1	7.2	5088	3	8	-	INVESTIGATE		
DIV	anet	167796	694057	17	+16.3	16.8	3134	2	22	-	INVESTIGATE		
DIV	tfrrs	23789	2	17	-14.1	11.7	5023	na	na	-	INVESTIGATE		
DIV	anet	130870	532982	40	+16.3	9.9	3102	1	10	-	INVESTIGATE		
DIV	anet	123451	496360	13	-14.0	5.5	3106	3	9	-	INVESTIGATE		
DIV	anet	243955	972348	77	+16.3	4.9	2763	3	15	-	INVESTIGATE		
DIV	tfrrs	14668	6	74	-14.0	2.9	5088	na	na	-	INVESTIGATE		
DIV	anet	70554	292256	23	+16.3	5.7	3943	1	4	-	INVESTIGATE		
DIV	anet	209495	838921	13	-14.0	16.0	3132	4	23	-	INVESTIGATE		
DIV	tfrrs	4086	4	98	-14.0	4.2	5034	na	na	-	INVESTIGATE		
DIV	anet	165193	681888	83	-14.0	7.8	4877	3	17	-	INVESTIGATE		
DIV	anet	64423	277944	24	+16.3	6.3	5055	1	2	-	INVESTIGATE		
DIV	anet	148931	619321	14	-14.0	9.0	2888	2	14	-	INVESTIGATE		
DIV	anet	229590	915360	26	-14.0	10.5	2270	1	11	-	INVESTIGATE		
DIV	anet	226231	911416	87	+16.3	9.4	2359	2	15	-	INVESTIGATE		
DIV	tfrrs	10934	0	29	-14.0	3.9	5000	na	na	-	INVESTIGATE		
DIV	anet	177218	725273	60	-14.0	6.7	5138	1	8	-	INVESTIGATE		
DIV	anet	236794	946881	27	-14.0	5.5	3136	1	3	-	INVESTIGATE		
DIV	anet	107567	425001	45	-14.0	7.5	2873	6	7	-	PERSISTENT		
DIV	anet	209129	837586	31	-14.0	6.8	2374	1	4	-	INVESTIGATE		
DIV	anet	5498	26318	24	-14.0	16.5	2382	4	6	-	PERSISTENT		
DIV	anet	246444	977448	13	-14.0	6.9	4385	1	40	-	INVESTIGATE		
DIV	anet	239782	957757	14	-14.0	9.1	5023	3	20	-	INVESTIGATE		
DIV	anet	244469	973414	72	-14.0	9.1	2262	3	21	-	INVESTIGATE		
DIV	anet	200600	804998	17	-14.0	7.6	1862	1	41	-	INVESTIGATE		
DIV	tfrrs	4086	1	92	-14.0	6.0	5055	na	na	-	INVESTIGATE		
DIV	anet	7951	38878	14	+16.3	15.1	2315	1	13	-	INVESTIGATE		
DIV	anet	48829	208279	55	-14.0	9.6	5072	1	21	-	INVESTIGATE		
DIV	anet	233439	932524	27	-14.0	11.7	2889	2	13	-	INVESTIGATE		
DIV	anet	161205	667703	21	-14.0	3.4	5064	4	15	-	INVESTIGATE		
DIV	anet	115264	460082	57	-14.0	3.6	3950	3	18	-	INVESTIGATE		
DIV	anet	185591	754655	14	+16.3	5.6	3173	2	16	-	INVESTIGATE		
DIV	anet	241498	985724	15	-14.0	6.0	1840	1	4	-	INVESTIGATE		
DIV	anet	172587	711495	49	-14.0	10.8	2938	3	26	-	INVESTIGATE		
DIV	anet	153130	636420	14	+16.3	9.1	2629	4	23	-	INVESTIGATE		
DIV	anet	236887	947127	13	-14.0	8.1	5079	2	5	-	INVESTIGATE		
DIV	tfrrs	27216	2	96	-14.0	3.5	3948	na	na	-	INVESTIGATE		
DIV	anet	236589	946235	15	+16.3	16.8	3112	1	9	-	INVESTIGATE		
DIV	anet	94773	375107	43	-14.0	14.3	2875	8	37	-	INVESTIGATE		
DIV	anet	154612	644522	48	+16.3	6.8	5088	1	2	-	INVESTIGATE		
DIV	anet	215234	858836	25	+16.3	10.6	2900	2	7	-	INVESTIGATE		
DIV	tfrrs	23949	0	99	-14.0	6.7	5023	na	na	-	INVESTIGATE		
DIV	anet	151832	629805	50	+16.3	9.1	2910	10	16	-	PERSISTENT		
DIV	anet	193274	779183	16	-14.0	16.0	2468	1	18	-	INVESTIGATE		
DIV	anet	235511	941972	102	+16.3	9.6	5039	1	3	-	INVESTIGATE		
DIV	anet	108273	427949	21	-14.0	8.4	5202	3	26	-	INVESTIGATE		
DIV	tfrrs	23476	1	187	-14.0	7.3	5000	na	na	-	INVESTIGATE		
DIV	anet	177388	725813	22	-14.0	8.0	4945	1	3	-	INVESTIGATE		
DIV	anet	207640	832616	15	-14.0	11.0	4348	1	5	-	INVESTIGATE		
DIV	anet	61364	262998	18	-14.0	9.7	3087	3	17	-	INVESTIGATE		
DIV	anet	212870	859986	27	-14.0	9.6	2363	1	12	-	INVESTIGATE		
DIV	anet	109431	433400	33	+16.3	14.9	1596	1	14	-	INVESTIGATE		
DIV	tfrrs	19547	1	44	-14.0	12.1	5079	na	na	-	INVESTIGATE		
DIV	tfrrs	20779	1	44	-14.0	12.1	5079	na	na	-	INVESTIGATE		
DIV	anet	27624	120266	16	+16.3	7.8	6013	1	6	-	INVESTIGATE		
DIV	anet	109428	435401	72	-14.0	4.8	4859	5	15	-	INVESTIGATE		
DIV	anet	221112	885002	99	+16.3	8.5	2889	1	4	-	INVESTIGATE		
DIV	anet	110286	441185	14	+16.3	7.7	5048	4	10	-	INVESTIGATE		
DIV	tfrrs	24603	1	22	-14.0	8.5	5037	na	na	-	INVESTIGATE		
DIV	anet	240257	959768	69	+16.3	9.9	2872	4	8	-	PERSISTENT		
DIV	anet	59169	278382	65	-14.0	5.8	4150	1	18	-	INVESTIGATE		
DIV	anet	115863	463047	81	-14.0	9.2	5048	1	3	-	INVESTIGATE		
DIV	anet	216128	862883	22	+16.3	7.2	2900	1	4	-	INVESTIGATE		
DIV	tfrrs	13260	1	21	-14.0	2.5	5051	na	na	-	INVESTIGATE		
DIV	anet	104614	411185	45	-14.0	6.8	5034	5	26	-	INVESTIGATE		
DIV	anet	216717	865418	20	-14.0	6.1	2279	3	5	-	PERSISTENT		
DIV	anet	83288	327239	29	+16.3	5.5	4842	1	10	-	INVESTIGATE		
DIV	anet	172966	712518	86	+16.3	4.8	2405	5	24	-	INVESTIGATE		
DIV	anet	236373	945199	13	+16.3	5.0	652	7	21	-	INVESTIGATE		
DIV	anet	5256	25275	57	-14.0	4.8	5327	10	24	-	INVESTIGATE		
DIV	anet	209685	839547	20	-14.0	11.6	5079	1	19	-	INVESTIGATE		
DIV	tfrrs	23929	0	131	-14.0	4.5	5023	na	na	-	INVESTIGATE		
DIV	anet	116154	464539	116	+16.3	7.4	5048	4	13	-	INVESTIGATE		
DIV	anet	229552	915179	18	+16.2	7.4	2881	1	5	-	INVESTIGATE		
DIV	anet	147280	615413	20	-14.0	6.2	3127	4	15	-	INVESTIGATE		
DIV	anet	172794	733303	73	-14.0	13.0	5122	1	14	-	INVESTIGATE		
DIV	tfrrs	21698	1	37	-14.0	9.4	5060	na	na	-	INVESTIGATE		
DIV	anet	235606	942507	94	+16.2	9.2	5060	2	8	-	INVESTIGATE		
DIV	anet	75558	303275	89	+16.2	10.8	3132	1	9	-	INVESTIGATE		
DIV	tfrrs	15611	2	159	-14.0	4.5	5000	na	na	-	INVESTIGATE		
DIV	anet	97680	389254	50	-14.0	8.1	4850	1	17	-	INVESTIGATE		
DIV	anet	11501	52723	19	+16.2	5.1	3053	4	24	-	INVESTIGATE		
DIV	anet	79786	315812	20	-14.0	8.3	5055	1	17	-	INVESTIGATE		
DIV	tfrrs	22564	1	19	-14.0	12.3	5112	na	na	-	INVESTIGATE		
DIV	anet	250631	998497	44	+16.2	7.4	3107	2	2	-	INVESTIGATE		
DIV	anet	246581	978075	130	-14.0	12.9	3088	1	31	-	INVESTIGATE		
DIV	anet	259754	1031415	20	-14.0	8.5	2841	1	18	-	INVESTIGATE		
DIV	tfrrs	21260	1	98	-14.0	6.5	5060	na	na	-	INVESTIGATE		
DIV	anet	144493	637000	19	+16.2	2.9	3122	1	14	-	INVESTIGATE		
DIV	anet	176340	721901	38	+16.2	4.7	4932	2	6	-	INVESTIGATE		
DIV	anet	59124	253083	35	+16.2	4.7	3105	1	18	-	INVESTIGATE		
DIV	anet	232634	928699	33	-14.0	9.9	2881	1	17	-	INVESTIGATE		
DIV	anet	91264	360027	48	-14.0	12.6	5036	2	17	-	INVESTIGATE		
DIV	tfrrs	22351	1	24	-14.0	6.5	5060	na	na	-	INVESTIGATE		
DIV	anet	249797	999884	17	+16.2	19.6	3102	2	6	-	INVESTIGATE		
DIV	anet	24806	108728	12	+16.2	4.3	5112	1	2	-	INVESTIGATE		
DIV	tfrrs	19569	2	270	-14.0	8.2	5071	na	na	-	INVESTIGATE		
DIV	anet	197575	791534	23	+16.2	14.2	1879	5	13	-	INVESTIGATE		
DIV	anet	100832	396655	40	-14.0	11.8	5056	5	21	-	INVESTIGATE		
DIV	tfrrs	20512	0	29	-14.0	7.3	5071	na	na	-	INVESTIGATE		
DIV	anet	87672	348186	17	+16.2	12.3	3103	3	6	-	PERSISTENT		
DIV	anet	197723	792226	47	+16.2	8.6	2924	3	9	-	INVESTIGATE		
DIV	anet	111996	443955	56	-14.0	8.6	1842	2	4	-	PERSISTENT		
DIV	anet	119729	507107	33	+16.2	2.8	2878	1	4	-	INVESTIGATE		
DIV	anet	241520	968259	22	+16.2	7.2	2875	4	24	-	INVESTIGATE		
DIV	tfrrs	26445	0	22	-14.0	11.9	5000	na	na	-	INVESTIGATE		
DIV	anet	131202	534482	32	-14.0	12.1	5041	1	4	-	INVESTIGATE		
DIV	anet	83518	328157	67	-13.9	5.2	2256	2	3	-	PERSISTENT		
DIV	anet	151924	630169	17	-13.9	3.8	2270	1	7	-	INVESTIGATE		
DIV	anet	151818	629731	18	+16.2	2.4	5060	4	10	-	INVESTIGATE		
DIV	anet	262566	1041889	48	+16.2	7.6	3069	1	5	-	INVESTIGATE		
DIV	anet	148525	618445	123	-13.9	6.7	2292	5	13	-	INVESTIGATE		
DIV	anet	247931	984071	54	-13.9	9.0	2260	1	3	-	INVESTIGATE		
DIV	anet	38203	164457	51	+16.2	2.1	5080	5	16	-	INVESTIGATE		
DIV	anet	241982	965304	35	-13.9	4.3	2875	2	43	-	INVESTIGATE		
DIV	tfrrs	12952	13	63	-13.9	3.5	5041	na	na	-	INVESTIGATE		
DIV	anet	61293	262689	59	-13.9	5.0	1519	2	44	-	INVESTIGATE		
DIV	anet	112445	445944	29	+16.2	16.3	2887	1	13	-	INVESTIGATE		
DIV	anet	18878	84289	14	-13.9	0.9	3140	6	20	-	INVESTIGATE		
DIV	tfrrs	10896	0	43	-13.9	4.0	5054	na	na	-	INVESTIGATE		
DIV	anet	151832	629806	67	+16.2	7.3	2888	10	16	-	PERSISTENT		
DIV	anet	225314	920009	27	+16.2	7.8	3112	1	8	-	INVESTIGATE		
DIV	anet	153545	638892	31	+16.2	9.2	5060	1	4	-	INVESTIGATE		
DIV	anet	20840	103110	18	-13.9	12.6	2306	4	6	-	PERSISTENT		
DIV	anet	241092	962620	12	-13.9	8.2	1831	1	2	-	INVESTIGATE		
DIV	anet	123618	512497	15	+16.2	4.2	3112	1	8	-	INVESTIGATE		
DIV	anet	200846	806150	13	-13.9	11.7	2298	1	1	-	INVESTIGATE		
DIV	anet	229467	914806	87	+16.2	6.1	2881	4	8	-	PERSISTENT		
DIV	anet	139458	589092	40	+16.2	8.1	2888	2	11	-	INVESTIGATE		
DIV	tfrrs	25902	1	126	-13.9	8.1	5051	na	na	-	INVESTIGATE		
DIV	anet	161496	668497	13	-13.9	8.9	3307	4	15	-	INVESTIGATE		
DIV	anet	261465	1053544	16	-13.9	3.9	2854	1	1	-	INVESTIGATE		
DIV	anet	235501	941947	98	+16.2	8.1	5039	3	13	-	INVESTIGATE		
DIV	tfrrs	23484	2	389	-13.9	9.9	5051	na	na	-	INVESTIGATE		
DIV	anet	261219	1037044	61	+16.2	7.3	3069	1	6	-	INVESTIGATE		
DIV	anet	45940	213565	32	-13.9	5.1	3121	4	23	-	INVESTIGATE		
DIV	anet	31784	151710	47	-13.9	12.0	4884	6	11	-	PERSISTENT		
DIV	anet	256235	1018911	103	+16.2	4.4	5000	12	19	-	PERSISTENT		
DIV	tfrrs	18079	3	52	-13.9	6.0	5174	na	na	-	INVESTIGATE		
DIV	anet	50751	216269	21	-13.9	17.4	2359	2	22	-	INVESTIGATE		
DIV	anet	219490	878927	16	+16.2	4.8	3133	1	4	-	INVESTIGATE		
DIV	anet	136268	560742	26	+16.2	10.5	3100	1	6	-	INVESTIGATE		
DIV	anet	33674	146289	37	+16.2	8.5	4884	10	18	-	PERSISTENT		
DIV	anet	227428	936028	28	-13.9	12.1	3102	1	8	-	INVESTIGATE		
DIV	anet	72852	296832	25	+16.2	3.5	2262	1	17	-	INVESTIGATE		
DIV	anet	200826	806031	37	+16.2	5.1	5122	5	9	-	PERSISTENT		
DIV	anet	206919	829620	20	-13.9	17.9	1610	2	5	-	INVESTIGATE		
DIV	anet	186311	756859	13	+16.2	9.4	3159	2	7	-	INVESTIGATE		
DIV	anet	212958	849490	13	-13.9	12.7	3132	3	10	-	INVESTIGATE		
DIV	anet	136883	563765	22	-13.9	8.1	2275	3	15	-	INVESTIGATE		
DIV	anet	206724	840619	44	-13.9	10.1	5079	3	11	-	INVESTIGATE		
DIV	tfrrs	22982	1	51	-13.9	4.3	5072	na	na	-	INVESTIGATE		
DIV	anet	59169	278381	102	-13.9	7.1	4158	1	18	-	INVESTIGATE		
DIV	anet	271614	1082004	129	+16.2	10.7	5000	1	3	-	INVESTIGATE		
DIV	tfrrs	21950	0	60	-13.9	7.2	5039	na	na	-	INVESTIGATE		
DIV	tfrrs	22057	0	60	-13.9	7.2	5039	na	na	-	INVESTIGATE		
DIV	anet	236477	945751	34	+16.1	8.1	3121	1	4	-	INVESTIGATE		
DIV	tfrrs	24495	1	23	-13.9	10.3	5088	na	na	-	INVESTIGATE		
DIV	anet	205817	825408	27	+16.1	10.8	3149	1	1	-	INVESTIGATE		
DIV	anet	96472	384362	14	-13.9	5.8	4335	3	8	-	INVESTIGATE		
DIV	anet	250585	1002340	35	+16.1	8.6	2248	1	7	-	INVESTIGATE		
DIV	anet	93866	371257	35	+16.1	3.7	4865	2	9	-	INVESTIGATE		
DIV	anet	200609	806266	27	-13.9	3.1	4865	1	4	-	INVESTIGATE		
DIV	anet	229876	924094	46	+16.1	6.1	1939	3	13	-	INVESTIGATE		
DIV	tfrrs	18079	2	54	-13.9	8.9	5174	na	na	-	INVESTIGATE		
DIV	anet	11023	50760	12	+16.1	3.2	4010	7	19	-	INVESTIGATE		
DIV	anet	50893	216802	31	-13.9	11.9	2886	2	12	-	INVESTIGATE		
DIV	anet	122564	492632	19	+16.1	8.2	2352	1	12	-	INVESTIGATE		
DIV	tfrrs	22108	0	46	-13.9	6.9	5039	na	na	-	INVESTIGATE		
DIV	tfrrs	5278	0	21	-13.9	13.5	4785	na	na	-	INVESTIGATE		
DIV	anet	120453	483984	22	-13.9	6.6	2879	2	24	-	INVESTIGATE		
DIV	anet	140501	585203	45	+16.1	2.9	5051	1	13	-	INVESTIGATE		
DIV	anet	267510	1064390	16	-13.9	4.3	1818	2	18	-	INVESTIGATE		
DIV	anet	50675	215974	54	-13.9	14.0	2887	8	37	-	INVESTIGATE		
DIV	anet	160981	676783	44	+16.1	7.6	3307	3	7	-	INVESTIGATE		
DIV	anet	106204	419068	13	-13.9	15.3	5034	1	22	-	INVESTIGATE		
DIV	tfrrs	23339	3	82	-13.9	6.0	5037	na	na	-	INVESTIGATE		
DIV	anet	13545	61595	15	+16.1	6.1	4010	2	7	OVERRIDE	REGRESSION		
DIV	anet	104614	411186	99	-13.9	8.1	5048	5	26	-	INVESTIGATE		
DIV	anet	50882	216767	63	+16.1	6.5	2374	2	9	-	INVESTIGATE		
DIV	anet	232955	930389	14	-13.9	6.0	3123	1	9	-	INVESTIGATE		
DIV	anet	262566	1041890	56	+16.1	7.7	3065	1	5	-	INVESTIGATE		
DIV	anet	210382	854042	27	-13.9	8.4	2284	3	16	OVERRIDE	REGRESSION		
DIV	anet	148276	617879	21	-13.9	7.5	3121	4	24	-	INVESTIGATE		
DIV	anet	243822	971360	19	-13.9	9.9	5037	1	11	-	INVESTIGATE		
DIV	anet	140224	583439	17	-13.9	10.2	2888	1	18	-	INVESTIGATE		
DIV	anet	84367	331733	16	+16.1	6.5	3103	1	5	-	INVESTIGATE		
DIV	anet	132102	538483	13	-13.9	8.0	2275	2	4	-	PERSISTENT		
DIV	anet	191703	774373	63	+16.1	5.2	2726	2	18	-	INVESTIGATE		
DIV	anet	11202	51537	19	+16.1	9.6	2828	10	24	-	INVESTIGATE		
DIV	tfrrs	25976	1	30	-13.9	4.2	5000	na	na	-	INVESTIGATE		
DIV	anet	18607	83186	12	-13.9	11.9	4923	2	20	-	INVESTIGATE		
DIV	anet	36452	157605	18	-13.9	5.9	1431	1	4	-	INVESTIGATE		
DIV	anet	49068	209318	15	-13.9	6.7	6682	1	36	-	INVESTIGATE		
DIV	anet	147423	633643	18	+16.1	3.0	2382	3	13	-	INVESTIGATE		
DIV	anet	131399	535387	15	-13.9	11.9	3104	10	25	-	INVESTIGATE		
DIV	anet	136106	559049	42	+16.1	4.0	5051	5	9	-	PERSISTENT		
DIV	tfrrs	20763	1	12	-13.9	3.2	5079	na	na	-	INVESTIGATE		
DIV	anet	51421	219081	19	+16.1	11.5	3113	1	10	-	INVESTIGATE		
DIV	anet	266114	1056694	24	-13.9	9.0	1994	3	13	-	INVESTIGATE		
DIV	anet	242925	1003658	15	+16.1	11.6	3088	1	9	-	INVESTIGATE		
DIV	tfrrs	10647	3	52	-13.9	4.7	5066	na	na	-	INVESTIGATE		
DIV	tfrrs	24517	0	46	-13.9	15.6	5023	na	na	-	INVESTIGATE		
DIV	anet	61196	262252	27	-13.9	4.8	5055	1	16	-	INVESTIGATE		
DIV	anet	13000	65937	13	+16.1	11.3	2312	1	20	-	INVESTIGATE		
DIV	anet	199330	798893	21	-13.8	8.9	2923	10	35	-	INVESTIGATE		
DIV	anet	229831	916443	13	-13.8	6.3	2270	3	14	-	INVESTIGATE		
DIV	anet	118622	476022	20	-13.8	7.6	3112	5	18	-	INVESTIGATE		
DIV	anet	11487	52660	66	+16.1	2.8	5111	12	19	-	PERSISTENT		
DIV	tfrrs	4500	0	30	+16.1	4.2	6118	na	na	-	INVESTIGATE		
DIV	anet	163831	676111	79	-13.8	15.5	5075	1	10	-	INVESTIGATE		
DIV	anet	145892	638516	24	+16.1	8.3	3123	6	9	-	PERSISTENT		
DIV	anet	11487	52659	80	+16.1	3.6	5134	12	19	-	PERSISTENT		
DIV	anet	174240	715831	31	-13.8	5.9	4021	3	6	-	PERSISTENT		
DIV	anet	152071	630857	23	+16.1	5.2	5060	4	4	-	PERSISTENT		
DIV	tfrrs	24813	0	37	-13.8	7.3	5023	na	na	-	INVESTIGATE		
DIV	anet	136645	562195	134	+16.1	8.3	2888	1	30	-	INVESTIGATE		
DIV	tfrrs	23871	1	55	-13.8	6.8	5074	na	na	-	INVESTIGATE		
DIV	anet	85123	335019	15	-13.8	6.7	3101	1	5	-	INVESTIGATE		
DIV	anet	260008	1032368	50	+16.0	6.9	3069	1	13	-	INVESTIGATE		
DIV	anet	131612	576441	36	-13.8	16.4	3090	1	3	-	INVESTIGATE		
DIV	anet	193211	779034	13	-13.8	11.7	3513	4	19	-	INVESTIGATE		
DIV	anet	111318	440981	20	-13.8	6.1	1425	4	13	-	INVESTIGATE		
DIV	tfrrs	20905	2	46	-13.8	4.8	5071	na	na	-	INVESTIGATE		
DIV	anet	95072	376306	17	-13.8	9.7	5056	2	14	-	INVESTIGATE		
DIV	anet	106032	423812	88	-13.8	7.6	3087	1	3	-	INVESTIGATE		
DIV	anet	64839	279968	60	-13.8	8.5	3087	4	20	-	INVESTIGATE		
DIV	anet	164030	676760	19	-13.8	9.6	2891	3	5	-	PERSISTENT		
DIV	anet	51668	220019	12	+16.0	3.7	5057	1	5	-	INVESTIGATE		
DIV	anet	112398	445773	12	+16.0	11.7	2558	2	12	OVERRIDE	REGRESSION		
DIV	anet	19921	88783	42	+16.0	5.4	5112	7	15	-	INVESTIGATE		
DIV	anet	108918	430773	151	-13.8	6.8	5034	1	12	-	INVESTIGATE		
DIV	anet	249808	993077	18	-13.8	4.3	5023	1	4	-	INVESTIGATE		
DIV	anet	241450	963639	35	-13.8	6.1	4850	2	7	-	INVESTIGATE		
DIV	anet	191953	779155	35	-13.8	7.6	2058	5	24	-	INVESTIGATE		
DIV	tfrrs	18700	0	77	-13.8	5.3	5142	na	na	-	INVESTIGATE		
DIV	anet	200697	805810	17	-13.8	14.9	2298	2	15	-	INVESTIGATE		
DIV	anet	242734	967516	117	+16.0	8.4	2875	1	20	-	INVESTIGATE		
DIV	anet	107000	422495	48	+16.0	4.0	5034	10	18	-	PERSISTENT		
DIV	anet	44779	191878	19	-13.8	3.0	3979	1	11	-	INVESTIGATE		
DIV	anet	185713	755016	12	+16.0	4.7	5122	3	19	-	INVESTIGATE		
DIV	anet	239775	957716	12	-13.8	6.9	5037	3	20	-	INVESTIGATE		
DIV	tfrrs	7532	2	34	-13.8	6.0	4762	na	na	-	INVESTIGATE		
DIV	anet	139103	577834	41	-13.8	6.4	3131	4	11	-	INVESTIGATE		
DIV	anet	136505	567773	31	+16.0	5.1	2878	7	16	-	INVESTIGATE		
DIV	anet	120575	486474	52	-13.8	3.9	1822	10	35	-	INVESTIGATE		
DIV	anet	111519	441838	72	-13.8	8.6	3105	3	17	-	INVESTIGATE		
DIV	anet	164881	680421	42	-13.8	7.9	5064	2	7	-	INVESTIGATE		
DIV	anet	55351	237745	19	+16.0	8.2	3132	1	18	-	INVESTIGATE		
DIV	tfrrs	10053	2	54	-13.8	6.4	3113	na	na	-	INVESTIGATE		
DIV	anet	116349	465711	30	-13.8	3.8	3950	1	5	-	INVESTIGATE		
DIV	anet	110941	442959	61	-13.8	13.3	2887	1	7	-	INVESTIGATE		
DIV	anet	135646	556607	152	-13.8	6.5	3119	5	15	-	INVESTIGATE		
DIV	anet	113222	449706	34	-13.8	7.1	2887	4	29	-	INVESTIGATE		
DIV	tfrrs	18079	0	55	-13.8	5.4	5183	na	na	-	INVESTIGATE		
DIV	anet	133997	546989	147	+16.0	4.8	5051	1	6	-	INVESTIGATE		
DIV	anet	135680	556790	63	+16.0	8.3	1457	3	9	-	INVESTIGATE		
DIV	anet	219144	877315	23	+16.0	7.1	3132	1	2	-	INVESTIGATE		
DIV	anet	144493	636999	19	+16.0	4.8	3122	1	14	-	INVESTIGATE		
DIV	tfrrs	14668	12	72	-13.8	3.7	5060	na	na	-	INVESTIGATE		
DIV	anet	120453	483983	17	-13.8	5.7	2890	2	24	-	INVESTIGATE		
DIV	anet	158323	658826	17	-13.8	13.2	4877	1	6	-	INVESTIGATE		
DIV	anet	81516	323139	49	-13.8	9.3	5028	2	7	-	INVESTIGATE		
DIV	anet	33473	145400	31	-13.8	7.0	5071	3	18	-	INVESTIGATE		
DIV	anet	90205	356145	12	-13.8	12.0	2251	1	8	-	INVESTIGATE		
DIV	anet	172517	711265	30	-13.8	17.3	5138	3	16	-	INVESTIGATE		
DIV	anet	137941	569705	85	-13.8	10.7	3119	3	22	-	INVESTIGATE		
DIV	anet	261122	1036727	12	-13.8	7.7	5000	1	2	-	INVESTIGATE		
DIV	anet	118891	501049	25	-13.8	4.2	1851	1	17	-	INVESTIGATE		
DIV	tfrrs	24170	0	51	-13.8	6.6	5023	na	na	-	INVESTIGATE		
DIV	anet	123319	495765	69	-13.8	10.1	2890	8	37	-	INVESTIGATE		
DIV	anet	243976	973950	50	+16.0	5.7	3083	1	1	-	INVESTIGATE		
DIV	tfrrs	23897	0	103	-13.8	9.2	5023	na	na	-	INVESTIGATE		
DIV	tfrrs	21937	1	15	-13.8	7.9	2890	na	na	-	INVESTIGATE		
DIV	anet	139416	578522	108	-13.8	5.2	2666	1	7	-	INVESTIGATE		
DIV	anet	117020	468909	66	-13.8	4.9	4428	2	16	-	INVESTIGATE		
DIV	anet	175832	720341	12	+15.9	4.2	2405	1	10	-	INVESTIGATE		
DIV	anet	244095	977313	52	-13.8	3.8	1831	2	18	-	INVESTIGATE		
DIV	anet	251926	1004035	20	-13.8	7.5	1425	3	31	-	INVESTIGATE		
DIV	anet	233255	931621	36	+15.9	10.6	4785	2	13	-	INVESTIGATE		
DIV	anet	205781	825223	49	-13.7	8.9	1862	2	9	-	INVESTIGATE		
DIV	anet	148980	626262	18	-13.7	8.0	3127	5	18	-	INVESTIGATE		
DIV	anet	49278	235128	14	-13.7	15.9	1787	5	34	-	INVESTIGATE		
DIV	tfrrs	26416	0	42	-13.7	6.4	5000	na	na	-	INVESTIGATE		
DIV	anet	112191	458873	25	-13.7	7.4	2274	2	15	-	INVESTIGATE		
DIV	anet	201615	810294	18	+15.9	6.7	2823	1	5	-	INVESTIGATE		
DIV	anet	166611	688341	22	+15.9	7.5	2902	1	1	-	INVESTIGATE		
DIV	anet	263096	1073679	15	-13.7	4.6	4108	1	2	OVERRIDE	REGRESSION		
DIV	tfrrs	25354	6	22	-13.7	8.8	5000	na	na	-	INVESTIGATE		
DIV	anet	261675	1041660	56	+15.9	5.2	1442	1	4	OVERRIDE	REGRESSION		
DIV	anet	63688	274545	13	-13.7	11.9	2277	3	46	-	INVESTIGATE		
DIV	anet	112860	451270	14	-13.7	3.6	1830	3	7	-	INVESTIGATE		
DIV	anet	251498	1001860	32	+15.9	9.3	5037	3	6	-	PERSISTENT		
DIV	anet	144283	605876	49	-13.7	5.5	2292	4	17	-	INVESTIGATE		
DIV	anet	256235	1018910	65	+15.9	5.3	5000	12	19	-	PERSISTENT		
DIV	tfrrs	19931	3	94	-13.7	6.1	5079	na	na	-	INVESTIGATE		
DIV	anet	210239	856210	21	+15.9	9.3	3979	6	21	-	INVESTIGATE		
DIV	anet	216011	862114	14	+15.9	8.7	1857	1	12	-	INVESTIGATE		
DIV	tfrrs	22480	0	40	-13.7	9.2	5039	na	na	-	INVESTIGATE		
DIV	tfrrs	13159	3	38	-13.7	4.7	4781	na	na	-	INVESTIGATE		
DIV	tfrrs	13159	4	38	-13.7	4.7	4781	na	na	-	INVESTIGATE		
DIV	anet	136078	558807	21	-13.7	10.4	2888	2	8	-	INVESTIGATE		
DIV	anet	234605	938187	30	+15.9	5.9	5060	2	25	-	INVESTIGATE		
DIV	anet	139686	580999	25	-13.7	5.1	5051	1	4	-	INVESTIGATE		
DIV	anet	213383	861359	13	-13.7	15.2	4881	9	45	-	INVESTIGATE		
DIV	anet	146018	637174	21	+15.9	6.7	2270	1	10	-	INVESTIGATE		
DIV	tfrrs	24314	1	21	-13.7	6.3	5037	na	na	-	INVESTIGATE		
DIV	anet	161719	669100	30	-13.7	5.1	3125	3	4	-	PERSISTENT		
DIV	tfrrs	20552	0	21	+15.9	6.7	5071	na	na	-	INVESTIGATE		
DIV	tfrrs	16292	8	81	-13.7	3.4	5075	na	na	-	INVESTIGATE		
DIV	tfrrs	11987	1	60	-13.7	5.3	5051	na	na	-	INVESTIGATE		
DIV	anet	189672	767609	17	-13.7	2.4	6687	1	10	-	INVESTIGATE		
DIV	tfrrs	26424	1	21	-13.7	9.4	5000	na	na	-	INVESTIGATE		
DIV	anet	142634	597949	15	+15.9	14.2	3100	3	20	-	INVESTIGATE		
DIV	anet	192080	775603	22	-13.7	9.5	5122	1	4	-	INVESTIGATE		
DIV	anet	230792	920811	24	-13.7	13.8	2270	2	13	-	INVESTIGATE		
DIV	anet	20793	92735	24	+15.9	6.6	2918	4	9	-	INVESTIGATE		
DIV	anet	196581	795461	21	-13.7	12.0	5131	5	21	-	INVESTIGATE		
DIV	anet	196318	814451	190	-13.7	5.1	3337	2	13	-	INVESTIGATE		
DIV	anet	123486	496550	90	-13.7	10.0	5043	1	7	-	INVESTIGATE		
DIV	anet	136237	559780	23	-13.7	12.5	4854	2	15	-	INVESTIGATE		
DIV	anet	62815	270026	25	-13.7	3.4	2874	4	5	-	PERSISTENT		
DIV	anet	97787	389727	19	-13.7	6.4	5056	2	17	-	INVESTIGATE		
DIV	tfrrs	6550	3	49	-13.7	3.9	4786	na	na	-	INVESTIGATE		
DIV	anet	152797	641392	16	-13.7	10.7	5088	1	2	-	INVESTIGATE		
DIV	tfrrs	19806	2	31	-13.7	7.6	5079	na	na	-	INVESTIGATE		
DIV	anet	235612	942540	93	+15.9	8.4	5060	3	10	-	INVESTIGATE		
DIV	anet	212513	854015	37	-13.7	11.8	3117	1	7	-	INVESTIGATE		
DIV	anet	138962	589500	37	-13.7	4.9	2878	2	9	-	INVESTIGATE		
DIV	anet	208209	834630	22	-13.7	7.7	5079	3	19	-	INVESTIGATE		
DIV	tfrrs	20739	1	26	-13.7	10.6	5079	na	na	-	INVESTIGATE		
DIV	anet	142357	596522	103	-13.7	3.6	5041	3	35	-	INVESTIGATE		
DIV	anet	215405	860065	56	-13.7	9.5	1446	2	7	-	INVESTIGATE		
DIV	anet	109346	432690	28	-13.7	12.7	2440	1	6	-	INVESTIGATE		
DIV	anet	159028	660837	56	-13.7	9.8	1442	1	10	-	INVESTIGATE		
DIV	anet	193343	779471	22	-13.7	13.6	2977	5	21	-	INVESTIGATE		
DIV	anet	208547	835633	67	+15.9	7.5	2900	4	8	-	PERSISTENT		
DIV	tfrrs	24109	0	43	-13.7	7.6	5011	na	na	-	INVESTIGATE		
DIV	anet	234457	937615	67	+15.9	9.1	5039	2	19	-	INVESTIGATE		
DIV	tfrrs	20181	1	16	-13.7	3.4	5071	na	na	-	INVESTIGATE		
DIV	anet	81565	323352	38	-13.7	9.6	1432	4	16	-	INVESTIGATE		
DIV	anet	121901	490333	15	+15.9	5.3	3122	3	18	-	INVESTIGATE		
DIV	anet	55932	462529	17	+15.9	7.8	4969	3	17	-	INVESTIGATE		
DIV	anet	62446	268242	15	-13.7	15.7	4673	4	15	-	INVESTIGATE		
DIV	tfrrs	22807	0	13	-13.7	8.3	5039	na	na	-	INVESTIGATE		
DIV	anet	163334	674033	31	-13.7	4.4	3119	1	20	-	INVESTIGATE		
DIV	anet	261583	1038325	137	-13.7	6.2	2088	3	16	-	INVESTIGATE		
DIV	anet	200609	806267	15	-13.7	4.9	4861	1	4	-	INVESTIGATE		
DIV	tfrrs	15611	1	168	-13.7	5.1	5000	na	na	-	INVESTIGATE		
DIV	anet	51349	218782	16	-13.7	4.5	5072	1	14	-	INVESTIGATE		
DIV	anet	107552	424898	21	+15.8	14.6	2952	1	7	-	INVESTIGATE		
DIV	anet	235119	940352	56	+15.8	12.4	5060	1	15	-	INVESTIGATE		
DIV	tfrrs	22212	1	19	-13.7	4.5	5060	na	na	-	INVESTIGATE		
DIV	anet	264299	1058925	14	-13.7	8.5	1994	1	23	-	INVESTIGATE		
DIV	anet	150887	625797	65	-13.7	6.9	2693	1	6	-	INVESTIGATE		
DIV	anet	46467	198540	27	+15.8	10.7	2284	4	15	-	INVESTIGATE		
DIV	tfrrs	13450	0	36	-13.7	6.5	3124	na	na	-	INVESTIGATE		
DIV	anet	142082	594843	19	+15.8	9.2	3100	2	7	-	INVESTIGATE		
DIV	anet	146663	613582	26	-13.7	6.9	5088	3	17	-	INVESTIGATE		
DIV	anet	148624	627636	21	+15.8	5.2	3293	1	36	-	INVESTIGATE		
DIV	anet	112872	448006	23	-13.7	15.0	1842	3	5	-	PERSISTENT		
DIV	anet	115453	461042	17	-13.7	5.7	5043	2	13	-	INVESTIGATE		
DIV	anet	159643	663412	51	-13.7	6.6	2891	1	1	-	INVESTIGATE		
DIV	anet	152071	630856	40	+15.8	5.0	5088	4	4	-	PERSISTENT		
DIV	anet	136497	561209	44	+15.8	10.5	3119	1	12	-	INVESTIGATE		
DIV	tfrrs	25486	1	79	-13.7	12.9	5000	na	na	-	INVESTIGATE		
DIV	anet	44062	189669	76	-13.7	2.8	5071	15	26	-	PERSISTENT		
DIV	anet	31866	174787	18	-13.7	2.6	1434	3	30	-	INVESTIGATE		
DIV	anet	175079	718048	26	-13.7	10.1	1445	8	17	-	INVESTIGATE		
DIV	tfrrs	26267	0	36	-13.7	7.6	5000	na	na	-	INVESTIGATE		
DIV	anet	79616	330025	45	-13.7	3.7	1822	5	8	-	PERSISTENT		
DIV	anet	151823	629757	69	-13.7	9.8	3122	1	5	-	INVESTIGATE		
DIV	tfrrs	25565	3	106	-13.7	8.9	5000	na	na	-	INVESTIGATE		
DIV	anet	118126	473820	19	-13.6	11.3	5054	1	21	-	INVESTIGATE		
DIV	anet	111260	440688	24	+15.8	8.5	2363	2	8	-	INVESTIGATE		
DIV	tfrrs	24001	0	92	-13.6	10.9	5023	na	na	-	INVESTIGATE		
DIV	tfrrs	21620	1	20	-13.6	7.3	5060	na	na	-	INVESTIGATE		
DIV	anet	152520	633181	15	+15.8	15.6	2207	1	2	-	INVESTIGATE		
DIV	anet	259643	1030966	19	-13.6	7.7	4745	1	2	-	INVESTIGATE		
DIV	anet	213504	851832	19	-13.6	12.2	3113	2	7	-	INVESTIGATE		
DIV	anet	113306	450107	19	-13.6	7.0	2258	6	21	-	INVESTIGATE		
DIV	anet	260824	1043075	14	-13.6	4.6	1433	2	13	-	INVESTIGATE		
DIV	anet	184005	749750	19	+15.8	2.4	5138	5	15	-	INVESTIGATE		
DIV	anet	61533	263799	12	-13.6	7.9	2874	4	13	-	INVESTIGATE		
DIV	tfrrs	20729	1	35	-13.6	7.9	5079	na	na	-	INVESTIGATE		
DIV	anet	197123	790083	47	+15.8	8.0	2934	1	9	-	INVESTIGATE		
DIV	anet	110797	438795	51	-13.6	6.2	3951	8	12	-	PERSISTENT		
DIV	anet	269709	1073230	16	+15.8	2.5	6077	12	19	-	PERSISTENT		
DIV	anet	175414	719161	73	-13.6	13.2	5138	1	7	-	INVESTIGATE		
DIV	anet	266919	1066688	15	-13.6	7.1	2238	1	1	-	INVESTIGATE		
DIV	anet	35009	151793	56	+15.8	5.7	2905	4	9	-	INVESTIGATE		
DIV	anet	205886	825634	13	-13.6	9.1	3140	1	2	-	INVESTIGATE		
DIV	anet	247459	981900	13	+15.8	3.4	6149	2	18	-	INVESTIGATE		
DIV	anet	208966	837049	13	+15.8	9.1	2882	4	5	-	PERSISTENT		
DIV	anet	110991	439526	28	-13.6	6.9	3107	5	18	-	INVESTIGATE		
DIV	anet	191464	773595	66	-13.6	4.3	3161	2	16	-	INVESTIGATE		
DIV	tfrrs	18505	3	97	-13.6	5.0	5122	na	na	-	INVESTIGATE		
DIV	anet	199644	800428	18	+15.8	9.9	2924	3	16	-	INVESTIGATE		
DIV	anet	5995	32793	33	+15.8	7.6	2291	1	13	-	INVESTIGATE		
DIV	anet	157001	654345	28	-13.6	15.9	2286	1	7	-	INVESTIGATE		
DIV	tfrrs	18279	1	37	-13.6	7.0	5000	na	na	-	INVESTIGATE		
DIV	anet	50060	213353	19	-13.6	19.4	2887	2	11	-	INVESTIGATE		
DIV	anet	269546	1072479	14	-13.6	7.3	5000	1	2	-	INVESTIGATE		
DIV	anet	226775	905124	18	-13.6	14.1	3121	1	24	-	INVESTIGATE		
DIV	anet	33329	144698	133	+15.8	5.4	7333	6	7	-	PERSISTENT		
DIV	anet	244469	973415	54	-13.6	9.6	2260	3	21	-	INVESTIGATE		
DIV	tfrrs	19806	1	40	-13.6	8.3	5071	na	na	-	INVESTIGATE		
DIV	anet	61682	265537	13	-13.6	8.0	2277	5	15	-	INVESTIGATE		
DIV	anet	53935	229591	108	-13.6	3.3	3994	1	9	-	INVESTIGATE		
DIV	anet	10971	50562	13	-13.6	10.1	4921	1	11	-	INVESTIGATE		
DIV	anet	216011	862115	15	+15.8	6.7	1847	1	12	-	INVESTIGATE		
DIV	anet	261478	1070553	22	+15.8	7.8	5000	1	17	-	INVESTIGATE		
DIV	anet	86234	356247	21	-13.6	6.2	2445	1	10	-	INVESTIGATE		
DIV	anet	162473	681308	26	-13.6	10.7	4420	6	25	-	INVESTIGATE		
DIV	anet	58139	248893	34	-13.6	7.4	1458	4	16	-	INVESTIGATE		
DIV	anet	31430	136450	28	-13.6	6.4	4918	1	17	-	INVESTIGATE		
DIV	anet	46620	199165	15	+15.7	8.7	2284	5	18	-	INVESTIGATE		
DIV	tfrrs	23780	0	19	-13.6	16.2	5000	na	na	-	INVESTIGATE		
DIV	anet	244703	974293	32	+15.7	5.6	2875	1	1	-	INVESTIGATE		
DIV	tfrrs	22121	0	77	-13.6	4.2	5039	na	na	-	INVESTIGATE		
DIV	anet	110318	436768	14	+15.7	9.0	2348	1	4	-	INVESTIGATE		
DIV	anet	33329	144695	91	+15.7	5.4	5071	6	7	-	PERSISTENT		
DIV	anet	63642	274315	12	-13.6	21.4	2872	1	18	-	INVESTIGATE		
DIV	anet	205353	823473	96	+15.7	6.1	3169	4	19	-	INVESTIGATE		
DIV	anet	253616	1052180	41	-13.6	6.8	3088	1	3	-	INVESTIGATE		
DIV	anet	43779	188419	22	+15.7	7.7	5176	2	19	-	INVESTIGATE		
DIV	anet	165866	685064	27	-13.6	7.2	2376	1	12	-	INVESTIGATE		
DIV	tfrrs	21747	2	92	-13.6	7.2	5027	na	na	-	INVESTIGATE		
DIV	tfrrs	10400	3	131	-13.6	3.9	4634	na	na	-	INVESTIGATE		
DIV	anet	109692	434218	47	+15.7	7.9	2258	2	11	-	INVESTIGATE		
DIV	tfrrs	23476	0	242	-13.6	7.2	5000	na	na	-	INVESTIGATE		
DIV	anet	134967	552468	39	+15.7	5.1	3109	2	6	-	INVESTIGATE		
DIV	anet	182125	743693	12	+15.7	12.5	2938	1	12	-	INVESTIGATE		
DIV	anet	107508	424716	20	+15.7	11.1	3118	1	5	-	INVESTIGATE		
DIV	anet	210240	841336	39	+15.7	10.5	3974	6	21	-	INVESTIGATE		
DIV	anet	176624	735307	29	+15.7	10.3	3154	1	5	-	INVESTIGATE		
DIV	anet	151414	627924	40	-13.6	16.4	3127	1	6	-	INVESTIGATE		
DIV	anet	106499	420421	25	+15.7	5.4	3105	6	9	-	PERSISTENT		
DIV	anet	111532	441879	22	-13.6	9.0	2108	1	9	-	INVESTIGATE		
DIV	anet	120822	485491	14	+15.7	28.4	3283	2	11	-	INVESTIGATE		
DIV	anet	199329	798889	12	-13.6	6.1	2923	10	35	-	INVESTIGATE		
DIV	anet	180353	737522	18	+15.7	12.3	3173	1	1	-	INVESTIGATE		
DIV	anet	127123	515234	12	+15.7	11.8	3102	1	10	-	INVESTIGATE		
DIV	anet	24135	105762	15	-13.6	20.0	2287	8	17	-	INVESTIGATE		
DIV	anet	145898	611413	57	-13.6	3.4	5060	2	11	-	INVESTIGATE		
DIV	anet	48353	206249	51	-13.6	4.1	2139	2	18	-	INVESTIGATE		
DIV	anet	95004	376010	23	+15.7	10.4	3123	1	15	-	INVESTIGATE		
DIV	tfrrs	15941	0	70	-13.6	6.3	5075	na	na	-	INVESTIGATE		
DIV	anet	1223	5851	13	+15.7	3.2	5176	12	19	-	PERSISTENT		
DIV	anet	241810	964714	12	-13.6	6.5	1831	1	12	-	INVESTIGATE		
DIV	anet	136645	562196	105	+15.7	5.3	2878	1	30	-	INVESTIGATE		
DIV	anet	191627	774124	47	-13.6	19.5	2924	3	16	-	INVESTIGATE		
DIV	anet	235379	941366	13	+15.7	5.0	3412	1	2	-	INVESTIGATE		
DIV	anet	150457	627280	12	+15.7	9.0	2270	1	2	-	INVESTIGATE		
DIV	tfrrs	26362	0	32	-13.6	8.2	5000	na	na	-	INVESTIGATE		
DIV	anet	151823	629756	101	-13.6	11.1	3127	1	5	-	INVESTIGATE		
DIV	anet	45541	194683	159	-13.6	5.6	5293	10	24	-	INVESTIGATE		
DIV	anet	138552	573247	31	-13.6	8.2	5041	1	8	-	INVESTIGATE		
DIV	anet	226598	904528	12	-13.6	5.1	1845	1	21	-	INVESTIGATE		
DIV	tfrrs	11851	2	188	-13.6	7.3	4781	na	na	-	INVESTIGATE		
DIV	anet	162217	671889	45	-13.6	6.9	5075	6	10	-	PERSISTENT		
DIV	anet	100470	394734	54	-13.6	9.3	2277	1	27	-	INVESTIGATE		
DIV	anet	207401	831697	34	-13.6	7.3	2284	1	19	-	INVESTIGATE		
DIV	anet	223147	914649	17	+15.7	3.6	1845	10	16	-	PERSISTENT		
DIV	anet	49278	237796	23	-13.6	13.6	1768	5	34	-	INVESTIGATE		
DIV	anet	42901	184797	29	-13.5	4.6	5230	2	6	-	INVESTIGATE		
DIV	anet	252321	1006031	38	+15.7	9.0	5037	1	3	-	INVESTIGATE		
DIV	anet	221385	886000	45	-13.5	20.4	5055	1	14	-	INVESTIGATE		
DIV	anet	175733	728619	18	+15.7	19.3	1482	1	14	-	INVESTIGATE		
DIV	anet	140621	589422	50	+15.7	4.6	2878	1	10	-	INVESTIGATE		
DIV	anet	155021	646470	40	+15.7	14.8	3123	3	6	-	PERSISTENT		
DIV	anet	493	2423	26	-13.5	3.1	5176	3	20	-	INVESTIGATE		
DIV	anet	11120	51181	63	-13.5	3.1	5331	10	24	-	INVESTIGATE		
DIV	anet	123253	495482	21	-13.5	10.8	2277	3	7	-	INVESTIGATE		
DIV	anet	205301	823296	14	+15.7	4.0	5122	1	5	-	INVESTIGATE		
DIV	anet	258501	1026812	21	-13.5	12.4	3086	2	14	-	INVESTIGATE		
DIV	anet	195227	785014	19	-13.5	11.6	3153	1	18	-	INVESTIGATE		
DIV	tfrrs	19753	2	92	-13.5	10.8	5079	na	na	-	INVESTIGATE		
DIV	anet	149786	621772	60	-13.5	11.1	5088	3	5	-	PERSISTENT		
DIV	anet	164068	676936	67	+15.7	10.9	3134	2	16	-	INVESTIGATE		
DIV	anet	105796	417075	27	-13.5	10.3	2259	6	9	-	PERSISTENT		
DIV	anet	214423	855381	32	+15.7	6.0	3133	1	12	-	INVESTIGATE		
DIV	anet	207264	852617	19	-13.5	8.2	3994	1	20	-	INVESTIGATE		
DIV	anet	118575	502740	68	+15.6	6.6	2511	7	19	-	INVESTIGATE		
DIV	anet	79779	315786	20	-13.5	4.1	4270	1	16	-	INVESTIGATE		
DIV	anet	7895	37173	16	-13.5	5.8	2315	2	4	-	PERSISTENT		
DIV	tfrrs	11848	0	43	-13.5	18.1	4766	na	na	-	INVESTIGATE		
DIV	anet	203393	815709	28	+15.6	12.0	3169	1	2	-	INVESTIGATE		
DIV	tfrrs	25457	1	190	-13.5	8.4	5000	na	na	-	INVESTIGATE		
DIV	anet	110950	439394	15	-13.5	6.8	1830	5	28	-	INVESTIGATE		
DIV	tfrrs	26319	0	63	-13.5	8.6	5000	na	na	-	INVESTIGATE		
DIV	anet	176380	752882	15	-13.5	4.7	2483	1	5	-	INVESTIGATE		
DIV	anet	233451	932590	47	+15.6	5.0	2691	7	20	-	INVESTIGATE		
DIV	tfrrs	6550	1	28	-13.5	3.3	4786	na	na	-	INVESTIGATE		
DIV	anet	107000	422493	65	+15.6	2.3	5048	10	18	-	PERSISTENT		
DIV	anet	210239	856209	29	+15.6	11.2	3974	6	21	-	INVESTIGATE		
DIV	anet	161011	667156	18	-13.5	8.8	5064	1	5	-	INVESTIGATE		
DIV	anet	225916	902679	64	+15.6	6.0	2152	2	17	-	INVESTIGATE		
DIV	anet	59958	256688	19	-13.5	4.6	3302	10	35	-	INVESTIGATE		
DIV	anet	243009	968366	24	-13.5	11.1	5037	1	12	-	INVESTIGATE		
DIV	anet	203117	822569	54	-13.5	12.9	4938	1	4	-	INVESTIGATE		
DIV	anet	138705	574068	20	+15.6	17.6	2888	1	3	-	INVESTIGATE		
DIV	anet	250696	997881	39	+15.6	6.1	3393	3	22	-	INVESTIGATE		
DIV	anet	200826	806029	32	+15.6	4.7	5131	5	9	-	PERSISTENT		
DIV	anet	231636	931098	46	+15.6	9.1	3112	1	3	-	INVESTIGATE		
DIV	anet	60511	259227	12	-13.5	2.5	2258	3	18	-	INVESTIGATE		
DIV	anet	146817	644475	33	+15.6	15.0	1875	15	26	-	PERSISTENT		
DIV	tfrrs	20741	1	13	-13.5	5.8	2901	na	na	-	INVESTIGATE		
DIV	tfrrs	23931	1	102	-13.5	5.4	5037	na	na	-	INVESTIGATE		
DIV	tfrrs	24186	4	26	-13.5	4.2	5048	na	na	OVERRIDE	REGRESSION		
DIV	anet	138033	570243	55	-13.5	8.0	1828	5	28	-	INVESTIGATE		
DIV	anet	35835	155078	25	-13.5	9.4	3130	5	9	-	PERSISTENT		
DIV	anet	254141	1014682	78	-13.5	9.4	4848	1	7	-	INVESTIGATE		
DIV	anet	223669	894330	41	-13.5	8.3	5060	4	17	-	INVESTIGATE		
DIV	tfrrs	13450	2	61	-13.5	4.2	3124	na	na	-	INVESTIGATE		
DIV	tfrrs	23949	1	15	-13.5	4.3	5023	na	na	-	INVESTIGATE		
DIV	anet	14916	67102	12	-13.5	12.1	3154	1	15	-	INVESTIGATE		
DIV	anet	136857	563610	27	-13.5	13.0	5041	3	10	-	INVESTIGATE		
DIV	anet	166484	687647	14	-13.5	8.9	2251	5	11	-	INVESTIGATE		
DIV	tfrrs	10404	3	100	-13.5	7.1	5095	na	na	-	INVESTIGATE		
DIV	anet	56921	243572	48	-13.5	7.1	3106	3	13	-	INVESTIGATE		
DIV	anet	100962	397374	51	-13.5	8.2	2253	11	14	-	PERSISTENT		
DIV	anet	118230	474271	19	+15.6	10.4	3102	2	7	-	INVESTIGATE		
DIV	anet	199144	798031	19	-13.5	6.0	1879	1	6	-	INVESTIGATE		
DIV	anet	90397	356908	107	-13.5	4.7	5028	2	7	-	INVESTIGATE		
DIV	anet	80839	320274	21	-13.5	9.2	5028	1	12	-	INVESTIGATE		
DIV	anet	235490	941869	89	+15.6	9.8	5060	2	6	-	INVESTIGATE		
DIV	anet	226598	904527	17	-13.5	8.7	1840	1	21	-	INVESTIGATE		
DIV	anet	45993	196486	12	+15.6	9.3	2900	1	14	-	INVESTIGATE		
DIV	anet	45993	196487	14	+15.6	4.5	2887	1	14	-	INVESTIGATE		
DIV	anet	151066	626394	25	+15.6	5.0	2888	3	15	-	INVESTIGATE		
DIV	anet	121485	488284	19	-13.5	7.6	2256	3	11	-	INVESTIGATE		
DIV	anet	261583	1038326	101	-13.5	6.7	2077	3	16	-	INVESTIGATE		
DIV	tfrrs	21609	0	18	-13.5	8.2	5039	na	na	-	INVESTIGATE		
DIV	anet	225765	915337	52	+15.6	5.1	2256	3	5	-	PERSISTENT		
DIV	anet	79379	314199	30	-13.5	13.2	5028	2	22	-	INVESTIGATE		
DIV	anet	25852	113085	32	-13.5	2.4	6202	1	6	-	INVESTIGATE		
DIV	anet	79424	344219	20	+15.6	6.5	2366	1	13	-	INVESTIGATE		
DIV	anet	152862	635224	20	+15.6	16.5	2888	1	19	-	INVESTIGATE		
DIV	anet	118498	513619	17	+15.6	3.9	5054	1	2	-	INVESTIGATE		
DIV	anet	35666	175621	22	-13.5	14.3	2275	5	28	OVERRIDE	REGRESSION		
DIV	anet	155021	646472	49	+15.6	12.1	3123	3	6	-	PERSISTENT		
DIV	anet	131487	565015	44	-13.5	20.9	3119	2	9	-	INVESTIGATE		
DIV	anet	208483	835450	17	-13.5	13.7	5071	1	12	-	INVESTIGATE		
DIV	anet	14487	76661	12	+15.6	5.2	2312	3	7	-	INVESTIGATE		
DIV	tfrrs	9853	0	17	-13.5	22.3	1521	na	na	-	INVESTIGATE		
DIV	tfrrs	12952	6	53	-13.5	3.7	5051	na	na	-	INVESTIGATE		
DIV	anet	46153	197121	21	-13.5	3.1	3121	3	30	-	INVESTIGATE		
DIV	tfrrs	9177	5	36	-13.5	7.2	4730	na	na	-	INVESTIGATE		
DIV	anet	46528	198797	31	+15.6	7.1	2708	5	31	-	INVESTIGATE		
DIV	tfrrs	6388	1	27	-13.5	5.9	8249	na	na	OVERRIDE	REGRESSION		
DIV	tfrrs	20387	1	52	-13.5	9.1	5071	na	na	-	INVESTIGATE		
DIV	anet	75050	300780	46	+15.6	4.5	3950	1	1	-	INVESTIGATE		
DIV	tfrrs	5305	0	12	+15.6	3.6	3991	na	na	OVERRIDE	REGRESSION		
DIV	anet	212709	848724	38	-13.5	8.2	3114	3	5	-	PERSISTENT		
DIV	anet	84645	332914	55	-13.5	11.5	2870	8	37	-	INVESTIGATE		
DIV	tfrrs	22982	0	54	-13.5	2.6	5050	na	na	-	INVESTIGATE		
DIV	anet	227428	936029	41	-13.5	6.5	3093	1	8	-	INVESTIGATE		
DIV	anet	240254	959753	68	+15.6	7.2	3083	5	9	-	PERSISTENT		
DIV	tfrrs	19401	1	65	-13.5	4.6	5079	na	na	-	INVESTIGATE		
DIV	anet	172666	716829	33	-13.5	10.3	3141	1	8	-	INVESTIGATE		
DIV	anet	232642	928721	56	+15.5	7.9	5060	1	10	-	INVESTIGATE		
DIV	anet	20855	92984	63	-13.5	10.2	1875	2	18	-	INVESTIGATE		
DIV	anet	123303	495676	16	+15.5	6.8	2263	2	27	-	INVESTIGATE		
DIV	anet	210282	841454	72	+15.5	11.4	2900	6	16	-	INVESTIGATE		
DIV	anet	49278	237792	24	-13.4	11.5	1768	5	34	-	INVESTIGATE		
DIV	anet	219759	880554	165	-13.4	6.0	3135	2	17	-	INVESTIGATE		
DIV	anet	120575	486476	37	-13.4	6.5	1827	10	35	-	INVESTIGATE		
DIV	anet	6389	37462	13	-13.4	12.9	4948	3	20	-	INVESTIGATE		
DIV	anet	179166	732588	14	-13.4	4.7	5138	1	2	-	INVESTIGATE		
DIV	anet	148295	617900	30	+15.5	5.2	4873	1	8	-	INVESTIGATE		
DIV	anet	225754	901769	67	+15.5	5.7	2881	1	3	-	INVESTIGATE		
DIV	anet	1489	7108	17	+15.5	6.9	2941	7	15	-	INVESTIGATE		
DIV	anet	182315	744349	14	-13.4	4.9	5138	1	4	-	INVESTIGATE		
DIV	anet	251529	1002009	18	+15.5	11.4	5023	1	4	-	INVESTIGATE		
DIV	anet	96807	394121	50	-13.4	6.4	1449	1	8	-	INVESTIGATE		
DIV	anet	4164	20230	17	-13.4	2.2	5107	1	13	-	INVESTIGATE		
DIV	anet	60304	258263	61	-13.4	9.5	5034	3	16	-	INVESTIGATE		
DIV	anet	153334	637636	40	-13.4	8.5	5088	1	5	-	INVESTIGATE		
DIV	anet	218614	874608	69	+15.5	4.6	5071	5	15	-	INVESTIGATE		
DIV	anet	40143	172144	29	-13.4	9.3	5071	1	16	-	INVESTIGATE		
DIV	anet	232513	928040	17	-13.4	6.2	3112	1	3	-	INVESTIGATE		
DIV	tfrrs	11845	1	31	-13.4	6.3	4781	na	na	-	INVESTIGATE		
DIV	anet	239053	960563	25	+15.5	4.7	5023	2	2	-	INVESTIGATE		
DIV	tfrrs	23949	5	21	-13.4	5.3	5023	na	na	-	INVESTIGATE		
DIV	anet	115355	460567	151	-13.4	7.6	5048	1	3	-	INVESTIGATE		
DIV	anet	186055	756120	19	+15.5	7.2	3154	4	7	-	PERSISTENT		
DIV	anet	39653	170213	39	-13.4	13.0	5071	1	14	-	INVESTIGATE		
DIV	anet	20198	89987	75	+15.5	5.2	3147	4	26	-	INVESTIGATE		
DIV	anet	61465	263482	26	-13.4	9.3	7573	10	18	-	PERSISTENT		
DIV	tfrrs	19408	1	121	-13.4	5.6	5079	na	na	-	INVESTIGATE		
DIV	anet	178321	729332	14	-13.4	8.2	5122	1	9	-	INVESTIGATE		
DIV	anet	58648	251034	30	-13.4	6.0	3106	1	4	-	INVESTIGATE		
DIV	anet	216450	864295	12	+15.5	9.0	3132	1	1	-	INVESTIGATE		
DIV	anet	197809	792559	21	+15.5	10.9	3169	1	19	-	INVESTIGATE		
DIV	tfrrs	20025	1	80	-13.4	14.2	5079	na	na	-	INVESTIGATE		
DIV	tfrrs	9279	1	109	-13.4	3.3	5034	na	na	-	INVESTIGATE		
DIV	anet	25882	113206	19	+15.5	8.3	2293	3	7	-	INVESTIGATE		
DIV	anet	240254	959754	63	+15.5	9.6	3088	5	9	-	PERSISTENT		
DIV	anet	5995	28615	48	+15.5	11.2	2315	1	13	-	INVESTIGATE		
DIV	anet	111387	441266	26	-13.4	7.9	3107	1	2	-	INVESTIGATE		
DIV	anet	272365	1085818	41	-13.4	2.5	3350	2	13	-	INVESTIGATE		
DIV	anet	200826	806030	58	+15.5	4.2	5122	5	9	-	PERSISTENT		
DIV	anet	20690	99801	70	-13.4	6.8	2917	4	20	-	INVESTIGATE		
DIV	anet	117510	500437	18	-13.4	21.9	3293	1	17	-	INVESTIGATE		
DIV	tfrrs	19828	0	109	-13.4	10.2	5071	na	na	-	INVESTIGATE		
DIV	anet	217303	868533	15	+15.5	12.3	2900	1	4	-	INVESTIGATE		
DIV	anet	48664	207532	31	-13.4	10.6	2359	5	20	-	INVESTIGATE		
DIV	anet	217926	871744	90	+15.5	6.6	2279	3	17	-	INVESTIGATE		
DIV	anet	139416	578521	90	-13.4	7.1	2678	1	7	-	INVESTIGATE		
DIV	tfrrs	19442	4	210	-13.4	8.1	5051	na	na	-	INVESTIGATE		
DIV	anet	154821	645479	19	+15.5	7.5	2292	1	10	-	INVESTIGATE		
DIV	tfrrs	26456	1	28	-13.4	11.7	5000	na	na	-	INVESTIGATE		
DIV	anet	152659	634059	23	+15.5	5.8	3142	2	3	-	PERSISTENT		
DIV	anet	198007	793409	58	-13.4	15.1	4938	3	13	-	INVESTIGATE		
DIV	anet	184346	750776	18	+15.5	6.5	5122	1	3	-	INVESTIGATE		
DIV	anet	170604	704307	16	+15.5	13.0	2298	3	5	-	PERSISTENT		
DIV	anet	163731	675714	14	+15.5	11.6	3124	3	43	-	INVESTIGATE		
DIV	anet	188509	763634	21	-13.4	5.6	3862	5	18	-	INVESTIGATE		
DIV	anet	53392	229671	110	-13.4	6.0	2284	3	16	-	INVESTIGATE		
DIV	anet	62824	272132	135	-13.4	9.0	2277	1	15	-	INVESTIGATE		
DIV	anet	1806	8537	19	+15.5	7.2	5176	12	19	-	PERSISTENT		
DIV	anet	120749	485169	16	-13.4	12.4	2922	1	10	-	INVESTIGATE		
DIV	tfrrs	27216	1	87	-13.4	3.6	3972	na	na	-	INVESTIGATE		
DIV	tfrrs	4153	6	36	-13.4	7.7	5034	na	na	-	INVESTIGATE		
DIV	anet	47014	229261	61	-13.4	9.9	3117	2	14	-	INVESTIGATE		
DIV	anet	198440	795952	31	-13.4	13.2	1458	2	14	-	INVESTIGATE		
DIV	tfrrs	18279	3	57	-13.4	6.4	5000	na	na	-	INVESTIGATE		
DIV	anet	46393	198204	45	-13.4	5.3	2882	1	3	-	INVESTIGATE		
DIV	anet	60304	258261	52	-13.4	9.1	5055	3	16	-	INVESTIGATE		
DIV	anet	63984	275974	27	+15.5	7.1	3122	3	28	-	INVESTIGATE		
DIV	tfrrs	11105	0	22	-13.4	6.2	5054	na	na	-	INVESTIGATE		
DIV	anet	251811	1003429	12	+15.5	5.5	3107	1	5	-	INVESTIGATE		
DIV	anet	250602	999020	12	+15.5	12.6	3102	1	4	-	INVESTIGATE		
DIV	anet	197497	791308	17	+15.4	7.1	3169	1	3	-	INVESTIGATE		
DIV	anet	130271	530050	40	+15.4	11.2	3122	1	5	-	INVESTIGATE		
DIV	tfrrs	11651	6	55	-13.4	7.0	5073	na	na	-	INVESTIGATE		
DIV	anet	85260	362741	36	-13.4	1.8	7187	2	15	-	INVESTIGATE		
DIV	anet	84293	331401	35	+15.4	13.6	2891	1	11	-	INVESTIGATE		
DIV	anet	35009	151794	47	+15.4	4.6	2895	4	9	-	INVESTIGATE		
DIV	anet	139361	579239	24	-13.4	7.7	5051	1	17	-	INVESTIGATE		
DIV	anet	189819	768149	12	-13.4	9.4	3862	1	3	-	INVESTIGATE		
DIV	anet	114767	457512	13	+15.4	12.0	2274	2	16	-	INVESTIGATE		
DIV	anet	240421	960507	24	+15.4	7.5	2872	1	2	-	INVESTIGATE		
DIV	anet	144490	606660	252	-13.4	6.5	5060	2	14	-	INVESTIGATE		
DIV	anet	154731	645081	24	-13.4	4.1	5060	1	3	-	INVESTIGATE		
DIV	tfrrs	4153	5	31	-13.4	6.8	5034	na	na	-	INVESTIGATE		
DIV	anet	32728	141998	23	+15.4	5.8	1790	4	22	-	INVESTIGATE		
DIV	anet	230380	918835	15	-13.4	4.0	1453	1	4	-	INVESTIGATE		
DIV	anet	151967	630427	70	+15.4	5.6	2910	1	8	-	INVESTIGATE		
DIV	anet	31430	136448	26	-13.4	9.5	4948	1	17	-	INVESTIGATE		
DIV	anet	225775	901833	21	-13.4	6.0	2359	3	12	-	INVESTIGATE		
DIV	anet	201846	811792	63	+15.4	4.8	2723	7	20	-	INVESTIGATE		
DIV	anet	38544	165796	14	-13.4	13.6	2288	2	19	-	INVESTIGATE		
DIV	anet	83288	327237	30	+15.4	3.8	4865	1	10	-	INVESTIGATE		
DIV	tfrrs	23461	0	156	-13.4	7.5	5000	na	na	-	INVESTIGATE		
DIV	anet	37111	160184	26	-13.4	9.9	3122	1	17	-	INVESTIGATE		
DIV	anet	179763	734957	16	+15.4	12.0	2938	2	11	-	INVESTIGATE		
DIV	anet	19412	86581	15	-13.4	11.7	5112	2	18	-	INVESTIGATE		
DIV	anet	97674	389226	16	-13.4	9.5	1852	1	8	-	INVESTIGATE		
DIV	anet	201846	811794	18	+15.4	19.5	2737	7	20	-	INVESTIGATE		
DIV	anet	221295	885661	37	+15.4	4.5	5079	2	13	-	INVESTIGATE		
DIV	anet	244722	974362	51	+15.4	4.2	2262	2	6	-	INVESTIGATE		
DIV	tfrrs	13575	2	308	-13.3	6.2	5088	na	na	-	INVESTIGATE		
DIV	anet	153363	637838	12	+15.4	4.6	4185	2	7	-	INVESTIGATE		
DIV	anet	52980	225525	14	-13.3	9.6	2887	2	15	-	INVESTIGATE		
DIV	tfrrs	25457	2	86	-13.3	10.8	5000	na	na	-	INVESTIGATE		
DIV	tfrrs	13641	0	31	-13.3	7.2	2962	na	na	-	INVESTIGATE		
DIV	anet	187932	761970	21	-13.3	4.8	3153	2	18	-	INVESTIGATE		
DIV	anet	139325	577995	24	+15.4	12.4	3119	2	5	-	INVESTIGATE		
DIV	tfrrs	10991	3	191	-13.3	56.7	3114	na	na	-	INVESTIGATE		
DIV	anet	100597	402006	20	-13.3	13.8	2444	1	2	-	INVESTIGATE		
DIV	anet	268042	1065495	17	-13.3	6.9	2667	2	5	-	INVESTIGATE		
DIV	tfrrs	19843	1	34	-13.3	8.3	5079	na	na	-	INVESTIGATE		
DIV	anet	122067	490575	25	-13.3	15.4	1449	1	19	-	INVESTIGATE		
DIV	tfrrs	9864	2	12	-13.3	8.2	5054	na	na	-	INVESTIGATE		
DIV	anet	257368	1062763	35	-13.3	5.9	2238	1	2	-	INVESTIGATE		
DIV	anet	225194	899618	39	-13.3	4.8	1444	1	3	-	INVESTIGATE		
DIV	tfrrs	8831	11	65	-13.3	4.0	5034	na	na	-	INVESTIGATE		
DIV	anet	174430	720777	29	-13.3	11.3	2405	2	14	-	INVESTIGATE		
DIV	anet	260587	1034612	45	-13.3	6.3	2243	1	12	-	INVESTIGATE		
DIV	anet	153206	636791	21	-13.3	13.6	4719	9	45	-	INVESTIGATE		
DIV	anet	49319	210310	13	-13.3	9.0	3117	3	17	-	INVESTIGATE		
DIV	anet	112471	446093	14	-13.3	7.8	2764	1	17	-	INVESTIGATE		
DIV	tfrrs	10404	1	100	-13.3	6.6	5106	na	na	-	INVESTIGATE		
DIV	anet	181848	743727	37	-13.3	5.1	5138	1	2	-	INVESTIGATE		
DIV	anet	193820	786726	43	-13.3	9.8	5131	3	20	-	INVESTIGATE		
DIV	anet	131448	554550	25	-13.3	8.8	5041	1	14	-	INVESTIGATE		
DIV	anet	119778	480994	26	+15.4	12.6	3102	1	3	-	INVESTIGATE		
DIV	anet	154503	643902	12	+15.4	7.3	2382	1	5	-	INVESTIGATE		
DIV	anet	158101	658378	16	+15.4	12.2	3115	4	18	-	INVESTIGATE		
DIV	anet	3820	18617	26	-13.3	2.9	5176	1	4	-	INVESTIGATE		
DIV	anet	111018	439644	12	-13.3	8.8	4324	1	5	-	INVESTIGATE		
DIV	anet	34348	163690	18	-13.3	11.7	2478	1	30	-	INVESTIGATE		
DIV	anet	212463	848199	25	-13.3	12.0	5079	1	7	-	INVESTIGATE		
DIV	anet	121319	487609	26	-13.3	10.0	2890	10	16	-	PERSISTENT		
DIV	tfrrs	4153	9	134	-13.3	8.7	5034	na	na	-	INVESTIGATE		
DIV	anet	196318	814455	88	-13.3	6.4	3337	2	13	-	INVESTIGATE		
DIV	tfrrs	13856	4	20	-13.3	3.9	5088	na	na	-	INVESTIGATE		
DIV	anet	18911	84440	48	-13.3	11.1	5112	3	18	-	INVESTIGATE		
DIV	tfrrs	10896	2	27	-13.3	4.0	5043	na	na	-	INVESTIGATE		
DIV	anet	125231	504267	68	-13.3	8.9	2878	1	12	-	INVESTIGATE		
DIV	anet	225871	902527	17	-13.3	8.3	2888	1	5	-	INVESTIGATE		
DIV	anet	91950	362799	24	-13.3	3.2	6122	2	21	-	INVESTIGATE		
DIV	anet	127591	523331	12	-13.3	3.2	3303	1	3	-	INVESTIGATE		
DIV	anet	247907	983955	73	+15.3	10.9	5037	1	6	-	INVESTIGATE		
DIV	anet	25373	111109	13	-13.3	11.0	1859	2	13	-	INVESTIGATE		
DIV	anet	193089	778695	61	+15.3	8.8	2495	3	12	-	INVESTIGATE		
DIV	anet	219144	877317	23	+15.3	10.5	3132	1	2	-	INVESTIGATE		
DIV	anet	108234	427792	51	-13.3	9.2	1820	10	35	-	INVESTIGATE		
DIV	anet	235491	941873	104	+15.3	7.0	5060	2	11	-	INVESTIGATE		
DIV	tfrrs	16292	10	105	-13.3	4.2	5064	na	na	-	INVESTIGATE		
DIV	anet	88214	350641	129	-13.3	7.1	2250	3	19	-	INVESTIGATE		
DIV	anet	196700	797596	23	-13.3	6.4	4932	1	4	-	INVESTIGATE		
DIV	anet	196700	797597	23	-13.3	6.4	4932	1	4	-	INVESTIGATE		
DIV	tfrrs	10400	6	71	-13.3	4.5	4653	na	na	-	INVESTIGATE		
DIV	anet	269924	1074364	12	-13.3	5.1	2252	2	13	-	INVESTIGATE		
DIV	anet	112377	445620	26	-13.3	8.9	2258	3	15	-	INVESTIGATE		
DIV	anet	16847	75117	13	-13.3	3.9	1880	1	2	-	INVESTIGATE		
DIV	anet	147603	643890	13	-13.3	5.7	1467	2	9	-	INVESTIGATE		
DIV	anet	111113	440035	24	-13.3	7.5	3103	4	26	-	INVESTIGATE		
DIV	anet	45674	195197	27	-13.3	9.4	5072	8	37	-	INVESTIGATE		
DIV	anet	243999	971858	51	-13.3	10.4	1840	5	9	OVERRIDE	REGRESSION		
DIV	anet	125658	525539	14	+15.3	16.9	2528	1	14	-	INVESTIGATE		
DIV	anet	213504	851833	12	-13.3	11.4	3114	2	7	-	INVESTIGATE		
DIV	tfrrs	21581	1	90	-13.3	13.8	5000	na	na	-	INVESTIGATE		
DIV	anet	11077	50995	34	-13.3	17.8	4473	6	25	-	INVESTIGATE		
DIV	anet	83515	328148	18	-13.3	12.7	5028	1	9	-	INVESTIGATE		
DIV	anet	46794	199872	48	+15.3	5.3	2887	4	9	-	INVESTIGATE		
DIV	anet	123712	528145	75	-13.3	11.6	5054	1	7	-	INVESTIGATE		
DIV	tfrrs	10896	1	20	-13.3	2.7	5054	na	na	-	INVESTIGATE		
DIV	anet	130750	532339	78	-13.3	8.5	5041	3	16	-	INVESTIGATE		
DIV	tfrrs	14050	2	70	-13.3	3.7	5060	na	na	-	INVESTIGATE		
DIV	anet	208187	872432	38	+15.3	2.8	4891	1	22	-	INVESTIGATE		
DIV	anet	156264	651549	74	-13.3	11.0	3104	1	5	-	INVESTIGATE		
DIV	anet	130715	565593	92	+15.3	8.8	3111	1	3	-	INVESTIGATE		
DIV	anet	91643	361482	196	-13.3	6.2	5277	10	24	-	INVESTIGATE		
DIV	tfrrs	21807	1	17	-13.3	5.3	5060	na	na	-	INVESTIGATE		
DIV	anet	152738	634434	33	+15.3	11.3	2910	4	14	-	INVESTIGATE		
DIV	anet	153316	637571	20	+15.3	7.6	6208	1	27	-	INVESTIGATE		
DIV	anet	110429	437203	36	+15.3	8.9	3099	2	3	-	PERSISTENT		
DIV	anet	243952	971801	38	-13.3	9.2	5023	1	2	-	INVESTIGATE		
DIV	tfrrs	22189	0	16	-13.3	4.2	5039	na	na	-	INVESTIGATE		
DIV	anet	113044	448857	15	-13.3	9.9	5034	1	5	-	INVESTIGATE		
DIV	anet	12920	76520	12	+15.3	2.6	2917	4	9	-	INVESTIGATE		
DIV	anet	123218	495339	19	-13.3	9.4	5054	5	31	-	INVESTIGATE		
DIV	tfrrs	24340	1	29	-13.3	8.2	5023	na	na	-	INVESTIGATE		
DIV	anet	195903	786605	14	-13.3	6.8	5122	3	10	-	INVESTIGATE		
DIV	anet	109269	432368	20	-13.3	9.5	5048	1	24	-	INVESTIGATE		
DIV	anet	30	1036	19	-13.3	6.0	2943	1	6	-	INVESTIGATE		
DIV	anet	226600	905928	45	+15.3	6.6	3949	2	5	-	INVESTIGATE		
DIV	anet	96523	384530	15	-13.3	3.1	5036	2	16	-	INVESTIGATE		
DIV	anet	242925	1003657	24	+15.3	11.5	3083	1	9	-	INVESTIGATE		
DIV	anet	224998	898931	64	-13.3	9.6	3121	2	15	-	INVESTIGATE		
DIV	anet	212878	850536	20	-13.3	6.5	3484	3	19	-	INVESTIGATE		
DIV	tfrrs	21463	1	73	-13.3	12.2	5060	na	na	-	INVESTIGATE		
DIV	anet	20690	125375	104	-13.3	7.1	2917	4	20	-	INVESTIGATE		
DIV	anet	225399	900381	20	-13.3	4.9	3754	1	7	-	INVESTIGATE		
DIV	anet	11120	51179	83	-13.3	5.0	5358	10	24	-	INVESTIGATE		
DIV	anet	237426	949256	76	+15.3	5.5	2872	5	24	-	INVESTIGATE		
DIV	anet	161011	667154	31	-13.3	9.5	5075	1	5	-	INVESTIGATE		
DIV	anet	260320	1057667	13	-13.3	5.6	2859	1	4	-	INVESTIGATE		
DIV	anet	189428	766759	13	-13.3	6.4	4938	7	20	-	INVESTIGATE		
DIV	anet	164041	676834	35	-13.3	12.2	5075	1	12	-	INVESTIGATE		
DIV	anet	178837	731284	39	-13.3	7.5	1449	2	4	-	PERSISTENT		
DIV	anet	28334	123300	16	-13.3	5.8	4568	2	23	-	INVESTIGATE		
DIV	anet	93196	368239	47	+15.3	8.8	2891	1	17	-	INVESTIGATE		
DIV	anet	96523	384528	13	-13.3	6.6	5056	2	16	-	INVESTIGATE		
DIV	tfrrs	9177	6	88	-13.3	6.4	4730	na	na	-	INVESTIGATE		
DIV	tfrrs	21388	1	24	-13.3	6.4	5060	na	na	-	INVESTIGATE		
DIV	anet	239053	960564	17	+15.3	8.2	5037	2	2	-	INVESTIGATE		
DIV	anet	145902	611803	38	+15.3	10.3	2459	2	13	-	INVESTIGATE		
DIV	anet	219704	879706	13	+15.3	3.7	2899	1	15	-	INVESTIGATE		
DIV	anet	52097	221806	14	-13.2	3.4	2887	1	4	-	INVESTIGATE		
DIV	anet	88218	350676	20	-13.2	6.6	2250	3	19	-	INVESTIGATE		
DIV	anet	78538	310648	50	-13.2	6.9	5028	3	16	-	INVESTIGATE		
DIV	anet	200624	805103	40	-13.2	3.6	4938	1	3	-	INVESTIGATE		
DIV	anet	264036	1047826	38	-13.2	7.7	2229	2	18	-	INVESTIGATE		
DIV	anet	35923	155446	12	-13.2	10.0	5080	1	4	-	INVESTIGATE		
DIV	anet	110180	436199	19	-13.2	5.5	5034	2	7	-	INVESTIGATE		
DIV	tfrrs	22801	1	45	-13.2	7.4	5112	na	na	-	INVESTIGATE		
DIV	anet	231429	923339	15	+15.3	7.7	5039	1	4	-	INVESTIGATE		
DIV	anet	181549	741871	18	+15.3	8.6	2314	3	8	-	INVESTIGATE		
DIV	anet	247931	984070	69	-13.2	6.6	2262	1	3	-	INVESTIGATE		
DIV	anet	20198	92324	32	+15.3	3.5	3155	4	26	-	INVESTIGATE		
DIV	anet	85210	335351	32	+15.3	7.0	2891	1	11	-	INVESTIGATE		
DIV	anet	110223	453667	13	+15.3	4.1	2274	3	17	-	INVESTIGATE		
DIV	tfrrs	8969	0	121	-13.2	12.0	5048	na	na	-	INVESTIGATE		
DIV	tfrrs	25891	0	107	-13.2	11.3	5000	na	na	-	INVESTIGATE		
DIV	anet	272365	1085820	46	-13.2	2.7	3359	2	13	-	INVESTIGATE		
DIV	tfrrs	23339	2	41	-13.2	5.5	5037	na	na	-	INVESTIGATE		
DIV	anet	58390	249973	21	+15.3	6.0	4848	2	18	-	INVESTIGATE		
DIV	anet	91688	361665	92	-13.2	4.9	3108	1	11	-	INVESTIGATE		
DIV	anet	52097	221805	23	-13.2	7.0	2900	1	4	-	INVESTIGATE		
DIV	anet	114818	457731	38	-13.2	8.4	2887	1	16	-	INVESTIGATE		
DIV	anet	115946	463505	114	-13.2	6.4	3087	1	12	-	INVESTIGATE		
DIV	anet	218250	873077	12	-13.2	19.7	2284	1	7	-	INVESTIGATE		
DIV	anet	199330	798892	30	-13.2	7.5	2920	10	35	-	INVESTIGATE		
DIV	anet	115944	463497	118	-13.2	6.7	3087	1	12	-	INVESTIGATE		
DIV	anet	145279	626270	21	-13.2	8.5	2888	1	19	-	INVESTIGATE		
DIV	tfrrs	13808	3	92	-13.2	7.5	5060	na	na	-	INVESTIGATE		
DIV	anet	259514	1031086	14	-13.2	7.2	2859	2	20	-	INVESTIGATE		
DIV	anet	19683	87761	16	-13.2	12.6	3507	4	19	-	INVESTIGATE		
DIV	anet	19769	88112	25	-13.2	4.9	3147	6	21	-	INVESTIGATE		
DIV	anet	244457	1001541	43	-13.2	9.2	2875	1	10	-	INVESTIGATE		
DIV	anet	244857	974819	41	-13.2	6.8	2872	1	3	-	INVESTIGATE		
DIV	anet	93196	368240	50	+15.2	5.3	2875	1	17	-	INVESTIGATE		
DIV	tfrrs	9733	1	32	-13.2	8.1	5147	na	na	-	INVESTIGATE		
DIV	anet	36960	159612	20	+15.2	5.8	2288	3	7	-	INVESTIGATE		
DIV	anet	44423	190906	66	+15.2	5.0	6250	1	23	-	INVESTIGATE		
DIV	tfrrs	19364	8	111	-13.2	6.9	5000	na	na	-	INVESTIGATE		
DIV	anet	166466	687546	20	+15.2	7.9	2119	1	1	-	INVESTIGATE		
DIV	anet	130224	529777	86	-13.2	6.0	5043	1	14	-	INVESTIGATE		
DIV	anet	217672	870397	21	+15.2	10.7	3133	2	13	-	INVESTIGATE		
DIV	anet	268735	1068623	47	+15.2	6.3	4815	7	20	-	INVESTIGATE		
DIV	tfrrs	22017	3	44	-13.2	8.3	5000	na	na	-	INVESTIGATE		
DIV	anet	59034	252692	28	+15.2	5.8	5034	2	8	-	INVESTIGATE		
DIV	anet	64400	277868	54	+15.2	3.8	3950	2	6	-	INVESTIGATE		
DIV	anet	254338	1045049	26	-13.2	4.7	2854	3	20	-	INVESTIGATE		
DIV	anet	217638	870233	14	+15.2	15.3	2279	5	9	-	PERSISTENT		
DIV	anet	241982	965307	47	-13.2	3.3	2872	2	43	-	INVESTIGATE		
DIV	anet	260069	1032691	100	-13.2	8.1	1424	2	3	-	PERSISTENT		
DIV	anet	46528	198796	32	+15.2	6.8	2723	5	31	-	INVESTIGATE		
DIV	anet	257891	1024979	17	+15.2	14.6	10701	2	36	-	INVESTIGATE		
DIV	anet	227102	906221	22	-13.2	12.2	5039	1	2	-	INVESTIGATE		
DIV	anet	172981	712553	46	-13.2	4.9	3159	4	24	-	INVESTIGATE		
DIV	anet	154440	643499	25	+15.2	9.3	3142	1	10	-	INVESTIGATE		
DIV	anet	36126	156253	12	-13.2	3.3	5121	3	19	-	INVESTIGATE		
DIV	anet	131830	537310	20	-13.2	12.7	2255	8	17	-	INVESTIGATE		
DIV	tfrrs	22308	3	55	-13.2	5.3	5072	na	na	-	INVESTIGATE		
DIV	tfrrs	23381	1	68	-13.2	10.1	5000	na	na	-	INVESTIGATE		
DIV	anet	197288	790683	14	-13.2	6.1	2402	3	20	-	INVESTIGATE		
DIV	anet	200382	805926	12	-13.2	8.4	3169	1	5	-	INVESTIGATE		
DIV	anet	161205	667709	26	-13.2	6.5	3124	4	15	-	INVESTIGATE		
DIV	tfrrs	3724	4	69	-13.2	4.3	4785	na	na	-	INVESTIGATE		
DIV	anet	251928	1004040	43	+15.2	9.3	2679	4	15	-	INVESTIGATE		
DIV	anet	137862	569223	27	-13.2	7.2	2878	2	11	-	INVESTIGATE		
DIV	anet	263928	1049109	15	+15.2	4.4	2854	2	6	-	INVESTIGATE		
DIV	anet	42323	182103	53	-13.2	9.6	1860	1	8	-	INVESTIGATE		
DIV	anet	251842	1003566	39	+15.2	15.7	2872	2	10	-	INVESTIGATE		
DIV	anet	78170	309019	31	+15.2	14.1	2366	2	9	-	INVESTIGATE		
DIV	tfrrs	16292	13	68	-13.2	3.1	5064	na	na	-	INVESTIGATE		
DIV	anet	108557	447873	19	+15.2	4.2	1830	4	19	-	INVESTIGATE		
DIV	tfrrs	8942	3	21	-13.2	5.8	3303	na	na	-	INVESTIGATE		
DIV	tfrrs	23529	2	97	-13.2	9.4	5093	na	na	-	INVESTIGATE		
DIV	anet	131102	558775	123	-13.2	8.0	2878	2	19	-	INVESTIGATE		
DIV	anet	109535	438883	16	+15.2	6.3	2274	2	12	-	INVESTIGATE		
DIV	anet	27003	117574	32	-13.2	5.4	8353	1	3	-	INVESTIGATE		
DIV	anet	93465	369536	39	-13.2	19.5	1434	2	11	-	INVESTIGATE		
DIV	anet	149337	623384	15	-13.2	10.3	2270	3	15	-	INVESTIGATE		
DIV	anet	228396	910869	68	-13.2	15.7	3112	2	18	-	INVESTIGATE		
DIV	anet	228509	915319	53	-13.2	7.3	2255	2	2	-	INVESTIGATE		
DIV	anet	150392	623877	24	-13.2	4.7	3489	5	9	-	PERSISTENT		
DIV	anet	235851	943451	28	+15.2	11.0	3093	1	1	-	INVESTIGATE		
DIV	tfrrs	10400	0	62	-13.2	4.2	4653	na	na	-	INVESTIGATE		
DIV	anet	135900	557967	17	-13.2	21.1	2094	1	5	-	INVESTIGATE		
DIV	tfrrs	23376	0	84	-13.2	4.9	5023	na	na	-	INVESTIGATE		
DIV	anet	110748	438589	27	+15.1	7.8	5034	3	35	-	INVESTIGATE		
DIV	anet	3355	16207	14	-13.2	5.0	4619	1	18	-	INVESTIGATE		
DIV	anet	237723	950248	32	-13.2	9.2	3087	5	46	-	INVESTIGATE		
DIV	anet	45212	193267	57	-13.2	12.2	5057	1	20	-	INVESTIGATE		
DIV	anet	44478	191057	50	-13.2	4.8	1461	2	18	OVERRIDE	REGRESSION		
DIV	anet	49067	209312	34	-13.2	6.0	5072	3	22	-	INVESTIGATE		
DIV	anet	51719	220214	12	-13.2	3.1	3121	2	26	-	INVESTIGATE		
DIV	tfrrs	13624	4	21	-13.1	6.2	5094	na	na	-	INVESTIGATE		
DIV	anet	232858	930508	18	-13.1	6.3	4873	1	11	-	INVESTIGATE		
DIV	anet	167012	690299	72	-13.1	6.0	4877	2	15	-	INVESTIGATE		
DIV	tfrrs	8413	1	57	-13.1	7.0	5048	na	na	-	INVESTIGATE		
DIV	tfrrs	22801	0	37	-13.1	3.4	5090	na	na	-	INVESTIGATE		
DIV	anet	196254	789070	12	+15.1	13.4	3149	1	7	-	INVESTIGATE		
DIV	anet	209488	838903	33	-13.1	8.5	2369	1	9	-	INVESTIGATE		
DIV	anet	107874	426348	21	+15.1	5.5	2258	2	14	-	INVESTIGATE		
DIV	anet	18554	82947	18	+15.1	20.0	3201	2	21	-	INVESTIGATE		
DIV	anet	6283	30003	31	-13.1	5.8	4767	10	16	-	PERSISTENT		
DIV	anet	196776	789111	20	-13.1	5.7	1458	2	2	-	INVESTIGATE		
DIV	anet	51978	221319	49	-13.1	3.1	2887	2	19	-	INVESTIGATE		
DIV	anet	115355	460569	133	-13.1	8.5	3087	1	3	-	INVESTIGATE		
DIV	tfrrs	6550	2	30	-13.1	5.2	4786	na	na	-	INVESTIGATE		
DIV	anet	251421	1010279	55	+15.1	7.5	2875	2	16	-	INVESTIGATE		
DIV	tfrrs	3724	0	38	-13.1	2.7	4785	na	na	-	INVESTIGATE		
DIV	anet	81167	321603	18	-13.1	7.7	5055	2	15	-	INVESTIGATE		
DIV	anet	222051	888633	22	-13.1	7.4	1441	1	20	-	INVESTIGATE		
DIV	tfrrs	25891	1	67	-13.1	10.0	5000	na	na	-	INVESTIGATE		
DIV	anet	147288	615463	87	+15.1	5.4	1467	3	9	-	INVESTIGATE		
DIV	tfrrs	23519	7	65	-13.1	5.9	5051	na	na	-	INVESTIGATE		
DIV	anet	104780	412100	12	+15.1	4.4	7300	3	7	-	INVESTIGATE		
DIV	anet	141670	592521	63	+15.1	14.5	3119	2	7	-	INVESTIGATE		
DIV	anet	149243	620161	222	-13.1	8.6	5088	1	27	-	INVESTIGATE		
DIV	anet	128506	522091	21	-13.1	7.9	3106	1	8	-	INVESTIGATE		
DIV	anet	179049	732139	23	-13.1	12.5	2298	1	8	-	INVESTIGATE		
DIV	tfrrs	16367	2	55	-13.1	5.1	5064	na	na	-	INVESTIGATE		
DIV	anet	62815	270024	26	-13.1	6.2	2891	4	5	-	PERSISTENT		
DIV	anet	86008	339036	18	+15.1	6.6	2870	5	20	-	INVESTIGATE		
DIV	anet	269924	1074365	20	-13.1	9.5	2243	2	13	-	INVESTIGATE		
DIV	anet	36270	178717	12	+15.1	4.4	10116	1	4	-	INVESTIGATE		
DIV	anet	216465	864358	23	-13.1	7.4	5079	1	11	-	INVESTIGATE		
DIV	anet	172666	716828	26	-13.1	16.3	5138	1	8	-	INVESTIGATE		
DIV	tfrrs	18505	2	100	-13.1	3.5	5131	na	na	-	INVESTIGATE		
DIV	anet	3627	214220	47	-13.1	10.0	3161	5	36	-	INVESTIGATE		
DIV	tfrrs	19364	3	103	-13.1	4.5	5000	na	na	-	INVESTIGATE		
DIV	anet	229552	915178	13	+15.1	9.6	2881	1	5	-	INVESTIGATE		
DIV	anet	90169	355982	54	-13.1	9.8	2251	1	16	-	INVESTIGATE		
DIV	tfrrs	19731	2	77	-13.1	3.7	5071	na	na	-	INVESTIGATE		
DIV	anet	31499	136763	14	-13.1	10.0	4889	2	20	-	INVESTIGATE		
DIV	anet	189034	765544	32	-13.1	8.6	2177	3	19	-	INVESTIGATE		
DIV	tfrrs	10229	0	19	-13.1	3.4	3957	na	na	-	INVESTIGATE		
DIV	anet	11373	52179	23	-13.1	6.9	2917	1	8	-	INVESTIGATE		
DIV	anet	215405	860064	34	-13.1	8.2	1462	2	7	-	INVESTIGATE		
DIV	anet	34426	149480	15	-13.1	5.5	5134	1	8	-	INVESTIGATE		
DIV	tfrrs	13550	0	52	-13.1	7.9	6150	na	na	-	INVESTIGATE		
DIV	anet	198658	796030	44	+15.1	6.3	3140	5	9	-	PERSISTENT		
DIV	anet	237450	949366	76	+15.1	5.4	5023	12	19	-	PERSISTENT		
DIV	anet	156432	652099	121	-13.1	5.1	4897	1	24	-	INVESTIGATE		
DIV	anet	229492	914887	17	-13.1	11.6	2411	1	7	-	INVESTIGATE		
DIV	anet	260008	1069125	37	+15.1	9.1	3069	1	13	-	INVESTIGATE		
DIV	tfrrs	19364	5	49	-13.1	6.9	5000	na	na	-	INVESTIGATE		
DIV	anet	97428	388226	30	-13.1	11.7	5056	1	5	-	INVESTIGATE		
DIV	anet	259061	1028628	60	+15.1	5.7	2854	1	9	-	INVESTIGATE		
DIV	anet	73916	299118	19	+15.1	5.5	3101	10	24	-	INVESTIGATE		
DIV	anet	55	1314	55	-13.1	4.4	4057	10	24	-	INVESTIGATE		
DIV	anet	209668	839519	18	-13.1	4.3	5071	2	5	-	INVESTIGATE		
DIV	tfrrs	4085	1	26	-13.1	4.2	4673	na	na	-	INVESTIGATE		
DIV	anet	248668	987540	36	+15.1	7.6	2875	2	5	-	INVESTIGATE		
DIV	anet	233451	932598	31	+15.1	5.0	5039	7	20	-	INVESTIGATE		
DIV	anet	259735	1031360	50	+15.1	5.3	3069	2	9	-	INVESTIGATE		
DIV	tfrrs	20905	3	98	-13.1	6.7	5071	na	na	-	INVESTIGATE		
DIV	anet	107874	444150	24	+15.1	2.5	2258	2	14	-	INVESTIGATE		
DIV	anet	161205	667702	18	-13.1	7.4	5075	4	15	-	INVESTIGATE		
DIV	tfrrs	26381	1	29	-13.1	14.2	5000	na	na	-	INVESTIGATE		
DIV	anet	183705	748879	14	+15.1	13.0	3154	2	7	-	INVESTIGATE		
DIV	anet	157223	655159	16	-13.1	18.3	3125	5	46	-	INVESTIGATE		
DIV	anet	99146	392309	12	-13.1	18.1	2277	2	15	-	INVESTIGATE		
DIV	anet	204067	818567	14	+15.0	9.9	3161	1	6	-	INVESTIGATE		
DIV	anet	211237	844231	50	+15.0	12.2	3132	3	7	-	INVESTIGATE		
DIV	anet	235501	941948	72	+15.0	5.9	5060	3	13	-	INVESTIGATE		
DIV	anet	33764	146669	18	+15.0	7.1	5120	1	16	-	INVESTIGATE		
DIV	anet	233451	932595	38	+15.0	4.0	5039	7	20	-	INVESTIGATE		
DIV	anet	111454	441559	13	+15.0	11.1	3962	6	21	-	INVESTIGATE		
DIV	tfrrs	23475	0	181	-13.1	7.2	5023	na	na	-	INVESTIGATE		
DIV	tfrrs	22077	0	23	-13.1	3.0	5039	na	na	-	INVESTIGATE		
DIV	anet	96250	383390	34	-13.1	10.4	5056	1	6	-	INVESTIGATE		
DIV	anet	93351	368989	21	-13.1	6.0	4850	10	25	-	INVESTIGATE		
DIV	anet	101520	399868	14	-13.1	13.7	5056	1	10	-	INVESTIGATE		
DIV	anet	264841	1051051	19	+15.0	2.8	1128	1	7	-	INVESTIGATE		
DIV	anet	55351	237746	28	+15.0	5.8	3119	1	18	-	INVESTIGATE		
DIV	anet	244703	974294	54	+15.0	6.0	2872	1	1	-	INVESTIGATE		
DIV	tfrrs	25389	1	56	-13.1	12.9	5000	na	na	-	INVESTIGATE		
DIV	anet	211527	845338	29	-13.1	7.8	2900	1	6	-	INVESTIGATE		
DIV	tfrrs	19461	5	39	-13.1	5.6	5131	na	na	-	INVESTIGATE		
DIV	anet	49278	237793	15	-13.1	14.3	1787	5	34	-	INVESTIGATE		
DIV	anet	209838	839989	16	-13.1	10.0	5071	1	17	-	INVESTIGATE		
DIV	tfrrs	15968	0	38	-13.1	7.1	2892	na	na	-	INVESTIGATE		
DIV	anet	58390	249971	43	+15.0	4.4	4865	2	18	-	INVESTIGATE		
DIV	tfrrs	26732	1	47	-13.1	5.9	5000	na	na	-	INVESTIGATE		
DIV	anet	71724	295123	23	-13.1	8.7	2254	2	11	-	INVESTIGATE		
DIV	anet	229590	915363	26	-13.1	8.4	2270	1	11	-	INVESTIGATE		
DIV	tfrrs	10400	4	53	-13.1	4.0	4653	na	na	-	INVESTIGATE		
DIV	anet	205781	825220	40	-13.1	11.4	1879	2	9	-	INVESTIGATE		
DIV	anet	35504	153768	82	-13.1	10.2	3976	5	26	-	INVESTIGATE		
DIV	anet	210141	840917	38	+15.0	4.6	5071	1	1	-	INVESTIGATE		
DIV	tfrrs	18505	0	80	-13.1	8.1	5131	na	na	-	INVESTIGATE		
DIV	anet	259514	1031083	14	-13.1	14.8	2859	2	20	-	INVESTIGATE		
DIV	anet	131375	535288	21	-13.1	6.8	2255	3	11	-	INVESTIGATE		
DIV	anet	187810	761520	30	-13.1	4.7	5122	1	3	-	INVESTIGATE		
DIV	anet	18433	82432	45	+15.0	10.3	3171	6	22	-	INVESTIGATE		
DIV	anet	156194	651272	38	-13.1	10.8	4854	1	5	-	INVESTIGATE		
DIV	anet	193626	785192	19	-13.1	4.3	3134	2	12	-	INVESTIGATE		
DIV	anet	54333	231416	24	-13.1	8.6	3100	4	29	-	INVESTIGATE		
DIV	anet	134211	590367	17	-13.1	4.5	3104	4	15	-	INVESTIGATE		
DIV	anet	116349	465712	18	-13.1	9.1	3950	1	5	-	INVESTIGATE		
DIV	anet	158194	658475	16	+15.0	10.9	2272	1	5	-	INVESTIGATE		
DIV	anet	198039	793563	12	+15.0	3.8	2923	1	11	-	INVESTIGATE		
DIV	anet	156574	652652	42	-13.1	6.2	5000	1	5	OVERRIDE	REGRESSION		
DIV	anet	23007	101438	29	+15.0	6.6	2918	3	16	-	INVESTIGATE		
DIV	anet	251747	1003087	13	+15.0	3.2	5037	2	2	-	INVESTIGATE		
DIV	anet	147607	616105	35	+15.0	5.8	1437	10	18	-	PERSISTENT		
DIV	anet	146774	634765	62	-13.0	4.3	5060	1	2	-	INVESTIGATE		
DIV	anet	49355	210456	16	-13.0	16.2	4869	2	14	-	INVESTIGATE		
DIV	anet	130201	556959	138	-13.0	16.7	5041	6	16	-	INVESTIGATE		
DIV	tfrrs	22859	5	26	-13.0	7.7	5112	na	na	-	INVESTIGATE		
DIV	anet	243853	972432	24	-13.0	8.7	2877	1	8	-	INVESTIGATE		
DIV	anet	192192	776342	13	-13.0	9.2	1521	1	9	-	INVESTIGATE		
DIV	tfrrs	23529	1	212	-13.0	6.8	5079	na	na	-	INVESTIGATE		
DIV	tfrrs	13530	2	57	-13.0	5.3	3124	na	na	-	INVESTIGATE		
DIV	anet	186310	756852	17	+15.0	6.4	2298	5	13	-	INVESTIGATE		
DIV	anet	38196	164411	18	-13.0	6.6	3110	1	32	-	INVESTIGATE		
DIV	anet	48069	205065	12	-13.0	11.8	3110	2	5	-	INVESTIGATE		
DIV	anet	157515	656290	95	+15.0	8.8	3104	3	18	-	INVESTIGATE		
DIV	anet	63607	274188	15	+15.0	4.4	2277	2	14	-	INVESTIGATE		
DIV	anet	251421	1010278	81	+15.0	13.7	2872	2	16	-	INVESTIGATE		
DIV	tfrrs	11776	0	78	-13.0	7.0	5051	na	na	-	INVESTIGATE		
DIV	anet	205987	825959	20	+15.0	7.1	3149	1	1	-	INVESTIGATE		
DIV	anet	110495	437471	16	-13.0	11.3	3105	2	15	-	INVESTIGATE		
DIV	anet	118181	474060	14	-13.0	3.7	3087	2	10	-	INVESTIGATE		
DIV	anet	75139	301160	42	-13.0	9.2	5028	1	7	-	INVESTIGATE		
DIV	tfrrs	22651	3	78	-13.0	6.0	5060	na	na	-	INVESTIGATE		
DIV	anet	206105	826408	22	+15.0	7.2	3169	1	8	-	INVESTIGATE		
DIV	anet	71752	295285	120	+15.0	7.6	3113	2	20	-	INVESTIGATE		
DIV	anet	113999	453395	16	+15.0	6.2	3087	1	2	-	INVESTIGATE		
DIV	tfrrs	22350	0	106	-13.0	4.3	5088	na	na	-	INVESTIGATE		
DIV	anet	60608	259694	13	+15.0	4.2	5034	1	12	-	INVESTIGATE		
DIV	anet	84501	339045	75	-13.0	8.2	2277	3	16	-	INVESTIGATE		
DIV	anet	161011	667157	20	-13.0	6.5	5064	1	5	-	INVESTIGATE		
DIV	anet	84501	339046	63	-13.0	8.8	2256	3	16	-	INVESTIGATE		
DIV	anet	109944	435219	34	-13.0	11.8	2874	4	15	-	INVESTIGATE		
DIV	anet	154882	645795	49	+15.0	3.1	4897	3	12	-	INVESTIGATE		
DIV	anet	253300	1011460	192	+15.0	7.3	2859	1	28	-	INVESTIGATE		
DIV	anet	151903	642369	38	+15.0	26.3	2910	2	14	-	INVESTIGATE		
DIV	anet	83521	340231	64	-13.0	4.3	1432	5	37	-	INVESTIGATE		
DIV	anet	138558	573267	20	-13.0	7.2	5041	1	6	-	INVESTIGATE		
DIV	anet	84729	333293	66	+15.0	9.3	2891	4	5	-	PERSISTENT		
DIV	anet	112471	446092	27	-13.0	8.8	2777	1	17	-	INVESTIGATE		
DIV	anet	140293	583862	37	+15.0	6.8	2888	3	5	-	PERSISTENT		
DIV	anet	16718	74632	14	+15.0	9.9	3151	1	2	-	INVESTIGATE		
DIV	tfrrs	26632	0	14	-13.0	2.5	5000	na	na	-	INVESTIGATE		
DIV	tfrrs	26754	0	14	-13.0	2.5	5000	na	na	-	INVESTIGATE		
DIV	anet	134914	562347	16	-13.0	7.6	2885	7	18	-	INVESTIGATE		
DIV	anet	123253	495483	19	-13.0	8.4	2263	3	7	-	INVESTIGATE		
DIV	anet	213556	857837	14	+15.0	4.7	3572	4	43	-	INVESTIGATE		
DIV	anet	216401	864109	14	+15.0	6.8	2284	7	21	-	INVESTIGATE		
DIV	anet	200826	806028	63	+15.0	3.3	5131	5	9	-	PERSISTENT		
DIV	anet	87672	348179	13	+15.0	7.1	3103	3	6	-	PERSISTENT		
DIV	anet	151160	626639	15	+15.0	5.6	4522	2	3	-	PERSISTENT		
DIV	anet	109003	443795	109	-13.0	14.6	2887	2	23	-	INVESTIGATE		
DIV	anet	179474	733949	50	+15.0	3.2	5138	4	4	-	PERSISTENT		
DIV	anet	140558	585564	13	+14.9	7.2	2888	5	20	-	INVESTIGATE		
DIV	anet	203896	817594	13	-13.0	12.1	3153	1	6	-	INVESTIGATE		
DIV	tfrrs	16292	5	135	-13.0	3.6	5075	na	na	-	INVESTIGATE		
DIV	anet	234933	939634	14	+14.9	5.1	5039	2	3	-	PERSISTENT		
DIV	anet	148145	617434	65	-13.0	11.0	2270	5	9	-	PERSISTENT		
DIV	anet	156903	653909	78	+14.9	6.1	3134	1	8	-	INVESTIGATE		
DIV	anet	185138	753297	18	+14.9	6.8	3173	1	7	-	INVESTIGATE		
DIV	tfrrs	23339	1	87	-13.0	6.6	5023	na	na	-	INVESTIGATE		
DIV	anet	210034	840633	24	+14.9	10.4	3999	1	9	-	INVESTIGATE		
DIV	anet	46122	196991	14	+14.9	8.1	2374	1	18	-	INVESTIGATE		
DIV	anet	242734	967521	68	+14.9	9.8	2872	1	20	-	INVESTIGATE		
DIV	anet	247633	982605	106	-13.0	5.9	1434	10	35	-	INVESTIGATE		
DIV	tfrrs	21328	4	80	-13.0	9.9	5000	na	na	-	INVESTIGATE		
DIV	anet	78218	309231	45	-13.0	10.1	3103	1	15	-	INVESTIGATE		
DIV	anet	42423	182588	18	-13.0	4.9	5214	1	2	-	INVESTIGATE		
DIV	anet	73935	299215	22	-13.0	10.6	6168	2	3	-	PERSISTENT		
DIV	anet	71646	293736	15	-13.0	3.6	5071	1	3	-	INVESTIGATE		
DIV	anet	141058	593100	19	+14.9	12.5	3119	1	2	-	INVESTIGATE		
DIV	anet	141472	591415	49	+14.9	9.0	2261	2	18	-	INVESTIGATE		
DIV	anet	37812	178263	59	-13.0	7.0	2894	1	10	-	INVESTIGATE		
DIV	anet	269699	1073197	204	+14.9	8.8	5000	3	9	-	INVESTIGATE		
DIV	anet	53392	229672	90	-13.0	6.3	2269	3	16	-	INVESTIGATE		
DIV	anet	97371	387995	36	-13.0	5.5	3952	1	6	-	INVESTIGATE		
DIV	anet	158158	696484	122	+14.9	13.6	3134	6	22	-	INVESTIGATE		
DIV	anet	215727	860983	27	-13.0	8.9	2900	2	42	-	INVESTIGATE		
DIV	anet	92805	366589	36	-13.0	6.3	3108	1	17	-	INVESTIGATE		
DIV	anet	9996	46430	19	+14.9	2.9	5176	3	6	-	PERSISTENT		
DIV	tfrrs	15611	3	111	-13.0	4.8	5000	na	na	-	INVESTIGATE		
DIV	anet	50112	213546	47	+14.9	6.9	2887	1	4	-	INVESTIGATE		
DIV	anet	252321	1006029	58	+14.9	5.8	5023	1	3	-	INVESTIGATE		
DIV	anet	140564	585580	62	-13.0	14.8	5051	2	6	-	INVESTIGATE		
DIV	anet	264519	1049612	16	+14.9	10.8	1106	1	12	-	INVESTIGATE		
DIV	anet	102961	406835	16	+14.9	6.8	3123	1	5	-	INVESTIGATE		
DIV	anet	161673	673365	14	-13.0	8.5	2272	4	13	-	INVESTIGATE		
DIV	anet	195691	785986	14	-13.0	7.7	4938	1	7	-	INVESTIGATE		
DIV	tfrrs	19442	2	210	-13.0	11.4	5051	na	na	-	INVESTIGATE		
DIV	tfrrs	7297	0	121	-13.0	10.2	5056	na	na	-	INVESTIGATE		
DIV	anet	149948	622353	42	+14.9	7.8	3122	2	9	-	INVESTIGATE		
DIV	anet	217747	870818	40	+14.9	7.5	3114	1	5	-	INVESTIGATE		
DIV	anet	131830	537308	34	-13.0	10.7	2249	8	17	-	INVESTIGATE		
DIV	anet	215400	859614	16	+14.9	9.1	2284	1	2	-	INVESTIGATE		
DIV	anet	63794	275110	23	-13.0	7.2	5034	2	16	-	INVESTIGATE		
DIV	anet	140293	583863	46	+14.9	6.6	2878	3	5	-	PERSISTENT		
DIV	anet	50941	217001	44	-13.0	8.7	2887	3	26	-	INVESTIGATE		
DIV	tfrrs	25810	1	31	-13.0	12.5	5000	na	na	-	INVESTIGATE		
DIV	tfrrs	4153	7	39	-13.0	8.7	5034	na	na	-	INVESTIGATE		
DIV	anet	116891	468257	24	-13.0	9.2	2890	1	10	-	INVESTIGATE		
DIV	anet	189271	766378	14	-13.0	8.1	3153	1	15	-	INVESTIGATE		
DIV	anet	187957	762061	29	-13.0	6.3	4019	1	5	-	INVESTIGATE		
DIV	anet	145733	634873	17	-13.0	6.7	3127	3	21	-	INVESTIGATE		
DIV	tfrrs	5589	0	18	-13.0	8.5	5028	na	na	-	INVESTIGATE		
DIV	tfrrs	23529	3	192	-13.0	7.5	5093	na	na	-	INVESTIGATE		
DIV	anet	159753	697995	52	+14.9	5.4	5075	2	10	-	INVESTIGATE		
DIV	anet	242414	966392	147	-13.0	7.1	2097	3	16	-	INVESTIGATE		
DIV	anet	139330	578056	44	+14.9	10.2	2261	4	24	-	INVESTIGATE		
DIV	anet	193382	799218	146	-13.0	11.0	4932	1	17	-	INVESTIGATE		
DIV	tfrrs	23488	1	61	-13.0	7.1	5000	na	na	-	INVESTIGATE		
DIV	tfrrs	8831	5	71	-13.0	4.0	5034	na	na	-	INVESTIGATE		
DIV	anet	212709	848722	35	-13.0	8.6	3113	3	5	-	PERSISTENT		
DIV	anet	199537	800027	29	+14.9	6.4	2298	2	5	-	INVESTIGATE		
DIV	anet	140027	582265	15	-13.0	8.0	4854	1	4	-	INVESTIGATE		
DIV	anet	217969	885578	79	+14.9	3.5	5079	1	3	-	INVESTIGATE		
DIV	anet	252312	1005996	15	+14.9	10.4	5023	1	8	-	INVESTIGATE		
DIV	tfrrs	19911	2	26	-13.0	7.2	5000	na	na	-	INVESTIGATE		
DIV	anet	258107	1025707	14	-12.9	7.9	2909	5	21	-	INVESTIGATE		
DIV	anet	117722	472064	32	-12.9	12.6	4857	10	25	-	INVESTIGATE		
DIV	anet	21601	96970	34	-12.9	6.1	2397	3	14	-	INVESTIGATE		
DIV	tfrrs	11645	0	16	-12.9	18.0	1520	na	na	-	INVESTIGATE		
DIV	anet	163490	674494	110	-12.9	8.5	5075	2	5	-	INVESTIGATE		
DIV	anet	31925	143485	21	-12.9	9.3	1456	1	21	-	INVESTIGATE		
DIV	anet	167886	694534	13	-12.9	8.6	3119	1	15	-	INVESTIGATE		
DIV	anet	191920	775117	24	+14.9	11.0	2924	1	10	-	INVESTIGATE		
DIV	anet	159761	665029	13	+14.9	5.9	3296	1	2	-	INVESTIGATE		
DIV	anet	57953	269336	15	-12.9	5.7	3410	4	10	-	INVESTIGATE		
DIV	anet	174651	716951	16	-12.9	13.6	2938	5	5	-	PERSISTENT		
DIV	anet	161496	668496	18	-12.9	5.5	3296	4	15	-	INVESTIGATE		
DIV	tfrrs	23461	1	84	-12.9	10.2	5037	na	na	-	INVESTIGATE		
DIV	anet	6389	78529	19	-12.9	9.8	4918	3	20	-	INVESTIGATE		
DIV	anet	242825	967783	77	+14.9	7.0	2872	1	12	-	INVESTIGATE		
DIV	anet	19671	87704	16	-12.9	14.5	5120	1	15	-	INVESTIGATE		
DIV	anet	156903	653910	89	+14.9	6.9	3124	1	8	-	INVESTIGATE		
DIV	anet	28067	122138	58	+14.9	2.8	5677	1	5	-	INVESTIGATE		
DIV	tfrrs	24603	0	27	-12.9	6.9	5023	na	na	-	INVESTIGATE		
DIV	anet	3627	214221	12	-12.9	6.9	3154	5	36	-	INVESTIGATE		
DIV	tfrrs	10934	2	52	-12.9	5.9	5000	na	na	-	INVESTIGATE		
DIV	tfrrs	15623	4	13	-12.9	5.9	4007	na	na	-	INVESTIGATE		
DIV	tfrrs	19408	0	133	-12.9	5.5	5071	na	na	-	INVESTIGATE		
DIV	tfrrs	23475	1	188	-12.9	8.8	5037	na	na	-	INVESTIGATE		
DIV	anet	93866	371259	32	+14.9	2.8	4842	2	9	-	INVESTIGATE		
DIV	anet	85455	336405	18	-12.9	3.8	5028	3	6	-	PERSISTENT		
DIV	anet	90844	358304	98	+14.8	2.9	6111	5	16	-	INVESTIGATE		
DIV	anet	75352	302226	58	+14.8	5.5	5055	1	2	-	INVESTIGATE		
DIV	anet	231135	924227	46	-12.9	14.0	2255	1	2	-	INVESTIGATE		
DIV	anet	115319	500341	13	-12.9	5.5	2263	4	17	-	INVESTIGATE		
DIV	anet	31784	151714	48	+14.8	9.8	2905	6	11	-	PERSISTENT		
DIV	anet	23007	101437	32	+14.8	5.2	2928	3	16	-	INVESTIGATE		
DIV	anet	139628	591154	69	+14.8	5.2	2878	2	6	-	INVESTIGATE		
DIV	anet	164068	676937	49	+14.8	6.3	3124	2	16	-	INVESTIGATE		
DIV	anet	260824	1043076	30	-12.9	2.7	1415	2	13	-	INVESTIGATE		
DIV	anet	32728	141999	15	+14.8	6.1	1773	4	22	-	INVESTIGATE		
DIV	anet	244206	972598	19	-12.9	4.1	5523	2	17	-	INVESTIGATE		
DIV	anet	179801	735140	19	+14.8	14.9	3140	2	5	-	INVESTIGATE		
DIV	anet	161103	667462	14	+14.8	6.0	1936	2	5	-	INVESTIGATE		
DIV	anet	152360	632392	13	+14.8	4.8	3102	2	4	-	PERSISTENT		
DIV	anet	168467	697148	30	+14.8	10.2	2286	1	13	-	INVESTIGATE		
DIV	anet	176176	721359	18	-12.9	10.5	3173	3	22	-	INVESTIGATE		
DIV	anet	243178	969071	13	-12.9	11.8	1434	1	5	-	INVESTIGATE		
DIV	anet	154863	645695	23	+14.8	8.5	2271	1	7	-	INVESTIGATE		
DIV	anet	32470	140840	18	+14.8	5.4	3745	10	24	-	INVESTIGATE		
DIV	anet	151924	630167	24	-12.9	5.1	2292	1	7	-	INVESTIGATE		
DIV	anet	200057	802192	14	-12.9	8.9	2142	1	1	-	INVESTIGATE		
DIV	anet	48092	205172	13	-12.9	3.1	3132	1	5	-	INVESTIGATE		
DIV	anet	90097	355591	25	-12.9	14.8	3282	4	18	-	INVESTIGATE		
DIV	anet	53392	229668	115	-12.9	4.9	2269	3	16	-	INVESTIGATE		
DIV	anet	116663	467318	12	-12.9	7.8	3083	1	1	-	INVESTIGATE		
DIV	tfrrs	27208	1	34	-12.9	9.1	5000	na	na	-	INVESTIGATE		
DIV	anet	152849	635034	52	-12.9	5.6	3127	3	14	-	INVESTIGATE		
DIV	anet	204010	818304	61	-12.9	5.5	5131	1	5	-	INVESTIGATE		
DIV	anet	140030	582274	12	+14.8	5.6	2275	2	23	-	INVESTIGATE		
DIV	anet	258682	1032122	127	+14.8	5.5	2859	2	20	-	INVESTIGATE		
DIV	anet	91643	361484	114	-12.9	5.2	5253	10	24	-	INVESTIGATE		
DIV	anet	93285	368674	46	-12.9	5.7	2765	1	19	-	INVESTIGATE		
DIV	anet	126957	514357	24	+14.8	3.4	2879	2	19	-	INVESTIGATE		
DIV	anet	157237	656299	23	+14.8	13.9	2286	2	10	-	INVESTIGATE		
DIV	anet	136850	570500	13	-12.9	6.2	2275	5	15	-	INVESTIGATE		
DIV	anet	578	2828	28	-12.9	7.8	5176	6	21	-	INVESTIGATE		
DIV	anet	240658	981632	39	+14.8	4.4	2248	3	5	-	PERSISTENT		
DIV	anet	403	2016	52	-12.9	5.9	5364	10	24	-	INVESTIGATE		
DIV	anet	132849	573651	26	-12.9	6.8	3090	2	16	-	INVESTIGATE		
DIV	anet	50247	214115	29	-12.9	8.5	2262	11	14	-	PERSISTENT		
DIV	anet	228184	910064	14	-12.9	5.9	3112	6	36	-	INVESTIGATE		
DIV	anet	271614	1082006	85	+14.8	14.8	5000	1	3	-	INVESTIGATE		
DIV	anet	210896	843232	17	+14.8	7.1	5071	1	1	-	INVESTIGATE		
DIV	anet	152656	634050	34	+14.8	9.6	2910	1	4	-	INVESTIGATE		
DIV	anet	36960	159613	15	+14.8	8.1	2275	3	7	-	INVESTIGATE		
DIV	anet	102580	405380	26	-12.9	5.6	2253	5	11	-	INVESTIGATE		
DIV	anet	237262	948663	31	-12.9	8.2	2875	2	23	-	INVESTIGATE		
DIV	anet	35594	154079	71	-12.9	4.3	1441	1	5	OVERRIDE	REGRESSION		
DIV	anet	39864	171041	39	-12.9	7.9	2895	2	14	-	INVESTIGATE		
DIV	anet	132102	538482	65	-12.9	6.9	3953	2	4	-	PERSISTENT		
DIV	anet	194105	781701	13	-12.9	6.7	3161	1	5	-	INVESTIGATE		
DIV	tfrrs	8831	1	67	-12.9	3.3	5034	na	na	-	INVESTIGATE		
DIV	tfrrs	23949	10	18	-12.9	7.1	5037	na	na	-	INVESTIGATE		
DIV	anet	32841	142493	37	+14.8	4.4	5080	7	15	-	INVESTIGATE		
DIV	anet	213098	850067	16	-12.9	11.1	3986	1	7	-	INVESTIGATE		
DIV	anet	84729	333294	52	+14.8	5.9	2870	4	5	-	PERSISTENT		
DIV	anet	4706	22675	13	-12.9	4.8	4587	5	15	-	INVESTIGATE		
DIV	tfrrs	13799	1	134	-12.9	6.8	5111	na	na	-	INVESTIGATE		
DIV	anet	40143	172142	40	-12.9	8.4	5080	1	16	-	INVESTIGATE		
DIV	anet	140587	585813	15	+14.8	5.5	3100	1	25	-	INVESTIGATE		
DIV	anet	59958	256689	17	-12.9	4.9	3302	10	35	-	INVESTIGATE		
DIV	tfrrs	26271	3	39	-12.9	5.5	5000	na	na	-	INVESTIGATE		
DIV	anet	146771	613896	12	-12.9	4.9	2360	2	15	-	INVESTIGATE		
DIV	anet	205817	825409	13	+14.8	4.8	3140	1	1	-	INVESTIGATE		
DIV	anet	174298	716021	33	-12.9	8.3	3140	2	13	-	INVESTIGATE		
DIV	anet	189351	766597	16	+14.8	14.3	2480	2	24	-	INVESTIGATE		
DIV	anet	232138	926418	51	+14.8	8.1	3112	1	9	-	INVESTIGATE		
DIV	anet	40751	174882	91	-12.9	7.9	2905	1	5	-	INVESTIGATE		
DIV	anet	116000	463950	16	-12.9	4.7	2874	1	9	-	INVESTIGATE		
DIV	anet	205196	822789	24	+14.8	9.2	1458	2	9	-	INVESTIGATE		
DIV	anet	33571	145851	41	+14.8	4.4	5080	12	19	-	PERSISTENT		
DIV	tfrrs	16367	0	49	-12.9	7.5	5075	na	na	-	INVESTIGATE		
DIV	anet	160981	676785	31	+14.8	7.8	3296	3	7	-	INVESTIGATE		
DIV	anet	218716	875108	17	+14.8	9.4	3132	1	1	-	INVESTIGATE		
DIV	anet	214083	854054	46	+14.8	12.7	2374	1	4	-	INVESTIGATE		
DIV	tfrrs	11645	1	13	-12.9	10.8	1433	na	na	-	INVESTIGATE		
DIV	tfrrs	21865	1	69	-12.9	9.7	5060	na	na	-	INVESTIGATE		
DIV	anet	147719	629097	132	-12.9	15.9	5088	2	16	-	INVESTIGATE		
DIV	tfrrs	8831	9	62	-12.9	4.9	5034	na	na	-	INVESTIGATE		
DIV	tfrrs	21971	0	42	-12.9	9.1	5039	na	na	-	INVESTIGATE		
DIV	anet	267928	1064907	52	+14.8	6.0	5000	2	13	-	INVESTIGATE		
DIV	anet	254476	1016127	13	-12.9	8.6	5000	1	6	-	INVESTIGATE		
DIV	anet	239304	955975	29	-12.9	9.3	1831	2	8	-	INVESTIGATE		
DIV	anet	112952	448332	34	+14.8	8.8	2887	4	14	-	INVESTIGATE		
DIV	anet	187956	762055	13	-12.9	4.9	5131	1	16	-	INVESTIGATE		
DIV	tfrrs	24418	1	36	-12.9	7.3	5037	na	na	-	INVESTIGATE		
DIV	anet	146774	634764	74	-12.9	5.6	5088	1	2	-	INVESTIGATE		
DIV	anet	84688	333108	21	-12.9	13.5	1828	5	28	-	INVESTIGATE		
DIV	anet	260643	1034888	31	+14.7	6.6	3084	1	12	-	INVESTIGATE		
DIV	anet	198142	793926	45	-12.9	11.2	3134	1	8	-	INVESTIGATE		
DIV	anet	119729	507105	37	+14.7	4.3	2872	1	4	-	INVESTIGATE		
DIV	anet	79568	314931	13	-12.9	5.1	5028	1	5	-	INVESTIGATE		
DIV	tfrrs	26435	3	28	-12.8	5.2	4988	na	na	-	INVESTIGATE		
DIV	tfrrs	21877	2	102	-12.8	6.9	5039	na	na	-	INVESTIGATE		
DIV	anet	56157	239957	18	-12.8	8.5	4923	2	16	-	INVESTIGATE		
DIV	tfrrs	23480	3	80	-12.8	8.6	5037	na	na	-	INVESTIGATE		
DIV	anet	135148	590378	19	-12.8	13.9	3109	1	8	-	INVESTIGATE		
DIV	tfrrs	6388	0	52	-12.8	6.1	6121	na	na	-	INVESTIGATE		
DIV	anet	227202	907584	26	-12.8	7.4	2889	1	15	-	INVESTIGATE		
DIV	anet	123661	497277	20	+14.7	6.4	3950	7	20	-	INVESTIGATE		
DIV	anet	158097	658202	36	+14.7	5.1	4854	1	7	-	INVESTIGATE		
DIV	anet	244857	974820	41	-12.8	11.6	2875	1	3	-	INVESTIGATE		
DIV	anet	179060	732169	49	+14.7	5.5	5138	2	12	-	INVESTIGATE		
DIV	anet	4164	20228	34	-12.8	3.9	5140	1	13	-	INVESTIGATE		
DIV	anet	248227	985531	27	+14.7	8.2	5037	1	3	-	INVESTIGATE		
DIV	tfrrs	24604	3	47	-12.8	6.4	5037	na	na	-	INVESTIGATE		
DIV	anet	65691	283888	16	+14.7	3.5	4848	1	18	-	INVESTIGATE		
DIV	anet	243105	977028	15	+14.7	6.7	3102	2	18	-	INVESTIGATE		
DIV	anet	58415	250071	19	+14.7	2.6	4865	2	18	-	INVESTIGATE		
DIV	anet	87674	348197	20	+14.7	12.6	2241	2	8	-	INVESTIGATE		
DIV	anet	223052	929945	13	-12.8	7.3	5060	2	20	-	INVESTIGATE		
DIV	anet	41410	177967	23	-12.8	6.5	5215	3	22	-	INVESTIGATE		
DIV	tfrrs	19406	0	148	-12.8	8.0	5000	na	na	-	INVESTIGATE		
DIV	tfrrs	23519	5	85	-12.8	6.7	5051	na	na	-	INVESTIGATE		
DIV	anet	197169	790250	17	-12.8	11.0	3149	1	7	-	INVESTIGATE		
DIV	anet	232858	932112	15	-12.8	7.7	4873	1	11	-	INVESTIGATE		
DIV	anet	157564	681783	19	-12.8	9.1	3124	5	23	-	INVESTIGATE		
DIV	anet	249526	991855	18	+14.7	4.4	3102	4	18	-	INVESTIGATE		
DIV	anet	237426	949258	80	+14.7	7.4	2875	5	24	-	INVESTIGATE		
DIV	anet	107870	426340	16	-12.8	4.0	2258	3	16	-	INVESTIGATE		
DIV	anet	93285	368672	63	-12.8	6.0	2782	1	19	-	INVESTIGATE		
DIV	tfrrs	22859	3	13	-12.8	5.1	5090	na	na	-	INVESTIGATE		
DIV	anet	44779	191876	22	-12.8	2.0	3979	1	11	-	INVESTIGATE		
DIV	anet	149798	621789	17	-12.8	12.5	2799	1	3	-	INVESTIGATE		
DIV	anet	124852	502498	23	-12.8	3.7	1827	1	1	-	INVESTIGATE		
DIV	anet	33057	143482	33	-12.8	6.7	3103	1	11	-	INVESTIGATE		
DIV	tfrrs	26687	1	29	-12.8	8.9	5000	na	na	-	INVESTIGATE		
DIV	anet	268947	1069562	42	+14.7	9.2	5000	1	12	-	INVESTIGATE		
DIV	tfrrs	3724	2	92	-12.8	7.1	4785	na	na	-	INVESTIGATE		
DIV	tfrrs	23064	4	106	-12.8	7.3	5060	na	na	-	INVESTIGATE		
DIV	anet	174724	717107	36	-12.8	11.2	5122	1	24	-	INVESTIGATE		
DIV	anet	168012	695081	22	+14.7	3.9	3474	2	8	-	INVESTIGATE		
DIV	anet	53935	229948	45	-12.8	3.1	3993	1	9	-	INVESTIGATE		
DIV	anet	121790	489447	24	-12.8	10.2	7573	10	18	-	PERSISTENT		
DIV	tfrrs	7810	4	62	-12.8	8.2	5034	na	na	-	INVESTIGATE		
DIV	anet	195520	800740	15	+14.7	8.5	2924	2	3	-	PERSISTENT		
DIV	anet	82945	325824	37	+14.7	11.4	2891	1	18	-	INVESTIGATE		
DIV	anet	75469	302836	40	+14.7	5.4	5055	1	2	-	INVESTIGATE		
DIV	anet	198039	793562	26	+14.7	2.6	2923	1	11	-	INVESTIGATE		
DIV	anet	198039	793561	23	+14.7	5.6	2915	1	11	-	INVESTIGATE		
DIV	anet	196654	788746	17	-12.8	16.7	5122	1	8	-	INVESTIGATE		
DIV	anet	78538	310646	48	-12.8	6.8	5055	3	16	-	INVESTIGATE		
DIV	anet	123664	497282	37	+14.7	7.4	6159	1	2	-	INVESTIGATE		
DIV	anet	123690	497385	39	+14.7	16.1	3111	3	15	-	INVESTIGATE		
DIV	anet	85347	335913	19	-12.8	5.4	3107	2	18	-	INVESTIGATE		
DIV	anet	36962	159617	14	-12.8	34.6	2275	1	6	-	INVESTIGATE		
DIV	anet	214698	856566	37	-12.8	8.6	3306	2	10	-	INVESTIGATE		
DIV	anet	255670	1016728	34	+14.7	5.8	2484	3	15	-	INVESTIGATE		
DIV	anet	251926	1004034	30	-12.8	10.1	1439	3	31	-	INVESTIGATE		
DIV	anet	135372	559769	74	-12.8	12.1	2351	1	7	-	INVESTIGATE		
DIV	anet	57711	247107	16	-12.8	3.6	2252	1	19	-	INVESTIGATE		
DIV	anet	40416	173451	57	-12.8	6.5	3472	6	20	-	INVESTIGATE		
DIV	anet	144717	607474	109	-12.8	4.9	2382	1	7	-	INVESTIGATE		
DIV	anet	130201	556954	80	-12.8	21.4	2888	6	16	-	INVESTIGATE		
DIV	anet	206919	829616	21	-12.8	16.4	3135	2	5	-	INVESTIGATE		
DIV	tfrrs	19790	1	31	-12.8	6.1	5079	na	na	-	INVESTIGATE		
DIV	anet	177388	725814	21	-12.8	6.8	4932	1	3	-	INVESTIGATE		
DIV	anet	112429	451625	14	-12.8	5.5	2258	6	13	-	INVESTIGATE		
DIV	anet	248371	986187	30	-12.8	14.4	2260	1	15	-	INVESTIGATE		
DIV	tfrrs	21463	0	88	-12.8	10.4	5039	na	na	-	INVESTIGATE		
DIV	anet	20761	92595	19	-12.8	8.8	5112	2	18	-	INVESTIGATE		
DIV	anet	112191	458880	16	-12.8	4.2	2258	2	15	-	INVESTIGATE		
DIV	anet	161413	668236	25	-12.8	20.2	1438	1	20	-	INVESTIGATE		
DIV	anet	11477	54034	14	+14.7	7.8	2634	1	18	-	INVESTIGATE		
DIV	anet	179723	734825	18	-12.8	25.1	2300	1	3	-	INVESTIGATE		
DIV	anet	223531	926477	30	+14.7	8.3	3121	3	10	-	INVESTIGATE		
DIV	anet	219138	877278	20	+14.7	13.7	5079	3	13	-	INVESTIGATE		
DIV	anet	51216	218233	13	-12.8	8.9	4413	6	25	-	INVESTIGATE		
DIV	anet	9115	42758	25	-12.8	5.2	3469	2	17	-	INVESTIGATE		
DIV	anet	111651	450124	47	+14.7	7.4	2274	3	7	-	INVESTIGATE		
DIV	anet	107670	425453	20	-12.8	9.6	5048	1	4	-	INVESTIGATE		
DIV	anet	205928	825741	16	+14.6	14.0	3149	1	5	-	INVESTIGATE		
DIV	anet	71724	295121	38	-12.8	7.6	2270	2	11	-	INVESTIGATE		
DIV	anet	158995	661040	23	+14.6	6.7	3104	6	9	-	PERSISTENT		
DIV	tfrrs	22350	1	87	-12.8	4.3	5110	na	na	-	INVESTIGATE		
DIV	anet	83951	329869	12	+14.6	1.5	2870	1	4	-	INVESTIGATE		
DIV	anet	138288	571706	17	+14.6	8.8	2275	2	11	-	INVESTIGATE		
DIV	anet	217927	871737	25	-12.8	10.2	3642	1	12	-	INVESTIGATE		
DIV	anet	191976	775277	20	-12.8	7.7	1458	3	18	-	INVESTIGATE		
DIV	anet	26217	114549	44	-12.8	5.4	5112	1	2	-	INVESTIGATE		
DIV	tfrrs	23480	4	68	-12.8	5.2	5037	na	na	-	INVESTIGATE		
DIV	anet	262214	1044458	14	-12.8	6.6	2229	3	8	-	INVESTIGATE		
DIV	anet	161866	669554	60	-12.8	9.3	4877	1	12	-	INVESTIGATE		
DIV	anet	162927	672609	39	-12.8	10.7	2902	1	12	-	INVESTIGATE		
DIV	anet	149208	620050	45	+14.6	5.8	2910	3	20	-	INVESTIGATE		
DIV	anet	197983	793339	27	-12.8	13.4	5131	2	8	-	INVESTIGATE		
DIV	anet	168467	697144	12	+14.6	6.9	2272	1	13	-	INVESTIGATE		
DIV	anet	36452	157603	33	-12.8	6.2	1425	1	4	-	INVESTIGATE		
DIV	tfrrs	13641	5	40	-12.8	4.2	5060	na	na	-	INVESTIGATE		
DIV	anet	42536	183122	147	-12.8	7.7	5057	4	29	-	INVESTIGATE		
DIV	anet	39861	176840	30	-12.8	6.4	2455	1	11	-	INVESTIGATE		
DIV	anet	160475	665689	17	-12.8	8.4	3125	1	2	-	INVESTIGATE		
DIV	anet	51182	218096	17	+14.6	4.1	2887	1	11	-	INVESTIGATE		
DIV	anet	92891	366954	40	+14.6	4.7	4850	2	18	-	INVESTIGATE		
DIV	tfrrs	13076	3	28	-12.8	3.9	5041	na	na	-	INVESTIGATE		
DIV	anet	35962	155594	49	+14.6	8.1	2905	4	20	-	INVESTIGATE		
DIV	tfrrs	10400	1	45	-12.8	5.4	4634	na	na	-	INVESTIGATE		
DIV	anet	134667	551010	14	-12.8	15.4	3458	2	16	-	INVESTIGATE		
DIV	tfrrs	25553	1	27	-12.8	10.0	5000	na	na	-	INVESTIGATE		
DIV	tfrrs	24691	1	47	-12.8	11.6	5037	na	na	-	INVESTIGATE		
DIV	anet	137329	566096	14	-12.8	10.6	2255	5	23	-	INVESTIGATE		
DIV	anet	141932	593979	13	+14.6	3.9	1422	1	7	-	INVESTIGATE		
DIV	tfrrs	13624	3	25	-12.8	5.0	5094	na	na	-	INVESTIGATE		
DIV	anet	108875	430569	74	-12.8	10.4	5048	4	24	-	INVESTIGATE		
DIV	tfrrs	10934	1	35	-12.8	5.0	5000	na	na	-	INVESTIGATE		
DIV	anet	33674	146290	28	+14.6	7.7	4884	10	18	-	PERSISTENT		
DIV	anet	122198	491161	50	-12.8	7.1	4865	3	37	-	INVESTIGATE		
DIV	anet	63311	275340	53	-12.8	6.5	2872	1	17	-	INVESTIGATE		
DIV	anet	85120	335006	14	-12.8	4.2	4334	1	2	-	INVESTIGATE		
DIV	anet	138002	570036	17	-12.8	16.5	2888	2	15	-	INVESTIGATE		
DIV	anet	196071	810397	127	-12.7	6.7	4938	1	17	-	INVESTIGATE		
DIV	tfrrs	22049	3	65	-12.7	9.0	5060	na	na	-	INVESTIGATE		
DIV	anet	134973	552492	52	-12.7	4.6	1821	10	35	-	INVESTIGATE		
DIV	anet	200728	805566	20	+14.6	4.1	2298	1	11	-	INVESTIGATE		
DIV	anet	4283	25065	240	+14.6	7.4	5140	6	16	-	INVESTIGATE		
DIV	anet	42187	181526	17	-12.7	3.8	5199	1	7	-	INVESTIGATE		
DIV	tfrrs	21394	1	65	-12.7	14.8	5060	na	na	-	INVESTIGATE		
DIV	anet	262758	1042530	13	+14.6	4.3	2332	3	19	-	INVESTIGATE		
DIV	anet	127771	518521	12	+14.6	16.5	3122	8	37	-	INVESTIGATE		
DIV	tfrrs	23461	2	179	-12.7	5.7	5000	na	na	-	INVESTIGATE		
DIV	anet	230848	928167	25	-12.7	6.7	3123	1	2	-	INVESTIGATE		
DIV	tfrrs	9177	3	23	-12.7	13.3	4730	na	na	-	INVESTIGATE		
DIV	anet	251453	1001657	42	+14.6	2.8	3087	3	14	-	INVESTIGATE		
DIV	anet	218642	874747	14	-12.7	5.8	3113	1	4	-	INVESTIGATE		
DIV	anet	118224	474247	41	+14.6	5.9	1953	4	13	-	INVESTIGATE		
DIV	anet	234580	938090	14	+14.6	9.9	5039	1	7	-	INVESTIGATE		
DIV	anet	145887	611345	63	+14.6	5.0	3103	1	8	-	INVESTIGATE		
DIV	anet	158781	679807	17	-12.7	5.8	2362	3	19	-	INVESTIGATE		
DIV	anet	165668	683727	13	-12.7	3.5	1870	1	6	-	INVESTIGATE		
DIV	anet	105892	426112	12	+14.6	5.5	1424	4	13	-	INVESTIGATE		
DIV	anet	251028	999509	20	+14.6	5.2	1711	3	18	-	INVESTIGATE		
DIV	anet	126706	512831	54	-12.7	11.4	5588	2	4	-	PERSISTENT		
DIV	anet	57227	244994	49	-12.7	6.6	3087	1	6	-	INVESTIGATE		
DIV	anet	200018	802004	34	-12.7	9.3	5122	1	9	-	INVESTIGATE		
DIV	anet	219501	878959	92	+14.6	9.8	5079	2	6	-	INVESTIGATE		
DIV	tfrrs	14891	1	18	+14.6	9.5	5060	na	na	-	INVESTIGATE		
DIV	tfrrs	26476	1	91	-12.7	6.6	5051	na	na	-	INVESTIGATE		
DIV	tfrrs	19520	1	168	-12.7	6.1	5071	na	na	-	INVESTIGATE		
DIV	tfrrs	15187	1	26	-12.7	11.3	3127	na	na	-	INVESTIGATE		
DIV	anet	168014	699170	17	-12.7	9.5	3125	4	20	-	INVESTIGATE		
DIV	anet	94142	372480	39	-12.7	8.8	2259	2	16	-	INVESTIGATE		
DIV	anet	162185	670443	18	+14.6	4.8	6161	2	12	-	INVESTIGATE		
DIV	tfrrs	23460	2	182	-12.7	11.6	5000	na	na	-	INVESTIGATE		
DIV	anet	74976	300417	64	+14.6	4.6	5034	1	3	-	INVESTIGATE		
DIV	anet	232858	929848	15	-12.7	5.6	4873	1	11	-	INVESTIGATE		
DIV	tfrrs	4967	3	14	-12.7	22.1	5028	na	na	-	INVESTIGATE		
DIV	anet	256190	1018490	56	-12.7	5.1	3084	1	14	-	INVESTIGATE		
DIV	anet	223844	894914	62	-12.7	8.2	2567	8	12	-	PERSISTENT		
DIV	anet	233246	931591	23	+14.6	7.9	5060	3	13	-	INVESTIGATE		
DIV	anet	213399	851496	88	-12.7	10.0	2279	5	21	-	INVESTIGATE		
DIV	tfrrs	23871	0	56	-12.7	8.3	5074	na	na	-	INVESTIGATE		
DIV	anet	113063	448948	16	-12.7	5.3	2868	1	1	-	INVESTIGATE		
DIV	anet	194304	798052	15	-12.7	11.4	5131	2	21	-	INVESTIGATE		
DIV	anet	79643	315237	74	+14.6	5.4	5055	7	15	-	INVESTIGATE		
DIV	anet	167938	694710	18	+14.6	6.6	3124	1	11	-	INVESTIGATE		
DIV	anet	1266	6097	20	+14.6	6.9	2941	4	24	-	INVESTIGATE		
DIV	anet	250696	997714	31	+14.6	5.6	3399	3	22	-	INVESTIGATE		
DIV	anet	131150	554659	13	+14.6	8.3	3458	10	25	-	INVESTIGATE		
DIV	anet	116349	465709	33	-12.7	2.6	3951	1	5	-	INVESTIGATE		
DIV	anet	149798	621790	20	-12.7	11.2	2778	1	3	-	INVESTIGATE		
DIV	anet	136262	563115	13	+14.6	2.9	5051	1	6	-	INVESTIGATE		
DIV	tfrrs	19911	0	53	-12.7	10.7	5000	na	na	-	INVESTIGATE		
DIV	tfrrs	22651	2	65	-12.7	7.4	5039	na	na	-	INVESTIGATE		
DIV	anet	227784	908604	52	-12.7	3.8	2333	3	9	-	INVESTIGATE		
DIV	anet	90940	400399	18	+14.6	7.8	3104	2	7	-	INVESTIGATE		
DIV	anet	249071	989490	24	+14.6	8.9	2875	3	10	-	INVESTIGATE		
DIV	anet	245299	976632	16	+14.6	6.7	2872	2	22	-	INVESTIGATE		
DIV	anet	179935	735600	33	+14.6	2.0	5138	6	16	-	INVESTIGATE		
DIV	anet	52503	223447	45	-12.7	12.1	3119	3	22	-	INVESTIGATE		
DIV	anet	33674	146288	46	+14.6	6.0	4889	10	18	-	PERSISTENT		
DIV	anet	71703	295032	13	+14.6	3.9	2891	1	10	-	INVESTIGATE		
DIV	anet	165530	683668	13	-12.7	3.0	1870	1	6	-	INVESTIGATE		
DIV	anet	41516	178375	13	+14.6	6.2	4005	1	3	-	INVESTIGATE		
DIV	anet	149788	621746	14	-12.7	10.9	5060	1	8	-	INVESTIGATE		
DIV	anet	196740	804672	20	+14.6	10.0	2283	3	3	-	PERSISTENT		
DIV	anet	168014	699169	81	-12.7	5.4	3119	4	20	-	INVESTIGATE		
DIV	tfrrs	16292	7	74	-12.7	3.7	5075	na	na	-	INVESTIGATE		
DIV	anet	167455	692480	14	-12.7	10.6	4885	1	10	-	INVESTIGATE		
DIV	anet	218331	873317	46	+14.5	10.9	5071	3	13	-	INVESTIGATE		
DIV	tfrrs	7179	0	57	+14.5	5.4	6121	na	na	-	INVESTIGATE		
DIV	tfrrs	22571	0	18	-12.7	8.8	5039	na	na	-	INVESTIGATE		
DIV	tfrrs	17773	0	45	-12.7	6.3	5131	na	na	-	INVESTIGATE		
DIV	tfrrs	19828	2	92	-12.7	8.5	5079	na	na	-	INVESTIGATE		
DIV	tfrrs	25487	0	59	-12.7	9.5	5000	na	na	-	INVESTIGATE		
DIV	anet	191954	775229	22	-12.7	9.4	5108	1	10	-	INVESTIGATE		
DIV	tfrrs	25486	0	99	-12.7	10.1	5000	na	na	-	INVESTIGATE		
DIV	anet	157171	654973	34	-12.7	9.6	1841	5	16	-	INVESTIGATE		
DIV	tfrrs	10534	0	17	-12.7	10.4	5054	na	na	-	INVESTIGATE		
DIV	anet	137941	569704	61	-12.7	12.0	3109	3	22	-	INVESTIGATE		
DIV	anet	6067	28991	15	-12.7	2.1	4767	1	11	-	INVESTIGATE		
DIV	anet	86868	346340	13	-12.7	12.6	2256	2	7	-	INVESTIGATE		
DIV	anet	148213	617676	22	+14.5	8.0	2778	3	7	-	INVESTIGATE		
DIV	anet	234285	936832	39	+14.5	3.9	3097	3	14	-	INVESTIGATE		
DIV	anet	269357	1071678	14	-12.7	6.8	3086	1	2	-	INVESTIGATE		
DIV	tfrrs	11038	0	31	-12.7	8.9	5054	na	na	-	INVESTIGATE		
DIV	anet	243890	971557	46	+14.5	7.7	3102	1	14	-	INVESTIGATE		
DIV	anet	153248	637048	80	+14.5	5.2	2270	1	10	-	INVESTIGATE		
DIV	anet	161224	667768	68	-12.7	16.1	2902	1	12	-	INVESTIGATE		
DIV	anet	4898	190234	16	+14.5	14.8	2940	1	12	-	INVESTIGATE		
DIV	anet	243955	972351	52	+14.5	4.4	2765	3	15	-	INVESTIGATE		
DIV	anet	142689	598169	37	+14.5	6.1	5041	2	9	-	INVESTIGATE		
DIV	anet	161106	667473	24	+14.5	7.6	3134	1	1	-	INVESTIGATE		
DIV	anet	198468	795051	30	-12.7	11.0	3169	3	8	-	INVESTIGATE		
DIV	tfrrs	26451	0	49	-12.7	7.5	5000	na	na	-	INVESTIGATE		
DIV	anet	154435	643478	15	+14.5	7.7	3454	2	7	-	INVESTIGATE		
DIV	anet	180401	737700	16	+14.5	6.3	2405	1	2	-	INVESTIGATE		
DIV	anet	35962	155595	41	+14.5	6.1	2895	4	20	-	INVESTIGATE		
DIV	anet	207403	883504	52	+14.5	5.4	3484	10	25	-	INVESTIGATE		
DIV	anet	42645	183640	16	+14.5	5.0	5245	5	23	-	INVESTIGATE		
DIV	anet	146831	614022	127	-12.7	13.4	3121	4	29	-	INVESTIGATE		
DIV	anet	96850	385903	16	-12.7	7.4	3108	1	19	-	INVESTIGATE		
DIV	tfrrs	21564	0	25	-12.7	5.2	5060	na	na	-	INVESTIGATE		
DIV	anet	45541	194685	103	-12.7	3.9	5274	10	24	-	INVESTIGATE		
DIV	anet	125131	512095	14	+14.5	4.2	3951	3	5	-	PERSISTENT		
DIV	anet	213300	850730	18	+14.5	11.3	3113	1	8	-	INVESTIGATE		
DIV	tfrrs	24291	1	15	-12.7	5.4	5037	na	na	-	INVESTIGATE		
DIV	anet	261444	1037960	27	-12.7	5.8	669	1	9	-	INVESTIGATE		
DIV	anet	130224	529775	99	-12.7	4.4	5054	1	14	-	INVESTIGATE		
DIV	anet	186444	757435	14	-12.7	22.7	3348	10	24	-	INVESTIGATE		
DIV	tfrrs	23478	2	79	-12.7	9.3	5000	na	na	-	INVESTIGATE		
DIV	anet	253980	1014109	20	-12.7	10.8	5000	3	16	-	INVESTIGATE		
DIV	anet	261751	1047857	35	+14.5	6.8	2731	1	1	-	INVESTIGATE		
DIV	anet	122953	494204	45	+14.5	9.7	2879	6	16	-	INVESTIGATE		
DIV	anet	208547	835635	77	+14.5	7.3	2900	4	8	-	PERSISTENT		
DIV	tfrrs	21114	0	12	+14.5	10.0	5071	na	na	OVERRIDE	REGRESSION		
DIV	anet	95717	380155	14	+14.5	4.1	5056	4	18	-	INVESTIGATE		
DIV	anet	226911	905583	46	+14.5	7.6	1840	1	1	-	INVESTIGATE		
DIV	anet	3627	214212	28	-12.7	6.1	3161	5	36	-	INVESTIGATE		
DIV	anet	174045	717332	24	-12.7	7.8	3138	4	13	-	INVESTIGATE		
DIV	anet	150993	636885	18	+14.5	7.1	2888	1	6	-	INVESTIGATE		
DIV	anet	176580	722819	41	+14.5	4.5	3159	1	6	-	INVESTIGATE		
DIV	anet	131375	535286	45	-12.7	8.3	2249	3	11	-	INVESTIGATE		
DIV	anet	232102	927671	13	+14.5	5.1	4522	1	10	-	INVESTIGATE		
DIV	anet	62522	269426	33	+14.5	6.1	1458	2	16	-	INVESTIGATE		
DIV	tfrrs	4224	0	27	+14.5	5.1	3950	na	na	-	INVESTIGATE		
DIV	anet	207676	832721	28	-12.7	7.6	2960	5	21	-	INVESTIGATE		
DIV	anet	26101	114041	19	-12.7	7.2	3162	1	7	-	INVESTIGATE		
DIV	anet	32	1350	33	-12.7	7.7	5183	6	16	-	INVESTIGATE		
DIV	anet	244389	973107	87	-12.6	5.0	3433	3	19	-	INVESTIGATE		
DIV	anet	44468	191027	25	-12.6	9.3	2290	15	26	OVERRIDE	REGRESSION		
DIV	anet	231357	923037	18	-12.6	4.8	2256	2	3	-	PERSISTENT		
DIV	anet	402	2013	32	-12.6	6.5	2935	1	15	-	INVESTIGATE		
DIV	anet	157726	685205	56	+14.5	9.6	2891	6	16	-	INVESTIGATE		
DIV	anet	148320	620278	34	+14.5	7.6	5075	1	2	-	INVESTIGATE		
DIV	anet	212513	854014	61	-12.6	6.2	3135	1	7	-	INVESTIGATE		
DIV	anet	154658	644650	24	+14.5	3.3	8301	1	14	-	INVESTIGATE		
DIV	anet	107426	424407	15	-12.6	6.7	5034	1	13	-	INVESTIGATE		
DIV	anet	213213	850496	34	-12.6	7.2	1462	1	12	-	INVESTIGATE		
DIV	tfrrs	23949	4	15	-12.6	6.0	5023	na	na	-	INVESTIGATE		
DIV	anet	161238	680483	32	+14.5	8.0	3307	1	7	-	INVESTIGATE		
DIV	anet	230909	922148	12	+14.5	6.2	3112	2	3	-	PERSISTENT		
DIV	anet	9130	42854	17	-12.6	5.8	2304	2	27	-	INVESTIGATE		
DIV	anet	175414	719165	51	-12.6	9.9	5122	1	7	-	INVESTIGATE		
DIV	anet	268114	1065788	18	+14.5	6.5	2252	5	13	-	INVESTIGATE		
DIV	tfrrs	14365	4	174	-12.6	7.4	5060	na	na	-	INVESTIGATE		
DIV	anet	62824	272129	113	-12.6	6.6	2277	1	15	-	INVESTIGATE		
DIV	tfrrs	13856	0	20	-12.6	13.9	3191	na	na	-	INVESTIGATE		
DIV	anet	57169	244732	105	+14.5	13.3	5055	6	11	-	PERSISTENT		
DIV	anet	146871	614222	69	-12.6	5.9	3122	1	31	-	INVESTIGATE		
DIV	anet	26186	114410	52	+14.5	4.4	6213	1	8	-	INVESTIGATE		
DIV	tfrrs	26167	1	60	-12.6	7.0	3923	na	na	-	INVESTIGATE		
DIV	anet	43017	185382	17	-12.6	2.2	6153	2	21	-	INVESTIGATE		
DIV	anet	121081	525185	19	+14.5	9.0	5479	2	5	-	INVESTIGATE		
DIV	anet	21601	96971	33	-12.6	5.9	2384	3	14	-	INVESTIGATE		
DIV	anet	21189	94218	12	+14.5	4.5	2634	2	24	-	INVESTIGATE		
DIV	anet	135318	554400	42	-12.6	10.1	2249	1	10	-	INVESTIGATE		
DIV	anet	129217	530337	33	+14.5	9.2	1427	4	7	-	PERSISTENT		
DIV	anet	127068	514913	36	+14.5	9.9	3961	4	12	-	INVESTIGATE		
DIV	tfrrs	21338	3	133	-12.6	12.4	5000	na	na	-	INVESTIGATE		
DIV	tfrrs	19520	3	150	-12.6	5.8	5079	na	na	-	INVESTIGATE		
DIV	anet	75427	302636	19	-12.6	12.1	3122	1	5	-	INVESTIGATE		
DIV	anet	50115	213557	20	-12.6	6.0	4171	2	13	-	INVESTIGATE		
DIV	anet	84291	331388	18	-12.6	7.4	5028	1	7	-	INVESTIGATE		
DIV	tfrrs	21673	0	67	-12.6	7.4	5039	na	na	-	INVESTIGATE		
DIV	anet	42264	181838	18	-12.6	11.9	4760	9	45	-	INVESTIGATE		
DIV	anet	6283	30005	24	-12.6	4.4	4741	10	16	-	PERSISTENT		
DIV	anet	224936	898726	33	-12.6	9.9	4873	3	20	-	INVESTIGATE		
DIV	anet	33674	146287	52	+14.4	8.3	4889	10	18	-	PERSISTENT		
DIV	anet	33491	145475	27	-12.6	7.8	4889	3	25	-	INVESTIGATE		
DIV	tfrrs	22121	1	48	-12.6	5.8	5060	na	na	-	INVESTIGATE		
DIV	anet	179474	733950	43	+14.4	4.4	5122	4	4	-	PERSISTENT		
DIV	anet	63820	275214	23	+14.4	9.9	3122	2	14	-	INVESTIGATE		
DIV	anet	247192	980838	14	+14.4	9.4	2875	1	6	-	INVESTIGATE		
DIV	anet	53935	229590	35	-12.6	2.3	3994	1	9	-	INVESTIGATE		
DIV	anet	196092	787171	31	-12.6	8.8	2934	4	12	-	INVESTIGATE		
DIV	anet	247046	985561	197	+14.4	6.5	3107	1	3	-	INVESTIGATE		
DIV	anet	11487	52658	21	+14.4	1.7	5134	12	19	-	PERSISTENT		
DIV	anet	122862	516175	13	+14.4	4.1	2277	3	18	-	INVESTIGATE		
DIV	anet	228835	912476	20	+14.4	4.9	1840	1	6	-	INVESTIGATE		
DIV	tfrrs	22108	1	34	-12.6	3.6	5060	na	na	-	INVESTIGATE		
DIV	anet	163599	675091	33	+14.4	11.7	3134	1	4	-	INVESTIGATE		
DIV	tfrrs	14365	5	158	-12.6	7.1	5088	na	na	-	INVESTIGATE		
DIV	anet	40046	171761	59	-12.6	9.0	5080	1	16	-	INVESTIGATE		
DIV	anet	175485	719389	24	-12.6	6.8	5122	1	1	-	INVESTIGATE		
DIV	anet	70578	292386	14	-12.6	6.9	2672	1	20	-	INVESTIGATE		
DIV	anet	62492	268491	18	-12.6	7.4	4865	2	17	-	INVESTIGATE		
DIV	anet	190952	771918	18	-12.6	17.8	5131	1	7	-	INVESTIGATE		
DIV	anet	11008	50712	14	-12.6	13.1	2312	3	19	-	INVESTIGATE		
DIV	anet	152520	633180	22	-12.6	5.5	4697	1	2	-	INVESTIGATE		
DIV	anet	250745	998001	33	+14.4	4.1	5023	1	7	-	INVESTIGATE		
DIV	anet	221295	885660	16	+14.4	5.8	5071	2	13	-	INVESTIGATE		
DIV	anet	154882	645797	42	+14.4	3.4	4873	3	12	-	INVESTIGATE		
DIV	anet	197473	795247	58	-12.6	6.7	3153	1	3	-	INVESTIGATE		
DIV	anet	200329	810358	25	+14.4	4.5	2761	1	9	-	INVESTIGATE		
DIV	anet	4467	30434	14	+14.4	3.1	3159	4	26	-	INVESTIGATE		
DIV	anet	262031	1039858	51	+14.4	4.8	2243	6	10	-	PERSISTENT		
DIV	anet	211237	844230	43	+14.4	9.4	3133	3	7	-	INVESTIGATE		
DIV	anet	220593	882745	15	+14.4	5.1	2618	2	18	-	INVESTIGATE		
DIV	anet	235491	941872	134	+14.4	9.3	5039	2	11	-	INVESTIGATE		
DIV	tfrrs	13215	2	12	-12.6	14.8	3286	na	na	-	INVESTIGATE		
DIV	anet	47014	242181	100	-12.6	9.4	3117	2	14	-	INVESTIGATE		
DIV	anet	187238	759768	16	-12.6	12.2	5122	1	2	-	INVESTIGATE		
DIV	tfrrs	20129	1	83	-12.6	6.8	5079	na	na	-	INVESTIGATE		
DIV	anet	72852	296833	12	+14.4	10.9	2244	1	17	-	INVESTIGATE		
DIV	anet	14774	66545	20	+14.4	9.5	10528	1	2	-	INVESTIGATE		
DIV	anet	223845	894918	43	+14.4	5.6	5039	2	2	-	INVESTIGATE		
DIV	anet	141472	591414	48	+14.4	9.4	2275	2	18	-	INVESTIGATE		
DIV	anet	225916	902680	71	+14.4	6.9	2151	2	17	-	INVESTIGATE		
DIV	anet	106032	423817	106	-12.6	8.1	5048	1	3	-	INVESTIGATE		
DIV	tfrrs	13181	3	57	-12.6	5.4	5041	na	na	-	INVESTIGATE		
DIV	anet	111651	450127	48	+14.4	7.3	2258	3	7	-	INVESTIGATE		
DIV	anet	108234	427794	28	-12.6	3.0	1824	10	35	-	INVESTIGATE		
DIV	anet	151967	630428	56	+14.4	5.9	2888	1	8	-	INVESTIGATE		
DIV	anet	96552	384649	38	-12.6	5.3	3952	8	12	-	PERSISTENT		
DIV	anet	5303	25510	34	-12.6	9.5	2916	8	37	-	INVESTIGATE		
DIV	anet	43956	189191	55	+14.4	3.7	3980	1	2	-	INVESTIGATE		
DIV	anet	207341	842473	41	-12.6	6.2	3117	3	22	-	INVESTIGATE		
DIV	anet	105496	415658	113	-12.6	11.7	5048	2	17	-	INVESTIGATE		
DIV	anet	380	5559	62	-12.6	5.8	5176	6	16	-	INVESTIGATE		
DIV	anet	50062	213357	20	-12.6	12.2	2887	2	11	-	INVESTIGATE		
DIV	anet	236513	963141	41	-12.6	8.3	1030	2	23	-	INVESTIGATE		
DIV	anet	87102	345479	43	-12.6	8.0	3087	4	20	-	INVESTIGATE		
DIV	anet	20793	92734	15	+14.4	7.2	2928	4	9	-	INVESTIGATE		
DIV	anet	12455	56915	90	-12.6	6.9	5111	1	15	-	INVESTIGATE		
DIV	anet	122953	494203	61	+14.4	7.1	2890	6	16	-	INVESTIGATE		
DIV	tfrrs	11182	0	30	-12.6	4.5	5054	na	na	-	INVESTIGATE		
DIV	anet	39861	171034	37	-12.6	7.8	2455	1	11	-	INVESTIGATE		
DIV	anet	138504	572953	43	+14.4	5.6	5041	3	4	-	PERSISTENT		
DIV	anet	39970	171453	14	+14.4	11.3	2273	3	8	-	INVESTIGATE		
DIV	anet	133353	544116	27	+14.4	4.3	2878	4	17	-	INVESTIGATE		
DIV	anet	127814	518722	24	+14.4	8.0	3122	2	13	-	INVESTIGATE		
DIV	anet	149243	620162	65	-12.6	5.1	5060	1	27	-	INVESTIGATE		
DIV	anet	159643	663410	29	-12.6	6.4	2891	1	1	-	INVESTIGATE		
DIV	anet	257535	1023318	13	-12.6	13.3	4815	4	18	-	INVESTIGATE		
DIV	tfrrs	24228	0	50	-12.6	5.3	5023	na	na	-	INVESTIGATE		
DIV	anet	247500	982185	21	-12.6	6.3	2872	1	2	-	INVESTIGATE		
DIV	anet	244995	975459	25	-12.6	14.5	2875	2	15	-	INVESTIGATE		
DIV	tfrrs	24604	5	78	-12.6	5.7	5037	na	na	-	INVESTIGATE		
DIV	tfrrs	20744	1	38	-12.6	9.0	3136	na	na	OVERRIDE	REGRESSION		
DIV	anet	180606	738491	14	+14.4	8.2	2924	1	9	-	INVESTIGATE		
DIV	anet	191425	773462	61	-12.6	20.8	2915	6	16	-	INVESTIGATE		
DIV	anet	30918	134228	15	-12.6	5.4	5156	2	6	-	INVESTIGATE		
DIV	anet	164514	682824	13	-12.6	7.3	2690	1	2	-	INVESTIGATE		
DIV	anet	11477	54035	15	+14.4	7.6	2652	1	18	-	INVESTIGATE		
DIV	anet	46421	198348	21	-12.6	5.3	5057	4	24	-	INVESTIGATE		
DIV	tfrrs	18341	1	47	-12.6	7.6	5122	na	na	-	INVESTIGATE		
DIV	anet	139334	578078	27	+14.4	10.8	3090	6	9	-	PERSISTENT		
DIV	anet	113604	461277	54	-12.6	16.5	2258	5	26	-	INVESTIGATE		
DIV	anet	141594	592174	26	+14.4	5.9	5041	1	7	-	INVESTIGATE		
DIV	anet	235484	941867	76	+14.4	11.4	5060	5	26	-	INVESTIGATE		
DIV	tfrrs	19789	1	31	-12.6	6.3	5079	na	na	-	INVESTIGATE		
DIV	anet	209965	840424	30	-12.6	11.0	2581	8	12	-	PERSISTENT		
DIV	tfrrs	22583	1	23	-12.5	14.6	5112	na	na	-	INVESTIGATE		
DIV	anet	79294	313827	52	-12.5	8.2	5028	5	26	-	INVESTIGATE		
DIV	anet	95844	380704	78	+14.3	4.3	5056	2	7	-	INVESTIGATE		
DIV	anet	201525	809806	66	+14.3	4.8	5122	1	8	-	INVESTIGATE		
DIV	anet	137832	569011	14	-12.5	2.9	3452	3	20	-	INVESTIGATE		
DIV	anet	132515	540359	31	+14.3	4.0	2610	3	22	-	INVESTIGATE		
DIV	anet	106892	456025	45	-12.5	3.2	2274	1	1	-	INVESTIGATE		
DIV	anet	181874	743150	12	-12.5	8.7	5138	1	2	-	INVESTIGATE		
DIV	anet	56604	241917	182	-12.5	5.1	5055	3	14	-	INVESTIGATE		
DIV	anet	215725	860977	29	+14.3	5.4	3132	1	2	-	INVESTIGATE		
DIV	anet	84039	330293	15	-12.5	7.2	2891	4	13	-	INVESTIGATE		
DIV	anet	37346	161101	45	-12.5	18.2	2936	1	9	-	INVESTIGATE		
DIV	anet	147288	615464	80	+14.3	7.3	1441	3	9	-	INVESTIGATE		
DIV	tfrrs	20761	0	31	-12.5	7.6	5071	na	na	-	INVESTIGATE		
DIV	anet	142038	594614	31	-12.5	6.4	2339	4	43	-	INVESTIGATE		
DIV	anet	154821	645480	16	+14.3	4.6	2270	1	10	-	INVESTIGATE		
DIV	anet	79779	315784	36	-12.5	6.4	4285	1	16	-	INVESTIGATE		
DIV	tfrrs	10538	2	20	-12.5	12.4	2337	na	na	-	INVESTIGATE		
DIV	tfrrs	25413	3	191	-12.5	9.2	5000	na	na	-	INVESTIGATE		
DIV	anet	131487	565016	60	-12.5	9.6	3109	2	9	-	INVESTIGATE		
DIV	anet	228844	912508	52	-12.5	8.3	2360	3	4	-	PERSISTENT		
DIV	anet	232858	930475	34	-12.5	8.6	4873	1	11	-	INVESTIGATE		
DIV	tfrrs	19336	3	83	-12.5	6.7	5079	na	na	-	INVESTIGATE		
DIV	anet	167012	690298	123	-12.5	6.6	4885	2	15	-	INVESTIGATE		
DIV	anet	251533	1002025	34	+14.3	6.3	5037	1	4	-	INVESTIGATE		
DIV	anet	163183	673683	19	-12.5	9.2	2891	1	11	-	INVESTIGATE		
DIV	anet	161719	669101	62	-12.5	6.7	3119	3	4	-	PERSISTENT		
DIV	anet	139622	579707	35	-12.5	5.9	2878	5	31	-	INVESTIGATE		
DIV	anet	84481	332290	52	-12.5	8.1	5028	1	14	-	INVESTIGATE		
DIV	anet	106529	447641	12	+14.3	4.1	2874	1	18	-	INVESTIGATE		
DIV	tfrrs	21457	3	36	-12.5	7.8	5000	na	na	-	INVESTIGATE		
DIV	anet	210507	842075	14	-12.5	9.6	2447	3	7	-	INVESTIGATE		
DIV	tfrrs	18703	1	81	-12.5	3.4	5122	na	na	-	INVESTIGATE		
DIV	anet	240421	960510	12	+14.3	5.2	2875	1	2	-	INVESTIGATE		
DIV	anet	182183	743899	19	+14.3	9.0	3113	1	8	-	INVESTIGATE		
DIV	anet	235499	941943	107	+14.3	9.4	5039	1	8	-	INVESTIGATE		
DIV	anet	112727	447239	17	-12.5	7.1	1416	2	14	-	INVESTIGATE		
DIV	tfrrs	14552	2	58	-12.5	8.0	5111	na	na	-	INVESTIGATE		
DIV	anet	148948	619352	22	-12.5	6.5	4873	1	9	-	INVESTIGATE		
DIV	anet	229467	914808	107	+14.3	6.1	2889	4	8	-	PERSISTENT		
DIV	anet	17208	82392	18	+14.3	4.9	3171	2	19	-	INVESTIGATE		
DIV	anet	206469	827547	35	-12.5	5.4	4758	1	18	-	INVESTIGATE		
DIV	anet	117898	487046	43	-12.5	8.7	2256	8	17	-	INVESTIGATE		
DIV	anet	267883	1064746	20	+14.3	6.7	5000	2	19	-	INVESTIGATE		
DIV	anet	254190	1014859	12	+14.3	4.8	2243	2	13	-	INVESTIGATE		
DIV	anet	114041	467516	29	-12.5	12.2	2248	3	14	-	INVESTIGATE		
DIV	anet	139319	577947	76	-12.5	10.7	2878	1	20	-	INVESTIGATE		
DIV	anet	12062	55165	74	+14.3	7.7	2936	2	17	-	INVESTIGATE		
DIV	tfrrs	19432	2	15	-12.5	9.0	5071	na	na	-	INVESTIGATE		
DIV	anet	234375	937232	45	+14.3	9.2	5060	3	6	-	PERSISTENT		
DIV	anet	261478	1070026	42	+14.3	4.5	5000	1	17	-	INVESTIGATE		
DIV	anet	199872	801478	42	+14.3	4.5	5131	2	6	-	INVESTIGATE		
DIV	anet	243956	971815	31	-12.5	14.5	5023	1	2	-	INVESTIGATE		
DIV	anet	221295	885659	39	+14.3	3.6	5071	2	13	-	INVESTIGATE		
DIV	anet	217473	869334	36	-12.5	5.1	2900	1	7	-	INVESTIGATE		
DIV	anet	147665	616251	21	-12.5	6.9	3121	1	6	-	INVESTIGATE		
DIV	anet	230466	919137	20	+14.3	5.9	3112	1	1	-	INVESTIGATE		
DIV	anet	228403	946081	17	-12.5	7.5	3123	4	18	-	INVESTIGATE		
DIV	anet	158995	661037	23	+14.3	9.9	3106	6	9	-	PERSISTENT		
DIV	anet	212548	856412	56	-12.5	11.8	5071	1	6	-	INVESTIGATE		
DIV	anet	182824	745974	30	+14.3	5.3	3602	4	43	-	INVESTIGATE		
DIV	anet	53392	229667	141	-12.5	5.8	2284	3	16	-	INVESTIGATE		
DIV	anet	190451	770290	33	+14.3	4.7	5122	2	25	-	INVESTIGATE		
DIV	anet	221867	887934	21	-12.5	2.8	1453	3	18	-	INVESTIGATE		
DIV	tfrrs	18279	2	65	-12.5	5.2	5000	na	na	-	INVESTIGATE		
DIV	anet	243956	971816	41	-12.5	8.1	5037	1	2	-	INVESTIGATE		
DIV	anet	185339	754862	33	+14.3	4.6	3161	3	13	-	INVESTIGATE		
DIV	anet	42073	181070	18	-12.5	3.5	4918	1	11	-	INVESTIGATE		
DIV	tfrrs	25896	1	35	-12.5	6.1	5000	na	na	-	INVESTIGATE		
DIV	anet	85612	337084	36	-12.5	12.9	5055	2	21	-	INVESTIGATE		
DIV	tfrrs	21463	2	63	-12.5	9.4	5000	na	na	-	INVESTIGATE		
DIV	tfrrs	19520	0	152	-12.5	8.5	5071	na	na	-	INVESTIGATE		
DIV	anet	214318	857684	12	+14.3	4.2	2900	7	16	-	INVESTIGATE		
DIV	anet	110335	436831	12	+14.3	8.1	5034	1	3	-	INVESTIGATE		
DIV	anet	81621	323559	44	-12.5	7.2	5055	3	20	-	INVESTIGATE		
DIV	anet	94388	373526	17	-12.5	9.3	3629	4	19	-	INVESTIGATE		
DIV	anet	190885	796845	55	-12.5	8.7	3161	1	4	-	INVESTIGATE		
DIV	tfrrs	22336	2	71	-12.5	8.2	4988	na	na	-	INVESTIGATE		
DIV	tfrrs	23376	2	63	-12.5	4.8	5037	na	na	-	INVESTIGATE		
DIV	anet	208857	836659	15	+14.3	6.2	2369	3	19	-	INVESTIGATE		
DIV	anet	38833	166850	14	+14.3	7.8	4005	1	7	-	INVESTIGATE		
DIV	anet	22720	100169	28	-12.5	6.0	4007	1	9	-	INVESTIGATE		
DIV	anet	20840	103111	25	-12.5	6.1	2293	4	6	-	PERSISTENT		
DIV	anet	228637	911679	198	+14.3	9.6	5039	1	3	-	INVESTIGATE		
DIV	anet	199512	799888	14	+14.3	8.7	2041	2	5	-	INVESTIGATE		
DIV	anet	133772	545981	37	+14.3	7.8	2879	4	13	-	INVESTIGATE		
DIV	anet	59514	254788	163	-12.5	8.4	5055	1	15	-	INVESTIGATE		
DIV	anet	24444	107080	18	-12.5	5.7	5120	1	2	-	INVESTIGATE		
DIV	anet	139559	579292	43	+14.3	13.4	3100	2	13	-	INVESTIGATE		
DIV	anet	193354	806056	44	-12.5	13.2	5131	2	14	-	INVESTIGATE		
DIV	anet	143830	603648	126	-12.5	4.9	5043	1	9	-	INVESTIGATE		
DIV	anet	243955	972349	63	+14.3	6.7	2763	3	15	-	INVESTIGATE		
DIV	anet	87574	349681	40	-12.5	9.3	3087	4	20	-	INVESTIGATE		
DIV	anet	175714	720035	23	+14.3	6.7	1482	2	16	-	INVESTIGATE		
DIV	anet	192661	777412	42	-12.5	15.6	3169	1	3	-	INVESTIGATE		
DIV	anet	203410	815525	18	+14.3	13.2	3149	1	4	-	INVESTIGATE		
DIV	anet	244727	984760	23	+14.3	10.1	2872	2	6	-	INVESTIGATE		
DIV	anet	176186	725191	130	-12.5	4.9	4945	2	9	-	INVESTIGATE		
DIV	anet	264844	1051075	19	-12.5	6.9	1128	1	6	-	INVESTIGATE		
DIV	anet	79583	314993	15	-12.5	4.0	4842	1	9	-	INVESTIGATE		
DIV	anet	10691	49330	26	-12.5	9.4	5111	5	26	-	INVESTIGATE		
DIV	anet	243441	970118	16	-12.5	12.4	4920	4	18	-	INVESTIGATE		
DIV	anet	5256	25273	78	-12.5	5.4	5365	10	24	-	INVESTIGATE		
DIV	anet	152555	633357	16	+14.2	11.5	2910	1	4	-	INVESTIGATE		
DIV	anet	128299	521091	42	-12.5	2.8	5043	1	5	-	INVESTIGATE		
DIV	anet	144964	613578	130	+14.2	7.9	3142	7	20	-	INVESTIGATE		
DIV	anet	120290	483156	24	+14.2	10.6	3102	1	8	-	INVESTIGATE		
DIV	anet	205928	825742	23	+14.2	7.0	3140	1	5	-	INVESTIGATE		
DIV	anet	36402	157385	16	-12.5	3.6	3824	3	19	-	INVESTIGATE		
DIV	anet	111072	439859	27	+14.2	14.1	2363	1	14	-	INVESTIGATE		
DIV	anet	230011	917431	19	-12.5	11.6	5047	1	7	-	INVESTIGATE		
DIV	tfrrs	19401	0	83	-12.5	5.4	5071	na	na	-	INVESTIGATE		
DIV	tfrrs	20129	0	105	-12.5	7.6	5071	na	na	-	INVESTIGATE		
DIV	tfrrs	22017	1	54	-12.5	7.4	5000	na	na	-	INVESTIGATE		
DIV	anet	120290	483157	15	+14.2	7.2	3092	1	8	-	INVESTIGATE		
DIV	tfrrs	17780	0	26	+14.2	33.6	2720	na	na	-	INVESTIGATE		
DIV	anet	156703	653159	43	-12.5	9.6	2884	12	19	-	PERSISTENT		
DIV	anet	151223	626900	29	-12.5	12.9	5060	1	8	-	INVESTIGATE		
DIV	tfrrs	21878	3	104	-12.5	7.7	5060	na	na	-	INVESTIGATE		
DIV	anet	235312	941116	17	+14.2	8.9	3112	2	6	-	INVESTIGATE		
DIV	anet	153212	636827	35	-12.5	7.3	5060	4	8	-	PERSISTENT		
DIV	anet	144415	606355	33	-12.5	8.3	2270	1	17	-	INVESTIGATE		
DIV	anet	39864	171040	52	-12.5	5.8	2905	2	14	-	INVESTIGATE		
DIV	anet	1199	5744	12	-12.5	7.5	4982	2	13	-	INVESTIGATE		
DIV	anet	72910	297113	16	+14.2	4.8	7298	3	7	-	INVESTIGATE		
DIV	anet	261751	1047858	12	+14.2	8.7	2743	1	1	-	INVESTIGATE		
DIV	anet	123556	496818	14	-12.5	10.4	680	5	15	-	INVESTIGATE		
DIV	tfrrs	27077	0	131	-12.5	4.0	5019	na	na	-	INVESTIGATE		
DIV	anet	212078	862485	26	-12.5	7.1	2284	1	4	-	INVESTIGATE		
DIV	anet	102775	405941	28	+14.2	10.2	3104	1	10	-	INVESTIGATE		
DIV	tfrrs	8368	1	14	+14.2	4.8	10076	na	na	-	INVESTIGATE		
DIV	tfrrs	15113	1	57	-12.5	4.7	5087	na	na	-	INVESTIGATE		
DIV	anet	121148	486927	27	-12.5	5.3	5054	3	11	-	INVESTIGATE		
DIV	anet	232791	929520	56	+14.2	17.2	3093	1	5	-	INVESTIGATE		
DIV	tfrrs	19789	0	36	-12.5	9.8	5071	na	na	-	INVESTIGATE		
DIV	anet	176640	723135	74	-12.5	8.8	5122	1	26	-	INVESTIGATE		
DIV	anet	53935	229593	82	-12.5	4.4	3993	1	9	-	INVESTIGATE		
DIV	anet	264299	1058922	14	-12.5	5.3	2005	1	23	-	INVESTIGATE		
DIV	anet	117633	471671	97	-12.4	6.0	3106	3	12	-	INVESTIGATE		
DIV	anet	122684	493098	33	-12.4	8.5	3106	4	26	-	INVESTIGATE		
DIV	anet	74976	300414	41	-12.4	3.3	2873	1	3	-	INVESTIGATE		
DIV	anet	812	3907	50	-12.4	7.0	4982	4	26	-	INVESTIGATE		
DIV	tfrrs	24469	3	24	-12.4	6.0	5037	na	na	-	INVESTIGATE		
DIV	anet	149243	620165	50	-12.4	7.6	2604	1	27	-	INVESTIGATE		
DIV	anet	97044	386622	14	-12.4	5.2	5056	1	4	-	INVESTIGATE		
DIV	anet	208439	861929	14	-12.4	6.5	5079	2	7	-	INVESTIGATE		
DIV	anet	43478	187324	59	-12.4	3.0	3979	2	10	-	INVESTIGATE		
DIV	anet	229234	913991	13	-12.4	6.0	5060	1	18	-	INVESTIGATE		
DIV	anet	96753	385514	29	-12.4	13.5	2259	1	2	-	INVESTIGATE		
DIV	anet	176382	752897	15	+14.2	4.6	2405	1	14	-	INVESTIGATE		
DIV	anet	83518	328156	90	-12.4	4.0	2277	2	3	-	PERSISTENT		
DIV	anet	171308	707045	20	-12.4	9.3	4033	1	12	-	INVESTIGATE		
DIV	anet	39861	171035	21	-12.4	6.5	2443	1	11	-	INVESTIGATE		
DIV	anet	125479	505682	120	+14.2	7.9	3102	3	20	-	INVESTIGATE		
DIV	anet	39303	168744	12	-12.4	7.2	5080	1	15	-	INVESTIGATE		
DIV	anet	97179	387191	18	+14.2	5.5	4850	4	10	-	INVESTIGATE		
DIV	anet	242191	1003675	46	+14.2	19.9	3102	1	1	-	INVESTIGATE		
DIV	anet	95001	376003	159	+14.2	4.4	4429	7	19	-	INVESTIGATE		
DIV	anet	15283	72681	86	-12.4	8.2	2917	1	10	-	INVESTIGATE		
DIV	anet	36246	156728	25	-12.4	5.0	4001	5	23	-	INVESTIGATE		
DIV	anet	241320	963251	15	-12.4	12.6	5037	1	6	-	INVESTIGATE		
DIV	anet	228578	911463	29	+14.2	6.2	2567	1	4	-	INVESTIGATE		
DIV	anet	241982	965306	46	-12.4	4.6	2875	2	43	-	INVESTIGATE		
DIV	anet	175865	728367	13	-12.4	6.2	5138	1	12	-	INVESTIGATE		
DIV	anet	238016	951297	46	-12.4	17.4	3089	4	17	-	INVESTIGATE		
DIV	anet	205181	822728	15	+14.2	16.8	5131	1	8	-	INVESTIGATE		
DIV	anet	118622	476020	35	-12.4	4.7	3106	5	18	-	INVESTIGATE		
DIV	anet	227777	908573	15	-12.4	12.8	5060	1	7	-	INVESTIGATE		
DIV	anet	130665	531944	14	+14.2	5.7	3458	1	16	-	INVESTIGATE		
DIV	anet	139713	598517	12	+14.2	6.7	2882	1	10	-	INVESTIGATE		
DIV	anet	262013	1039825	18	-12.4	8.3	5000	1	15	-	INVESTIGATE		
DIV	anet	268947	1069564	29	+14.2	6.1	5000	1	12	-	INVESTIGATE		
DIV	anet	243955	972352	30	+14.2	4.3	2765	3	15	-	INVESTIGATE		
DIV	anet	239785	977511	24	-12.4	9.4	3108	1	3	-	INVESTIGATE		
DIV	anet	232858	929841	15	-12.4	12.5	4873	1	11	-	INVESTIGATE		
DIV	anet	25060	109841	92	-12.4	7.6	5112	1	22	-	INVESTIGATE		
DIV	tfrrs	19340	3	135	-12.4	5.3	5079	na	na	-	INVESTIGATE		
DIV	anet	266663	1059102	32	-12.4	11.3	2237	15	26	-	PERSISTENT		
DIV	anet	240467	960678	26	-12.4	9.3	5037	1	5	-	INVESTIGATE		
DIV	anet	124936	502967	44	-12.4	7.1	3133	4	11	-	INVESTIGATE		
DIV	anet	157048	654482	77	+14.2	10.6	3104	1	13	-	INVESTIGATE		
DIV	anet	24089	105574	13	-12.4	7.5	2306	5	15	-	INVESTIGATE		
DIV	anet	40511	173829	27	-12.4	9.1	2288	2	44	-	INVESTIGATE		
DIV	tfrrs	27142	1	32	-12.4	7.4	5000	na	na	-	INVESTIGATE		
DIV	anet	199932	805832	38	+14.2	8.1	3169	1	4	-	INVESTIGATE		
DIV	anet	161190	667636	24	-12.4	16.5	1870	2	12	-	INVESTIGATE		
DIV	anet	215215	858772	33	-12.4	6.3	4881	1	4	-	INVESTIGATE		
DIV	anet	51978	221318	33	-12.4	5.7	2900	2	19	-	INVESTIGATE		
DIV	anet	193956	812381	33	+14.2	12.7	1890	15	26	-	PERSISTENT		
DIV	anet	115865	463055	96	-12.4	6.1	5048	1	3	-	INVESTIGATE		
DIV	anet	233439	932523	52	-12.4	15.4	2881	2	13	-	INVESTIGATE		
DIV	anet	139596	579543	15	+14.2	7.2	3111	2	15	-	INVESTIGATE		
DIV	anet	57893	247878	31	-12.4	4.0	3956	1	10	-	INVESTIGATE		
DIV	anet	272365	1085819	134	-12.4	4.2	3359	2	13	-	INVESTIGATE		
DIV	anet	51684	220075	30	-12.4	12.8	5107	2	8	-	INVESTIGATE		
DIV	anet	12765	58321	36	+14.2	20.2	3509	1	14	-	INVESTIGATE		
DIV	anet	230732	920537	45	+14.2	9.4	2881	2	7	-	INVESTIGATE		
DIV	anet	35241	152723	17	-12.4	5.9	3128	1	16	-	INVESTIGATE		
DIV	anet	105068	413526	29	+14.2	3.8	2342	2	11	-	INVESTIGATE		
DIV	anet	109003	443796	124	-12.4	12.7	2874	2	23	-	INVESTIGATE		
DIV	anet	274857	1098022	58	+14.2	7.6	5233	1	27	-	INVESTIGATE		
DIV	tfrrs	20761	1	24	-12.4	4.7	5079	na	na	-	INVESTIGATE		
DIV	tfrrs	27216	0	69	-12.4	5.4	3972	na	na	-	INVESTIGATE		
DIV	anet	100945	397272	17	-12.4	4.6	2349	5	20	-	INVESTIGATE		
DIV	anet	148936	638329	13	-12.4	5.8	2270	1	13	-	INVESTIGATE		
DIV	anet	32405	140588	53	-12.4	8.1	3130	10	25	-	INVESTIGATE		
DIV	tfrrs	14050	1	68	-12.4	6.2	5088	na	na	-	INVESTIGATE		
DIV	anet	107874	444151	15	+14.2	2.8	2258	2	14	-	INVESTIGATE		
DIV	anet	210465	856949	62	+14.2	9.9	2270	3	5	-	PERSISTENT		
DIV	anet	144493	636997	31	+14.2	4.7	3127	1	14	-	INVESTIGATE		
DIV	anet	38356	165057	13	-12.4	6.0	3567	1	10	-	INVESTIGATE		
DIV	anet	162420	714962	30	-12.4	5.2	6614	2	2	-	INVESTIGATE		
DIV	tfrrs	23908	3	116	-12.4	5.4	5037	na	na	-	INVESTIGATE		
DIV	anet	53935	229592	33	-12.4	3.5	3993	1	9	-	INVESTIGATE		
DIV	anet	262167	1060343	47	+14.1	5.6	2859	3	6	-	PERSISTENT		
DIV	anet	115319	500340	32	-12.4	5.6	2277	4	17	-	INVESTIGATE		
DIV	anet	206724	840620	69	-12.4	6.3	5071	3	11	-	INVESTIGATE		
DIV	anet	111454	441554	13	+14.1	8.5	3945	6	21	-	INVESTIGATE		
DIV	anet	17207	80900	12	-12.4	9.5	1809	5	34	-	INVESTIGATE		
DIV	tfrrs	19336	2	106	-12.4	7.7	5071	na	na	-	INVESTIGATE		
DIV	tfrrs	19357	2	57	-12.4	10.9	5079	na	na	-	INVESTIGATE		
DIV	anet	262560	1041851	40	+14.1	7.8	3069	1	1	-	INVESTIGATE		
DIV	anet	52512	223482	25	-12.4	9.8	2284	2	20	-	INVESTIGATE		
DIV	anet	135140	553459	35	+14.1	5.2	3090	1	9	-	INVESTIGATE		
DIV	anet	179941	756808	17	+14.1	4.5	5122	6	16	-	INVESTIGATE		
DIV	anet	235500	941946	151	+14.1	6.9	5060	1	8	-	INVESTIGATE		
DIV	anet	270701	1078234	55	+14.1	8.7	2748	11	14	-	PERSISTENT		
DIV	anet	12091	55300	21	-12.4	5.1	5142	1	5	-	INVESTIGATE		
DIV	anet	97335	387858	15	+14.1	5.6	2875	5	11	-	INVESTIGATE		
DIV	anet	270957	1079255	15	-12.4	3.3	2882	7	20	-	INVESTIGATE		
DIV	tfrrs	26788	1	19	-12.4	9.8	5000	na	na	-	INVESTIGATE		
DIV	anet	45375	193946	39	-12.4	6.4	5072	2	16	-	INVESTIGATE		
DIV	tfrrs	26101	2	184	-12.4	10.3	5000	na	na	-	INVESTIGATE		
DIV	anet	135084	553156	27	-12.4	7.6	5051	1	5	-	INVESTIGATE		
DIV	tfrrs	20512	1	23	-12.4	6.4	5079	na	na	-	INVESTIGATE		
DIV	anet	172966	712519	62	+14.1	5.7	5122	5	24	-	INVESTIGATE		
DIV	anet	240310	960548	23	-12.4	7.8	5023	1	3	-	INVESTIGATE		
DIV	tfrrs	19843	0	46	-12.4	5.1	5071	na	na	-	INVESTIGATE		
DIV	anet	224344	896606	31	+14.1	15.2	3112	3	17	-	INVESTIGATE		
DIV	anet	19921	88781	58	+14.1	6.6	5120	7	15	-	INVESTIGATE		
DIV	anet	165661	683690	54	+14.1	12.2	3977	1	14	-	INVESTIGATE		
DIV	anet	78218	309229	62	-12.4	9.6	3107	1	15	-	INVESTIGATE		
DIV	anet	114789	457617	22	-12.4	6.9	2887	3	22	-	INVESTIGATE		
DIV	anet	88069	357106	31	+14.1	15.7	2612	1	1	-	INVESTIGATE		
DIV	anet	19493	86965	18	+14.1	4.5	5111	2	9	-	INVESTIGATE		
DIV	anet	244205	973053	27	-12.4	6.2	3108	1	7	-	INVESTIGATE		
DIV	anet	225871	902526	39	-12.4	7.4	2863	1	5	-	INVESTIGATE		
DIV	anet	120322	483424	20	-12.4	10.1	5054	1	10	-	INVESTIGATE		
DIV	anet	158344	658916	19	+14.1	7.2	2891	1	10	-	INVESTIGATE		
DIV	anet	167114	690814	16	+14.1	9.7	3124	1	4	-	INVESTIGATE		
DIV	anet	12110	55395	36	-12.4	9.5	5111	1	12	-	INVESTIGATE		
DIV	anet	166611	688342	24	+14.1	6.0	2891	1	1	-	INVESTIGATE		
DIV	anet	222877	891652	24	-12.4	12.2	5039	2	13	-	INVESTIGATE		
DIV	anet	241982	965305	65	-12.4	7.3	2872	2	43	-	INVESTIGATE		
DIV	anet	150550	624614	15	-12.4	4.4	1467	6	13	-	INVESTIGATE		
DIV	anet	207697	832774	15	+14.1	7.0	2900	1	15	-	INVESTIGATE		
DIV	anet	84228	331102	18	+14.1	3.8	10366	2	5	-	INVESTIGATE		
DIV	anet	44476	191052	16	-12.4	4.9	6226	1	14	-	INVESTIGATE		
DIV	tfrrs	16367	3	37	-12.4	4.9	5064	na	na	-	INVESTIGATE		
DIV	anet	50247	214116	33	-12.4	5.0	2262	11	14	-	PERSISTENT		
DIV	tfrrs	9690	2	32	-12.4	7.6	4730	na	na	-	INVESTIGATE		
DIV	anet	53048	225854	28	+14.1	6.6	2905	1	8	-	INVESTIGATE		
DIV	anet	181405	742747	20	-12.4	4.3	3161	2	13	-	INVESTIGATE		
DIV	anet	223531	893817	12	+14.1	10.3	3112	3	10	-	INVESTIGATE		
DIV	anet	114580	456465	36	+14.1	11.6	1860	15	26	-	PERSISTENT		
DIV	anet	117633	471672	60	-12.4	5.2	3112	3	12	-	INVESTIGATE		
DIV	tfrrs	23529	0	123	-12.4	12.3	5079	na	na	-	INVESTIGATE		
DIV	anet	144493	636998	31	+14.1	4.2	3127	1	14	-	INVESTIGATE		
DIV	tfrrs	5305	1	29	+14.1	5.0	3945	na	na	-	INVESTIGATE		
DIV	tfrrs	25370	3	16	-12.3	5.4	5000	na	na	-	INVESTIGATE		
DIV	anet	51360	218828	14	-12.3	10.5	5057	1	15	-	INVESTIGATE		
DIV	tfrrs	23441	1	171	-12.3	9.7	5023	na	na	-	INVESTIGATE		
DIV	anet	213138	850282	54	+14.1	11.9	3132	2	8	-	INVESTIGATE		
DIV	anet	211527	845339	34	-12.3	8.6	2900	1	6	-	INVESTIGATE		
DIV	anet	151187	626778	36	-12.3	7.2	5088	2	12	-	INVESTIGATE		
DIV	anet	13232	60287	12	+14.1	4.9	4941	1	15	-	INVESTIGATE		
DIV	anet	217136	867645	15	-12.3	6.9	3117	2	8	-	INVESTIGATE		
DIV	anet	269176	1070765	22	+14.1	3.5	3084	1	4	-	INVESTIGATE		
DIV	anet	236477	945750	43	+14.1	8.0	3112	1	4	-	INVESTIGATE		
DIV	anet	140885	587628	15	-12.3	6.1	5041	1	3	-	INVESTIGATE		
DIV	tfrrs	21589	0	62	-12.3	6.9	3971	na	na	-	INVESTIGATE		
DIV	anet	227074	912973	16	-12.3	7.1	3102	1	13	-	INVESTIGATE		
DIV	anet	262136	1040248	31	-12.3	9.7	6686	1	12	-	INVESTIGATE		
DIV	anet	261259	1037161	54	-12.3	7.2	2540	4	11	-	INVESTIGATE		
DIV	anet	89629	353621	20	+14.1	7.2	5055	1	2	-	INVESTIGATE		
DIV	anet	228053	917555	16	+14.1	10.0	2435	2	12	-	INVESTIGATE		
DIV	anet	247027	980062	34	-12.3	12.4	2351	1	11	-	INVESTIGATE		
DIV	anet	111375	441221	21	-12.3	5.4	3083	3	13	-	INVESTIGATE		
DIV	anet	124140	499181	32	+14.1	10.6	3102	1	8	-	INVESTIGATE		
DIV	tfrrs	24604	4	109	-12.3	3.3	5023	na	na	-	INVESTIGATE		
DIV	anet	255709	1016872	30	-12.3	7.1	4759	1	1	-	INVESTIGATE		
DIV	anet	32004	138971	86	+14.1	10.0	2905	2	17	-	INVESTIGATE		
DIV	anet	97631	389062	26	+14.1	14.7	1852	1	5	-	INVESTIGATE		
DIV	tfrrs	24456	3	28	-12.3	15.3	5088	na	na	-	INVESTIGATE		
DIV	anet	178603	730374	17	-12.3	12.0	4945	1	13	-	INVESTIGATE		
DIV	anet	120779	485320	71	-12.3	7.1	3087	1	8	-	INVESTIGATE		
DIV	anet	130366	530513	24	+14.1	4.4	3293	1	5	-	INVESTIGATE		
DIV	anet	259264	1061077	36	+14.1	6.0	3069	1	1	-	INVESTIGATE		
DIV	anet	123416	496196	13	+14.1	4.4	5054	4	18	-	INVESTIGATE		
DIV	tfrrs	18922	2	65	-12.3	9.6	5051	na	na	-	INVESTIGATE		
DIV	anet	182452	744794	14	+14.1	6.7	3140	2	3	-	PERSISTENT		
DIV	tfrrs	9389	3	28	-12.3	4.2	5077	na	na	-	INVESTIGATE		
DIV	anet	102616	405580	68	+14.1	8.1	2259	1	4	-	INVESTIGATE		
DIV	anet	57491	246189	19	+14.1	3.2	5055	12	19	-	PERSISTENT		
DIV	anet	122198	491163	32	-12.3	6.7	4857	3	37	-	INVESTIGATE		
DIV	anet	219505	878981	82	+14.1	11.3	5079	3	13	-	INVESTIGATE		
DIV	anet	45674	195199	21	-12.3	10.0	5057	8	37	-	INVESTIGATE		
DIV	tfrrs	19442	3	235	-12.3	6.2	5051	na	na	-	INVESTIGATE		
DIV	anet	150358	623747	51	+14.1	9.3	2888	10	16	-	PERSISTENT		
DIV	anet	234580	938091	16	+14.1	6.9	5060	1	7	-	INVESTIGATE		
DIV	anet	72809	296599	31	+14.1	9.0	3943	1	2	-	INVESTIGATE		
DIV	anet	235887	943616	19	-12.3	10.8	5060	2	21	-	INVESTIGATE		
DIV	tfrrs	21343	1	12	-12.3	15.6	1845	na	na	-	INVESTIGATE		
DIV	anet	166126	685932	14	+14.1	7.3	3967	1	3	-	INVESTIGATE		
DIV	anet	118130	473835	24	+14.1	1.8	4157	1	10	-	INVESTIGATE		
DIV	anet	136312	560262	75	+14.0	13.8	2364	1	14	-	INVESTIGATE		
DIV	tfrrs	11651	5	16	-12.3	2.8	5064	na	na	-	INVESTIGATE		
DIV	anet	209497	838931	110	-12.3	8.8	2284	5	9	-	PERSISTENT		
DIV	anet	242085	965571	22	-12.3	8.9	2260	2	5	-	INVESTIGATE		
DIV	tfrrs	25531	2	53	-12.3	5.2	5000	na	na	-	INVESTIGATE		
DIV	anet	241287	963134	86	+14.0	7.5	2875	1	15	-	INVESTIGATE		
DIV	anet	179107	732313	15	-12.3	16.7	1449	1	16	-	INVESTIGATE		
DIV	anet	111262	440700	13	+14.0	13.3	1456	1	1	-	INVESTIGATE		
DIV	tfrrs	21680	0	26	-12.3	6.5	5039	na	na	-	INVESTIGATE		
DIV	anet	148492	618398	16	+14.0	5.3	3102	2	13	-	INVESTIGATE		
DIV	anet	16038	71812	20	+14.0	2.3	5134	1	16	-	INVESTIGATE		
DIV	anet	241614	964128	60	-12.3	6.2	3083	1	10	-	INVESTIGATE		
DIV	anet	123368	496008	15	-12.3	6.0	3956	1	1	-	INVESTIGATE		
DIV	anet	59958	256687	26	-12.3	9.0	3303	10	35	-	INVESTIGATE		
DIV	anet	76798	305483	42	-12.3	10.8	5055	1	28	-	INVESTIGATE		
DIV	anet	220462	882307	39	+14.0	11.4	3132	3	17	-	INVESTIGATE		
DIV	anet	198403	794871	25	-12.3	3.1	2934	2	6	-	INVESTIGATE		
DIV	anet	196634	808273	98	+14.0	6.3	5131	3	27	-	INVESTIGATE		
DIV	tfrrs	11651	4	35	-12.3	4.1	5073	na	na	-	INVESTIGATE		
DIV	tfrrs	21578	3	67	-12.3	8.8	5060	na	na	-	INVESTIGATE		
DIV	anet	176045	720982	19	-12.3	4.9	1449	1	15	-	INVESTIGATE		
DIV	anet	260550	1034471	22	-12.3	9.2	2243	5	20	-	INVESTIGATE		
DIV	anet	261579	1038317	40	-12.3	6.5	5000	5	26	-	INVESTIGATE		
DIV	anet	172794	733304	18	-12.3	10.8	5122	1	14	-	INVESTIGATE		
DIV	anet	192180	775859	33	-12.3	9.9	1449	4	13	-	INVESTIGATE		
DIV	anet	49278	237791	29	-12.3	10.9	1787	5	34	-	INVESTIGATE		
DIV	anet	48832	228214	23	+14.0	8.8	3119	1	16	-	INVESTIGATE		
DIV	tfrrs	26267	1	25	-12.3	5.2	5000	na	na	-	INVESTIGATE		
DIV	anet	200379	803821	49	+14.0	9.4	3693	1	1	-	INVESTIGATE		
DIV	anet	150172	623097	30	-12.3	12.4	5060	2	11	-	INVESTIGATE		
DIV	anet	107121	423074	20	+14.0	8.4	2655	4	5	-	PERSISTENT		
DIV	anet	114998	462075	47	-12.3	6.2	3103	4	20	-	INVESTIGATE		
DIV	tfrrs	20535	1	19	-12.3	14.2	5131	na	na	-	INVESTIGATE		
DIV	anet	165898	685017	81	+14.0	11.9	2286	2	8	-	INVESTIGATE		
DIV	tfrrs	13641	3	29	-12.3	7.7	5088	na	na	-	INVESTIGATE		
DIV	anet	159688	663540	94	-12.3	12.5	2902	3	26	-	INVESTIGATE		
DIV	anet	89503	353033	15	-12.3	6.1	5055	1	6	-	INVESTIGATE		
DIV	anet	139944	585496	22	-12.3	9.9	3109	1	11	-	INVESTIGATE		
DIV	anet	152828	634892	63	+14.0	12.7	3123	1	10	-	INVESTIGATE		
DIV	tfrrs	22859	7	18	-12.3	3.7	5112	na	na	-	INVESTIGATE		
DIV	anet	45274	222491	142	-12.3	9.6	4881	1	46	-	INVESTIGATE		
DIV	anet	229454	914746	20	-12.3	5.6	3112	1	12	-	INVESTIGATE		
DIV	anet	239909	976513	14	+14.0	9.5	2872	3	6	-	PERSISTENT		
DIV	anet	113386	450465	22	-12.3	7.4	2258	5	28	-	INVESTIGATE		
DIV	anet	214280	854877	28	-12.3	9.2	5079	1	10	-	INVESTIGATE		
DIV	anet	149243	620163	146	-12.3	7.8	5060	1	27	-	INVESTIGATE		
DIV	anet	157001	678335	17	-12.3	7.7	2272	1	7	-	INVESTIGATE		
DIV	anet	200215	803010	13	+14.0	9.7	3140	4	18	-	INVESTIGATE		
DIV	anet	47501	202738	24	-12.3	8.6	3101	1	10	-	INVESTIGATE		
DIV	tfrrs	26198	0	75	-12.3	4.7	5000	na	na	-	INVESTIGATE		
DIV	anet	52842	224935	13	+14.0	8.9	1952	2	13	-	INVESTIGATE		
DIV	tfrrs	11038	1	65	-12.3	4.8	5054	na	na	-	INVESTIGATE		
DIV	anet	4628	22315	95	-12.3	6.3	2915	4	20	-	INVESTIGATE		
DIV	anet	20198	92325	53	+14.0	2.9	3147	4	26	-	INVESTIGATE		
DIV	anet	99131	398659	14	+14.0	4.1	2259	4	17	-	INVESTIGATE		
DIV	anet	124401	502251	53	-12.3	8.0	5043	1	3	-	INVESTIGATE		
DIV	tfrrs	24314	0	25	-12.3	4.5	5023	na	na	-	INVESTIGATE		
DIV	anet	156931	654034	45	-12.3	7.3	1859	8	37	-	INVESTIGATE		
DIV	anet	6233	29763	15	-12.3	9.3	2406	3	8	-	INVESTIGATE		
DIV	anet	127393	516757	26	+14.0	8.3	3102	6	9	-	PERSISTENT		
DIV	anet	221626	886897	31	-12.3	7.8	3121	5	28	-	INVESTIGATE		
DIV	anet	39112	167972	14	-12.3	5.5	2275	2	7	-	INVESTIGATE		
DIV	tfrrs	22336	3	38	-12.3	2.8	4988	na	na	-	INVESTIGATE		
DIV	anet	150616	648523	45	+14.0	12.4	3445	1	4	-	INVESTIGATE		
DIV	anet	158779	660123	31	-12.3	5.5	2376	3	19	-	INVESTIGATE		
DIV	anet	11770	53850	40	+14.0	3.8	5134	7	15	-	INVESTIGATE		
DIV	anet	260185	1033138	28	+14.0	7.1	3084	5	15	-	INVESTIGATE		
DIV	anet	108584	429314	29	+14.0	10.7	2875	1	22	-	INVESTIGATE		
DIV	tfrrs	19357	0	124	-12.3	9.0	5071	na	na	-	INVESTIGATE		
DIV	anet	235884	943599	51	+14.0	7.6	2688	1	4	-	INVESTIGATE		
DIV	anet	195375	785353	37	-12.3	11.5	4938	2	7	-	INVESTIGATE		
DIV	anet	148525	618443	81	-12.3	6.0	2270	5	13	-	INVESTIGATE		
DIV	anet	212032	847043	46	-12.3	7.9	4598	2	19	-	INVESTIGATE		
DIV	anet	140464	591004	24	+14.0	5.7	3119	1	1	-	INVESTIGATE		
DIV	anet	240450	960609	29	+14.0	6.9	3083	2	7	-	INVESTIGATE		
DIV	anet	57463	278875	25	-12.3	4.9	2258	8	16	-	PERSISTENT		
DIV	anet	88216	350655	105	+14.0	8.4	3423	2	6	-	INVESTIGATE		
DIV	tfrrs	25455	6	77	-12.3	11.3	5000	na	na	-	INVESTIGATE		
DIV	anet	185445	754244	38	+14.0	6.9	5138	1	2	-	INVESTIGATE		
DIV	anet	178670	730596	42	-12.3	7.3	5122	1	8	-	INVESTIGATE		
DIV	anet	46049	196712	16	+14.0	4.6	2262	1	3	-	INVESTIGATE		
DIV	anet	180442	737868	26	+14.0	3.2	4019	2	6	-	INVESTIGATE		
DIV	anet	12585	57514	30	-12.3	2.6	2917	4	20	-	INVESTIGATE		
DIV	anet	190067	770419	14	-12.3	7.7	2934	2	24	-	INVESTIGATE		
DIV	tfrrs	17773	3	34	-12.3	5.0	5122	na	na	-	INVESTIGATE		
DIV	anet	149682	621306	75	-12.3	17.3	2354	3	7	-	INVESTIGATE		
DIV	tfrrs	19354	1	143	-12.3	9.1	5051	na	na	-	INVESTIGATE		
DIV	anet	102580	405379	71	-12.3	9.0	2251	5	11	-	INVESTIGATE		
DIV	anet	201504	809679	30	+14.0	9.3	2651	1	5	-	INVESTIGATE		
DIV	anet	236887	947126	17	-12.3	2.6	8273	2	5	-	INVESTIGATE		
DIV	anet	236513	963135	30	-12.3	7.1	1049	2	23	-	INVESTIGATE		
DIV	anet	63311	275341	37	-12.3	7.3	2873	1	17	-	INVESTIGATE		
DIV	anet	33473	145398	37	-12.3	9.4	5080	3	18	-	INVESTIGATE		
DIV	anet	60762	260345	24	-12.3	3.2	1830	2	12	-	INVESTIGATE		
DIV	anet	76707	305064	104	+14.0	9.9	3132	5	21	-	INVESTIGATE		
DIV	anet	229826	916399	40	+14.0	6.1	2881	7	16	-	INVESTIGATE		
DIV	anet	18198	81292	30	-12.3	4.2	4982	1	21	-	INVESTIGATE		
DIV	anet	117595	471503	31	-12.3	6.2	4857	3	25	-	INVESTIGATE		
DIV	anet	187849	761683	17	+14.0	8.3	2311	3	5	-	PERSISTENT		
DIV	tfrrs	19995	1	12	-12.3	6.3	5079	na	na	-	INVESTIGATE		
DIV	anet	8589	40205	16	+14.0	8.2	2940	4	20	-	INVESTIGATE		
DIV	tfrrs	26456	0	47	-12.3	12.1	5000	na	na	-	INVESTIGATE		
DIV	anet	196059	787040	70	+14.0	9.9	6260	1	4	-	INVESTIGATE		
DIV	anet	95148	376677	14	+14.0	12.0	3123	1	13	-	INVESTIGATE		
DIV	tfrrs	21765	0	39	-12.2	7.8	5000	na	na	-	INVESTIGATE		
DIV	tfrrs	4967	2	16	-12.2	16.8	5055	na	na	-	INVESTIGATE		
DIV	anet	158779	660124	24	-12.2	8.2	2362	3	19	-	INVESTIGATE		
DIV	anet	3627	214223	13	-12.2	16.2	3154	5	36	-	INVESTIGATE		
DIV	anet	227902	909015	23	-12.2	9.0	2270	2	4	-	PERSISTENT		
DIV	anet	109691	434216	64	-12.2	5.8	2274	5	13	-	INVESTIGATE		
DIV	anet	44292	190489	42	-12.2	6.6	3121	1	19	-	INVESTIGATE		
DIV	anet	231848	924834	38	-12.2	5.2	3121	1	11	-	INVESTIGATE		
DIV	anet	9529	44611	238	+14.0	6.6	7412	6	16	-	INVESTIGATE		
DIV	anet	175756	720132	13	-12.2	9.9	5138	1	27	-	INVESTIGATE		
DIV	anet	154369	643083	30	-12.2	4.4	5088	1	1	-	INVESTIGATE		
DIV	anet	157815	657262	15	-12.2	9.2	4877	9	45	-	INVESTIGATE		
DIV	anet	215641	863075	13	+14.0	12.9	3132	1	7	-	INVESTIGATE		
DIV	anet	232781	929471	17	+14.0	8.4	2889	2	13	-	INVESTIGATE		
DIV	anet	127277	516029	20	-12.2	2.9	3112	1	3	-	INVESTIGATE		
DIV	anet	237381	956898	203	-12.2	7.5	2403	1	7	-	INVESTIGATE		
DIV	anet	228637	911680	141	+14.0	11.9	5039	1	3	-	INVESTIGATE		
DIV	anet	177145	725017	32	-12.2	7.1	4945	1	5	-	INVESTIGATE		
DIV	anet	153122	636383	19	-12.2	6.3	4897	1	1	-	INVESTIGATE		
DIV	tfrrs	22308	2	105	-12.2	7.1	5050	na	na	-	INVESTIGATE		
DIV	anet	64510	278400	12	+13.9	13.5	3122	2	12	-	INVESTIGATE		
DIV	anet	180556	738276	12	+13.9	6.9	3173	2	3	-	PERSISTENT		
DIV	anet	55351	237747	28	+13.9	8.2	3132	1	18	-	INVESTIGATE		
DIV	anet	203117	822570	36	-12.2	9.6	4932	1	4	-	INVESTIGATE		
DIV	tfrrs	26271	2	60	-12.2	5.8	5000	na	na	-	INVESTIGATE		
DIV	anet	136647	562200	23	+13.9	5.8	2878	1	14	-	INVESTIGATE		
DIV	anet	184641	751701	13	+13.9	5.1	5138	2	3	-	PERSISTENT		
DIV	anet	35727	161365	16	+13.9	1.7	3824	2	34	-	INVESTIGATE		
DIV	anet	217473	869332	34	-12.2	6.8	2900	1	7	-	INVESTIGATE		
DIV	anet	113299	450075	28	-12.2	6.4	2258	1	3	-	INVESTIGATE		
DIV	anet	80936	320694	22	+13.9	4.7	3946	1	4	-	INVESTIGATE		
DIV	anet	3646	17722	25	-12.2	3.4	3493	2	17	-	INVESTIGATE		
DIV	anet	147521	621366	39	-12.2	7.7	2888	2	24	-	INVESTIGATE		
DIV	anet	72809	296598	44	+13.9	5.5	3961	1	2	-	INVESTIGATE		
DIV	anet	264962	1051981	35	+13.9	3.8	3084	1	3	-	INVESTIGATE		
DIV	tfrrs	24738	2	28	-12.2	9.1	5023	na	na	-	INVESTIGATE		
DIV	anet	31548	172434	372	+13.9	5.4	5080	6	16	-	INVESTIGATE		
DIV	anet	158426	659224	13	+13.9	6.3	3104	4	18	-	INVESTIGATE		
DIV	tfrrs	23460	1	91	-12.2	8.4	5037	na	na	-	INVESTIGATE		
DIV	anet	127580	517612	23	-12.2	5.6	3956	2	4	-	PERSISTENT		
DIV	anet	196358	791693	25	-12.2	16.6	1458	1	2	-	INVESTIGATE		
DIV	anet	151160	626638	38	+13.9	3.7	4540	2	3	-	PERSISTENT		
DIV	anet	204067	818566	21	+13.9	8.7	3153	1	6	-	INVESTIGATE		
DIV	anet	250348	995868	74	+13.9	7.6	2875	1	3	-	INVESTIGATE		
DIV	anet	246754	978926	19	-12.2	5.3	2253	2	12	-	INVESTIGATE		
DIV	anet	194295	782270	101	-12.2	14.2	3169	2	9	-	INVESTIGATE		
DIV	anet	79575	314959	34	-12.2	9.5	5028	2	16	-	INVESTIGATE		
DIV	anet	140079	582551	34	+13.9	8.8	3100	2	4	-	PERSISTENT		
DIV	anet	240545	995806	18	-12.2	5.0	3088	3	5	-	PERSISTENT		
DIV	anet	73916	300564	26	+13.9	6.3	3122	10	24	-	INVESTIGATE		
DIV	anet	122234	515118	15	-12.2	4.9	2890	1	1	-	INVESTIGATE		
DIV	anet	55351	237748	31	+13.9	9.0	3119	1	18	-	INVESTIGATE		
DIV	tfrrs	26021	1	23	-12.2	7.1	5000	na	na	-	INVESTIGATE		
DIV	anet	50027	213219	116	-12.2	10.7	4869	2	24	-	INVESTIGATE		
DIV	tfrrs	20011	0	51	-12.2	10.9	5071	na	na	-	INVESTIGATE		
DIV	anet	115943	463493	120	-12.2	8.2	5034	1	12	-	INVESTIGATE		
DIV	tfrrs	23187	10	12	-12.2	11.4	5112	na	na	-	INVESTIGATE		
DIV	anet	233764	934010	26	+13.9	8.5	5039	1	6	-	INVESTIGATE		
DIV	anet	76922	307004	28	+13.9	10.0	3122	3	5	-	PERSISTENT		
DIV	anet	25445	111394	30	-12.2	5.5	3162	1	11	-	INVESTIGATE		
DIV	anet	267510	1064388	21	-12.2	4.8	1831	2	18	-	INVESTIGATE		
DIV	anet	31438	136485	36	-12.2	8.3	5071	2	20	-	INVESTIGATE		
DIV	anet	118851	477051	45	+13.9	15.3	5043	1	2	-	INVESTIGATE		
DIV	anet	262031	1039860	45	+13.9	4.5	2252	6	10	-	PERSISTENT		
DIV	tfrrs	8777	0	21	-12.2	7.0	5000	na	na	-	INVESTIGATE		
DIV	anet	147830	627702	46	-12.2	6.3	5060	2	23	-	INVESTIGATE		
DIV	anet	153212	636829	84	-12.2	9.8	5060	4	8	-	PERSISTENT		
DIV	anet	175079	718045	39	-12.2	14.5	1442	8	17	-	INVESTIGATE		
DIV	anet	141327	590469	29	-12.2	9.5	2275	1	11	-	INVESTIGATE		
DIV	anet	232858	929842	13	-12.2	10.8	4850	1	11	-	INVESTIGATE		
DIV	anet	5016	1039488	136	-12.2	8.3	4948	1	8	-	INVESTIGATE		
DIV	anet	233533	932910	42	-12.2	20.4	2264	15	26	-	PERSISTENT		
DIV	anet	199211	798250	30	+13.9	7.9	2823	1	5	-	INVESTIGATE		
DIV	anet	125176	512098	16	+13.9	8.8	2890	1	9	-	INVESTIGATE		
DIV	anet	125177	504025	16	+13.9	8.8	2890	1	9	-	INVESTIGATE		
DIV	anet	118130	473837	31	+13.9	5.0	4158	1	10	-	INVESTIGATE		
DIV	tfrrs	24784	10	69	-12.2	7.3	5037	na	na	-	INVESTIGATE		
DIV	tfrrs	27077	3	113	-12.2	4.7	5019	na	na	-	INVESTIGATE		
DIV	anet	196958	797940	12	-12.2	15.1	5122	1	10	-	INVESTIGATE		
DIV	anet	165661	683691	48	+13.9	12.8	3967	1	14	-	INVESTIGATE		
DIV	tfrrs	10896	3	24	-12.2	3.8	5043	na	na	-	INVESTIGATE		
DIV	anet	187265	759872	22	-12.2	6.4	5138	1	7	-	INVESTIGATE		
DIV	anet	94306	373188	30	-12.2	6.9	5056	1	6	-	INVESTIGATE		
DIV	anet	155130	647008	13	+13.9	11.6	3142	1	2	-	INVESTIGATE		
DIV	anet	166565	688083	37	+13.9	7.3	3134	1	2	-	INVESTIGATE		
DIV	tfrrs	11845	0	46	-12.2	12.9	4766	na	na	-	INVESTIGATE		
DIV	anet	72914	298111	27	+13.9	9.8	2900	1	3	-	INVESTIGATE		
DIV	anet	269271	1071038	30	+13.9	8.3	5000	3	5	-	PERSISTENT		
DIV	anet	231184	922419	23	-12.2	5.5	2881	1	10	-	INVESTIGATE		
DIV	anet	214030	853707	19	+13.9	6.5	2900	1	3	-	INVESTIGATE		
DIV	anet	252315	1011710	41	+13.9	12.5	3102	3	15	-	INVESTIGATE		
DIV	anet	231084	921992	22	-12.2	7.2	3121	2	2	-	INVESTIGATE		
DIV	tfrrs	14347	1	29	-12.2	4.2	5088	na	na	-	INVESTIGATE		
DIV	tfrrs	23519	9	81	-12.2	4.8	5051	na	na	-	INVESTIGATE		
DIV	tfrrs	21937	3	22	-12.2	10.2	5060	na	na	-	INVESTIGATE		
DIV	anet	262746	1042469	49	-12.2	4.6	2340	3	9	-	INVESTIGATE		
DIV	anet	253980	1014111	19	-12.2	7.2	5000	3	16	-	INVESTIGATE		
DIV	anet	47380	202237	47	+13.9	7.1	4519	3	20	-	INVESTIGATE		
DIV	anet	192859	811655	16	+13.9	4.4	3690	1	6	-	INVESTIGATE		
DIV	tfrrs	25950	0	35	-12.2	13.5	5000	na	na	-	INVESTIGATE		
DIV	anet	51573	219626	15	-12.2	5.5	3117	3	9	-	INVESTIGATE		
DIV	anet	161496	668495	15	-12.2	7.0	3296	4	15	-	INVESTIGATE		
DIV	tfrrs	11082	9	67	-12.2	4.6	5066	na	na	-	INVESTIGATE		
DIV	anet	233110	930890	17	-12.2	7.7	2270	1	4	-	INVESTIGATE		
DIV	anet	59558	264321	32	+13.9	2.6	5055	3	17	-	INVESTIGATE		
DIV	anet	75334	302124	20	-12.2	8.3	2251	15	26	-	PERSISTENT		
DIV	anet	197912	793098	40	-12.2	9.5	5131	6	10	-	PERSISTENT		
DIV	tfrrs	26123	1	34	-12.2	5.1	5000	na	na	-	INVESTIGATE		
DIV	anet	161247	667851	13	+13.9	4.2	5064	1	6	-	INVESTIGATE		
DIV	anet	6120	23992	14	+13.9	1.2	5140	12	19	-	PERSISTENT		
DIV	anet	18607	83184	14	-12.2	5.9	4928	2	20	-	INVESTIGATE		
DIV	anet	35202	152583	44	-12.2	8.2	2378	3	13	-	INVESTIGATE		
DIV	anet	197912	793100	62	-12.2	6.3	5122	6	10	-	PERSISTENT		
DIV	anet	270236	1076129	29	+13.9	6.1	5000	1	3	-	INVESTIGATE		
DIV	anet	138967	575686	12	+13.9	6.2	3119	2	6	-	INVESTIGATE		
DIV	tfrrs	23338	6	60	-12.2	10.1	5000	na	na	-	INVESTIGATE		
DIV	anet	110102	435872	83	+13.9	9.6	2274	2	9	-	INVESTIGATE		
DIV	anet	226860	905462	13	-12.2	1.8	2360	1	1	-	INVESTIGATE		
DIV	anet	256947	1027575	23	-12.2	7.3	4570	1	24	-	INVESTIGATE		
DIV	anet	105993	418083	30	-12.2	3.5	2258	4	17	-	INVESTIGATE		
DIV	tfrrs	18079	1	48	-12.2	5.3	5183	na	na	-	INVESTIGATE		
DIV	anet	176973	724397	31	-12.2	7.8	2924	1	17	-	INVESTIGATE		
DIV	anet	141009	588379	13	-12.2	15.5	3109	2	12	-	INVESTIGATE		
DIV	anet	206449	827479	45	-12.2	8.5	2284	15	26	-	PERSISTENT		
DIV	anet	144726	607514	48	-12.2	7.0	3123	2	16	-	INVESTIGATE		
DIV	tfrrs	22336	0	104	-12.2	3.7	4988	na	na	-	INVESTIGATE		
DIV	anet	43957	189195	48	+13.9	2.2	3980	1	7	-	INVESTIGATE		
DIV	anet	214663	858100	19	-12.2	9.8	3132	1	3	-	INVESTIGATE		
DIV	anet	154882	645798	59	+13.9	5.3	4873	3	12	-	INVESTIGATE		
DIV	anet	212286	847825	16	-12.2	9.0	1453	1	7	-	INVESTIGATE		
DIV	anet	61989	266031	17	+13.9	7.1	3122	4	13	-	INVESTIGATE		
DIV	anet	64055	276323	26	-12.2	5.7	5034	1	15	-	INVESTIGATE		
DIV	anet	259061	1028627	73	+13.9	6.9	2859	1	9	-	INVESTIGATE		
DIV	anet	64969	280529	73	-12.2	4.8	3107	3	13	-	INVESTIGATE		
DIV	anet	36583	158106	22	-12.2	8.5	5071	1	16	-	INVESTIGATE		
DIV	anet	243955	972350	58	+13.9	6.4	2765	3	15	-	INVESTIGATE		
DIV	anet	65379	282329	39	+13.9	8.8	2891	1	1	-	INVESTIGATE		
DIV	anet	270242	1076154	79	+13.9	11.2	5000	3	13	-	INVESTIGATE		
DIV	tfrrs	23519	4	115	-12.2	7.3	5051	na	na	-	INVESTIGATE		
DIV	tfrrs	13181	2	47	-12.2	5.6	5041	na	na	-	INVESTIGATE		
DIV	tfrrs	20860	11	29	-12.2	6.5	5079	na	na	-	INVESTIGATE		
DIV	anet	161434	690147	44	+13.8	9.9	3134	1	7	-	INVESTIGATE		
DIV	anet	151494	628343	28	+13.8	6.7	3293	3	7	-	INVESTIGATE		
DIV	anet	51347	218775	19	-12.2	11.9	3968	3	17	-	INVESTIGATE		
DIV	anet	37157	160366	16	-12.2	5.7	4532	1	9	-	INVESTIGATE		
DIV	anet	153523	638808	53	-12.2	10.8	2888	2	23	-	INVESTIGATE		
DIV	anet	150826	625585	40	-12.2	5.8	5060	1	5	-	INVESTIGATE		
DIV	anet	139072	576362	58	+13.8	8.2	2351	2	12	-	INVESTIGATE		
DIV	tfrrs	26229	4	54	-12.2	4.7	5000	na	na	-	INVESTIGATE		
DIV	anet	221146	885147	20	+13.8	8.5	3113	1	1	-	INVESTIGATE		
DIV	anet	50194	213880	12	+13.8	5.9	2887	8	16	-	PERSISTENT		
DIV	anet	94591	374361	93	-12.2	5.4	3304	2	20	-	INVESTIGATE		
DIV	anet	138504	572951	44	+13.8	3.7	5051	3	4	-	PERSISTENT		
DIV	anet	105765	416909	30	-12.2	11.3	5034	2	9	-	INVESTIGATE		
DIV	anet	75352	302228	48	+13.8	5.9	5034	1	2	-	INVESTIGATE		
DIV	anet	119494	479834	123	-12.2	5.0	2256	4	13	-	INVESTIGATE		
DIV	anet	9529	44613	162	+13.8	5.2	7339	6	16	-	INVESTIGATE		
DIV	anet	240076	958933	94	-12.2	5.5	2222	3	8	-	INVESTIGATE		
DIV	anet	246754	978925	31	-12.2	8.3	2236	2	12	-	INVESTIGATE		
DIV	anet	144065	605096	43	-12.2	9.6	5060	1	22	-	INVESTIGATE		
DIV	anet	121423	488014	15	+13.8	2.8	3112	1	7	-	INVESTIGATE		
DIV	anet	126581	512085	13	+13.8	4.2	2890	3	7	-	INVESTIGATE		
DIV	anet	159643	663411	60	-12.1	7.1	2902	1	1	-	INVESTIGATE		
DIV	anet	228287	910422	19	-12.1	6.6	5060	1	11	-	INVESTIGATE		
DIV	anet	11514	52777	12	-12.1	5.8	5111	4	13	-	INVESTIGATE		
DIV	anet	180201	736785	52	-12.1	5.6	5122	1	7	-	INVESTIGATE		
DIV	tfrrs	23488	0	94	-12.1	6.3	5000	na	na	-	INVESTIGATE		
DIV	anet	226965	905799	16	-12.1	10.3	2256	1	20	-	INVESTIGATE		
DIV	anet	259250	1029313	17	-12.1	5.6	5000	1	9	-	INVESTIGATE		
DIV	anet	151066	626392	27	+13.8	5.5	2888	3	15	-	INVESTIGATE		
DIV	anet	237525	949547	40	+13.8	8.1	3087	3	10	-	INVESTIGATE		
DIV	anet	155369	647829	22	+13.8	6.8	2910	2	6	-	INVESTIGATE		
DIV	anet	210465	856950	34	+13.8	6.5	2264	3	5	-	PERSISTENT		
DIV	anet	232223	926830	56	+13.8	8.3	2270	3	16	-	INVESTIGATE		
DIV	anet	168903	698573	34	-12.1	7.4	2356	4	12	-	INVESTIGATE		
DIV	anet	151275	627149	62	-12.1	12.0	5088	3	22	-	INVESTIGATE		
DIV	anet	22720	100168	15	-12.1	4.9	4012	1	9	-	INVESTIGATE		
DIV	tfrrs	13509	1	14	-12.1	10.3	3124	na	na	-	INVESTIGATE		
DIV	anet	227784	908607	42	-12.1	6.2	2360	3	9	-	INVESTIGATE		
DIV	anet	59558	254984	84	+13.8	3.9	5055	3	17	-	INVESTIGATE		
DIV	anet	208072	834569	31	+13.8	4.7	3115	1	6	-	INVESTIGATE		
DIV	anet	97221	387330	24	-12.1	8.1	4850	1	8	-	INVESTIGATE		
DIV	anet	65555	283212	14	-12.1	1.9	3107	3	11	-	INVESTIGATE		
DIV	anet	231357	923035	38	-12.1	10.7	2255	2	3	-	PERSISTENT		
DIV	anet	40341	173126	22	+13.8	4.5	5080	2	9	-	INVESTIGATE		
DIV	anet	40245	172706	13	-12.1	9.6	3130	1	15	-	INVESTIGATE		
DIV	anet	174164	716930	23	-12.1	8.6	2938	1	8	-	INVESTIGATE		
DIV	anet	235851	943452	24	+13.8	9.9	3102	1	1	-	INVESTIGATE		
DIV	anet	43642	187934	17	-12.1	9.7	2366	1	1	-	INVESTIGATE		
DIV	anet	61546	263855	40	-12.1	4.4	2874	2	19	-	INVESTIGATE		
DIV	tfrrs	23339	0	48	-12.1	6.7	5023	na	na	-	INVESTIGATE		
DIV	anet	88218	350674	15	-12.1	5.7	2250	3	19	-	INVESTIGATE		
DIV	anet	151924	630168	16	-12.1	2.9	2270	1	7	-	INVESTIGATE		
DIV	anet	239558	956827	15	-12.1	10.3	5037	9	45	-	INVESTIGATE		
DIV	anet	117633	471673	89	-12.1	6.7	3112	3	12	-	INVESTIGATE		
DIV	tfrrs	19354	0	177	-12.1	9.7	5051	na	na	-	INVESTIGATE		
DIV	anet	217969	885577	89	+13.8	4.8	5071	1	3	-	INVESTIGATE		
DIV	anet	84654	332950	14	-12.1	6.9	4793	1	13	-	INVESTIGATE		
DIV	tfrrs	11038	2	21	-12.1	8.0	5043	na	na	-	INVESTIGATE		
DIV	anet	19425	106707	39	-12.1	11.9	3155	10	25	-	INVESTIGATE		
DIV	anet	106410	420020	27	-12.1	11.9	5048	1	19	-	INVESTIGATE		
DIV	anet	96552	384648	31	-12.1	4.5	3957	8	12	-	PERSISTENT		
DIV	anet	26400	115735	22	-12.1	5.5	2306	3	46	-	INVESTIGATE		
DIV	anet	219758	880679	127	-12.1	5.8	3135	2	17	-	INVESTIGATE		
DIV	tfrrs	24451	0	40	-12.1	4.6	5023	na	na	-	INVESTIGATE		
DIV	tfrrs	9791	2	109	-12.1	6.5	5054	na	na	-	INVESTIGATE		
DIV	anet	86642	342025	63	-12.1	10.3	3103	3	5	-	PERSISTENT		
DIV	anet	6943	32860	49	-12.1	10.3	4008	5	21	-	INVESTIGATE		
DIV	anet	212286	847827	14	-12.1	10.0	1437	1	7	-	INVESTIGATE		
DIV	anet	184539	751404	21	+13.8	5.3	2938	1	5	-	INVESTIGATE		
DIV	anet	269709	1073229	22	+13.8	2.5	8157	12	19	-	PERSISTENT		
DIV	anet	160867	666746	68	+13.8	7.4	1463	3	9	-	INVESTIGATE		
DIV	tfrrs	19340	1	184	-12.1	4.4	5071	na	na	-	INVESTIGATE		
DIV	tfrrs	9791	3	93	-12.1	7.2	5043	na	na	-	INVESTIGATE		
DIV	anet	50579	223596	19	-12.1	6.1	1463	4	16	-	INVESTIGATE		
DIV	anet	4276	22638	18	-12.1	6.4	3159	1	13	-	INVESTIGATE		
DIV	anet	244553	973810	23	+13.8	3.9	5023	1	1	-	INVESTIGATE		
DIV	anet	147592	616135	162	-12.1	4.7	2292	6	21	-	INVESTIGATE		
DIV	anet	122050	490502	148	-12.1	5.8	3122	5	15	-	INVESTIGATE		
DIV	anet	233533	932909	33	-12.1	15.1	2243	15	26	-	PERSISTENT		
DIV	anet	172517	711267	21	-12.1	11.0	5122	3	16	-	INVESTIGATE		
DIV	anet	138002	570037	18	-12.1	18.2	2878	2	15	-	INVESTIGATE		
DIV	anet	87355	346655	26	+13.8	5.0	5028	2	9	-	INVESTIGATE		
DIV	anet	83035	326173	111	-12.1	5.5	4865	5	15	-	INVESTIGATE		
DIV	anet	256190	1018489	81	-12.1	4.5	3088	1	14	-	INVESTIGATE		
DIV	anet	40329	173072	20	+13.8	4.4	1444	6	13	-	INVESTIGATE		
DIV	anet	198436	794958	36	-12.1	12.7	2934	1	12	-	INVESTIGATE		
DIV	anet	260587	1034611	29	-12.1	3.6	2252	1	12	-	INVESTIGATE		
DIV	anet	206728	833430	22	+13.8	5.2	2900	1	9	-	INVESTIGATE		
DIV	anet	111460	448465	27	-12.1	11.0	2363	2	15	-	INVESTIGATE		
DIV	anet	237980	951176	15	+13.8	5.0	2875	2	14	-	INVESTIGATE		
DIV	anet	236487	945792	22	+13.8	7.9	3112	3	19	-	INVESTIGATE		
DIV	anet	109691	434213	57	-12.1	8.8	2258	5	13	-	INVESTIGATE		
DIV	anet	152303	632055	97	+13.8	7.1	2910	10	35	-	INVESTIGATE		
DIV	anet	250696	997882	17	+13.8	7.5	3399	3	22	-	INVESTIGATE		
DIV	anet	274559	1094460	73	+13.8	12.7	2900	2	10	-	INVESTIGATE		
DIV	anet	250342	995843	26	+13.8	3.8	2875	1	1	-	INVESTIGATE		
DIV	tfrrs	6065	6	19	-12.1	13.4	4754	na	na	-	INVESTIGATE		
DIV	anet	234458	937616	13	+13.8	11.6	5039	1	5	-	INVESTIGATE		
DIV	tfrrs	9640	1	35	-12.1	5.4	3114	na	na	-	INVESTIGATE		
DIV	anet	231376	923110	13	+13.8	17.5	3112	3	43	-	INVESTIGATE		
DIV	anet	247633	982604	88	-12.1	7.6	1448	10	35	-	INVESTIGATE		
DIV	anet	161205	667708	38	-12.1	5.1	3134	4	15	-	INVESTIGATE		
DIV	anet	180442	737867	43	+13.8	5.4	4021	2	6	-	INVESTIGATE		
DIV	anet	242468	966523	42	+13.8	6.5	2260	1	13	-	INVESTIGATE		
DIV	anet	138155	570847	25	-12.1	7.8	4401	6	25	-	INVESTIGATE		
DIV	anet	88218	350675	36	-12.1	9.3	2251	3	19	-	INVESTIGATE		
DIV	anet	157384	655827	16	-12.1	9.3	2272	2	15	-	INVESTIGATE		
DIV	anet	181405	742742	50	-12.1	5.1	3161	2	13	-	INVESTIGATE		
DIV	anet	237381	950201	160	-12.1	8.5	2403	1	7	-	INVESTIGATE		
DIV	anet	216020	862233	25	-12.1	11.0	2279	3	14	-	INVESTIGATE		
DIV	anet	112191	458870	43	-12.1	7.3	2274	2	15	-	INVESTIGATE		
DIV	anet	165790	684375	34	-12.1	6.4	4529	3	19	-	INVESTIGATE		
DIV	anet	238212	951977	47	-12.1	5.2	1926	5	18	-	INVESTIGATE		
DIV	anet	210205	841192	36	-12.1	8.7	5079	1	17	-	INVESTIGATE		
DIV	anet	87401	346879	26	-12.1	9.3	5056	10	24	-	INVESTIGATE		
DIV	anet	140399	584518	17	+13.8	5.5	3948	3	5	-	PERSISTENT		
DIV	anet	191362	773339	22	-12.1	6.0	2298	7	20	-	INVESTIGATE		
DIV	anet	153144	636492	47	+13.7	13.3	3987	6	21	-	INVESTIGATE		
DIV	anet	123486	496549	59	-12.1	8.7	5043	1	7	-	INVESTIGATE		
DIV	anet	155022	646481	49	+13.7	8.2	3102	3	6	-	PERSISTENT		
DIV	anet	101017	397633	29	-12.1	7.7	2251	1	18	-	INVESTIGATE		
DIV	anet	218157	878291	27	+13.7	4.0	3114	2	6	-	INVESTIGATE		
DIV	anet	80891	320483	45	-12.1	6.1	5028	3	22	-	INVESTIGATE		
DIV	anet	168012	695080	79	+13.7	5.7	3469	2	8	-	INVESTIGATE		
DIV	tfrrs	24813	1	17	-12.1	16.8	5037	na	na	-	INVESTIGATE		
DIV	anet	162420	753266	35	-12.1	5.3	5064	2	2	-	INVESTIGATE		
DIV	anet	257384	1022769	33	+13.7	6.8	2859	4	13	-	INVESTIGATE		
DIV	anet	163599	675092	40	+13.7	10.0	3124	1	4	-	INVESTIGATE		
DIV	anet	216368	864009	16	-12.1	7.8	5071	1	10	-	INVESTIGATE		
DIV	anet	223147	914648	12	+13.7	5.2	1845	10	16	-	PERSISTENT		
DIV	anet	39970	171450	15	+13.7	9.4	3118	3	8	-	INVESTIGATE		
DIV	anet	270601	1077754	24	+13.7	3.7	5000	1	11	-	INVESTIGATE		
DIV	anet	240658	981633	32	+13.7	4.6	2245	3	5	-	PERSISTENT		
DIV	anet	75469	302838	31	+13.7	6.6	5034	1	2	-	INVESTIGATE		
DIV	anet	211342	844617	18	-12.1	6.3	5079	1	9	-	INVESTIGATE		
DIV	anet	209716	839648	128	-12.1	5.6	2348	4	12	-	INVESTIGATE		
DIV	anet	84501	339043	121	-12.1	5.9	2277	3	16	-	INVESTIGATE		
DIV	anet	57658	246885	32	+13.7	3.2	4499	2	11	-	INVESTIGATE		
DIV	anet	51343	218747	39	-12.1	11.5	5057	1	11	-	INVESTIGATE		
DIV	tfrrs	20905	6	72	-12.1	6.2	5079	na	na	-	INVESTIGATE		
DIV	anet	108557	447866	25	+13.7	11.8	1849	4	19	-	INVESTIGATE		
DIV	anet	160475	665688	43	-12.1	6.0	3119	1	2	-	INVESTIGATE		
DIV	anet	211224	844174	22	+13.7	5.8	2900	2	3	-	PERSISTENT		
DIV	anet	204428	820075	17	-12.1	6.5	2283	4	7	-	PERSISTENT		
DIV	anet	139495	578934	30	-12.1	9.7	5041	1	4	-	INVESTIGATE		
DIV	anet	162077	676278	17	-12.1	8.7	2272	3	18	-	INVESTIGATE		
DIV	tfrrs	19419	2	103	-12.1	9.5	5067	na	na	-	INVESTIGATE		
DIV	anet	135851	561911	52	-12.1	8.3	5051	1	2	-	INVESTIGATE		
DIV	tfrrs	26078	0	122	-12.1	7.5	5000	na	na	OVERRIDE	REGRESSION		
DIV	anet	122869	493856	19	-12.1	7.1	2352	1	21	-	INVESTIGATE		
DIV	anet	244995	975456	27	-12.1	15.4	2872	2	15	-	INVESTIGATE		
DIV	tfrrs	22049	0	58	-12.1	10.4	5039	na	na	-	INVESTIGATE		
DIV	tfrrs	26699	0	32	-12.1	4.6	5000	na	na	OVERRIDE	REGRESSION		
DIV	anet	35906	155377	163	+13.7	9.1	2275	2	18	-	INVESTIGATE		
DIV	anet	95001	376002	80	+13.7	3.6	4429	7	19	-	INVESTIGATE		
DIV	anet	137535	567379	16	-12.1	13.7	5041	1	10	-	INVESTIGATE		
DIV	anet	253472	1012210	78	+13.7	5.7	2859	2	5	-	INVESTIGATE		
DIV	anet	215067	858084	27	-12.1	4.7	4881	1	3	-	INVESTIGATE		
DIV	anet	251928	1004041	39	+13.7	8.1	2681	4	15	-	INVESTIGATE		
DIV	anet	268083	1065650	22	+13.7	9.1	3428	2	5	-	INVESTIGATE		
DIV	anet	262564	1041873	29	+13.7	8.2	3065	3	21	-	INVESTIGATE		
DIV	anet	117201	469684	68	+13.7	18.4	3956	1	2	-	INVESTIGATE		
DIV	anet	90097	355593	13	-12.1	9.7	3281	4	18	-	INVESTIGATE		
DIV	anet	175347	718925	12	-12.1	4.9	5122	1	20	-	INVESTIGATE		
DIV	anet	5996	28613	17	-12.0	2.8	3592	7	19	-	INVESTIGATE		
DIV	anet	85210	335352	24	+13.7	4.0	2870	1	11	-	INVESTIGATE		
DIV	anet	241092	962617	24	-12.0	7.1	1840	1	2	-	INVESTIGATE		
DIV	anet	157656	656866	24	-12.0	7.7	1953	6	36	-	INVESTIGATE		
DIV	anet	264318	1074415	93	+13.7	4.7	3258	2	15	-	INVESTIGATE		
DIV	anet	268083	1065651	21	+13.7	5.8	3428	2	5	-	INVESTIGATE		
DIV	tfrrs	27077	4	99	-12.0	5.2	5019	na	na	-	INVESTIGATE		
DIV	anet	213098	850061	27	-12.0	6.7	5079	1	7	-	INVESTIGATE		
DIV	anet	112145	444634	19	+13.7	3.3	2363	2	12	-	INVESTIGATE		
DIV	anet	137804	569205	13	+13.7	6.4	5051	1	10	-	INVESTIGATE		
DIV	anet	212078	862484	31	-12.0	6.3	2279	1	4	-	INVESTIGATE		
DIV	anet	217502	869619	19	-12.0	6.2	1857	1	2	-	INVESTIGATE		
DIV	anet	133099	562486	64	+13.7	15.0	3100	1	8	-	INVESTIGATE		
DIV	anet	128510	522110	13	+13.7	15.4	3122	1	1	-	INVESTIGATE		
DIV	anet	147592	616136	82	-12.0	6.5	2270	6	21	-	INVESTIGATE		
DIV	anet	46794	199871	71	+13.7	6.3	2900	4	9	-	INVESTIGATE		
DIV	anet	64969	280531	44	-12.0	5.4	3106	3	13	-	INVESTIGATE		
DIV	tfrrs	23482	1	92	-12.0	10.6	5037	na	na	-	INVESTIGATE		
DIV	anet	161660	668964	24	+13.7	6.9	2272	5	15	-	INVESTIGATE		
DIV	anet	161334	668023	48	+13.7	16.8	2271	5	13	-	INVESTIGATE		
DIV	anet	196224	787545	13	-12.0	4.9	5131	1	2	-	INVESTIGATE		
DIV	anet	6120	23994	22	+13.7	2.1	5107	12	19	-	PERSISTENT		
DIV	tfrrs	22132	0	22	-12.0	3.8	5039	na	na	-	INVESTIGATE		
DIV	anet	187848	761679	14	-12.0	9.0	3596	1	14	-	INVESTIGATE		
DIV	tfrrs	19366	2	82	-12.0	11.4	5000	na	na	-	INVESTIGATE		
DIV	anet	113486	452662	14	-12.0	12.1	1830	3	19	-	INVESTIGATE		
DIV	tfrrs	22101	0	44	-12.0	10.5	5039	na	na	-	INVESTIGATE		
DIV	anet	215067	858086	38	-12.0	5.0	4891	1	3	-	INVESTIGATE		
DIV	tfrrs	16292	6	61	-12.0	4.1	5075	na	na	-	INVESTIGATE		
DIV	anet	110003	435498	13	-12.0	3.8	2348	2	27	-	INVESTIGATE		
DIV	anet	199980	801864	20	-12.0	9.5	3169	1	2	-	INVESTIGATE		
DIV	anet	139409	578469	29	+13.7	5.4	2888	1	6	-	INVESTIGATE		
DIV	anet	252316	1006008	20	+13.7	15.7	3087	1	1	-	INVESTIGATE		
DIV	anet	196075	787090	14	-12.0	9.7	3161	1	17	-	INVESTIGATE		
DIV	anet	186051	756110	19	+13.7	7.8	3154	4	7	-	PERSISTENT		
DIV	anet	263003	1043305	19	-12.0	8.7	6056	1	3	-	INVESTIGATE		
DIV	anet	146771	613895	25	-12.0	3.6	2382	2	15	-	INVESTIGATE		
DIV	anet	191708	774389	64	+13.7	5.7	5131	2	5	-	INVESTIGATE		
DIV	anet	96552	384647	42	-12.0	5.6	3957	8	12	-	PERSISTENT		
DIV	anet	87102	345480	22	-12.0	10.7	3084	4	20	-	INVESTIGATE		
DIV	anet	165898	685018	74	+13.7	7.6	2272	2	8	-	INVESTIGATE		
DIV	tfrrs	21878	2	49	-12.0	10.7	5060	na	na	-	INVESTIGATE		
DIV	anet	253290	1011349	12	+13.7	11.3	5037	3	13	-	INVESTIGATE		
DIV	anet	242648	967202	46	-12.0	4.3	5037	1	5	-	INVESTIGATE		
DIV	anet	61465	263484	15	-12.0	6.0	7498	10	18	-	PERSISTENT		
DIV	tfrrs	13530	8	30	-12.0	3.2	5060	na	na	-	INVESTIGATE		
DIV	anet	208449	835329	18	-12.0	8.4	4891	1	20	-	INVESTIGATE		
DIV	anet	166484	687646	57	-12.0	7.4	2245	5	11	-	INVESTIGATE		
DIV	anet	138575	573381	49	-12.0	7.3	3090	1	15	-	INVESTIGATE		
DIV	anet	55518	236941	12	-12.0	3.8	5215	6	12	-	PERSISTENT		
DIV	anet	113187	449533	18	+13.7	4.6	3107	2	8	-	INVESTIGATE		
DIV	anet	81322	322314	16	+13.7	4.3	5072	2	13	-	INVESTIGATE		
DIV	anet	146612	614783	87	-12.0	7.7	5088	2	12	-	INVESTIGATE		
DIV	anet	246899	979451	15	-12.0	9.1	3520	2	13	-	INVESTIGATE		
DIV	anet	216868	866205	13	+13.7	8.0	2900	2	6	-	INVESTIGATE		
DIV	tfrrs	8914	1	39	-12.0	7.8	4760	na	na	-	INVESTIGATE		
DIV	tfrrs	23064	1	122	-12.0	7.1	5039	na	na	-	INVESTIGATE		
DIV	anet	194055	781462	22	-12.0	4.4	2291	5	11	-	INVESTIGATE		
DIV	anet	224744	898043	26	-12.0	7.4	3270	1	8	-	INVESTIGATE		
DIV	anet	172931	712438	33	+13.6	4.9	3140	2	17	-	INVESTIGATE		
DIV	anet	125066	503560	12	+13.6	9.5	2890	5	16	-	INVESTIGATE		
DIV	anet	94421	373656	29	+13.6	11.7	2891	3	14	-	INVESTIGATE		
DIV	anet	52325	222740	60	-12.0	7.6	5057	1	12	-	INVESTIGATE		
DIV	anet	145892	637529	26	+13.6	6.1	3102	6	9	-	PERSISTENT		
DIV	anet	94301	373168	21	-12.0	8.9	5036	2	11	-	INVESTIGATE		
DIV	tfrrs	23930	3	110	-12.0	4.7	5037	na	na	-	INVESTIGATE		
DIV	anet	235119	940350	75	+13.6	9.9	5039	1	15	-	INVESTIGATE		
DIV	tfrrs	26479	1	32	-12.0	7.5	5000	na	na	-	INVESTIGATE		
DIV	anet	109180	444627	20	-12.0	13.6	3107	2	19	-	INVESTIGATE		
DIV	anet	209416	838627	26	-12.0	10.1	1857	4	12	-	INVESTIGATE		
DIV	anet	57491	246191	56	+13.6	4.7	5034	12	19	-	PERSISTENT		
DIV	tfrrs	23064	0	125	-12.0	6.1	5039	na	na	-	INVESTIGATE		
DIV	anet	152303	632056	81	+13.6	6.1	2888	10	35	-	INVESTIGATE		
DIV	anet	49145	209622	12	+13.6	3.7	5057	2	8	-	INVESTIGATE		
DIV	anet	26320	114899	26	-12.0	12.3	4462	6	25	-	INVESTIGATE		
DIV	anet	41410	177969	18	-12.0	5.5	5199	3	22	-	INVESTIGATE		
DIV	anet	140957	588780	21	-12.0	9.3	3085	1	6	-	TRANSIENT		
DIV	anet	230848	928166	19	-12.0	6.6	3097	1	2	-	TRANSIENT		
DIV	anet	196897	789467	22	+13.6	5.0	1449	10	18	-	PERSISTENT		
DIV	anet	56934	243632	14	+13.6	5.1	5034	6	16	-	INVESTIGATE		
DIV	anet	211762	846140	28	-12.0	9.3	2900	1	4	-	TRANSIENT		
DIV	anet	256313	1018881	22	+13.6	3.7	2291	1	18	-	INVESTIGATE		
DIV	tfrrs	23480	2	80	-12.0	4.3	5023	na	na	-	INVESTIGATE		
DIV	tfrrs	6418	0	52	-12.0	5.1	3952	na	na	-	INVESTIGATE		
DIV	anet	213409	851540	42	-12.0	14.5	5071	1	13	-	TRANSIENT		
DIV	anet	180840	739957	16	+13.6	10.9	2923	1	5	-	INVESTIGATE		
DIV	anet	96568	384721	19	-12.0	8.7	5036	1	9	-	TRANSIENT		
DIV	anet	106822	445981	25	-12.0	5.5	2338	3	14	-	INVESTIGATE		
DIV	anet	194055	781461	93	-12.0	8.9	2284	5	11	-	INVESTIGATE		
DIV	anet	49726	211906	64	-12.0	13.7	2900	2	7	-	INVESTIGATE		
DIV	anet	31084	134987	13	+13.6	10.9	2397	1	23	-	INVESTIGATE		
DIV	anet	75443	302703	24	+13.6	4.1	5072	2	14	-	INVESTIGATE		
DIV	anet	239304	955972	67	-12.0	8.7	1840	2	8	-	INVESTIGATE		
DIV	anet	22720	100174	12	-12.0	4.5	4012	1	9	-	TRANSIENT		
DIV	anet	403	2014	87	-12.0	4.7	5402	10	24	-	INVESTIGATE		
DIV	anet	15763	71711	45	-12.0	8.8	2917	2	5	-	INVESTIGATE		
DIV	anet	179993	735784	18	-12.0	12.4	5122	1	8	-	TRANSIENT		
DIV	anet	229876	924093	28	+13.6	7.1	1939	3	13	-	INVESTIGATE		
DIV	anet	210546	842193	36	+13.6	5.4	2369	1	16	-	INVESTIGATE		
DIV	anet	114335	455165	12	-12.0	3.6	4848	2	14	-	INVESTIGATE		
DIV	anet	138471	572756	22	+13.6	13.1	2888	4	14	-	INVESTIGATE		
DIV	anet	156445	652147	20	-12.0	7.4	5060	1	4	-	TRANSIENT		
DIV	anet	150318	631000	67	+13.6	5.7	4897	1	4	-	INVESTIGATE		
DIV	anet	148149	617464	29	+13.6	10.1	2292	1	6	-	INVESTIGATE		
DIV	anet	122425	492102	17	+13.6	4.7	5043	8	16	-	PERSISTENT		
DIV	anet	145938	617864	82	-12.0	7.8	5088	1	31	-	TRANSIENT		
DIV	anet	240332	960061	30	+13.6	9.0	1840	1	22	-	INVESTIGATE		
DIV	anet	199817	801269	14	-12.0	2.3	2915	1	10	-	TRANSIENT		
DIV	anet	158038	673880	13	-12.0	7.1	2884	1	18	-	TRANSIENT		
DIV	anet	96960	394336	22	-12.0	5.8	1825	5	8	-	PERSISTENT		
DIV	anet	178854	731348	39	+13.6	9.3	2389	3	9	-	INVESTIGATE		
DIV	anet	13353	60765	22	-12.0	6.6	5134	2	11	-	INVESTIGATE		
DIV	anet	147125	614889	101	-12.0	7.7	5088	2	3	-	PERSISTENT		
DIV	anet	196581	788550	16	-12.0	6.8	5122	5	21	-	INVESTIGATE		
DIV	anet	210796	843175	21	+13.6	10.2	3133	1	8	-	INVESTIGATE		
DIV	anet	31784	151713	44	+13.6	12.8	2895	6	11	-	PERSISTENT		
DIV	anet	251488	1001809	35	+13.6	7.7	5037	1	2	-	INVESTIGATE		
DIV	tfrrs	24739	1	16	-12.0	4.7	5037	na	na	-	INVESTIGATE		
DIV	anet	237066	947733	15	-12.0	7.8	4019	2	5	-	INVESTIGATE		
DIV	tfrrs	26209	1	68	-12.0	5.6	5000	na	na	-	INVESTIGATE		
DIV	anet	39861	176841	20	-12.0	6.4	2443	1	11	-	TRANSIENT		
DIV	tfrrs	23376	1	114	-12.0	7.4	5000	na	na	-	INVESTIGATE		
DIV	anet	83035	326175	67	-12.0	4.6	4842	5	15	-	INVESTIGATE		
DIV	anet	110460	437320	44	-12.0	8.8	3975	7	19	-	INVESTIGATE		
DIV	anet	94591	374359	106	-12.0	3.7	3304	2	20	-	INVESTIGATE		
DIV	anet	101682	400579	64	-12.0	5.2	6124	2	7	-	INVESTIGATE		
DIV	anet	137789	568668	22	+13.6	5.0	1426	10	18	-	PERSISTENT		
DIV	anet	271031	1079422	12	+13.6	1.7	3088	1	44	-	INVESTIGATE		
DIV	anet	135943	558108	19	-12.0	6.2	2888	2	11	-	INVESTIGATE		
DIV	tfrrs	26216	1	55	-12.0	6.0	5000	na	na	-	INVESTIGATE		
DIV	anet	178753	730909	15	+13.6	11.4	2938	1	1	-	INVESTIGATE		
DIV	tfrrs	4153	1	25	-12.0	3.7	5055	na	na	-	INVESTIGATE		
DIV	tfrrs	23480	1	146	-12.0	7.8	5023	na	na	-	INVESTIGATE		
DIV	anet	224978	898856	27	-12.0	5.1	5039	2	5	-	INVESTIGATE		
DIV	anet	33752	146621	22	-12.0	9.5	3103	2	12	-	INVESTIGATE		
DIV	anet	184319	750663	14	-12.0	8.1	2389	1	2	-	TRANSIENT		
DIV	anet	200970	806764	19	-12.0	10.4	4938	1	10	-	TRANSIENT		
DIV	anet	178920	731542	17	-12.0	5.8	4932	1	7	-	TRANSIENT		
DIV	anet	264036	1047825	69	-11.9	4.9	2238	2	18	-	INVESTIGATE		
DIV	anet	207142	830776	29	-11.9	5.4	2900	2	16	-	INVESTIGATE		
DIV	anet	37362	161169	36	-11.9	4.4	2895	1	11	-	TRANSIENT		
DIV	anet	94502	373981	21	-11.9	6.5	3304	10	35	-	INVESTIGATE		
DIV	anet	94279	373064	79	-11.9	4.5	2251	2	18	-	INVESTIGATE		
DIV	tfrrs	11128	0	24	-11.9	5.9	5054	na	na	-	INVESTIGATE		
DIV	anet	184294	750551	20	+13.6	14.0	3173	1	5	-	INVESTIGATE		
DIV	tfrrs	25581	0	120	-11.9	10.8	5000	na	na	-	INVESTIGATE		
DIV	anet	111564	441996	22	-11.9	13.0	2887	3	12	-	INVESTIGATE		
DIV	anet	191341	786249	38	-11.9	8.9	2283	3	14	-	INVESTIGATE		
DIV	tfrrs	22062	3	20	-11.9	9.7	3971	na	na	-	INVESTIGATE		
DIV	anet	81511	323117	15	+13.6	11.5	3020	3	15	-	INVESTIGATE		
DIV	anet	264979	1052049	35	-11.9	7.9	3084	1	2	-	TRANSIENT		
DIV	anet	126448	511454	22	+13.6	8.2	3961	1	9	-	INVESTIGATE		
DIV	anet	172501	711228	22	-11.9	6.6	5036	1	9	-	TRANSIENT		
DIV	anet	176773	734576	46	-11.9	8.1	4945	1	6	-	TRANSIENT		
DIV	anet	63063	271321	18	-11.9	6.9	5034	1	19	-	TRANSIENT		
DIV	anet	146948	614397	31	-11.9	8.1	3103	1	4	-	TRANSIENT		
DIV	tfrrs	19357	3	89	-11.9	6.3	5079	na	na	-	INVESTIGATE		
DIV	anet	135775	558339	66	-11.9	5.6	5041	1	15	-	TRANSIENT		
DIV	anet	209480	838862	28	-11.9	8.0	2090	1	6	-	TRANSIENT		
DIV	anet	55682	787886	13	-11.9	4.8	5037	2	24	-	INVESTIGATE		
DIV	anet	33833	146990	85	-11.9	11.6	5071	3	18	-	INVESTIGATE		
DIV	tfrrs	11128	1	22	-11.9	5.0	5043	na	na	-	INVESTIGATE		
DIV	anet	258915	1028209	13	-11.9	14.2	5000	3	7	-	INVESTIGATE		
DIV	anet	191355	773278	85	-11.9	6.7	5122	2	10	-	INVESTIGATE		
DIV	anet	153231	636923	87	-11.9	10.1	5060	1	5	-	TRANSIENT		
DIV	anet	209716	839649	40	-11.9	7.3	2363	4	12	-	INVESTIGATE		
DIV	anet	239607	957003	33	+13.5	6.2	3102	4	23	-	INVESTIGATE		
DIV	tfrrs	21853	1	67	-11.9	9.4	5060	na	na	-	INVESTIGATE		
DIV	tfrrs	25397	4	40	-11.9	5.0	5000	na	na	-	INVESTIGATE		
DIV	anet	163192	673577	25	+13.5	6.8	2052	2	10	-	INVESTIGATE		
DIV	anet	14522	65533	74	-11.9	6.0	2936	1	17	-	TRANSIENT		
DIV	tfrrs	25531	5	32	-11.9	5.2	5000	na	na	-	INVESTIGATE		
DIV	tfrrs	16358	0	17	-11.9	1.8	5075	na	na	-	INVESTIGATE		
DIV	anet	210108	840815	60	+13.5	7.4	3113	5	9	-	PERSISTENT		
DIV	anet	157223	655157	40	-11.9	7.2	3119	5	46	-	INVESTIGATE		
DIV	anet	163306	679082	15	+13.5	7.8	2362	1	11	-	INVESTIGATE		
DIV	anet	45398	194055	14	-11.9	9.1	5057	5	46	-	INVESTIGATE		
DIV	anet	159938	664246	66	-11.9	3.9	3972	1	3	-	TRANSIENT		
DIV	tfrrs	25465	5	49	-11.9	8.6	5000	na	na	-	INVESTIGATE		
DIV	anet	163486	674479	16	-11.9	15.6	5075	1	13	-	TRANSIENT		
DIV	anet	30679	133224	15	-11.9	9.8	3122	10	25	-	INVESTIGATE		
DIV	anet	149668	637078	12	-11.9	3.5	5060	1	15	-	TRANSIENT		
DIV	anet	152360	632389	18	+13.5	9.5	3123	2	4	-	PERSISTENT		
DIV	tfrrs	27077	5	105	-11.9	11.1	5019	na	na	-	INVESTIGATE		
DIV	anet	219298	878018	13	+13.5	9.5	2270	2	13	-	INVESTIGATE		
DIV	anet	112848	447921	19	-11.9	6.8	4585	1	10	-	TRANSIENT		
DIV	anet	271836	1083056	22	+13.5	5.5	1412	1	19	-	INVESTIGATE		
DIV	anet	272365	1085821	76	-11.9	4.6	3350	2	13	-	INVESTIGATE		
DIV	anet	84194	330963	13	-11.9	8.9	5028	3	38	-	INVESTIGATE		
DIV	anet	140621	589420	50	+13.5	5.4	2878	1	10	-	INVESTIGATE		
DIV	anet	184005	749751	35	+13.5	4.7	3161	5	15	-	INVESTIGATE		
DIV	anet	19701	87841	13	+13.5	16.6	2397	5	18	-	INVESTIGATE		
DIV	anet	193089	778692	61	+13.5	10.5	2507	3	12	-	INVESTIGATE		
DIV	anet	122564	492631	16	+13.5	7.0	2366	1	12	-	INVESTIGATE		
DIV	anet	205196	822788	29	+13.5	9.7	1480	2	9	-	INVESTIGATE		
DIV	anet	235892	943624	15	-11.9	5.4	5060	1	3	-	TRANSIENT		
DIV	tfrrs	25699	0	35	-11.9	5.2	5000	na	na	-	INVESTIGATE		
DIV	anet	235496	941935	112	+13.5	8.5	5039	2	11	-	INVESTIGATE		
DIV	tfrrs	21548	1	64	-11.9	12.0	5060	na	na	-	INVESTIGATE		
DIV	anet	51052	217515	15	+13.5	7.2	2900	1	4	-	INVESTIGATE		
DIV	anet	261259	1037160	44	-11.9	5.1	2547	4	11	-	INVESTIGATE		
DIV	anet	201846	811795	19	+13.5	8.8	2726	7	20	-	INVESTIGATE		
DIV	anet	189232	766223	23	-11.9	7.2	5131	1	6	-	TRANSIENT		
DIV	anet	240288	960312	149	-11.9	18.2	3088	2	10	-	INVESTIGATE		
DIV	anet	102712	405646	12	-11.9	10.1	2444	3	9	-	INVESTIGATE		
DIV	anet	106989	422456	37	-11.9	7.6	2258	4	43	-	INVESTIGATE		
DIV	anet	178913	742877	58	-11.9	7.6	2389	2	9	-	INVESTIGATE		
DIV	anet	102775	405943	30	+13.5	9.7	3087	1	10	-	INVESTIGATE		
DIV	anet	207403	883503	89	+13.5	5.4	3484	10	25	-	INVESTIGATE		
DIV	anet	207490	832083	26	-11.9	6.1	5079	4	17	-	INVESTIGATE		
DIV	anet	84206	331022	23	-11.9	16.6	3082	1	15	-	TRANSIENT		
DIV	anet	251678	1002770	14	-11.9	10.0	3087	3	13	-	INVESTIGATE		
DIV	anet	264157	1047901	17	-11.9	10.9	2854	2	9	-	INVESTIGATE		
DIV	anet	243714	970987	29	-11.9	7.9	3088	2	7	-	INVESTIGATE		
DIV	anet	178012	728152	16	+13.5	6.2	5138	6	16	-	INVESTIGATE		
DIV	anet	190600	772287	12	-11.9	5.7	5117	1	3	-	TRANSIENT		
DIV	anet	257427	1022999	30	-11.9	8.4	2854	1	3	-	TRANSIENT		
DIV	anet	243955	972347	92	+13.5	7.2	2763	3	15	-	INVESTIGATE		
DIV	anet	138725	574178	28	+13.5	4.5	3111	1	5	OVERRIDE	REGRESSION		
DIV	anet	136268	560743	22	+13.5	4.9	3090	1	6	-	INVESTIGATE		
DIV	anet	226962	905778	33	-11.9	8.4	5060	2	17	-	INVESTIGATE		
DIV	anet	133772	545979	56	+13.5	9.4	2890	4	13	-	INVESTIGATE		
DIV	anet	40528	173897	19	-11.9	4.5	6226	3	20	-	INVESTIGATE		
DIV	anet	4704	22664	19	+13.5	4.6	5107	10	18	-	PERSISTENT		
DIV	anet	48832	208302	17	+13.5	7.8	3119	1	16	-	INVESTIGATE		
DIV	anet	219501	878958	115	+13.5	9.1	5071	2	6	-	INVESTIGATE		
DIV	anet	261478	1070025	51	+13.5	5.3	5000	1	17	-	INVESTIGATE		
DIV	tfrrs	25855	4	28	-11.9	4.7	5000	na	na	-	INVESTIGATE		
DIV	anet	175417	719196	18	-11.9	7.4	5122	1	1	-	TRANSIENT		
DIV	anet	244722	974363	31	+13.5	4.6	2260	2	6	-	INVESTIGATE		
DIV	anet	107285	432537	20	-11.9	11.7	2342	5	20	-	INVESTIGATE		
DIV	anet	199241	798383	33	-11.9	6.8	5131	1	14	-	TRANSIENT		
DIV	anet	229725	933795	33	+13.5	5.2	2881	2	11	-	INVESTIGATE		
DIV	anet	110578	437866	37	-11.9	8.2	2887	3	13	-	INVESTIGATE		
DIV	tfrrs	10404	2	83	-11.9	9.6	5095	na	na	-	INVESTIGATE		
DIV	anet	95791	380415	14	+13.5	8.7	6619	1	9	-	INVESTIGATE		
DIV	anet	118130	473836	38	+13.5	4.4	4157	1	10	-	INVESTIGATE		
DIV	anet	112975	448439	35	-11.9	14.7	2874	1	9	-	TRANSIENT		
DIV	anet	64439	278023	13	+13.5	4.4	3968	4	4	-	PERSISTENT		
DIV	anet	79997	316742	26	-11.9	3.1	3106	1	11	-	TRANSIENT		
DIV	anet	197914	793108	35	-11.9	6.3	3140	1	16	-	TRANSIENT		
DIV	anet	45347	207754	13	-11.9	14.4	4869	10	25	-	INVESTIGATE		
DIV	anet	149677	634500	13	+13.5	8.2	2910	1	6	-	INVESTIGATE		
DIV	anet	51188	218112	24	-11.9	17.2	2269	5	15	-	INVESTIGATE		
DIV	anet	94909	384344	89	-11.9	15.0	2277	1	7	-	TRANSIENT		
DIV	tfrrs	25526	3	17	-11.9	6.6	5000	na	na	-	INVESTIGATE		
DIV	anet	139207	593745	23	+13.5	10.6	2275	1	13	-	INVESTIGATE		
DIV	tfrrs	20729	0	37	-11.9	4.3	5071	na	na	-	INVESTIGATE		
DIV	anet	198781	796636	20	-11.9	8.1	2298	2	16	-	INVESTIGATE		
DIV	anet	106268	419362	29	-11.9	8.3	3103	10	25	-	INVESTIGATE		
DIV	anet	109692	434220	40	+13.5	8.1	2274	2	11	-	INVESTIGATE		
DIV	anet	149425	620573	79	-11.9	10.3	2292	2	11	-	INVESTIGATE		
DIV	anet	237883	950890	35	-11.9	9.2	3108	1	1	-	TRANSIENT		
DIV	anet	87422	346981	16	+13.5	6.7	4842	2	16	-	INVESTIGATE		
DIV	anet	237381	950209	56	-11.9	6.9	2422	1	7	-	TRANSIENT		
DIV	tfrrs	10538	3	15	-11.9	12.4	2260	na	na	-	INVESTIGATE		
DIV	anet	42879	184699	29	-11.9	6.2	2945	2	36	-	INVESTIGATE		
DIV	tfrrs	3851	0	73	-11.9	5.4	3950	na	na	-	INVESTIGATE		
DIV	anet	174218	716981	13	-11.9	5.5	4012	1	3	-	TRANSIENT		
DIV	tfrrs	26839	1	74	-11.9	8.0	5051	na	na	-	INVESTIGATE		
DIV	tfrrs	24050	3	50	-11.9	4.7	5025	na	na	-	INVESTIGATE		
DIV	anet	241113	962624	18	+13.5	9.9	2260	2	16	-	INVESTIGATE		
DIV	tfrrs	24004	0	29	-11.9	9.9	5023	na	na	-	INVESTIGATE		
DIV	anet	224542	909935	284	+13.5	5.2	3123	2	14	-	INVESTIGATE		
DIV	tfrrs	21305	2	84	-11.9	11.9	5066	na	na	-	INVESTIGATE		
DIV	anet	72882	296982	20	+13.5	4.1	3968	2	3	-	PERSISTENT		
DIV	anet	209528	848906	14	-11.9	11.1	5079	1	22	-	TRANSIENT		
DIV	tfrrs	20905	7	79	-11.9	4.6	5079	na	na	-	INVESTIGATE		
DIV	anet	117909	472874	51	-11.9	9.3	1458	1	19	-	TRANSIENT		
DIV	anet	208886	836739	44	-11.9	5.8	3132	1	8	-	TRANSIENT		
DIV	anet	268735	1068622	87	+13.5	6.7	4812	7	20	-	INVESTIGATE		
DIV	anet	50693	216046	86	-11.9	12.6	2569	2	20	-	INVESTIGATE		
DIV	anet	28147	122470	12	+13.4	5.5	5120	2	13	-	INVESTIGATE		
DIV	tfrrs	22256	4	60	-11.9	14.7	5000	na	na	-	INVESTIGATE		
DIV	anet	22449	124041	13	+13.4	6.4	2306	5	23	-	INVESTIGATE		
DIV	anet	141097	592126	21	+13.4	5.4	3104	3	15	-	INVESTIGATE		
DIV	anet	134006	563367	42	-11.9	10.5	5051	2	18	-	INVESTIGATE		
DIV	tfrrs	26565	0	24	-11.9	10.2	5000	na	na	-	INVESTIGATE		
DIV	anet	80119	317220	22	-11.9	2.8	3107	3	13	-	INVESTIGATE		
DIV	anet	152310	632135	46	-11.8	9.1	5060	2	6	-	INVESTIGATE		
DIV	anet	25445	111395	13	-11.8	8.0	3153	1	11	-	TRANSIENT		
DIV	anet	143409	601613	54	+13.4	9.5	5088	1	6	-	INVESTIGATE		
DIV	anet	244205	973054	16	-11.8	7.5	3102	1	7	-	TRANSIENT		
DIV	anet	150895	644644	34	-11.8	4.0	3122	1	4	-	TRANSIENT		
DIV	anet	268735	1068616	40	+13.4	6.0	4815	7	20	-	INVESTIGATE		
DIV	anet	214280	854875	45	-11.8	6.8	5071	1	10	-	TRANSIENT		
DIV	tfrrs	22428	1	51	-11.8	9.4	5112	na	na	-	INVESTIGATE		
DIV	tfrrs	9250	1	33	-11.8	7.3	5034	na	na	-	INVESTIGATE		
DIV	anet	108356	428293	14	-11.8	7.2	5056	1	11	-	TRANSIENT		
DIV	anet	165659	683686	12	+13.4	5.7	1853	1	6	-	INVESTIGATE		
DIV	tfrrs	18341	0	76	-11.8	8.9	5131	na	na	-	INVESTIGATE		
DIV	anet	122352	491784	13	-11.8	10.8	4865	9	45	-	INVESTIGATE		
DIV	tfrrs	13181	1	45	-11.8	5.6	5051	na	na	-	INVESTIGATE		
DIV	anet	267716	1063721	44	-11.8	4.6	2583	1	9	-	TRANSIENT		
DIV	anet	139202	577297	17	+13.4	12.6	2888	1	6	-	INVESTIGATE		
DIV	anet	51363	218842	12	+13.4	3.8	2269	1	3	-	INVESTIGATE		
DIV	anet	94208	372772	34	-11.8	6.0	3544	1	8	-	TRANSIENT		
DIV	anet	23780	104343	19	-11.8	4.9	4923	1	15	-	TRANSIENT		
DIV	tfrrs	26247	1	38	-11.8	6.0	5000	na	na	-	INVESTIGATE		
DIV	anet	233764	934012	25	+13.4	7.9	5060	1	6	-	INVESTIGATE		
DIV	anet	60604	259675	31	-11.8	7.6	2251	1	15	-	TRANSIENT		
DIV	anet	30918	134226	15	-11.8	2.8	5183	2	6	-	INVESTIGATE		
DIV	anet	210250	841392	15	+13.4	6.7	2618	2	4	-	PERSISTENT		
DIV	anet	264674	1050335	17	+13.4	5.8	3054	3	17	-	INVESTIGATE		
DIV	anet	161830	669460	31	-11.8	9.3	2272	1	5	-	TRANSIENT		
DIV	anet	214802	856919	33	-11.8	12.6	4881	9	45	-	INVESTIGATE		
DIV	anet	224167	896013	13	-11.8	11.3	2570	1	5	-	TRANSIENT		
DIV	anet	200911	806754	22	-11.8	8.2	3140	1	2	-	TRANSIENT		
DIV	tfrrs	26104	0	182	-11.8	7.1	5000	na	na	-	INVESTIGATE		
DIV	anet	210614	842436	14	-11.8	6.9	3135	1	18	-	TRANSIENT		
DIV	anet	72789	296480	25	-11.8	6.4	2874	3	25	-	INVESTIGATE		
DIV	anet	218620	874650	31	+13.4	4.8	5079	1	1	-	INVESTIGATE		
DIV	anet	141932	593977	28	+13.4	4.8	1417	1	7	-	INVESTIGATE		
DIV	anet	225804	901944	53	-11.8	10.4	2889	1	13	-	TRANSIENT		
DIV	anet	260231	1033355	12	-11.8	11.0	4812	1	10	-	TRANSIENT		
DIV	anet	170433	703740	14	+13.4	6.1	1477	1	11	-	INVESTIGATE		
DIV	anet	4704	22663	21	+13.4	2.3	5107	10	18	-	PERSISTENT		
DIV	anet	36630	158278	15	-11.8	7.7	4884	9	45	-	INVESTIGATE		
DIV	anet	254123	1023486	51	-11.8	6.9	2243	2	4	-	PERSISTENT		
DIV	anet	56934	243631	29	+13.4	5.1	5034	6	16	-	INVESTIGATE		
DIV	anet	150652	624894	61	-11.8	6.6	3102	3	20	-	INVESTIGATE		
DIV	tfrrs	20413	3	62	-11.8	8.8	5079	na	na	-	INVESTIGATE		
DIV	anet	58236	249307	63	-11.8	7.6	5055	3	25	-	INVESTIGATE		
DIV	anet	32841	142495	21	+13.4	3.4	5071	7	15	-	INVESTIGATE		
DIV	anet	64840	279969	63	-11.8	8.9	3087	4	20	-	INVESTIGATE		
DIV	anet	84781	333469	18	-11.8	6.6	5028	2	10	-	INVESTIGATE		
DIV	anet	100962	397372	57	-11.8	8.0	2253	11	14	-	PERSISTENT		
DIV	anet	122968	494246	23	+13.4	7.1	1436	1	5	-	INVESTIGATE		
DIV	anet	35835	155076	42	-11.8	12.1	3122	5	9	-	PERSISTENT		
DIV	anet	235500	941945	166	+13.4	7.6	5039	1	8	-	INVESTIGATE		
DIV	anet	131471	536134	12	-11.8	16.4	3090	1	7	-	TRANSIENT		
DIV	anet	224731	898782	20	-11.8	9.4	5060	4	15	-	INVESTIGATE		
DIV	tfrrs	24186	3	34	-11.8	2.9	5034	na	na	OVERRIDE	REGRESSION		
DIV	anet	151912	636972	14	+13.4	8.4	2360	1	7	-	INVESTIGATE		
DIV	anet	112913	448177	20	-11.8	9.2	1849	1	15	-	TRANSIENT		
DIV	anet	79643	315239	37	+13.4	4.7	5028	7	15	-	INVESTIGATE		
DIV	anet	201709	810902	27	+13.4	9.3	3159	3	13	-	INVESTIGATE		
DIV	anet	179941	756805	37	+13.4	4.8	5000	6	16	-	INVESTIGATE		
DIV	anet	147347	615597	34	-11.8	13.8	3566	4	19	-	INVESTIGATE		
DIV	anet	147747	616386	109	-11.8	13.4	3423	2	10	-	INVESTIGATE		
DIV	tfrrs	19454	6	266	-11.8	7.0	5131	na	na	-	INVESTIGATE		
DIV	anet	74957	300329	20	-11.8	8.3	4492	1	5	-	TRANSIENT		
DIV	anet	209416	838628	21	-11.8	8.2	1847	4	12	-	INVESTIGATE		
DIV	anet	115453	461041	21	-11.8	4.9	5043	2	13	-	INVESTIGATE		
DIV	anet	243105	977029	14	+13.4	10.3	3107	2	18	-	INVESTIGATE		
DIV	anet	175412	719156	24	-11.8	14.4	5122	1	14	-	TRANSIENT		
DIV	anet	175412	719157	24	-11.8	14.4	5122	1	14	-	TRANSIENT		
DIV	anet	41795	183367	14	-11.8	1.7	2262	4	13	-	INVESTIGATE		
DIV	anet	258818	1027887	20	-11.8	4.6	1415	2	2	-	INVESTIGATE		
DIV	anet	20855	92985	40	-11.8	8.2	1859	2	18	-	INVESTIGATE		
DIV	anet	148710	627032	32	+13.4	12.3	2888	1	3	-	INVESTIGATE		
DIV	anet	254325	1015455	139	-11.8	9.2	3084	2	8	-	INVESTIGATE		
DIV	anet	262001	1068491	32	+13.4	4.4	2854	3	16	-	INVESTIGATE		
DIV	anet	269830	1073843	51	+13.4	5.2	3418	2	8	-	INVESTIGATE		
DIV	anet	173711	714483	25	+13.4	12.0	3173	1	6	-	INVESTIGATE		
DIV	anet	241393	963441	27	-11.8	12.1	3107	3	17	-	INVESTIGATE		
DIV	anet	228148	909914	241	+13.4	7.2	5039	2	8	-	INVESTIGATE		
DIV	anet	216918	866358	32	+13.4	12.9	3113	1	20	-	INVESTIGATE		
DIV	anet	207217	836713	13	-11.8	9.5	5079	2	12	-	INVESTIGATE		
DIV	anet	16759	74769	27	+13.4	5.4	1455	6	13	-	INVESTIGATE		
DIV	anet	251409	1002959	15	+13.4	10.9	3102	1	2	-	INVESTIGATE		
DIV	anet	210323	841575	13	-11.8	10.5	5058	1	44	-	TRANSIENT		
DIV	anet	48760	207971	18	-11.8	8.1	1832	2	17	-	INVESTIGATE		
DIV	anet	225681	901422	43	-11.8	3.8	5060	3	13	-	INVESTIGATE		
DIV	anet	193525	816446	21	+13.4	4.8	2934	3	7	-	INVESTIGATE		
DIV	anet	110950	439371	13	-11.8	4.0	2887	5	28	-	INVESTIGATE		
DIV	anet	150237	639201	87	-11.8	6.9	2251	5	11	-	INVESTIGATE		
DIV	tfrrs	25621	1	48	-11.8	11.3	5000	na	na	-	INVESTIGATE		
DIV	anet	170368	712917	49	-11.8	8.3	3186	10	25	-	INVESTIGATE		
DIV	tfrrs	25457	0	135	-11.8	12.5	5000	na	na	-	INVESTIGATE		
DIV	anet	268083	1065653	15	+13.4	4.4	3425	2	5	-	INVESTIGATE		
DIV	anet	35906	155390	169	+13.4	9.7	2288	2	18	-	INVESTIGATE		
DIV	tfrrs	19125	3	44	-11.8	4.0	5131	na	na	-	INVESTIGATE		
DIV	anet	13417	61043	14	+13.4	2.7	4010	2	13	-	INVESTIGATE		
DIV	tfrrs	10438	3	38	+13.4	4.3	5054	na	na	OVERRIDE	REGRESSION		
DIV	anet	198059	793639	32	-11.8	7.5	5131	1	7	-	TRANSIENT		
DIV	anet	217926	871743	90	+13.4	6.6	2284	3	17	-	INVESTIGATE		
DIV	anet	211224	844177	14	+13.4	4.1	2900	2	3	-	PERSISTENT		
DIV	anet	71754	295292	26	-11.8	4.6	5055	1	13	-	TRANSIENT		
DIV	anet	192021	798097	35	-11.8	11.5	3153	1	5	-	TRANSIENT		
DIV	anet	13417	61044	20	+13.4	5.4	4010	2	13	-	INVESTIGATE		
DIV	tfrrs	23931	0	129	-11.8	5.1	5023	na	na	-	INVESTIGATE		
DIV	tfrrs	14050	0	48	-11.8	3.1	5088	na	na	-	INVESTIGATE		
DIV	anet	199686	800719	46	-11.8	8.4	3169	1	4	-	TRANSIENT		
DIV	tfrrs	22351	0	21	-11.8	3.3	5039	na	na	-	INVESTIGATE		
DIV	anet	65217	281610	75	+13.4	6.5	2258	5	21	-	INVESTIGATE		
DIV	tfrrs	25412	4	107	-11.8	10.2	5000	na	na	-	INVESTIGATE		
DIV	anet	270451	1077023	12	-11.8	7.0	1403	1	15	-	TRANSIENT		
DIV	anet	37202	178945	12	+13.4	12.4	3137	3	16	-	INVESTIGATE		
DIV	tfrrs	4153	0	19	-11.8	3.5	5055	na	na	-	INVESTIGATE		
DIV	tfrrs	4153	3	19	-11.8	3.5	5055	na	na	-	INVESTIGATE		
DIV	anet	166466	687547	13	+13.4	4.5	2104	1	1	-	INVESTIGATE		
DIV	anet	43956	189189	72	+13.4	3.8	5080	1	2	-	INVESTIGATE		
DIV	anet	57977	256257	45	-11.8	6.1	1822	1	10	-	TRANSIENT		
DIV	anet	78344	310588	15	+13.4	13.0	2891	2	15	-	INVESTIGATE		
DIV	tfrrs	22431	0	38	-11.8	7.5	3971	na	na	-	INVESTIGATE		
DIV	anet	222395	889884	82	+13.4	8.2	3112	10	24	-	INVESTIGATE		
DIV	anet	85559	336842	33	+13.4	3.3	8532	2	17	OVERRIDE	REGRESSION		
DIV	anet	250342	995833	23	+13.3	7.1	2872	1	1	-	INVESTIGATE		
DIV	anet	111996	443953	48	-11.8	10.0	1860	2	4	-	PERSISTENT		
DIV	anet	213565	852078	75	+13.3	13.3	2900	2	17	-	INVESTIGATE		
DIV	anet	238592	953316	28	-11.8	6.0	4850	2	7	-	INVESTIGATE		
DIV	anet	164067	676920	39	-11.8	7.1	2891	1	13	-	TRANSIENT		
DIV	anet	183966	749629	15	+13.3	8.3	3154	1	4	-	INVESTIGATE		
DIV	anet	83046	345290	37	+13.3	9.7	2277	2	10	-	INVESTIGATE		
DIV	tfrrs	24289	2	19	-11.8	3.5	5023	na	na	-	INVESTIGATE		
DIV	tfrrs	25616	3	83	-11.8	5.4	5000	na	na	-	INVESTIGATE		
DIV	anet	240076	958934	29	-11.8	6.9	2239	3	8	-	INVESTIGATE		
DIV	anet	22548	99390	48	+13.3	7.0	3175	6	22	-	INVESTIGATE		
DIV	anet	121000	486296	20	+13.3	6.4	1436	1	7	-	INVESTIGATE		
DIV	tfrrs	24758	0	20	+13.3	5.9	2872	na	na	-	INVESTIGATE		
DIV	anet	211678	845988	34	+13.3	7.5	3969	5	5	-	PERSISTENT		
DIV	anet	86920	344500	39	+13.3	13.5	2891	1	6	-	INVESTIGATE		
DIV	anet	259643	1030964	41	-11.8	7.6	4742	1	2	-	TRANSIENT		
DIV	anet	198593	795663	19	+13.3	4.6	2924	1	7	-	INVESTIGATE		
DIV	anet	149716	621454	85	-11.8	8.3	2891	3	4	-	PERSISTENT		
DIV	anet	84171	330874	13	-11.8	8.0	3103	1	3	-	TRANSIENT		
DIV	anet	137112	573047	24	+13.3	10.2	2888	1	11	-	INVESTIGATE		
DIV	anet	131150	554661	103	+13.3	5.1	3458	10	25	-	INVESTIGATE		
DIV	anet	57575	246543	18	+13.3	3.6	5034	1	4	-	INVESTIGATE		
DIV	anet	32182	139737	17	-11.8	4.7	3864	1	27	-	TRANSIENT		
DIV	anet	37601	162098	37	-11.8	7.0	5134	1	4	-	TRANSIENT		
DIV	anet	75542	303195	14	+13.3	3.4	3968	2	6	-	INVESTIGATE		
DIV	anet	99129	392239	55	-11.8	6.6	5036	1	13	-	TRANSIENT		
DIV	anet	141217	589826	82	+13.3	5.2	3090	3	14	-	INVESTIGATE		
DIV	anet	64466	278230	18	-11.8	4.0	3122	4	29	-	INVESTIGATE		
DIV	anet	250348	995865	87	+13.3	9.0	2872	1	3	-	INVESTIGATE		
DIV	anet	45015	192602	52	-11.8	4.6	5111	1	20	-	TRANSIENT		
DIV	tfrrs	20741	4	20	-11.8	3.3	5071	na	na	-	INVESTIGATE		
DIV	anet	62256	267223	52	-11.8	12.6	2874	2	17	-	INVESTIGATE		
DIV	anet	197020	789770	34	-11.8	9.9	5131	10	24	-	INVESTIGATE		
DIV	anet	227714	908352	24	-11.8	8.3	1453	3	22	-	INVESTIGATE		
DIV	anet	26320	114897	32	-11.8	15.9	4461	6	25	-	INVESTIGATE		
DIV	anet	251388	1001420	19	-11.8	12.8	3107	2	13	-	INVESTIGATE		
DIV	anet	37731	162571	12	-11.8	6.9	4764	9	45	-	INVESTIGATE		
DIV	anet	156953	654134	18	+13.3	17.6	3134	1	14	-	INVESTIGATE		
DIV	tfrrs	25369	2	31	-11.8	5.9	5000	na	na	-	INVESTIGATE		
DIV	anet	161103	667461	16	+13.3	8.2	1953	2	5	-	INVESTIGATE		
DIV	anet	237450	949365	42	+13.3	5.6	5037	12	19	-	PERSISTENT		
DIV	anet	84544	336870	26	+13.3	6.8	3122	7	20	-	INVESTIGATE		
DIV	anet	124454	500541	56	-11.7	6.8	5054	1	10	-	TRANSIENT		
DIV	anet	94306	373189	21	-11.7	6.0	5036	1	6	-	TRANSIENT		
DIV	anet	76726	305151	19	+13.3	5.1	5034	1	17	-	INVESTIGATE		
DIV	anet	96637	385038	36	+13.3	4.8	4286	1	7	-	INVESTIGATE		
DIV	anet	252317	1006020	20	+13.3	7.2	5037	3	9	-	INVESTIGATE		
DIV	anet	201973	812548	32	+13.3	7.2	2934	1	4	-	INVESTIGATE		
DIV	anet	81182	327268	37	-11.7	8.9	2891	10	16	-	PERSISTENT		
DIV	anet	78252	343780	19	+13.3	3.4	3402	1	11	-	INVESTIGATE		
DIV	anet	84776	333449	95	-11.7	11.0	3082	2	22	-	INVESTIGATE		
DIV	anet	153341	637702	19	+13.3	4.3	3113	3	33	-	INVESTIGATE		
DIV	anet	235482	941859	122	+13.3	10.2	5039	1	12	-	INVESTIGATE		
DIV	anet	34046	148012	46	-11.7	49.1	3130	1	11	-	TRANSIENT		
DIV	anet	83142	326641	14	+13.3	3.3	5055	4	18	-	INVESTIGATE		
DIV	anet	144571	606980	14	-11.7	6.6	5088	2	13	-	INVESTIGATE		
DIV	anet	103514	409685	349	-11.7	6.5	1943	2	24	-	INVESTIGATE		
DIV	anet	235169	940568	53	+13.3	9.1	5060	2	11	-	INVESTIGATE		
DIV	anet	114723	457219	77	+13.3	3.6	4427	7	19	-	INVESTIGATE		
DIV	tfrrs	24194	2	42	-11.7	5.1	5037	na	na	-	INVESTIGATE		
DIV	tfrrs	26451	1	45	-11.7	6.7	5000	na	na	-	INVESTIGATE		
DIV	anet	247269	981126	17	-11.7	7.4	5037	2	7	-	INVESTIGATE		
DIV	anet	140581	585757	30	+13.3	9.4	3119	1	2	-	INVESTIGATE		
DIV	anet	117595	471501	39	-11.7	4.5	4865	3	25	-	INVESTIGATE		
DIV	anet	47427	202422	45	-11.7	7.7	5057	3	18	-	INVESTIGATE		
DIV	anet	94142	372479	63	-11.7	7.8	2277	2	16	-	INVESTIGATE		
DIV	tfrrs	23438	0	37	-11.7	6.0	5023	na	na	-	INVESTIGATE		
DIV	anet	165061	681403	48	+13.3	5.7	2891	1	7	-	INVESTIGATE		
DIV	anet	162725	671881	54	-11.7	7.4	4885	1	7	-	TRANSIENT		
DIV	anet	215107	858266	60	+13.3	6.8	4881	1	8	-	INVESTIGATE		
DIV	anet	244205	973055	15	-11.7	6.2	3107	1	7	-	TRANSIENT		
DIV	tfrrs	23595	3	47	-11.7	10.2	5088	na	na	-	INVESTIGATE		
DIV	anet	110991	439524	76	-11.7	6.1	3103	5	18	-	INVESTIGATE		
DIV	anet	137112	573049	22	+13.3	5.2	2878	1	11	-	INVESTIGATE		
DIV	tfrrs	26358	0	35	+13.3	4.1	5000	na	na	OVERRIDE	REGRESSION		
DIV	anet	2212	16633	15	+13.3	10.2	2823	1	10	-	INVESTIGATE		
DIV	anet	190449	770282	20	-11.7	8.4	5131	1	19	-	TRANSIENT		
DIV	anet	228901	912666	21	+13.3	16.4	3112	1	3	-	INVESTIGATE		
DIV	anet	219505	878980	110	+13.3	9.6	5071	3	13	-	INVESTIGATE		
DIV	tfrrs	25361	2	52	-11.7	5.7	5000	na	na	-	INVESTIGATE		
DIV	tfrrs	19364	4	79	-11.7	8.2	5000	na	na	-	INVESTIGATE		
DIV	tfrrs	10715	0	20	-11.7	6.1	5077	na	na	-	INVESTIGATE		
DIV	anet	115228	459937	71	+13.3	6.3	5055	3	19	-	INVESTIGATE		
DIV	anet	234605	938186	29	+13.3	5.5	5039	2	25	-	INVESTIGATE		
DIV	anet	104863	412493	16	-11.7	13.9	5034	2	7	-	INVESTIGATE		
DIV	anet	261038	1036387	24	+13.3	4.2	5000	1	5	-	INVESTIGATE		
DIV	tfrrs	23453	0	58	+13.3	5.1	5023	na	na	OVERRIDE	REGRESSION		
DIV	anet	139616	579661	23	-11.7	9.7	3956	2	11	-	INVESTIGATE		
DIV	anet	122425	492100	43	+13.3	4.4	5054	8	16	-	PERSISTENT		
DIV	anet	194508	782900	22	+13.3	5.8	5131	5	15	-	INVESTIGATE		
DIV	anet	177360	725720	15	-11.7	18.2	2938	1	10	-	TRANSIENT		
DIV	tfrrs	22476	1	38	-11.7	4.1	5060	na	na	-	INVESTIGATE		
DIV	tfrrs	24784	6	89	-11.7	5.6	5037	na	na	-	INVESTIGATE		
DIV	anet	145561	610306	30	-11.7	17.6	5088	1	20	-	TRANSIENT		
DIV	anet	139486	578873	21	-11.7	11.5	1457	1	3	-	TRANSIENT		
DIV	anet	153073	636198	13	+13.3	7.5	3142	3	13	-	INVESTIGATE		
DIV	tfrrs	21891	1	30	-11.7	9.2	5039	na	na	-	INVESTIGATE		
DIV	anet	184471	751209	13	+13.3	5.9	5138	6	16	-	INVESTIGATE		
DIV	anet	21910	96856	21	+13.3	8.8	2928	1	4	-	INVESTIGATE		
DIV	anet	83945	329857	13	+13.3	4.4	2870	1	6	-	INVESTIGATE		
DIV	anet	44234	190308	26	+13.3	4.5	5107	2	24	-	INVESTIGATE		
DIV	anet	4704	22662	35	+13.3	3.1	5140	10	18	-	PERSISTENT		
DIV	anet	12595	57560	39	-11.7	8.7	4018	3	33	-	INVESTIGATE		
DIV	anet	195966	802136	14	-11.7	7.4	3161	1	16	-	TRANSIENT		
DIV	anet	45563	194743	185	-11.7	5.6	3101	1	6	-	TRANSIENT		
DIV	anet	84333	331585	13	-11.7	13.6	5055	1	12	-	TRANSIENT		
DIV	anet	252315	1006012	53	+13.3	5.0	5023	3	15	-	INVESTIGATE		
DIV	anet	150326	637274	23	-11.7	5.2	4522	3	20	-	INVESTIGATE		
DIV	anet	123734	497571	47	-11.7	7.9	2236	3	8	-	INVESTIGATE		
DIV	anet	222085	888748	12	+13.3	5.5	2316	1	7	-	INVESTIGATE		
DIV	anet	88215	350651	85	+13.3	7.7	2198	3	19	-	INVESTIGATE		
DIV	anet	146954	626636	17	-11.7	13.7	5060	3	9	-	INVESTIGATE		
DIV	anet	245316	984124	49	+13.3	8.1	3412	1	12	-	INVESTIGATE		
DIV	anet	196622	788679	29	+13.3	4.6	3140	3	26	-	INVESTIGATE		
DIV	anet	148095	617305	38	+13.3	8.9	2910	3	20	-	INVESTIGATE		
DIV	tfrrs	18261	1	18	-11.7	8.9	5122	na	na	-	INVESTIGATE		
DIV	anet	28067	122140	34	+13.3	1.9	5659	1	5	-	INVESTIGATE		
DIV	anet	83622	328581	35	+13.3	5.4	2870	2	19	-	INVESTIGATE		
DIV	anet	266574	1058811	45	+13.3	7.2	5000	3	13	-	INVESTIGATE		
DIV	anet	126501	511656	18	-11.7	4.2	4857	9	45	-	INVESTIGATE		
DIV	anet	269752	1073478	15	+13.3	4.7	3066	1	15	-	INVESTIGATE		
DIV	tfrrs	13799	4	57	-11.7	6.2	5111	na	na	-	INVESTIGATE		
DIV	anet	231084	921993	26	-11.7	2.8	5039	2	2	-	INVESTIGATE		
DIV	anet	260181	1036946	13	-11.7	4.2	5000	1	3	-	TRANSIENT		
DIV	anet	50174	213802	33	+13.3	9.1	2268	1	1	-	INVESTIGATE		
DIV	anet	250745	998003	21	+13.3	4.7	5037	1	7	-	INVESTIGATE		
DIV	anet	124608	501324	49	-11.7	6.2	5043	1	11	-	TRANSIENT		
DIV	anet	182801	745911	23	-11.7	6.0	4932	2	14	-	INVESTIGATE		
DIV	anet	124667	501583	24	-11.7	9.6	5054	1	8	-	TRANSIENT		
DIV	tfrrs	18505	1	41	-11.7	5.2	5122	na	na	-	INVESTIGATE		
DIV	anet	132849	555744	40	-11.7	8.8	3090	2	16	-	INVESTIGATE		
DIV	anet	32049	139163	151	-11.7	5.2	5302	10	24	-	INVESTIGATE		
DIV	anet	196601	788588	43	-11.7	10.1	3161	3	12	-	INVESTIGATE		
DIV	anet	10606	55708	643	-11.7	6.4	5134	1	29	-	TRANSIENT		
DIV	anet	192262	776164	64	-11.7	9.2	3149	1	20	-	TRANSIENT		
DIV	anet	207403	883482	108	+13.3	4.7	3484	10	25	-	INVESTIGATE		
DIV	anet	61452	263422	17	+13.3	2.4	3105	2	3	-	PERSISTENT		
DIV	anet	45685	222102	17	-11.7	3.6	2887	2	9	-	INVESTIGATE		
DIV	tfrrs	21338	2	191	-11.7	8.5	5000	na	na	-	INVESTIGATE		
DIV	anet	192411	789550	23	-11.7	9.2	3161	1	18	-	TRANSIENT		
DIV	anet	235499	941944	105	+13.2	8.3	5060	1	8	-	INVESTIGATE		
DIV	anet	263409	1045182	25	+13.2	10.4	1442	3	21	-	INVESTIGATE		
DIV	anet	12162	55615	12	+13.2	1.2	5325	1	25	-	INVESTIGATE		
DIV	anet	148559	618545	13	+13.2	6.2	3122	1	8	-	INVESTIGATE		
DIV	tfrrs	25779	0	87	-11.7	8.3	3948	na	na	-	INVESTIGATE		
DIV	anet	196769	789093	13	-11.7	6.6	5122	2	7	-	INVESTIGATE		
DIV	tfrrs	24289	3	16	-11.7	3.3	5037	na	na	-	INVESTIGATE		
DIV	anet	41101	176393	154	+13.2	6.6	2275	2	11	-	INVESTIGATE		
DIV	tfrrs	23438	3	77	-11.7	5.7	5037	na	na	-	INVESTIGATE		
DIV	tfrrs	24509	0	29	-11.7	14.7	5023	na	na	-	INVESTIGATE		
DIV	anet	58691	262265	24	-11.7	7.4	2277	6	21	-	INVESTIGATE		
DIV	anet	251453	1001659	18	+13.2	3.8	3108	3	14	-	INVESTIGATE		
DIV	tfrrs	22909	1	16	-11.7	3.5	5066	na	na	-	INVESTIGATE		
DIV	tfrrs	20460	2	16	-11.7	5.6	5071	na	na	-	INVESTIGATE		
DIV	anet	197318	790773	28	+13.2	10.6	2934	3	6	-	PERSISTENT		
DIV	anet	52980	229105	13	-11.7	12.1	2887	2	15	-	INVESTIGATE		
DIV	anet	230853	924141	122	+13.2	4.1	4850	2	6	-	INVESTIGATE		
DIV	anet	133353	544115	29	+13.2	5.7	2888	4	17	-	INVESTIGATE		
DIV	anet	121081	525184	20	+13.2	4.3	7183	2	5	-	INVESTIGATE		
DIV	anet	146734	613815	32	-11.7	7.8	3971	8	12	-	PERSISTENT		
DIV	tfrrs	18922	0	60	-11.7	4.9	5183	na	na	-	INVESTIGATE		
DIV	anet	240856	961829	14	+13.2	6.2	4822	1	9	-	INVESTIGATE		
DIV	anet	38487	165585	22	+13.2	4.3	2905	2	17	-	INVESTIGATE		
DIV	anet	146018	637173	20	+13.2	7.1	2292	1	10	-	INVESTIGATE		
DIV	tfrrs	23573	1	72	-11.7	13.9	5037	na	na	-	INVESTIGATE		
DIV	anet	106410	420022	24	-11.7	4.5	5034	1	19	-	TRANSIENT		
DIV	anet	86922	344504	80	-11.7	9.7	2891	2	19	-	INVESTIGATE		
DIV	anet	247907	983953	113	+13.2	12.1	5023	1	6	-	INVESTIGATE		
DIV	anet	126892	513975	29	+13.2	6.3	5054	3	14	-	INVESTIGATE		
DIV	anet	95947	381142	44	-11.7	6.5	2676	10	18	-	PERSISTENT		
DIV	anet	35372	153249	15	+13.2	10.1	3980	2	7	-	INVESTIGATE		
DIV	anet	39970	188675	12	+13.2	10.2	3118	3	8	-	INVESTIGATE		
DIV	anet	234603	938183	21	+13.2	4.7	5060	2	25	-	INVESTIGATE		
DIV	anet	237980	951175	21	+13.2	4.6	2872	2	14	-	INVESTIGATE		
DIV	anet	153144	636493	42	+13.2	7.4	3963	6	21	-	INVESTIGATE		
DIV	anet	231845	924825	35	-11.7	5.7	3294	2	5	-	INVESTIGATE		
DIV	anet	209488	838902	36	-11.7	8.4	2374	1	9	-	TRANSIENT		
DIV	anet	193668	784529	31	-11.7	17.0	5122	3	9	-	INVESTIGATE		
DIV	tfrrs	20741	7	16	-11.7	4.3	5079	na	na	-	INVESTIGATE		
DIV	anet	210546	842192	49	+13.2	9.2	2374	1	16	-	INVESTIGATE		
DIV	anet	213434	860843	16	-11.7	3.2	2272	3	16	-	INVESTIGATE		
DIV	anet	200612	805058	16	-11.7	13.2	4938	1	14	-	TRANSIENT		
DIV	anet	140347	584207	37	-11.7	9.9	2877	2	17	-	INVESTIGATE		
DIV	anet	152862	635225	16	+13.2	12.1	2910	1	19	-	INVESTIGATE		
DIV	anet	32049	139165	92	-11.7	4.9	5290	10	24	-	INVESTIGATE		
DIV	anet	196654	788745	23	-11.7	7.4	5131	1	8	-	TRANSIENT		
DIV	anet	227485	940313	24	+13.2	2.7	5060	3	16	-	INVESTIGATE		
DIV	anet	148045	617559	50	-11.7	12.1	5060	1	15	-	TRANSIENT		
DIV	tfrrs	22704	0	86	-11.7	2.7	5039	na	na	-	INVESTIGATE		
DIV	anet	263166	1043975	47	+13.2	7.7	3069	3	14	-	INVESTIGATE		
DIV	anet	233770	934030	82	+13.2	5.2	5060	1	9	-	INVESTIGATE		
DIV	anet	32004	205207	93	+13.2	12.5	2905	2	17	-	INVESTIGATE		
DIV	anet	198043	793568	24	-11.7	13.6	4938	1	17	-	TRANSIENT		
DIV	anet	195220	784991	30	+13.2	11.0	3159	1	4	-	INVESTIGATE		
DIV	anet	102420	404253	25	+13.2	3.0	3890	3	17	-	INVESTIGATE		
DIV	anet	181405	742745	27	-11.7	6.4	3161	2	13	-	INVESTIGATE		
DIV	anet	109691	434215	128	-11.7	5.4	2274	5	13	-	INVESTIGATE		
DIV	tfrrs	26103	2	40	-11.7	7.2	5000	na	na	-	INVESTIGATE		
DIV	anet	184707	751953	21	+13.2	12.9	3173	1	3	-	INVESTIGATE		
DIV	anet	90397	356907	101	-11.7	4.2	5055	2	7	-	INVESTIGATE		
DIV	anet	199975	802235	37	+13.2	9.5	2311	2	7	-	INVESTIGATE		
DIV	anet	212078	862486	31	-11.7	8.9	2279	1	4	-	TRANSIENT		
DIV	anet	60762	260343	20	-11.7	2.9	1851	2	12	-	INVESTIGATE		
DIV	anet	30114	130896	29	-11.7	6.5	5120	1	7	-	TRANSIENT		
DIV	anet	193539	780030	29	-11.7	5.8	2924	1	17	-	TRANSIENT		
DIV	anet	161247	667849	37	+13.2	6.6	5075	1	6	-	INVESTIGATE		
DIV	anet	190885	796844	48	-11.7	9.4	4938	1	4	-	TRANSIENT		
DIV	anet	233023	945074	70	+13.2	6.8	3964	1	4	-	INVESTIGATE		
DIV	anet	265594	1057956	53	-11.7	3.7	1818	2	2	-	INVESTIGATE		
DIV	anet	211546	845427	30	-11.7	10.3	2900	1	12	-	TRANSIENT		
DIV	anet	177810	727407	13	-11.7	10.4	4772	1	5	-	TRANSIENT		
DIV	tfrrs	20763	0	16	-11.7	7.8	5071	na	na	-	INVESTIGATE		
DIV	anet	76708	305070	109	+13.2	10.2	3137	5	21	-	INVESTIGATE		
DIV	anet	101217	398663	37	-11.7	5.6	2875	1	13	-	TRANSIENT		
DIV	anet	196724	795525	49	-11.7	9.6	5122	1	13	-	TRANSIENT		
DIV	anet	156085	650819	60	-11.7	6.1	6150	1	10	-	TRANSIENT		
DIV	anet	51889	220942	13	-11.7	6.6	2353	2	23	-	INVESTIGATE		
DIV	anet	138767	574430	16	-11.7	13.3	3119	3	12	-	INVESTIGATE		
DIV	anet	156264	651545	39	-11.7	7.2	3106	1	5	-	TRANSIENT		
DIV	anet	43755	188336	13	-11.7	7.4	2261	1	4	-	TRANSIENT		
DIV	anet	52498	223434	26	-11.7	5.7	2887	1	12	-	TRANSIENT		
DIV	anet	240560	960934	23	-11.7	7.7	3087	1	3	-	TRANSIENT		
DIV	anet	208209	834628	33	-11.7	5.7	5071	3	19	-	INVESTIGATE		
DIV	anet	130300	530191	28	-11.7	6.9	2256	15	26	-	PERSISTENT		
DIV	anet	57463	278874	19	-11.7	10.3	2277	8	16	-	PERSISTENT		
DIV	anet	180411	738085	40	+13.2	11.2	2298	1	2	-	INVESTIGATE		
DIV	anet	112377	445618	42	-11.7	6.6	2274	3	15	-	INVESTIGATE		
DIV	tfrrs	21591	1	93	-11.7	7.0	5066	na	na	-	INVESTIGATE		
DIV	anet	206495	832856	114	-11.7	10.0	2279	6	21	-	INVESTIGATE		
DIV	anet	121148	486929	30	-11.7	6.4	5043	3	11	-	INVESTIGATE		
DIV	tfrrs	25915	3	53	-11.7	8.9	5000	na	na	-	INVESTIGATE		
DIV	anet	258682	1032123	112	+13.2	5.8	2854	2	20	-	INVESTIGATE		
DIV	anet	27455	119556	12	-11.7	1.9	3135	1	4	-	TRANSIENT		
DIV	anet	201449	809493	35	+13.2	11.8	1879	1	9	-	INVESTIGATE		
DIV	anet	198059	793640	21	-11.6	6.4	5122	1	7	-	TRANSIENT		
DIV	anet	105468	431324	21	-11.6	3.7	2342	2	13	-	INVESTIGATE		
DIV	anet	226563	904286	19	-11.6	13.4	5039	2	20	-	INVESTIGATE		
DIV	tfrrs	24604	2	103	-11.6	8.7	5023	na	na	-	INVESTIGATE		
DIV	anet	178148	728700	28	-11.6	12.3	5138	3	14	-	INVESTIGATE		
DIV	anet	109902	435047	12	-11.6	4.4	4848	1	10	-	TRANSIENT		
DIV	anet	177019	725331	22	-11.6	10.5	2938	1	14	-	TRANSIENT		
DIV	tfrrs	25545	3	131	-11.6	5.4	5000	na	na	-	INVESTIGATE		
DIV	anet	153248	637046	60	+13.2	6.1	2292	1	10	-	INVESTIGATE		
DIV	anet	236973	947490	33	-11.6	7.4	3086	1	13	-	TRANSIENT		
DIV	anet	192862	821018	24	+13.2	3.0	3690	1	6	-	INVESTIGATE		
DIV	tfrrs	4153	4	132	-11.6	4.5	5055	na	na	-	INVESTIGATE		
DIV	anet	51777	220490	21	-11.6	8.9	1858	2	22	-	INVESTIGATE		
DIV	anet	108918	430774	145	-11.6	5.8	5048	1	12	-	TRANSIENT		
DIV	anet	250585	1002341	34	+13.2	7.7	2245	1	7	-	INVESTIGATE		
DIV	anet	245227	976453	12	-11.6	13.2	1448	3	16	-	INVESTIGATE		
DIV	anet	14985	67383	22	-11.6	10.7	2293	5	15	-	INVESTIGATE		
DIV	tfrrs	13076	0	49	-11.6	8.2	5051	na	na	-	INVESTIGATE		
DIV	anet	130665	531942	21	+13.2	4.8	3452	1	16	-	INVESTIGATE		
DIV	anet	149716	621452	83	-11.6	5.4	2891	3	4	-	PERSISTENT		
DIV	anet	136930	564048	19	-11.6	11.3	1435	2	20	-	INVESTIGATE		
DIV	anet	38789	166702	13	-11.6	8.3	2378	2	22	-	INVESTIGATE		
DIV	anet	179941	756807	36	+13.2	3.6	5138	6	16	-	INVESTIGATE		
DIV	tfrrs	26476	0	119	-11.6	4.8	5051	na	na	-	INVESTIGATE		
DIV	anet	136358	560451	20	-11.6	8.2	2878	1	12	-	TRANSIENT		
DIV	anet	16759	74768	17	+13.2	7.9	1480	6	13	-	INVESTIGATE		
DIV	tfrrs	21425	2	17	-11.6	8.7	5060	na	na	-	INVESTIGATE		
DIV	anet	207459	831969	35	-11.6	7.7	5242	1	18	-	TRANSIENT		
DIV	tfrrs	19125	0	37	-11.6	6.8	2896	na	na	-	INVESTIGATE		
DIV	anet	167628	693325	22	+13.2	6.9	3134	1	7	-	INVESTIGATE		
DIV	anet	162725	671879	77	-11.6	5.9	4885	1	7	-	TRANSIENT		
DIV	tfrrs	8831	4	75	-11.6	4.2	5048	na	na	-	INVESTIGATE		
DIV	anet	59558	254985	40	+13.2	4.1	5034	3	17	-	INVESTIGATE		
DIV	anet	45439	203719	15	+13.2	3.8	2269	1	14	-	INVESTIGATE		
DIV	anet	15283	72680	78	-11.6	5.4	2936	1	10	-	TRANSIENT		
DIV	tfrrs	23488	2	48	-11.6	11.9	5000	na	na	-	INVESTIGATE		
DIV	anet	239833	957997	29	-11.6	8.0	1425	2	2	-	INVESTIGATE		
DIV	anet	22776	100403	27	-11.6	5.3	5112	2	3	-	PERSISTENT		
DIV	anet	260320	1033660	21	-11.6	4.7	2854	1	4	-	TRANSIENT		
DIV	anet	145411	611532	20	+13.2	4.8	2270	1	5	-	INVESTIGATE		
DIV	anet	221336	885813	30	+13.2	6.1	3113	4	7	-	PERSISTENT		
DIV	anet	216180	863135	27	-11.6	3.2	3135	2	5	-	INVESTIGATE		
DIV	anet	62663	269291	48	-11.6	7.4	2873	1	3	-	TRANSIENT		
DIV	anet	266663	1059082	21	-11.6	7.4	2237	15	26	-	PERSISTENT		
DIV	anet	160004	671930	42	+13.1	10.2	3104	1	10	-	INVESTIGATE		
DIV	anet	96547	384626	65	+13.1	5.6	2427	2	20	-	INVESTIGATE		
DIV	anet	260931	1036048	16	-11.6	11.7	2859	1	15	-	TRANSIENT		
DIV	tfrrs	9921	1	34	-11.6	6.0	5054	na	na	-	INVESTIGATE		
DIV	anet	251994	1005480	12	+13.1	14.5	3102	1	5	-	INVESTIGATE		
DIV	anet	203263	814926	25	+13.1	8.0	5122	1	3	-	INVESTIGATE		
DIV	anet	224998	898929	56	-11.6	11.8	3121	2	15	-	INVESTIGATE		
DIV	anet	95184	376834	31	+13.1	9.1	1434	2	16	-	INVESTIGATE		
DIV	anet	176186	725196	94	-11.6	6.0	4932	2	9	-	INVESTIGATE		
DIV	anet	223771	894673	44	-11.6	6.1	1935	5	18	-	INVESTIGATE		
DIV	anet	158780	678697	19	+13.1	10.9	2453	5	22	-	INVESTIGATE		
DIV	tfrrs	20387	2	58	-11.6	9.8	5079	na	na	-	INVESTIGATE		
DIV	anet	178351	729457	46	-11.6	13.4	5122	1	10	-	TRANSIENT		
DIV	anet	92636	365861	16	-11.6	12.2	4221	1	13	-	TRANSIENT		
DIV	anet	863	762842	23	-11.6	9.9	4982	2	24	-	INVESTIGATE		
DIV	anet	215310	859194	25	-11.6	3.8	4891	1	10	-	TRANSIENT		
DIV	anet	197123	790084	39	+13.1	7.6	2924	1	9	-	INVESTIGATE		
DIV	anet	223669	894329	51	-11.6	11.1	5039	4	17	-	INVESTIGATE		
DIV	anet	197035	794697	13	-11.6	7.7	2924	2	6	-	INVESTIGATE		
DIV	anet	243714	970986	53	-11.6	8.9	3083	2	7	-	INVESTIGATE		
DIV	anet	134244	548650	179	+13.1	14.6	3119	6	22	-	INVESTIGATE		
DIV	anet	97070	386728	17	-11.6	4.7	3957	1	7	-	TRANSIENT		
DIV	anet	125231	504265	79	-11.6	7.7	2872	1	12	-	TRANSIENT		
DIV	anet	148217	628421	25	-11.6	4.6	5060	3	14	-	INVESTIGATE		
DIV	tfrrs	13808	0	24	-11.6	3.5	5088	na	na	-	INVESTIGATE		
DIV	anet	61833	265205	23	-11.6	10.2	5034	1	12	-	TRANSIENT		
DIV	anet	224978	898858	13	-11.6	2.5	5060	2	5	-	INVESTIGATE		
DIV	tfrrs	16367	1	28	-11.6	4.3	5075	na	na	-	INVESTIGATE		
DIV	anet	179843	735542	14	+13.1	10.9	2938	1	14	-	INVESTIGATE		
DIV	anet	92795	366548	33	-11.6	12.7	5036	4	21	-	INVESTIGATE		
DIV	anet	139662	580046	21	-11.6	8.6	4854	9	45	-	INVESTIGATE		
DIV	tfrrs	9921	4	24	-11.6	8.4	5043	na	na	-	INVESTIGATE		
DIV	anet	97554	388717	20	+13.1	8.7	2245	2	8	-	INVESTIGATE		
DIV	anet	242414	966393	130	-11.6	4.9	2092	3	16	-	INVESTIGATE		
DIV	tfrrs	22212	0	33	-11.6	10.8	5039	na	na	-	INVESTIGATE		
DIV	anet	122074	490602	33	-11.6	12.2	5043	1	25	-	TRANSIENT		
DIV	anet	174932	717578	12	-11.6	7.7	2298	2	5	-	INVESTIGATE		
DIV	anet	65379	282330	28	+13.1	6.1	2874	1	1	-	INVESTIGATE		
DIV	anet	131612	576633	68	-11.6	10.0	3100	1	3	-	TRANSIENT		
DIV	anet	239785	977510	94	-11.6	10.2	3102	1	3	-	TRANSIENT		
DIV	tfrrs	26013	3	32	-11.6	6.5	5000	na	na	-	INVESTIGATE		
DIV	anet	192169	775824	61	-11.6	9.2	5131	1	21	-	TRANSIENT		
DIV	anet	188923	765060	14	-11.6	5.3	5122	1	17	-	TRANSIENT		
DIV	anet	148276	617878	14	-11.6	9.5	3142	4	24	-	INVESTIGATE		
DIV	anet	2815	13372	12	-11.6	4.7	4474	1	9	-	TRANSIENT		
DIV	anet	196232	787556	53	-11.6	13.3	3159	3	12	-	INVESTIGATE		
DIV	anet	179060	732170	24	+13.1	3.9	5122	2	12	-	INVESTIGATE		
DIV	anet	112742	447352	20	+13.1	6.5	3086	2	16	-	INVESTIGATE		
DIV	anet	89503	353035	21	-11.6	10.1	5028	1	6	-	TRANSIENT		
DIV	tfrrs	26452	0	17	-11.6	9.5	5000	na	na	-	INVESTIGATE		
DIV	anet	125689	506997	33	+13.1	4.6	3092	2	16	-	INVESTIGATE		
DIV	anet	209410	838589	28	+13.1	5.0	2899	1	5	-	INVESTIGATE		
DIV	anet	226408	903899	15	-11.6	10.1	1845	1	4	-	TRANSIENT		
DIV	anet	35189	152528	14	-11.6	5.6	4884	5	22	-	INVESTIGATE		
DIV	anet	199872	801479	20	+13.1	3.4	5122	2	6	-	INVESTIGATE		
DIV	anet	211106	863131	21	+13.1	10.6	2705	4	13	-	INVESTIGATE		
DIV	anet	63860	275414	14	+13.1	4.2	5034	1	12	-	INVESTIGATE		
DIV	tfrrs	27155	12	158	-11.6	3.5	5000	na	na	-	INVESTIGATE		
DIV	anet	151392	627770	62	-11.6	6.7	3122	4	11	-	INVESTIGATE		
DIV	anet	194685	783372	62	+13.1	3.3	4019	1	7	-	INVESTIGATE		
DIV	anet	247682	982874	18	+13.1	9.7	5037	1	9	-	INVESTIGATE		
DIV	anet	248668	987538	27	+13.1	5.9	2872	2	5	-	INVESTIGATE		
DIV	anet	130458	530931	234	-11.6	15.6	3085	2	14	-	INVESTIGATE		
DIV	anet	126262	510114	64	-11.6	6.8	2250	5	11	-	INVESTIGATE		
DIV	anet	93680	370470	13	-11.6	7.5	5056	1	20	-	TRANSIENT		
DIV	anet	208608	835849	12	-11.6	7.1	4881	3	20	-	INVESTIGATE		
DIV	anet	107663	425390	26	-11.6	10.4	2258	1	6	-	TRANSIENT		
DIV	anet	157279	661452	104	+13.1	11.8	3967	2	10	OVERRIDE	REGRESSION		
DIV	anet	255751	1017073	32	-11.6	8.5	3086	5	46	-	INVESTIGATE		
DIV	anet	259836	1031723	24	-11.6	7.1	3917	3	6	-	PERSISTENT		
DIV	anet	139202	580818	13	+13.1	8.5	2888	1	6	-	INVESTIGATE		
DIV	anet	58139	248895	29	-11.6	7.6	1433	4	16	-	INVESTIGATE		
DIV	anet	138230	571363	45	-11.6	7.6	3958	3	7	-	INVESTIGATE		
DIV	anet	48142	205412	29	-11.6	16.9	7598	10	18	-	PERSISTENT		
DIV	anet	135850	561907	46	+13.1	9.3	2888	1	2	-	INVESTIGATE		
DIV	anet	246593	987438	12	+13.1	12.0	3102	1	1	-	INVESTIGATE		
DIV	anet	120828	494931	12	-11.6	6.5	3956	2	34	-	INVESTIGATE		
DIV	anet	106274	419401	14	-11.6	4.6	4848	1	3	-	TRANSIENT		
DIV	anet	197628	791697	40	-11.6	4.5	2508	1	14	-	TRANSIENT		
DIV	anet	164389	679853	21	-11.6	11.7	3104	3	22	-	INVESTIGATE		
DIV	anet	224638	929566	14	+13.1	4.5	4873	4	10	-	INVESTIGATE		
DIV	anet	57206	271061	12	-11.6	9.0	2277	8	16	-	PERSISTENT		
DIV	anet	40738	174777	12	+13.1	3.9	2261	1	16	-	INVESTIGATE		
DIV	anet	50013	229062	17	+13.1	9.5	3132	3	8	-	INVESTIGATE		
DIV	anet	167038	690452	17	+13.1	9.6	1859	1	4	-	INVESTIGATE		
DIV	anet	242229	965891	29	-11.6	13.1	2253	10	18	-	PERSISTENT		
DIV	anet	4283	25068	190	+13.1	5.9	5107	6	16	-	INVESTIGATE		
DIV	anet	216252	863558	18	-11.6	8.3	2882	2	10	-	INVESTIGATE		
DIV	anet	121389	487887	16	-11.6	4.0	5043	1	11	-	TRANSIENT		
DIV	anet	194276	782206	12	-11.6	2.5	3166	3	17	-	INVESTIGATE		
DIV	anet	109180	444626	16	-11.6	13.0	3103	2	19	-	INVESTIGATE		
DIV	anet	192458	776797	56	+13.1	4.1	5122	12	19	-	PERSISTENT		
DIV	anet	216196	863239	18	-11.6	13.5	3113	5	37	-	INVESTIGATE		
DIV	anet	4467	30433	22	+13.1	4.3	3159	4	26	-	INVESTIGATE		
DIV	anet	186	1397	12	-11.6	3.9	4057	2	5	-	INVESTIGATE		
DIV	tfrrs	24228	1	41	-11.6	6.4	5037	na	na	-	INVESTIGATE		
DIV	anet	155274	651142	36	+13.1	4.3	3121	2	14	-	INVESTIGATE		
DIV	anet	249902	993584	133	-11.6	4.3	5023	1	13	-	TRANSIENT		
DIV	tfrrs	13950	1	14	-11.6	7.7	3970	na	na	-	INVESTIGATE		
DIV	anet	192762	777758	49	+13.1	9.4	2985	3	14	-	INVESTIGATE		
DIV	anet	154440	643500	28	+13.1	11.7	3121	1	10	-	INVESTIGATE		
DIV	anet	65330	282088	17	-11.6	8.7	3280	1	4	-	TRANSIENT		
DIV	anet	229658	915632	28	+13.1	9.3	2881	1	6	-	INVESTIGATE		
DIV	anet	20395	90854	13	-11.6	6.5	4062	5	16	-	INVESTIGATE		
DIV	tfrrs	4607	0	15	-11.6	5.5	5034	na	na	-	INVESTIGATE		
DIV	tfrrs	26002	0	32	-11.6	7.3	5012	na	na	-	INVESTIGATE		
DIV	tfrrs	8798	1	55	-11.6	5.6	5048	na	na	-	INVESTIGATE		
DIV	anet	234043	935425	33	+13.1	5.9	2781	11	14	-	PERSISTENT		
DIV	anet	52679	224303	13	-11.6	11.0	3098	5	36	-	INVESTIGATE		
DIV	anet	229550	915173	13	-11.6	10.4	2881	1	21	-	TRANSIENT		
DIV	anet	163687	675365	31	+13.1	5.5	3977	3	5	-	PERSISTENT		
DIV	anet	493	2425	13	-11.6	3.7	5142	3	20	-	INVESTIGATE		
DIV	anet	112431	451628	16	+13.1	7.5	2274	3	46	-	INVESTIGATE		
DIV	anet	109161	441579	32	+13.1	7.8	2440	2	20	-	INVESTIGATE		
DIV	anet	160366	665465	40	-11.6	8.5	3134	1	6	-	TRANSIENT		
DIV	anet	247259	981730	19	-11.6	14.3	4676	1	4	-	TRANSIENT		
DIV	anet	125217	504219	32	-11.6	7.0	5043	1	3	-	TRANSIENT		
DIV	anet	250983	999754	12	-11.6	8.8	2596	1	19	-	TRANSIENT		
DIV	tfrrs	23372	1	84	-11.6	7.6	5037	na	na	-	INVESTIGATE		
DIV	tfrrs	23064	3	121	-11.6	7.2	5060	na	na	-	INVESTIGATE		
DIV	anet	59895	256430	16	-11.6	4.7	1458	1	11	-	TRANSIENT		
DIV	anet	243890	971558	30	+13.1	7.1	3107	1	14	-	INVESTIGATE		
DIV	tfrrs	12889	0	14	-11.5	22.4	3336	na	na	-	INVESTIGATE		
DIV	tfrrs	8831	10	58	-11.5	3.8	5048	na	na	-	INVESTIGATE		
DIV	tfrrs	25389	0	104	-11.5	14.3	5000	na	na	-	INVESTIGATE		
DIV	anet	127660	518013	24	-11.5	12.6	2890	3	31	-	INVESTIGATE		
DIV	tfrrs	26687	0	41	-11.5	12.3	5000	na	na	-	INVESTIGATE		
DIV	tfrrs	10991	2	67	-11.5	5.3	3114	na	na	-	INVESTIGATE		
DIV	anet	135178	553659	44	-11.5	8.8	5041	2	15	-	INVESTIGATE		
DIV	anet	72914	298110	15	+13.1	8.1	2887	1	3	-	INVESTIGATE		
DIV	anet	89632	353657	25	-11.5	8.3	6167	2	3	-	PERSISTENT		
DIV	anet	264519	1049605	51	-11.5	9.3	2751	1	12	-	TRANSIENT		
DIV	tfrrs	8831	2	60	-11.5	4.0	5048	na	na	-	INVESTIGATE		
DIV	anet	167455	692478	97	-11.5	5.6	4885	1	10	-	TRANSIENT		
DIV	anet	130928	533253	24	-11.5	3.3	3104	1	14	-	TRANSIENT		
DIV	anet	256022	1017996	37	+13.0	6.1	9695	1	8	-	INVESTIGATE		
DIV	tfrrs	19364	9	283	-11.5	8.9	5000	na	na	-	INVESTIGATE		
DIV	anet	6182	29497	20	-11.5	5.5	4033	2	18	-	INVESTIGATE		
DIV	anet	1456	6970	30	+13.0	6.5	5176	3	20	-	INVESTIGATE		
DIV	anet	175023	717833	32	-11.5	7.1	5122	1	9	-	TRANSIENT		
DIV	anet	147666	623639	15	-11.5	5.7	2888	1	14	-	TRANSIENT		
DIV	anet	83945	329856	14	+13.0	5.8	2891	1	6	-	INVESTIGATE		
DIV	anet	166386	687034	14	+13.0	10.6	3134	1	1	-	INVESTIGATE		
DIV	anet	184282	750467	20	+13.0	12.9	3154	2	13	-	INVESTIGATE		
DIV	anet	235612	942539	118	+13.0	7.4	5039	3	10	-	INVESTIGATE		
DIV	anet	195715	786034	20	-11.5	16.2	3159	3	12	-	INVESTIGATE		
DIV	anet	116299	465414	49	-11.5	9.0	3107	1	14	-	TRANSIENT		
DIV	anet	150748	625395	23	-11.5	9.9	5060	1	5	-	TRANSIENT		
DIV	anet	154392	643207	19	+13.0	8.0	3121	2	22	-	INVESTIGATE		
DIV	anet	93351	368988	32	-11.5	8.5	3108	10	25	-	INVESTIGATE		
DIV	anet	242468	966524	40	+13.0	7.1	2262	1	13	-	INVESTIGATE		
DIV	anet	131167	551003	16	-11.5	7.1	5051	10	24	-	INVESTIGATE		
DIV	anet	160774	666548	47	-11.5	12.4	5075	4	12	-	INVESTIGATE		
DIV	anet	123225	495369	15	-11.5	7.5	4857	2	19	-	INVESTIGATE		
DIV	anet	268063	1065591	13	+13.0	2.8	3088	1	11	-	INVESTIGATE		
DIV	anet	178522	730117	12	-11.5	13.2	5138	1	6	-	TRANSIENT		
DIV	anet	227074	912972	20	-11.5	13.1	3093	1	13	-	TRANSIENT		
DIV	anet	268685	1068261	46	+13.0	2.0	5000	2	24	-	INVESTIGATE		
DIV	anet	236668	946459	18	-11.5	5.1	2854	12	19	-	PERSISTENT		
DIV	anet	162000	669929	22	-11.5	13.5	2902	2	8	-	INVESTIGATE		
DIV	tfrrs	25455	7	148	-11.5	11.9	5000	na	na	-	INVESTIGATE		
DIV	anet	120739	485129	14	-11.5	11.3	5054	5	28	-	INVESTIGATE		
DIV	anet	812	3909	35	-11.5	5.5	4952	4	26	-	INVESTIGATE		
DIV	anet	190996	772080	39	+13.0	4.4	8370	1	1	-	INVESTIGATE		
DIV	tfrrs	9791	5	44	-11.5	4.4	5043	na	na	-	INVESTIGATE		
DIV	anet	206468	827541	21	+13.0	3.4	2716	1	18	-	INVESTIGATE		
DIV	anet	183932	749525	29	+13.0	10.2	2314	1	4	-	INVESTIGATE		
DIV	anet	182824	745973	24	+13.0	8.5	3601	4	43	-	INVESTIGATE		
DIV	anet	60289	258203	16	-11.5	7.0	2237	2	12	-	INVESTIGATE		
DIV	anet	249071	989489	44	+13.0	6.8	2872	3	10	-	INVESTIGATE		
DIV	anet	180604	738486	22	+13.0	11.0	2938	1	9	-	INVESTIGATE		
DIV	anet	124936	502968	126	-11.5	5.2	3127	4	11	-	INVESTIGATE		
DIV	tfrrs	23958	0	51	-11.5	4.2	5023	na	na	-	INVESTIGATE		
DIV	anet	227543	907740	17	-11.5	12.5	3121	3	16	-	INVESTIGATE		
DIV	anet	199721	800875	53	+13.0	6.8	2934	3	7	-	INVESTIGATE		
DIV	anet	209992	870500	55	-11.5	6.9	2899	5	36	-	INVESTIGATE		
DIV	anet	51992	221383	16	-11.5	10.1	4923	1	22	-	TRANSIENT		
DIV	anet	34489	149713	16	-11.5	4.4	5111	2	22	-	INVESTIGATE		
DIV	anet	144340	606046	15	-11.5	9.9	1935	6	36	-	INVESTIGATE		
DIV	anet	111522	441851	33	-11.5	10.5	3105	3	18	-	INVESTIGATE		
DIV	tfrrs	13799	0	137	-11.5	4.7	5140	na	na	-	INVESTIGATE		
DIV	anet	129917	528380	14	+13.0	8.8	3111	1	6	-	INVESTIGATE		
DIV	anet	175446	719289	20	-11.5	11.2	5138	1	12	-	TRANSIENT		
DIV	anet	70578	292384	19	-11.5	9.3	2667	1	20	-	TRANSIENT		
DIV	anet	240486	960730	47	+13.0	7.1	3088	2	10	-	INVESTIGATE		
DIV	anet	196897	789469	13	+13.0	8.1	1454	10	18	-	PERSISTENT		
DIV	tfrrs	22308	5	105	-11.5	7.9	5072	na	na	-	INVESTIGATE		
DIV	tfrrs	10715	4	19	-11.5	4.2	5077	na	na	-	INVESTIGATE		
DIV	anet	156625	652835	14	+13.0	10.2	3102	1	2	-	INVESTIGATE		
DIV	anet	198436	794959	22	-11.5	8.5	2924	1	12	-	TRANSIENT		
DIV	anet	22696	100061	13	+13.0	7.3	5112	1	9	-	INVESTIGATE		
DIV	anet	52150	222009	33	-11.5	4.0	1832	5	8	-	PERSISTENT		
DIV	anet	93765	395486	24	+13.0	19.0	1852	4	19	-	INVESTIGATE		
DIV	anet	78035	319689	32	-11.5	7.3	2872	12	19	-	PERSISTENT		
DIV	anet	134973	552494	41	-11.5	4.5	1826	10	35	-	INVESTIGATE		
DIV	anet	37601	162096	30	-11.5	9.0	5111	1	4	-	TRANSIENT		
DIV	anet	216180	863133	62	-11.5	5.0	3117	2	5	-	INVESTIGATE		
DIV	tfrrs	11651	1	12	-11.5	10.6	3122	na	na	-	INVESTIGATE		
DIV	anet	107316	423922	28	+13.0	3.7	5034	2	18	-	INVESTIGATE		
DIV	anet	196622	788678	26	+13.0	9.9	3149	3	26	-	INVESTIGATE		
DIV	anet	229545	915106	67	-11.5	7.1	2270	3	21	-	INVESTIGATE		
DIV	anet	251747	1003086	17	+13.0	6.7	5023	2	2	-	INVESTIGATE		
DIV	anet	257917	1025161	18	-11.5	9.5	2854	1	12	-	TRANSIENT		
DIV	anet	26112	114082	19	-11.5	6.9	5112	1	12	-	TRANSIENT		
DIV	anet	162379	670906	74	-11.5	7.3	2286	2	12	-	INVESTIGATE		
DIV	anet	47722	203683	37	-11.5	7.4	3101	1	9	-	TRANSIENT		
DIV	anet	151910	634586	32	-11.5	8.0	2888	2	12	-	INVESTIGATE		
DIV	anet	95291	392004	12	+13.0	13.5	1458	1	11	-	INVESTIGATE		
DIV	anet	189425	766841	22	-11.5	15.5	2934	1	6	-	TRANSIENT		
DIV	anet	201275	808597	12	+13.0	8.5	2934	3	6	-	PERSISTENT		
DIV	anet	169524	700879	18	-11.5	11.2	4885	1	5	-	TRANSIENT		
DIV	anet	138558	573265	30	-11.5	10.9	5051	1	6	-	TRANSIENT		
DIV	anet	101535	399931	26	+13.0	8.6	2349	3	5	-	PERSISTENT		
DIV	anet	92936	367164	46	-11.5	7.5	3108	1	8	-	TRANSIENT		
DIV	anet	145238	616749	19	+13.0	9.1	2910	1	12	-	INVESTIGATE		
DIV	anet	197964	793285	26	-11.5	19.5	3140	1	8	-	TRANSIENT		
DIV	anet	165534	683077	21	+13.0	5.9	3134	2	5	-	INVESTIGATE		
DIV	tfrrs	26123	0	59	-11.5	7.5	5000	na	na	-	INVESTIGATE		
DIV	anet	122050	490504	115	-11.5	4.7	3111	5	15	-	INVESTIGATE		
DIV	anet	253300	1011461	163	+13.0	7.2	2854	1	28	-	INVESTIGATE		
DIV	anet	97838	389952	19	-11.5	8.3	5056	1	3	-	TRANSIENT		
DIV	anet	75509	303022	22	-11.5	7.8	5055	1	6	-	TRANSIENT		
DIV	anet	211001	843590	17	-11.5	13.5	3132	3	15	-	INVESTIGATE		
DIV	anet	253543	1012473	19	-11.5	6.2	1493	6	13	-	INVESTIGATE		
DIV	anet	118851	477049	56	-11.5	7.7	5054	1	2	-	TRANSIENT		
DIV	tfrrs	20010	0	47	-11.5	6.4	5000	na	na	-	INVESTIGATE		
DIV	anet	163051	676797	27	-11.5	8.5	2435	2	23	-	INVESTIGATE		
DIV	anet	241287	963132	110	+13.0	7.1	2872	1	15	-	INVESTIGATE		
DIV	anet	116299	465412	73	-11.5	8.9	3103	1	14	-	TRANSIENT		
DIV	anet	163182	673546	14	+13.0	5.5	5075	2	2	-	INVESTIGATE		
DIV	anet	123137	494972	21	-11.5	13.5	2277	5	15	-	INVESTIGATE		
DIV	anet	96917	386159	117	-11.5	9.8	4867	1	14	-	TRANSIENT		
DIV	anet	94208	372774	17	-11.5	6.2	3542	1	8	-	TRANSIENT		
DIV	anet	236361	945146	17	-11.5	6.0	5007	9	45	-	INVESTIGATE		
DIV	anet	241454	963651	41	-11.5	10.0	1421	8	17	-	INVESTIGATE		
DIV	anet	178148	728701	18	-11.5	4.4	5122	3	14	-	INVESTIGATE		
DIV	anet	208886	836741	59	-11.5	5.2	3133	1	8	-	TRANSIENT		
DIV	anet	36142	156312	30	+13.0	5.1	2895	3	16	-	INVESTIGATE		
DIV	anet	14256	64492	21	-11.5	4.2	5111	1	8	-	TRANSIENT		
DIV	anet	242235	984907	16	-11.5	10.2	2262	3	7	-	INVESTIGATE		
DIV	tfrrs	27155	8	185	-11.5	3.5	5000	na	na	-	INVESTIGATE		
DIV	anet	139103	577831	119	-11.5	5.2	3125	4	11	-	INVESTIGATE		
DIV	anet	27630	120300	42	+13.0	5.5	2821	1	10	-	INVESTIGATE		
DIV	anet	157832	678064	32	-11.5	5.4	3119	1	3	-	TRANSIENT		
DIV	anet	264836	1051021	18	-11.5	10.6	2745	1	1	-	TRANSIENT		
DIV	anet	48612	207327	40	-11.5	9.0	5072	3	38	-	INVESTIGATE		
DIV	anet	240849	961812	15	+13.0	5.2	2875	1	4	-	INVESTIGATE		
DIV	anet	62656	269253	37	+13.0	5.1	5055	12	19	-	PERSISTENT		
DIV	anet	162890	672470	222	-11.5	6.5	3119	1	8	-	TRANSIENT		
DIV	anet	269699	1073225	19	+13.0	5.7	3065	3	9	-	INVESTIGATE		
DIV	anet	93765	395487	15	+13.0	12.4	1831	4	19	-	INVESTIGATE		
DIV	tfrrs	19364	2	227	-11.5	5.5	5000	na	na	-	INVESTIGATE		
DIV	anet	32500	140973	95	+13.0	3.7	5215	1	12	-	INVESTIGATE		
DIV	anet	205119	822434	15	+13.0	7.3	1862	3	16	-	INVESTIGATE		
DIV	anet	233010	941732	34	+13.0	14.7	3112	6	21	-	INVESTIGATE		
DIV	anet	157515	656288	122	+13.0	9.5	3115	3	18	-	INVESTIGATE		
DIV	anet	15094	67806	34	-11.5	9.3	5134	2	27	-	INVESTIGATE		
DIV	anet	216319	872761	29	+13.0	10.9	3132	2	13	-	INVESTIGATE		
DIV	anet	228246	910307	91	-11.5	7.0	3121	1	2	-	TRANSIENT		
DIV	anet	119448	479604	54	-11.5	7.9	5054	2	34	-	INVESTIGATE		
DIV	anet	233617	933685	23	+13.0	8.4	3122	1	10	-	INVESTIGATE		
DIV	tfrrs	21087	1	112	-11.5	7.3	5079	na	na	-	INVESTIGATE		
DIV	anet	191954	775227	31	-11.5	7.9	5117	1	10	-	TRANSIENT		
DIV	tfrrs	21801	0	66	-11.5	6.4	5039	na	na	-	INVESTIGATE		
DIV	anet	40348	173163	23	+13.0	3.6	5107	2	14	-	INVESTIGATE		
DIV	anet	258396	1039112	53	-11.5	6.7	5000	1	8	-	TRANSIENT		
DIV	anet	10606	55709	457	-11.5	6.0	5111	1	29	-	TRANSIENT		
DIV	anet	234992	939855	30	+13.0	6.6	3121	1	10	-	INVESTIGATE		
DIV	anet	162216	670512	14	+13.0	4.6	2272	2	3	-	PERSISTENT		
DIV	anet	109393	432914	29	-11.5	9.8	2874	1	11	-	TRANSIENT		
DIV	anet	161675	668988	22	+13.0	11.3	2272	5	15	-	INVESTIGATE		
DIV	tfrrs	25580	0	57	-11.5	11.4	5000	na	na	-	INVESTIGATE		
DIV	anet	49971	212985	21	-11.5	2.8	4189	1	3	-	TRANSIENT		
DIV	anet	62284	268452	25	+13.0	8.7	2891	2	15	-	INVESTIGATE		
DIV	anet	99131	398658	14	+13.0	3.7	2277	4	17	-	INVESTIGATE		
DIV	anet	245316	984122	42	+13.0	9.5	3390	1	12	-	INVESTIGATE		
DIV	anet	30344	131887	16	-11.5	7.2	1437	3	8	-	INVESTIGATE		
DIV	anet	165790	684376	40	-11.5	8.1	4525	3	19	-	INVESTIGATE		
DIV	anet	225754	901770	63	+13.0	6.1	2889	1	3	-	INVESTIGATE		
DIV	tfrrs	9209	1	16	-11.5	8.1	5034	na	na	-	INVESTIGATE		
DIV	anet	251428	1001522	16	+13.0	7.1	2262	2	3	-	PERSISTENT		
DIV	anet	263670	1045959	19	+13.0	7.0	3918	2	9	-	INVESTIGATE		
DIV	anet	271782	1082801	134	+12.9	8.8	5000	1	9	-	INVESTIGATE		
DIV	anet	33782	146766	12	-11.5	6.9	5120	1	12	-	TRANSIENT		
DIV	tfrrs	11702	4	12	-11.5	4.0	5051	na	na	-	INVESTIGATE		
DIV	anet	131150	601229	149	+12.9	5.6	3458	10	25	-	INVESTIGATE		
DIV	anet	159825	663952	48	+12.9	10.9	3134	3	28	-	INVESTIGATE		
DIV	anet	200195	802852	24	+12.9	8.9	5131	1	3	-	INVESTIGATE		
DIV	anet	36885	159329	12	+12.9	5.3	4889	1	5	-	INVESTIGATE		
DIV	anet	112992	448524	21	+12.9	7.7	2274	3	17	-	INVESTIGATE		
DIV	anet	121916	489948	15	+12.9	6.8	5043	2	4	-	PERSISTENT		
DIV	anet	22550	99398	43	+12.9	9.5	3197	6	22	-	INVESTIGATE		
DIV	anet	57893	247877	14	-11.5	3.6	3956	1	10	-	TRANSIENT		
DIV	anet	106405	420000	49	-11.5	14.3	5034	1	4	-	TRANSIENT		
DIV	anet	250658	997495	68	-11.5	7.5	3107	1	4	-	TRANSIENT		
DIV	anet	207511	832143	27	-11.5	7.0	2899	5	46	-	INVESTIGATE		
DIV	anet	268685	1068259	46	+12.9	3.0	5000	2	24	-	INVESTIGATE		
DIV	anet	79433	314376	14	-11.5	8.5	4216	6	21	-	INVESTIGATE		
DIV	anet	181304	740960	13	-11.5	3.9	4755	1	5	-	TRANSIENT		
DIV	tfrrs	9640	0	44	-11.5	6.8	3114	na	na	-	INVESTIGATE		
DIV	anet	28334	123298	18	-11.5	4.5	4569	2	23	-	INVESTIGATE		
DIV	anet	111666	442427	64	-11.5	3.8	2608	1	13	-	TRANSIENT		
DIV	anet	153158	636555	20	+12.9	6.1	2629	2	19	-	INVESTIGATE		
DIV	anet	247046	985560	224	+12.9	5.8	3102	1	3	-	INVESTIGATE		
DIV	anet	62398	267991	75	-11.5	6.0	2258	2	17	-	INVESTIGATE		
DIV	anet	112689	447054	19	-11.5	5.7	3105	4	16	-	INVESTIGATE		
DIV	anet	59401	254309	42	-11.5	5.7	5055	2	9	-	INVESTIGATE		
DIV	anet	207093	830523	38	-11.4	9.0	3135	1	14	-	TRANSIENT		
DIV	anet	190934	771871	21	-11.4	9.0	5131	5	31	-	INVESTIGATE		
DIV	anet	39395	169113	12	-11.4	7.8	5080	1	15	-	TRANSIENT		
DIV	anet	175079	718047	44	-11.4	10.4	1445	8	17	-	INVESTIGATE		
DIV	tfrrs	19364	7	126	-11.4	4.8	5000	na	na	-	INVESTIGATE		
DIV	anet	254490	1016159	31	+12.9	7.5	2841	4	17	-	INVESTIGATE		
DIV	anet	226860	905461	19	+12.9	2.4	5060	1	1	-	INVESTIGATE		
DIV	anet	161835	669482	41	+12.9	5.6	2690	3	12	-	INVESTIGATE		
DIV	anet	5258	25283	33	-11.4	4.4	5107	3	20	-	INVESTIGATE		
DIV	tfrrs	26229	5	178	-11.4	5.3	5000	na	na	-	INVESTIGATE		
DIV	anet	31370	136194	52	+12.9	5.9	5107	1	19	-	INVESTIGATE		
DIV	tfrrs	16262	0	48	-11.4	5.9	4890	na	na	-	INVESTIGATE		
DIV	anet	6197	29562	24	+12.9	4.7	4008	3	6	-	PERSISTENT		
DIV	anet	13338	60705	12	-11.4	12.1	1862	2	17	-	INVESTIGATE		
DIV	anet	105409	455595	15	-11.4	5.3	1424	2	14	-	INVESTIGATE		
DIV	anet	179941	756806	13	+12.9	3.9	5122	6	16	-	INVESTIGATE		
DIV	anet	200773	805779	45	+12.9	11.1	3169	2	23	-	INVESTIGATE		
DIV	tfrrs	25553	3	112	-11.4	9.0	5000	na	na	-	INVESTIGATE		
DIV	anet	49516	211064	17	+12.9	6.4	1858	2	21	-	INVESTIGATE		
DIV	tfrrs	11651	3	39	-11.4	6.9	5073	na	na	-	INVESTIGATE		
DIV	anet	195857	786461	13	-11.4	5.4	2291	1	12	-	TRANSIENT		
DIV	tfrrs	18282	8	101	-11.4	6.2	5142	na	na	-	INVESTIGATE		
DIV	anet	106158	449401	20	+12.9	5.5	2348	3	19	-	INVESTIGATE		
DIV	anet	157713	657032	31	+12.9	7.1	3115	1	1	-	INVESTIGATE		
DIV	anet	191537	820452	45	+12.9	6.9	3159	3	14	-	INVESTIGATE		
DIV	anet	125592	506379	52	+12.9	11.2	3961	2	12	-	INVESTIGATE		
DIV	anet	227873	908890	13	-11.4	8.1	5039	2	11	-	INVESTIGATE		
DIV	anet	59169	278379	111	-11.4	5.3	4158	1	18	-	TRANSIENT		
DIV	tfrrs	25884	0	36	-11.4	12.3	5000	na	na	-	INVESTIGATE		
DIV	anet	19818	88323	86	-11.4	5.0	5332	10	24	-	INVESTIGATE		
DIV	anet	191708	774390	73	+12.9	6.9	5131	2	5	-	INVESTIGATE		
DIV	anet	265594	1057954	50	-11.4	4.6	1831	2	2	-	INVESTIGATE		
DIV	anet	56679	242301	23	-11.4	5.3	2110	4	15	-	INVESTIGATE		
DIV	anet	212021	847027	44	-11.4	10.3	5071	1	5	-	TRANSIENT		
DIV	anet	91812	362200	22	-11.4	5.7	5036	3	22	-	INVESTIGATE		
DIV	anet	139409	578471	42	+12.9	5.9	2878	1	6	OVERRIDE	REGRESSION		
DIV	tfrrs	26552	5	35	-11.4	5.9	5000	na	na	-	INVESTIGATE		
DIV	anet	59558	254983	54	+12.9	5.0	5055	3	17	-	INVESTIGATE		
DIV	anet	20839	92927	24	+12.9	9.9	2293	4	15	-	INVESTIGATE		
DIV	anet	3397	16440	20	+12.9	2.5	5176	3	17	-	INVESTIGATE		
DIV	anet	176580	722818	34	+12.9	10.2	3173	1	6	-	INVESTIGATE		
DIV	anet	95844	380706	71	+12.9	5.6	5036	2	7	-	INVESTIGATE		
DIV	anet	96502	384449	36	-11.4	8.2	5056	2	10	-	INVESTIGATE		
DIV	tfrrs	19717	0	45	-11.4	4.7	5071	na	na	-	INVESTIGATE		
DIV	tfrrs	24973	0	77	-11.4	9.1	5023	na	na	-	INVESTIGATE		
DIV	anet	151441	628059	14	-11.4	7.8	5060	2	6	-	INVESTIGATE		
DIV	anet	53323	226945	17	-11.4	3.0	2887	1	31	-	TRANSIENT		
DIV	anet	110032	435604	36	+12.9	12.4	3099	1	10	-	INVESTIGATE		
DIV	anet	252317	1006017	89	+12.9	9.1	5023	3	9	-	INVESTIGATE		
DIV	anet	131598	536349	36	-11.4	4.2	4155	2	11	-	INVESTIGATE		
DIV	anet	256826	1021439	12	+12.9	5.5	2262	2	20	-	INVESTIGATE		
DIV	anet	179115	735066	24	+12.9	3.8	1449	1	3	-	INVESTIGATE		
DIV	anet	45060	195627	67	-11.4	5.3	2887	1	19	-	TRANSIENT		
DIV	anet	76646	304758	27	+12.9	10.1	3137	1	6	-	INVESTIGATE		
DIV	anet	211350	844641	13	-11.4	5.5	2900	1	3	-	TRANSIENT		
DIV	anet	93367	401129	30	+12.9	9.1	1449	2	12	-	INVESTIGATE		
DIV	anet	196724	795523	55	-11.4	9.4	5131	1	13	-	TRANSIENT		
DIV	tfrrs	12876	0	20	-11.4	8.0	5051	na	na	-	INVESTIGATE		
DIV	tfrrs	17231	2	36	-11.4	5.9	5138	na	na	-	INVESTIGATE		
DIV	anet	132849	573608	34	-11.4	10.5	3100	2	16	-	INVESTIGATE		
DIV	anet	115943	463491	137	-11.4	6.8	5048	1	12	-	TRANSIENT		
DIV	anet	218254	873088	17	-11.4	10.9	2451	1	2	-	TRANSIENT		
DIV	anet	8234	38525	18	-11.4	8.9	5107	2	17	-	INVESTIGATE		
DIV	anet	211332	844573	17	-11.4	9.9	2893	3	21	-	INVESTIGATE		
DIV	anet	154731	645080	41	-11.4	4.4	5088	1	3	-	TRANSIENT		
DIV	tfrrs	13288	2	26	-11.4	6.8	5041	na	na	-	INVESTIGATE		
DIV	anet	248284	985750	15	-11.4	13.7	2427	1	10	-	TRANSIENT		
DIV	tfrrs	27153	0	58	-11.4	4.3	5000	na	na	-	INVESTIGATE		
DIV	anet	99126	394629	63	+12.9	6.3	2277	2	4	-	PERSISTENT		
DIV	anet	52942	225368	36	+12.9	4.2	2887	2	15	-	INVESTIGATE		
DIV	tfrrs	19340	2	123	-11.4	6.8	5079	na	na	-	INVESTIGATE		
DIV	tfrrs	26219	1	65	-11.4	4.1	5000	na	na	-	INVESTIGATE		
DIV	anet	243110	997013	23	-11.4	8.9	3455	4	26	-	INVESTIGATE		
DIV	anet	252315	1011711	40	+12.9	5.8	3107	3	15	-	INVESTIGATE		
DIV	anet	56480	276931	273	-11.4	6.1	5034	6	16	-	INVESTIGATE		
DIV	tfrrs	24291	0	18	-11.4	3.7	5023	na	na	-	INVESTIGATE		
DIV	anet	225681	901420	59	-11.4	6.0	5039	3	13	-	INVESTIGATE		
DIV	anet	152849	635035	18	-11.4	5.8	3122	3	14	-	INVESTIGATE		
DIV	anet	53379	227186	12	+12.9	10.4	2905	3	4	-	PERSISTENT		
DIV	anet	154392	643206	13	+12.9	13.5	3142	2	22	-	INVESTIGATE		
DIV	anet	217752	870877	37	+12.9	6.8	3133	1	2	-	INVESTIGATE		
DIV	anet	240171	959323	104	-11.4	6.1	2260	1	13	-	TRANSIENT		
DIV	anet	46356	198028	63	-11.4	9.5	5072	6	20	-	INVESTIGATE		
DIV	anet	212513	854016	24	-11.4	8.3	3135	1	7	-	TRANSIENT		
DIV	anet	254121	1015972	19	-11.4	5.9	1424	2	15	-	INVESTIGATE		
DIV	anet	14450	65296	28	-11.4	6.4	4744	10	16	-	PERSISTENT		
DIV	tfrrs	21461	2	20	-11.4	36.1	5039	na	na	-	INVESTIGATE		
DIV	anet	161644	668899	14	+12.9	14.3	3115	1	14	-	INVESTIGATE		
DIV	tfrrs	19441	2	40	-11.4	8.2	5012	na	na	-	INVESTIGATE		
DIV	tfrrs	25576	1	31	-11.4	10.2	5000	na	na	-	INVESTIGATE		
DIV	anet	231845	924829	29	-11.4	5.2	3294	2	5	-	INVESTIGATE		
DIV	anet	164597	679304	19	-11.4	7.4	5064	1	5	-	TRANSIENT		
DIV	tfrrs	26099	2	43	-11.4	7.3	5000	na	na	-	INVESTIGATE		
DIV	anet	203631	816372	36	+12.9	10.3	2924	8	12	-	PERSISTENT		
DIV	anet	185000	752778	46	+12.9	3.7	5138	1	6	-	INVESTIGATE		
DIV	anet	78049	308580	50	-11.4	6.1	5055	1	11	-	TRANSIENT		
DIV	anet	235719	942890	117	+12.9	10.0	5039	1	10	-	INVESTIGATE		
DIV	anet	235752	942982	117	+12.9	10.0	5039	1	10	-	INVESTIGATE		
DIV	anet	205706	824916	53	+12.9	4.6	5122	3	9	-	INVESTIGATE		
DIV	anet	189707	767731	17	-11.4	10.5	4938	1	1	-	TRANSIENT		
DIV	anet	235482	941860	89	+12.9	11.5	5060	1	12	-	INVESTIGATE		
DIV	anet	217927	871738	12	-11.4	5.5	3660	1	12	-	TRANSIENT		
DIV	anet	15688	70323	12	-11.4	4.2	2917	3	7	-	INVESTIGATE		
DIV	anet	204170	819019	51	+12.9	3.7	5131	1	7	-	INVESTIGATE		
DIV	anet	222795	891393	81	+12.9	3.1	5039	12	19	-	PERSISTENT		
DIV	anet	52076	221734	13	+12.9	11.6	5072	1	9	-	INVESTIGATE		
DIV	anet	216319	872762	14	+12.9	7.6	3133	2	13	-	INVESTIGATE		
DIV	anet	232614	928577	17	-11.4	3.2	3112	1	24	-	TRANSIENT		
DIV	anet	97838	389955	14	-11.4	5.9	5056	1	3	-	TRANSIENT		
DIV	anet	219071	876868	22	+12.9	7.3	5079	1	3	-	INVESTIGATE		
DIV	anet	157178	655012	14	-11.4	11.1	5064	2	7	-	INVESTIGATE		
DIV	anet	234840	939238	30	+12.9	11.3	5060	1	2	-	INVESTIGATE		
DIV	anet	197695	792087	25	-11.4	5.4	5131	4	13	-	INVESTIGATE		
DIV	anet	78285	309519	21	+12.9	1.3	5055	12	19	-	PERSISTENT		
DIV	anet	149054	619620	15	-11.4	9.1	2265	3	11	-	INVESTIGATE		
DIV	anet	150688	637816	31	-11.4	11.9	2888	1	15	-	TRANSIENT		
DIV	tfrrs	23930	0	78	-11.4	9.6	5023	na	na	-	INVESTIGATE		
DIV	anet	111602	442179	14	-11.4	7.2	5034	1	8	-	TRANSIENT		
DIV	anet	111811	443117	20	-11.4	10.0	4848	1	11	-	TRANSIENT		
DIV	anet	116692	467449	26	+12.8	8.3	3107	3	14	-	INVESTIGATE		
DIV	anet	61238	271043	20	-11.4	10.8	2258	1	17	-	TRANSIENT		
DIV	anet	197914	793107	28	-11.4	5.9	3140	1	16	-	TRANSIENT		
DIV	anet	215502	859977	56	+12.8	9.2	2451	2	8	-	INVESTIGATE		
DIV	tfrrs	23573	0	91	-11.4	12.2	5023	na	na	-	INVESTIGATE		
DIV	tfrrs	13288	1	52	-11.4	4.1	5051	na	na	-	INVESTIGATE		
DIV	anet	264932	1051609	23	+12.8	10.5	832	1	10	OVERRIDE	REGRESSION		
DIV	anet	145599	629361	24	+12.8	10.2	1864	4	19	-	INVESTIGATE		
DIV	tfrrs	22583	0	22	-11.4	11.9	5090	na	na	-	INVESTIGATE		
DIV	anet	198783	796643	27	-11.4	9.7	2311	2	16	-	INVESTIGATE		
DIV	anet	50941	217000	38	-11.4	10.6	2900	3	26	-	INVESTIGATE		
DIV	anet	172841	732662	26	-11.4	6.7	5122	1	14	-	TRANSIENT		
DIV	anet	235479	941852	143	+12.8	9.1	5039	1	15	-	INVESTIGATE		
DIV	tfrrs	26733	1	33	-11.4	4.1	5000	na	na	-	INVESTIGATE		
DIV	anet	200046	802116	17	-11.4	8.0	5122	1	6	-	TRANSIENT		
DIV	anet	146401	612861	132	+12.8	8.6	3109	6	22	-	INVESTIGATE		
DIV	anet	149117	628698	46	-11.4	5.0	2910	1	27	-	TRANSIENT		
DIV	anet	231135	924230	28	-11.4	8.6	2256	1	2	-	TRANSIENT		
DIV	anet	226091	902928	38	-11.4	4.7	2359	2	9	-	INVESTIGATE		
DIV	tfrrs	23453	1	69	+12.8	4.8	5037	na	na	-	INVESTIGATE		
DIV	anet	64488	278311	17	+12.8	3.0	3122	10	24	-	INVESTIGATE		
DIV	tfrrs	14365	3	63	-11.4	5.2	5060	na	na	-	INVESTIGATE		
DIV	anet	234254	936694	12	+12.8	9.6	5060	1	9	-	INVESTIGATE		
DIV	anet	242825	967784	68	+12.8	6.8	2875	1	12	-	INVESTIGATE		
DIV	anet	172891	716403	24	-11.4	4.3	5122	2	4	-	PERSISTENT		
DIV	anet	138050	570308	19	+12.8	5.2	2526	3	19	-	INVESTIGATE		
DIV	anet	65001	280641	35	+12.8	4.6	5034	1	6	-	INVESTIGATE		
DIV	anet	261971	1073121	15	+12.8	6.5	2252	1	2	-	INVESTIGATE		
DIV	tfrrs	21412	5	129	-11.4	11.2	5060	na	na	-	INVESTIGATE		
DIV	anet	198016	793439	101	+12.8	8.5	2311	1	19	-	INVESTIGATE		
DIV	anet	147788	616505	21	-11.4	10.5	3122	4	26	-	INVESTIGATE		
DIV	anet	215025	857802	125	+12.8	4.3	5071	2	2	-	INVESTIGATE		
DIV	anet	101944	401918	30	+12.8	19.5	3104	3	22	-	INVESTIGATE		
DIV	anet	111261	440697	19	-11.4	11.2	5034	3	27	-	INVESTIGATE		
DIV	anet	134967	552467	110	+12.8	5.6	3119	2	6	-	INVESTIGATE		
DIV	anet	241926	965060	15	+12.8	3.8	2351	1	5	-	INVESTIGATE		
DIV	anet	101127	398279	40	+12.8	6.2	3107	2	12	-	INVESTIGATE		
DIV	anet	140347	584206	61	-11.4	4.1	2877	2	17	-	INVESTIGATE		
DIV	tfrrs	7297	1	73	-11.4	7.5	5036	na	na	-	INVESTIGATE		
DIV	anet	200883	814667	12	+12.8	12.3	2934	3	7	-	INVESTIGATE		
DIV	anet	227354	907109	40	+12.8	9.7	1845	1	8	-	INVESTIGATE		
DIV	anet	140529	585397	60	+12.8	7.0	3100	1	10	-	INVESTIGATE		
DIV	tfrrs	19790	0	34	-11.4	10.1	5071	na	na	-	INVESTIGATE		
DIV	anet	199461	799600	16	-11.4	8.2	4938	1	7	-	TRANSIENT		
DIV	anet	132816	550646	22	+12.8	7.1	3109	1	12	-	INVESTIGATE		
DIV	anet	87963	349473	48	+12.8	4.9	5055	2	3	-	PERSISTENT		
DIV	anet	184057	752274	39	-11.4	6.1	3161	2	4	-	PERSISTENT		
DIV	tfrrs	9853	1	14	-11.4	8.8	1434	na	na	-	INVESTIGATE		
DIV	anet	119812	481149	21	-11.4	6.4	5043	2	20	-	INVESTIGATE		
DIV	anet	125226	504249	16	-11.4	6.8	5043	4	21	-	INVESTIGATE		
DIV	tfrrs	10288	0	16	-11.4	4.1	4525	na	na	-	INVESTIGATE		
DIV	anet	32004	205206	82	+12.8	11.2	2895	2	17	-	INVESTIGATE		
DIV	anet	223826	894824	38	-11.4	10.2	5060	3	9	-	INVESTIGATE		
DIV	tfrrs	4639	1	12	-11.4	6.5	4785	na	na	-	INVESTIGATE		
DIV	anet	235721	942895	116	+12.8	7.2	5060	1	7	-	INVESTIGATE		
DIV	anet	59202	253429	46	-11.4	8.8	5034	2	34	-	INVESTIGATE		
DIV	anet	221308	885715	62	-11.4	9.1	5071	1	3	-	TRANSIENT		
DIV	anet	30125	130940	14	+12.8	3.5	5112	1	3	-	INVESTIGATE		
DIV	anet	58336	260982	47	-11.4	10.5	3086	1	16	-	TRANSIENT		
DIV	anet	180606	738490	21	+12.8	12.0	2938	1	9	-	INVESTIGATE		
DIV	anet	44460	191010	26	+12.8	3.3	8444	1	3	OVERRIDE	REGRESSION		
DIV	anet	183848	749290	20	+12.8	5.3	3352	1	21	-	INVESTIGATE		
DIV	anet	16466	73593	12	+12.8	3.9	1455	2	12	-	INVESTIGATE		
DIV	anet	62446	268240	27	-11.4	11.5	4688	4	15	-	INVESTIGATE		
DIV	anet	178153	728709	16	-11.4	8.2	4405	1	45	-	TRANSIENT		
DIV	tfrrs	24012	1	29	-11.4	18.2	5037	na	na	-	INVESTIGATE		
DIV	anet	158509	685431	12	-11.4	5.7	2884	2	10	-	INVESTIGATE		
DIV	anet	161238	680486	39	+12.8	9.9	3296	1	7	-	INVESTIGATE		
DIV	anet	131598	536348	25	-11.4	6.1	4154	2	11	-	INVESTIGATE		
DIV	anet	2212	16632	12	+12.8	6.2	2847	1	10	-	INVESTIGATE		
DIV	anet	138286	571690	32	+12.8	13.3	2275	2	11	-	INVESTIGATE		
DIV	anet	37410	161341	21	-11.4	9.5	2275	5	15	-	INVESTIGATE		
DIV	anet	28727	125070	12	-11.4	6.0	1367	5	26	-	INVESTIGATE		
DIV	tfrrs	22781	0	26	-11.4	12.7	5039	na	na	-	INVESTIGATE		
DIV	anet	39687	170379	13	-11.4	8.1	2895	1	12	-	TRANSIENT		
DIV	anet	224998	898930	59	-11.3	10.6	3112	2	15	-	INVESTIGATE		
DIV	anet	144810	630743	17	-11.3	5.7	1437	3	30	-	INVESTIGATE		
DIV	tfrrs	24877	1	26	-11.3	9.5	5037	na	na	-	INVESTIGATE		
DIV	tfrrs	26078	1	100	-11.3	8.7	5000	na	na	OVERRIDE	REGRESSION		
DIV	anet	269830	1073844	12	+12.8	4.8	3430	2	8	-	INVESTIGATE		
DIV	anet	48268	205913	44	+12.8	7.7	1463	5	21	-	INVESTIGATE		
DIV	anet	186480	757983	12	-11.3	10.4	5138	1	8	-	TRANSIENT		
DIV	anet	111717	442682	39	-11.3	4.4	3107	1	21	-	TRANSIENT		
DIV	anet	6943	32859	35	-11.3	6.7	4023	5	21	-	INVESTIGATE		
DIV	anet	137782	568625	29	+12.8	3.1	2870	1	6	-	INVESTIGATE		
DIV	anet	34981	151690	19	+12.8	6.8	5080	1	6	-	INVESTIGATE		
DIV	anet	242434	966678	63	-11.3	7.7	2875	1	2	-	TRANSIENT		
DIV	anet	268685	1068260	108	+12.8	3.1	5000	2	24	-	INVESTIGATE		
DIV	anet	219096	877070	32	-11.3	9.4	4891	3	20	-	INVESTIGATE		
DIV	anet	49516	211067	23	+12.8	5.7	2794	2	21	-	INVESTIGATE		
DIV	anet	110253	450150	26	-11.3	7.6	4848	4	15	-	INVESTIGATE		
DIV	anet	1883	8893	52	-11.3	4.0	5176	2	10	-	INVESTIGATE		
DIV	anet	230234	918266	43	-11.3	10.9	3097	1	9	-	TRANSIENT		
DIV	anet	172383	748339	15	+12.8	10.5	3173	2	15	-	INVESTIGATE		
DIV	anet	269964	1074570	14	-11.3	6.9	3088	1	8	-	TRANSIENT		
DIV	anet	249311	992634	28	-11.3	7.0	8194	1	7	-	TRANSIENT		
DIV	anet	12654	62513	30	-11.3	4.7	3887	2	21	-	INVESTIGATE		
DIV	anet	213399	851495	81	-11.3	9.2	2284	5	21	-	INVESTIGATE		
DIV	anet	106268	419361	31	-11.3	5.9	4859	10	25	-	INVESTIGATE		
DIV	anet	178525	730128	20	-11.3	7.7	2924	3	14	-	INVESTIGATE		
DIV	anet	122024	505262	17	+12.8	7.4	2263	3	13	-	INVESTIGATE		
DIV	anet	97680	389252	59	-11.3	7.2	4867	1	17	-	TRANSIENT		
DIV	tfrrs	23212	0	12	-11.3	13.5	5039	na	na	-	INVESTIGATE		
DIV	anet	114142	454131	23	-11.3	9.1	2874	1	12	-	TRANSIENT		
DIV	anet	209403	864000	22	-11.3	6.1	2447	3	7	-	INVESTIGATE		
DIV	anet	237574	949709	44	-11.3	7.6	4834	1	14	-	TRANSIENT		
DIV	tfrrs	9921	3	18	-11.3	7.7	5054	na	na	-	INVESTIGATE		
DIV	tfrrs	23780	1	46	-11.3	9.2	5000	na	na	-	INVESTIGATE		
DIV	anet	215725	860965	19	+12.8	11.4	3132	1	2	-	INVESTIGATE		
DIV	anet	152689	634212	217	-11.3	5.4	8301	1	7	-	TRANSIENT		
DIV	anet	253400	1011977	109	-11.3	7.3	3088	5	28	-	INVESTIGATE		
DIV	anet	11373	52178	69	-11.3	6.9	2936	1	8	-	TRANSIENT		
DIV	anet	97592	388880	19	-11.3	6.7	3087	1	15	-	TRANSIENT		
DIV	anet	14334	64788	23	-11.3	7.1	2286	5	15	-	INVESTIGATE		
DIV	anet	259250	1029312	12	-11.3	4.2	6056	1	9	-	TRANSIENT		
DIV	anet	125105	503742	16	-11.3	9.9	3102	1	4	-	TRANSIENT		
DIV	tfrrs	18227	2	13	-11.3	3.1	5131	na	na	-	INVESTIGATE		
DIV	anet	264318	1074416	97	+12.8	4.5	3255	2	15	-	INVESTIGATE		
DIV	anet	131291	557757	61	+12.8	5.8	1764	5	24	-	INVESTIGATE		
DIV	anet	224998	901246	58	-11.3	10.0	3121	2	15	-	INVESTIGATE		
DIV	anet	149668	637077	19	-11.3	4.9	5060	1	15	-	TRANSIENT		
DIV	anet	232109	926317	60	-11.3	6.3	2360	4	4	-	PERSISTENT		
DIV	tfrrs	23459	0	136	-11.3	10.1	5000	na	na	-	INVESTIGATE		
DIV	tfrrs	25465	4	54	-11.3	9.5	5000	na	na	-	INVESTIGATE		
DIV	anet	116299	465415	40	-11.3	8.2	3103	1	14	-	TRANSIENT		
DIV	tfrrs	11700	5	12	-11.3	4.7	3113	na	na	-	INVESTIGATE		
DIV	anet	173027	712687	85	-11.3	8.7	5122	2	9	-	INVESTIGATE		
DIV	tfrrs	19369	2	75	-11.3	8.6	5000	na	na	-	INVESTIGATE		
DIV	tfrrs	21388	0	25	-11.3	16.4	5039	na	na	-	INVESTIGATE		
DIV	anet	232286	927101	15	+12.8	5.6	2881	1	9	-	INVESTIGATE		
DIV	anet	189473	766919	13	-11.3	9.4	2934	1	19	-	TRANSIENT		
DIV	anet	34260	148852	164	-11.3	5.7	4010	5	26	-	INVESTIGATE		
DIV	anet	52980	225524	25	-11.3	6.9	2900	2	15	-	INVESTIGATE		
DIV	anet	89411	352623	18	-11.3	6.4	5028	1	8	-	TRANSIENT		
DIV	anet	205154	822599	73	-11.3	7.2	2636	1	18	-	TRANSIENT		
DIV	anet	143988	623380	26	-11.3	5.9	2270	2	10	-	INVESTIGATE		
DIV	anet	219075	876908	52	-11.3	5.1	5071	1	14	-	TRANSIENT		
DIV	anet	107372	424173	60	-11.3	3.5	4150	7	18	-	INVESTIGATE		
DIV	anet	14256	64490	42	-11.3	3.7	5134	1	8	-	TRANSIENT		
DIV	anet	121245	487301	20	-11.3	14.9	5043	1	14	-	TRANSIENT		
DIV	anet	209335	838311	33	-11.3	5.2	4891	3	20	-	INVESTIGATE		
DIV	anet	31548	172435	282	+12.8	5.9	5071	6	16	-	INVESTIGATE		
DIV	anet	262568	1041903	18	+12.8	3.6	3069	1	3	-	INVESTIGATE		
DIV	anet	65180	281413	28	+12.8	10.0	2891	3	16	-	INVESTIGATE		
DIV	anet	41324	177615	16	+12.8	9.7	2378	2	9	-	INVESTIGATE		
DIV	anet	133759	545924	23	-11.3	3.4	5054	1	4	-	TRANSIENT		
DIV	tfrrs	21862	1	63	-11.3	12.6	3971	na	na	-	INVESTIGATE		
DIV	anet	191362	773338	28	-11.3	5.2	2311	7	20	-	INVESTIGATE		
DIV	anet	241392	963438	33	-11.3	10.0	3107	3	12	-	INVESTIGATE		
DIV	anet	5016	1039487	79	-11.3	8.7	4918	1	8	-	TRANSIENT		
DIV	anet	163775	675918	22	-11.3	10.7	2286	3	15	-	INVESTIGATE		
DIV	anet	84148	330770	17	+12.8	10.9	2366	3	5	-	PERSISTENT		
DIV	anet	25524	111731	18	-11.3	8.1	7671	10	18	-	PERSISTENT		
DIV	tfrrs	13076	1	20	-11.3	3.8	5051	na	na	-	INVESTIGATE		
DIV	anet	147783	616488	36	-11.3	11.1	3142	1	20	-	TRANSIENT		
DIV	anet	243656	970775	12	-11.3	9.5	1840	3	19	-	INVESTIGATE		
DIV	anet	220098	881103	17	+12.7	10.5	3132	1	5	-	INVESTIGATE		
